,PLAYER NAME,PLAYER TEAM,PLAYER POSITION,STATUS,TOTAL,Opponent,Location,rank,DATE,Week,Free_Agent,did_not_play,Name_Encoded,Team_Encoded,Opponent_Encoded,Home/Away_Encoded,total_5_game_avg,passing_yds_5_game_avg,passing_td_5_game_avg,receiving_rec_5_game_avg,receiving_yds_5_game_avg,receiving_td_5_game_avg,rushing_car_5_game_avg,rushing_yds_5_game_avg,rushing_td_5_game_avg,season_total,season_passing_yds,season_passing_td,season_receiving_rec,season_receiving_yds,season_receiving_td,season_rushing_car,season_rushing_yds,season_rushing_td,season_total_avg,season_passing_yds_avg,season_passing_td_avg,season_receiving_rec_avg,season_receiving_yds_avg,season_receiving_td_avg,season_rushing_car_avg,season_rushing_yds_avg,season_fantasy_points_avg
1264,AJ Dillon,GB,RB,W 33-10,2.7,Min,Away,65.0,01-02-24,17,False,0,0,11,20,0,2.7,0.0,0.0,0.0,0.0,0.0,7.0,27.0,0.0,2.7,0.0,0.0,0.0,0.0,0.0,7.0,27.0,0.0,2.7,0.0,0.0,0.0,0.0,0.0,7.0,27.0,2.7
149,AJ Dillon,GB,RB,W 38-20,5.6,Chi,Away,42.0,09-12-23,1,False,0,0,11,5,0,4.15,0.0,0.0,1.0,8.5,0.0,10.0,23.0,0.0,8.3,0.0,0.0,2.0,17.0,0.0,20.0,46.0,0.0,4.15,0.0,0.0,1.0,8.5,0.0,10.0,23.0,4.15
1336,AJ Dillon,GB,RB,L 24-25,7.3,Atl,Away,33.0,09-19-23,2,False,0,0,11,1,0,5.2,0.0,0.0,1.0,8.333333333333334,0.0,11.666666666666666,33.666666666666664,0.0,15.6,0.0,0.0,3.0,25.0,0.0,35.0,101.0,0.0,5.2,0.0,0.0,1.0,8.333333333333334,0.0,11.666666666666666,33.666666666666664,5.2
276,AJ Dillon,GB,RB,W 18-17,3.3,NO,Home,58.0,09-26-23,3,False,0,0,11,22,1,4.725,0.0,0.0,0.75,6.25,0.0,11.5,33.5,0.0,18.9,0.0,0.0,3.0,25.0,0.0,46.0,134.0,0.0,4.725,0.0,0.0,0.75,6.25,0.0,11.5,33.5,4.725
72,AJ Dillon,GB,RB,L 20-34,1.1,Det,Home,73.0,10-03-23,4,False,0,0,11,10,1,4.0,0.0,0.0,0.6,5.0,0.0,10.2,29.0,0.0,20.0,0.0,0.0,3.0,25.0,0.0,51.0,145.0,0.0,4.0,0.0,0.0,0.6,5.0,0.0,10.2,29.0,4.0
340,AJ Dillon,GB,RB,L 13-17,13.6,LV,Away,13.0,10-10-23,5,False,0,0,11,18,0,6.18,0.0,0.0,0.6,5.0,0.0,12.8,38.8,0.2,33.6,0.0,0.0,3.0,25.0,0.0,71.0,221.0,1.0,5.6000000000000005,0.0,0.0,0.5,4.166666666666667,0.0,11.833333333333334,36.833333333333336,5.6000000000000005
1655,AJ Dillon,GB,RB,L 17-19,11.5,Den,Away,21.5,10-24-23,7,False,0,0,11,9,0,7.359999999999999,0.0,0.0,0.6,8.4,0.0,13.2,47.2,0.2,45.1,0.0,0.0,5.0,59.0,0.0,86.0,282.0,1.0,6.442857142857143,0.0,0.0,0.7142857142857143,8.428571428571429,0.0,12.285714285714286,40.285714285714285,6.442857142857143
1546,AJ Dillon,GB,RB,L 10-24,10.2,Min,Home,24.0,10-31-23,8,False,0,0,11,20,1,7.94,0.0,0.0,1.4,15.0,0.0,11.4,38.4,0.2,55.3,0.0,0.0,10.0,100.0,0.0,92.0,293.0,1.0,6.9125,0.0,0.0,1.25,12.5,0.0,11.5,36.625,6.9125
631,AJ Dillon,GB,RB,W 20-3,5.3,LAR,Home,39.0,11-07-23,9,False,0,0,11,17,1,8.34,0.0,0.0,1.6,15.6,0.0,11.0,39.8,0.2,60.6,0.0,0.0,11.0,103.0,0.0,101.0,333.0,1.0,6.733333333333333,0.0,0.0,1.2222222222222223,11.444444444444445,0.0,11.222222222222221,37.0,6.733333333333333
928,AJ Dillon,GB,RB,L 19-23,9.1,Pit,Away,34.0,11-14-23,10,False,0,0,11,26,0,9.940000000000001,0.0,0.0,1.8,17.8,0.0,11.8,51.6,0.2,69.7,0.0,0.0,12.0,114.0,0.0,110.0,403.0,1.0,6.970000000000001,0.0,0.0,1.2,11.4,0.0,11.0,40.3,6.970000000000001
441,AJ Dillon,GB,RB,W 23-20,10.1,LAC,Home,22.5,11-21-23,11,False,0,0,11,16,1,9.24,0.0,0.0,2.6,24.2,0.0,10.6,42.2,0.0,79.8,0.0,0.0,16.0,146.0,0.0,124.0,432.0,1.0,7.254545454545454,0.0,0.0,1.4545454545454546,13.272727272727273,0.0,11.272727272727273,39.27272727272727,7.254545454545454
1014,AJ Dillon,GB,RB,W 29-22,11.1,Det,Away,25.0,11-28-23,12,False,0,0,11,10,0,9.16,0.0,0.0,2.8,25.0,0.0,10.4,38.6,0.0,90.9,0.0,0.0,19.0,184.0,0.0,138.0,475.0,1.0,7.575,0.0,0.0,1.5833333333333333,15.333333333333334,0.0,11.5,39.583333333333336,7.575
537,AJ Dillon,GB,RB,W 27-19,9.7,KC,Home,25.0,12-05-23,13,False,0,0,11,15,1,9.059999999999999,0.0,0.0,2.0,19.6,0.0,12.8,51.0,0.0,100.6,0.0,0.0,20.0,198.0,0.0,156.0,548.0,1.0,7.738461538461538,0.0,0.0,1.5384615384615385,15.23076923076923,0.0,12.0,42.15384615384615,7.738461538461538
713,AJ Dillon,GB,RB,L 22-24,9.8,NYG,Away,28.0,12-12-23,14,False,0,0,11,23,0,9.959999999999999,0.0,0.0,2.2,24.0,0.0,14.0,53.6,0.0,110.4,0.0,0.0,22.0,223.0,0.0,171.0,601.0,1.0,7.885714285714286,0.0,0.0,1.5714285714285714,15.928571428571429,0.0,12.214285714285714,42.92857142857143,7.885714285714286
1134,AJ Dillon,GB,RB,W 33-30,7.2,Car,Away,43.0,12-26-23,16,False,0,0,11,4,0,9.58,0.0,0.0,2.0,21.8,0.0,13.6,42.0,0.2,117.6,0.0,0.0,22.0,223.0,0.0,178.0,613.0,2.0,7.84,0.0,0.0,1.4666666666666666,14.866666666666667,0.0,11.866666666666667,40.86666666666667,7.84
1217,Aaron Jones,GB,RB,W 33-10,14.0,Min,Away,18.5,01-02-24,17,False,0,1,11,20,0,14.0,0.0,0.0,1.0,10.0,0.0,20.0,120.0,0.0,14.0,0.0,0.0,1.0,10.0,0.0,20.0,120.0,0.0,14.0,0.0,0.0,1.0,10.0,0.0,20.0,120.0,14.0
798,Aaron Jones,GB,RB,W 17-9,19.1,Chi,Home,11.0,01-09-24,18,False,0,1,11,5,1,16.55,0.0,0.0,3.0,20.0,0.0,21.0,115.5,0.0,33.1,0.0,0.0,6.0,40.0,0.0,42.0,231.0,0.0,16.55,0.0,0.0,3.0,20.0,0.0,21.0,115.5,16.55
108,Aaron Jones,GB,RB,W 38-20,26.7,Chi,Away,1.0,09-12-23,1,False,0,1,11,5,0,19.933333333333334,0.0,0.0,2.6666666666666665,42.0,0.3333333333333333,17.0,90.66666666666667,0.3333333333333333,59.8,0.0,0.0,8.0,126.0,1.0,51.0,272.0,1.0,19.933333333333334,0.0,0.0,2.6666666666666665,42.0,0.3333333333333333,17.0,90.66666666666667,19.933333333333334
63,Aaron Jones,GB,RB,L 20-34,2.4,Det,Home,63.5,10-03-23,4,False,0,1,11,10,1,15.55,0.0,0.0,2.25,30.5,0.25,14.0,72.5,0.25,62.2,0.0,0.0,9.0,122.0,1.0,56.0,290.0,1.0,15.55,0.0,0.0,2.25,30.5,0.25,14.0,72.5,15.55
1660,Aaron Jones,GB,RB,L 17-19,8.7,Den,Away,26.0,10-24-23,7,False,0,1,11,9,0,14.180000000000001,0.0,0.0,2.4,28.8,0.2,12.8,65.0,0.2,70.9,0.0,0.0,12.0,144.0,1.0,64.0,325.0,1.0,14.180000000000001,0.0,0.0,2.4,28.8,0.2,12.8,65.0,14.180000000000001
1553,Aaron Jones,GB,RB,L 10-24,8.6,Min,Home,31.0,10-31-23,8,False,0,1,11,20,1,13.1,0.0,0.0,3.0,30.2,0.2,10.2,46.8,0.2,79.5,0.0,0.0,16.0,161.0,1.0,71.0,354.0,1.0,13.25,0.0,0.0,2.6666666666666665,26.833333333333332,0.16666666666666666,11.833333333333334,59.0,13.25
600,Aaron Jones,GB,RB,W 20-3,17.9,LAR,Home,7.5,11-07-23,9,False,0,1,11,17,1,12.86,0.0,0.0,2.8,29.4,0.2,9.8,39.2,0.4,97.4,0.0,0.0,20.0,187.0,1.0,91.0,427.0,2.0,13.914285714285715,0.0,0.0,2.857142857142857,26.714285714285715,0.14285714285714285,13.0,61.0,13.914285714285715
926,Aaron Jones,GB,RB,L 19-23,9.4,Pit,Away,32.0,11-14-23,10,False,0,1,11,26,0,9.399999999999999,0.0,0.0,3.2,16.0,0.0,10.6,38.0,0.2,106.8,0.0,0.0,24.0,206.0,1.0,104.0,462.0,2.0,13.35,0.0,0.0,3.0,25.75,0.125,13.0,57.75,13.35
470,Aaron Jones,GB,RB,W 23-20,2.7,LAC,Home,51.0,11-21-23,11,False,0,1,11,16,1,9.459999999999999,0.0,0.0,3.2,17.4,0.0,10.4,37.2,0.2,109.5,0.0,0.0,25.0,209.0,1.0,108.0,476.0,2.0,12.166666666666666,0.0,0.0,2.7777777777777777,23.22222222222222,0.1111111111111111,12.0,52.888888888888886,12.166666666666666
1433,Aaron Jones,GB,RB,L 20-34,10.9,TB,Home,21.0,12-19-23,15,False,0,1,11,29,1,9.9,0.0,0.0,3.4,16.2,0.0,11.4,40.8,0.2,120.4,0.0,0.0,29.0,225.0,1.0,121.0,529.0,2.0,12.040000000000001,0.0,0.0,2.9,22.5,0.1,12.1,52.9,12.040000000000001
1107,Aaron Jones,GB,RB,W 33-30,14.5,Car,Away,16.5,12-26-23,16,False,0,1,11,4,0,11.08,0.0,0.0,2.8,14.4,0.0,14.2,60.4,0.2,134.9,0.0,0.0,30.0,233.0,1.0,142.0,656.0,2.0,12.263636363636364,0.0,0.0,2.727272727272727,21.181818181818183,0.09090909090909091,12.909090909090908,59.63636363636363,12.263636363636364
1265,Adam Prentice,NO,RB,W 23-13,2.4,TB,Away,66.0,01-02-24,17,False,0,2,22,29,0,2.4,0.0,0.0,1.0,7.0,0.0,1.0,7.0,0.0,2.4,0.0,0.0,1.0,7.0,0.0,1.0,7.0,0.0,2.4,0.0,0.0,1.0,7.0,0.0,1.0,7.0,2.4
885,Adam Prentice,NO,RB,W 48-17,0.0,Atl,Home,88.5,01-09-24,18,False,0,2,22,1,1,1.2,0.0,0.0,0.5,3.5,0.0,0.5,3.5,0.0,2.4,0.0,0.0,1.0,7.0,0.0,1.0,7.0,0.0,1.2,0.0,0.0,0.5,3.5,0.0,0.5,3.5,1.2
212,Adam Prentice,NO,RB,W 16-15,0.0,Ten,Home,96.0,09-12-23,1,False,0,2,22,30,1,0.7999999999999999,0.0,0.0,0.3333333333333333,2.3333333333333335,0.0,0.3333333333333333,2.3333333333333335,0.0,2.4,0.0,0.0,1.0,7.0,0.0,1.0,7.0,0.0,0.7999999999999999,0.0,0.0,0.3333333333333333,2.3333333333333335,0.0,0.3333333333333333,2.3333333333333335,0.7999999999999999
1405,Adam Prentice,NO,RB,W 20-17,0.0,Car,Away,96.0,09-19-23,2,False,0,2,22,4,0,0.6,0.0,0.0,0.25,1.75,0.0,0.25,1.75,0.0,2.4,0.0,0.0,1.0,7.0,0.0,1.0,7.0,0.0,0.6,0.0,0.0,0.25,1.75,0.0,0.25,1.75,0.6
321,Adam Prentice,NO,RB,L 17-18,0.0,GB,Away,95.5,09-26-23,3,False,0,2,22,11,0,0.48,0.0,0.0,0.2,1.4,0.0,0.2,1.4,0.0,2.4,0.0,0.0,1.0,7.0,0.0,1.0,7.0,0.0,0.48,0.0,0.0,0.2,1.4,0.0,0.2,1.4,0.48
101,Adam Prentice,NO,RB,L 9-26,0.0,TB,Home,93.5,10-03-23,4,False,0,2,22,29,1,0.0,0.0,0.0,0.2,1.0,0.0,0.2,1.0,0.0,2.4,0.0,0.0,2.0,12.0,0.0,2.0,12.0,0.0,0.39999999999999997,0.0,0.0,0.3333333333333333,2.0,0.0,0.3333333333333333,2.0,0.39999999999999997
416,Adam Prentice,NO,RB,W 34-0,0.0,NE,Away,81.0,10-10-23,5,False,0,2,22,21,0,0.0,0.0,0.0,0.2,1.0,0.0,0.2,1.0,0.0,2.4,0.0,0.0,2.0,12.0,0.0,2.0,12.0,0.0,0.34285714285714286,0.0,0.0,0.2857142857142857,1.7142857142857142,0.0,0.2857142857142857,1.7142857142857142,0.34285714285714286
1091,Adam Prentice,NO,RB,L 15-24,0.0,Atl,Away,90.0,11-28-23,12,False,0,2,22,1,0,0.0,0.0,0.0,0.2,1.0,0.0,0.2,1.0,0.0,2.4,0.0,0.0,2.0,12.0,0.0,2.0,12.0,0.0,0.3,0.0,0.0,0.25,1.5,0.0,0.25,1.5,0.3
591,Adam Prentice,NO,RB,L 28-33,0.0,Det,Home,72.0,12-05-23,13,False,0,2,22,10,1,0.0,0.0,0.0,0.2,1.0,0.0,0.2,1.0,0.0,2.4,0.0,0.0,2.0,12.0,0.0,2.0,12.0,0.0,0.26666666666666666,0.0,0.0,0.2222222222222222,1.3333333333333333,0.0,0.2222222222222222,1.3333333333333333,0.26666666666666666
783,Adam Prentice,NO,RB,W 28-6,0.0,Car,Home,89.5,12-12-23,14,False,0,2,22,4,1,0.0,0.0,0.0,0.2,1.0,0.0,0.2,1.0,0.0,2.4,0.0,0.0,2.0,12.0,0.0,2.0,12.0,0.0,0.24,0.0,0.0,0.2,1.2,0.0,0.2,1.2,0.24
1516,Adam Prentice,NO,RB,W 24-6,0.0,NYG,Home,94.0,12-19-23,15,False,0,2,22,23,1,0.0,0.0,0.0,0.0,0.0,0.0,0.0,0.0,0.0,2.4,0.0,0.0,2.0,12.0,0.0,2.0,12.0,0.0,0.21818181818181817,0.0,0.0,0.18181818181818182,1.0909090909090908,0.0,0.18181818181818182,1.0909090909090908,0.21818181818181817
1190,Adam Prentice,NO,RB,L 22-30,0.0,LAR,Away,92.0,12-26-23,16,False,0,2,22,17,0,0.0,0.0,0.0,0.0,0.0,0.0,0.0,0.0,0.0,2.4,0.0,0.0,2.0,12.0,0.0,2.0,12.0,0.0,0.19999999999999998,0.0,0.0,0.16666666666666666,1.0,0.0,0.16666666666666666,1.0,0.19999999999999998
1263,Alec Ingold,Mia,RB,L 19-56,2.8,Bal,Away,64.0,01-02-24,17,False,0,3,19,2,0,2.8,0.0,0.0,1.0,18.0,0.0,0.0,0.0,0.0,2.8,0.0,0.0,1.0,18.0,0.0,0.0,0.0,0.0,2.8,0.0,0.0,1.0,18.0,0.0,0.0,0.0,2.8
869,Alec Ingold,Mia,RB,L 14-21,0.0,Buf,Home,88.5,01-09-24,18,False,0,3,19,3,1,1.4,0.0,0.0,0.5,9.0,0.0,0.0,0.0,0.0,2.8,0.0,0.0,1.0,18.0,0.0,0.0,0.0,0.0,1.4,0.0,0.0,0.5,9.0,0.0,0.0,0.0,1.4
150,Alec Ingold,Mia,RB,W 36-34,5.4,LAC,Away,43.0,09-12-23,1,False,0,3,19,16,0,2.733333333333333,0.0,0.0,1.0,17.333333333333332,0.0,0.0,0.0,0.0,8.2,0.0,0.0,3.0,52.0,0.0,0.0,0.0,0.0,2.733333333333333,0.0,0.0,1.0,17.333333333333332,0.0,0.0,0.0,2.733333333333333
1395,Alec Ingold,Mia,RB,W 24-17,0.0,NE,Away,96.0,09-19-23,2,False,0,3,19,21,0,2.05,0.0,0.0,0.75,13.0,0.0,0.0,0.0,0.0,8.2,0.0,0.0,3.0,52.0,0.0,0.0,0.0,0.0,2.05,0.0,0.0,0.75,13.0,0.0,0.0,0.0,2.05
311,Alec Ingold,Mia,RB,W 70-20,0.0,Den,Home,95.5,09-26-23,3,False,0,3,19,9,1,1.64,0.0,0.0,0.6,10.4,0.0,0.4,0.0,0.0,8.2,0.0,0.0,3.0,52.0,0.0,2.0,0.0,0.0,1.64,0.0,0.0,0.6,10.4,0.0,0.4,0.0,1.64
54,Alec Ingold,Mia,RB,L 20-48,3.3,Buf,Away,55.0,10-03-23,4,False,0,3,19,3,0,1.7399999999999998,0.0,0.0,0.6,11.4,0.0,0.4,0.0,0.0,11.5,0.0,0.0,4.0,75.0,0.0,2.0,0.0,0.0,1.9166666666666667,0.0,0.0,0.6666666666666666,12.5,0.0,0.3333333333333333,0.0,1.9166666666666667
404,Alec Ingold,Mia,RB,W 31-16,0.0,NYG,Home,81.0,10-10-23,5,False,0,3,19,23,1,1.7399999999999998,0.0,0.0,0.6,11.4,0.0,0.4,0.0,0.0,11.5,0.0,0.0,4.0,75.0,0.0,2.0,0.0,0.0,1.6428571428571428,0.0,0.0,0.5714285714285714,10.714285714285714,0.0,0.2857142857142857,0.0,1.6428571428571428
1817,Alec Ingold,Mia,RB,W 42-21,0.0,Car,Home,93.0,10-17-23,6,False,0,3,19,4,1,0.6599999999999999,0.0,0.0,0.2,4.6,0.0,0.4,0.0,0.0,11.5,0.0,0.0,4.0,75.0,0.0,2.0,0.0,0.0,1.4375,0.0,0.0,0.5,9.375,0.0,0.25,0.0,1.4375
1711,Alec Ingold,Mia,RB,L 17-31,0.0,Phi,Away,76.0,10-24-23,7,False,0,3,19,25,0,0.6599999999999999,0.0,0.0,0.2,4.6,0.0,0.4,0.0,0.0,11.5,0.0,0.0,4.0,75.0,0.0,2.0,0.0,0.0,1.2777777777777777,0.0,0.0,0.4444444444444444,8.333333333333334,0.0,0.2222222222222222,0.0,1.2777777777777777
1592,Alec Ingold,Mia,RB,W 31-17,1.5,NE,Home,70.0,10-31-23,8,False,0,3,19,21,1,0.96,0.0,0.0,0.4,5.6,0.0,0.0,0.0,0.0,13.0,0.0,0.0,5.0,80.0,0.0,2.0,0.0,0.0,1.3,0.0,0.0,0.5,8.0,0.0,0.2,0.0,1.3
658,Alec Ingold,Mia,RB,L 14-21,1.1,KC,Away,66.0,11-07-23,9,False,0,3,19,15,0,0.52,0.0,0.0,0.4,1.2,0.0,0.0,0.0,0.0,14.1,0.0,0.0,6.0,81.0,0.0,2.0,0.0,0.0,1.2818181818181817,0.0,0.0,0.5454545454545454,7.363636363636363,0.0,0.18181818181818182,0.0,1.2818181818181817
461,Alec Ingold,Mia,RB,W 20-13,4.6,LV,Home,41.0,11-21-23,11,False,0,3,19,18,1,1.44,0.0,0.0,1.0,4.4,0.0,0.0,0.0,0.0,18.7,0.0,0.0,9.0,97.0,0.0,2.0,0.0,0.0,1.5583333333333333,0.0,0.0,0.75,8.083333333333334,0.0,0.16666666666666666,0.0,1.5583333333333333
1081,Alec Ingold,Mia,RB,W 34-13,0.0,NYJ,Away,90.0,11-28-23,12,False,0,3,19,24,0,1.44,0.0,0.0,1.0,4.4,0.0,0.0,0.0,0.0,18.7,0.0,0.0,9.0,97.0,0.0,2.0,0.0,0.0,1.4384615384615385,0.0,0.0,0.6923076923076923,7.461538461538462,0.0,0.15384615384615385,0.0,1.4384615384615385
572,Alec Ingold,Mia,RB,W 45-15,0.7,Wsh,Away,60.0,12-05-23,13,False,0,3,19,31,0,1.5799999999999998,0.0,0.0,1.2,3.8,0.0,0.0,0.0,0.0,19.4,0.0,0.0,10.0,94.0,0.0,2.0,0.0,0.0,1.3857142857142857,0.0,0.0,0.7142857142857143,6.714285714285714,0.0,0.14285714285714285,0.0,1.3857142857142857
740,Alec Ingold,Mia,RB,L 27-28,2.3,Ten,Home,55.0,12-12-23,14,False,0,3,19,30,1,1.7399999999999998,0.0,0.0,1.2,5.4,0.0,0.0,0.0,0.0,21.7,0.0,0.0,11.0,107.0,0.0,2.0,0.0,0.0,1.4466666666666665,0.0,0.0,0.7333333333333333,7.133333333333334,0.0,0.13333333333333333,0.0,1.4466666666666665
1499,Alec Ingold,Mia,RB,W 30-0,0.0,NYJ,Home,94.0,12-19-23,15,False,0,3,19,24,1,1.52,0.0,0.0,1.0,5.2,0.0,0.0,0.0,0.0,21.7,0.0,0.0,11.0,107.0,0.0,2.0,0.0,0.0,1.35625,0.0,0.0,0.6875,6.6875,0.0,0.125,0.0,1.35625
1146,Alec Ingold,Mia,RB,W 22-20,3.2,Dal,Home,55.0,12-26-23,16,False,0,3,19,8,1,1.24,0.0,0.0,0.8,4.4,0.0,0.0,0.0,0.0,24.9,0.0,0.0,13.0,119.0,0.0,2.0,0.0,0.0,1.464705882352941,0.0,0.0,0.7647058823529411,7.0,0.0,0.11764705882352941,0.0,1.464705882352941
1302,Alex Armah,Wsh,RB,L 10-27,0.0,SF,Home,92.5,01-02-24,17,False,0,4,31,27,1,0.0,0.0,0.0,0.0,0.0,0.0,0.0,0.0,0.0,0.0,0.0,0.0,0.0,0.0,0.0,0.0,0.0,0.0,0.0,0.0,0.0,0.0,0.0,0.0,0.0,0.0,0.0
846,Alex Armah,Wsh,RB,L 10-38,2.0,Dal,Home,57.0,01-09-24,18,False,0,4,31,8,1,1.0,0.0,0.0,0.5,5.0,0.0,0.0,0.0,0.0,2.0,0.0,0.0,1.0,10.0,0.0,0.0,0.0,0.0,1.0,0.0,0.0,0.5,5.0,0.0,0.0,0.0,1.0
327,Alex Armah,Wsh,RB,L 3-37,0.0,Buf,Home,95.5,09-26-23,3,False,0,4,31,3,1,0.6666666666666666,0.0,0.0,0.3333333333333333,3.3333333333333335,0.0,0.0,0.0,0.0,2.0,0.0,0.0,1.0,10.0,0.0,0.0,0.0,0.0,0.6666666666666666,0.0,0.0,0.3333333333333333,3.3333333333333335,0.0,0.0,0.0,0.6666666666666666
1595,Alex Armah,Wsh,RB,L 31-38,1.0,Phi,Home,73.0,10-31-23,8,False,0,4,31,25,1,0.75,0.0,0.0,0.5,2.5,0.0,0.0,0.0,0.0,3.0,0.0,0.0,2.0,10.0,0.0,0.0,0.0,0.0,0.75,0.0,0.0,0.5,2.5,0.0,0.0,0.0,0.75
683,Alex Armah,Wsh,RB,W 20-17,0.0,NE,Away,82.5,11-07-23,9,False,0,4,31,21,0,0.6,0.0,0.0,0.4,2.0,0.0,0.0,0.0,0.0,3.0,0.0,0.0,2.0,10.0,0.0,0.0,0.0,0.0,0.6,0.0,0.0,0.4,2.0,0.0,0.0,0.0,0.6
954,Alex Armah,Wsh,RB,L 26-29,1.3,Sea,Away,59.5,11-14-23,10,False,0,4,31,28,0,0.86,0.0,0.0,0.6,2.6,0.0,0.0,0.0,0.0,4.3,0.0,0.0,3.0,13.0,0.0,0.0,0.0,0.0,0.7166666666666667,0.0,0.0,0.5,2.1666666666666665,0.0,0.0,0.0,0.7166666666666667
1518,Alex Armah,Wsh,RB,L 20-28,0.0,LAR,Away,94.0,12-19-23,15,False,0,4,31,17,0,0.45999999999999996,0.0,0.0,0.4,0.6,0.0,0.0,0.0,0.0,4.3,0.0,0.0,3.0,13.0,0.0,0.0,0.0,0.0,0.6142857142857142,0.0,0.0,0.42857142857142855,1.8571428571428572,0.0,0.0,0.0,0.6142857142857142
1194,Alex Armah,Wsh,RB,L 28-30,0.0,NYJ,Away,92.0,12-26-23,16,False,0,4,31,24,0,0.45999999999999996,0.0,0.0,0.4,0.6,0.0,0.0,0.0,0.0,4.3,0.0,0.0,3.0,13.0,0.0,0.0,0.0,0.0,0.5375,0.0,0.0,0.375,1.625,0.0,0.0,0.0,0.5375
1251,Alexander Mattison,Min,RB,L 10-33,5.0,GB,Home,52.5,01-02-24,17,False,0,5,20,11,1,5.0,0.0,0.0,2.0,13.0,0.0,3.0,17.0,0.0,5.0,0.0,0.0,2.0,13.0,0.0,3.0,17.0,0.0,5.0,0.0,0.0,2.0,13.0,0.0,3.0,17.0,5.0
834,Alexander Mattison,Min,RB,L 20-30,3.9,Det,Away,47.0,01-09-24,18,False,0,5,20,10,0,4.45,0.0,0.0,1.5,9.0,0.0,5.0,20.5,0.0,8.9,0.0,0.0,3.0,18.0,0.0,10.0,41.0,0.0,4.45,0.0,0.0,1.5,9.0,0.0,5.0,20.5,4.45
124,Alexander Mattison,Min,RB,L 17-20,13.4,TB,Home,16.5,09-12-23,1,False,0,5,20,29,1,7.433333333333334,0.0,0.0,2.0,9.333333333333334,0.3333333333333333,7.0,25.0,0.0,22.3,0.0,0.0,6.0,28.0,1.0,21.0,75.0,0.0,7.433333333333334,0.0,0.0,2.0,9.333333333333334,0.3333333333333333,7.0,25.0,7.433333333333334
1351,Alexander Mattison,Min,RB,L 28-34,4.9,Phi,Away,48.0,09-19-23,2,False,0,5,20,25,0,6.800000000000001,0.0,0.0,2.25,9.75,0.25,7.25,25.75,0.0,27.200000000000003,0.0,0.0,9.0,39.0,1.0,29.0,103.0,0.0,6.800000000000001,0.0,0.0,2.25,9.75,0.25,7.25,25.75,6.800000000000001
228,Alexander Mattison,Min,RB,L 24-28,17.5,LAC,Home,10.0,09-26-23,3,False,0,5,20,16,1,8.940000000000001,0.0,0.0,2.8,14.2,0.2,9.8,39.2,0.0,44.7,0.0,0.0,14.0,71.0,1.0,49.0,196.0,0.0,8.940000000000001,0.0,0.0,2.8,14.2,0.2,9.8,39.2,8.940000000000001
19,Alexander Mattison,Min,RB,W 21-13,10.8,Car,Away,20.5,10-03-23,4,False,0,5,20,4,0,10.1,0.0,0.0,2.6,12.2,0.2,12.6,54.8,0.0,55.5,0.0,0.0,15.0,74.0,1.0,66.0,291.0,0.0,9.25,0.0,0.0,2.5,12.333333333333334,0.16666666666666666,11.0,48.5,9.25
346,Alexander Mattison,Min,RB,L 20-27,12.6,KC,Home,19.5,10-10-23,5,False,0,5,20,15,1,11.84,0.0,0.0,2.8,15.2,0.4,12.8,55.2,0.0,68.10000000000001,0.0,0.0,17.0,94.0,2.0,74.0,317.0,0.0,9.72857142857143,0.0,0.0,2.4285714285714284,13.428571428571429,0.2857142857142857,10.571428571428571,45.285714285714285,9.72857142857143
1749,Alexander Mattison,Min,RB,W 19-13,11.2,Chi,Away,23.0,10-17-23,6,False,0,5,20,5,0,11.4,0.0,0.0,3.0,18.8,0.2,14.2,57.2,0.0,79.3,0.0,0.0,21.0,122.0,2.0,92.0,361.0,0.0,9.9125,0.0,0.0,2.625,15.25,0.25,11.5,45.125,9.9125
1668,Alexander Mattison,Min,RB,W 22-17,6.2,SF,Home,34.0,10-24-23,7,False,0,5,20,27,1,11.66,0.0,0.0,2.8,17.2,0.2,14.2,59.4,0.0,85.5,0.0,0.0,23.0,125.0,2.0,100.0,400.0,0.0,9.5,0.0,0.0,2.5555555555555554,13.88888888888889,0.2222222222222222,11.11111111111111,44.44444444444444,9.5
1577,Alexander Mattison,Min,RB,W 24-10,4.3,GB,Away,55.0,10-31-23,8,False,0,5,20,11,0,9.02,0.0,0.0,2.0,11.2,0.2,13.4,47.0,0.0,89.8,0.0,0.0,24.0,127.0,2.0,116.0,431.0,0.0,8.98,0.0,0.0,2.4,12.7,0.2,11.6,43.1,8.98
602,Alexander Mattison,Min,RB,W 31-28,17.3,Atl,Away,10.0,11-07-23,9,False,0,5,20,1,0,10.319999999999999,0.0,0.0,2.2,20.4,0.4,13.2,36.8,0.0,107.1,0.0,0.0,26.0,176.0,3.0,132.0,475.0,0.0,9.736363636363636,0.0,0.0,2.3636363636363638,16.0,0.2727272727272727,12.0,43.18181818181818,9.736363636363636
938,Alexander Mattison,Min,RB,W 27-19,4.3,NO,Home,44.5,11-14-23,10,False,0,5,20,22,1,8.66,0.0,0.0,2.0,17.6,0.2,13.2,37.0,0.0,111.4,0.0,0.0,27.0,182.0,3.0,140.0,502.0,0.0,9.283333333333333,0.0,0.0,2.25,15.166666666666666,0.25,11.666666666666666,41.833333333333336,9.283333333333333
450,Alexander Mattison,Min,RB,L 20-21,7.0,Den,Away,30.5,11-21-23,11,False,0,5,20,9,0,7.8199999999999985,0.0,0.0,1.4,11.8,0.2,13.2,44.4,0.0,118.4,0.0,0.0,28.0,181.0,3.0,158.0,583.0,0.0,9.107692307692307,0.0,0.0,2.1538461538461537,13.923076923076923,0.23076923076923078,12.153846153846153,44.84615384615385,9.107692307692307
1024,Alexander Mattison,Min,RB,L 10-12,8.3,Chi,Home,35.0,11-28-23,12,False,0,5,20,5,1,8.24,0.0,0.0,1.4,13.4,0.2,13.6,47.0,0.0,126.7,0.0,0.0,30.0,192.0,3.0,168.0,635.0,0.0,9.05,0.0,0.0,2.142857142857143,13.714285714285714,0.21428571428571427,12.0,45.357142857142854,9.05
728,Alexander Mattison,Min,RB,W 3-0,6.6,LV,Away,43.0,12-12-23,14,False,0,5,20,18,0,8.7,0.0,0.0,1.2,13.0,0.2,12.4,54.0,0.0,133.3,0.0,0.0,30.0,192.0,3.0,178.0,701.0,0.0,8.886666666666667,0.0,0.0,2.0,12.8,0.2,11.866666666666667,46.733333333333334,8.886666666666667
1197,Alexander Mattison,Min,RB,L 24-30,-0.1,Det,Home,106.0,12-26-23,16,False,0,5,20,10,1,5.220000000000001,0.0,0.0,0.8,3.2,0.0,9.6,45.0,0.0,133.2,0.0,0.0,30.0,192.0,3.0,180.0,700.0,0.0,8.325,0.0,0.0,1.875,12.0,0.1875,11.25,43.75,8.325
1241,Alvin Kamara,NO,RB,W 23-13,6.9,TB,Away,42.5,01-02-24,17,False,0,6,22,29,0,6.9,0.0,0.0,2.0,4.0,0.0,10.0,45.0,0.0,6.9,0.0,0.0,2.0,4.0,0.0,10.0,45.0,0.0,6.9,0.0,0.0,2.0,4.0,0.0,10.0,45.0,6.9
8,Alvin Kamara,NO,RB,L 9-26,21.4,TB,Home,9.0,10-03-23,4,False,0,6,22,29,1,14.149999999999999,0.0,0.0,7.5,18.5,0.0,10.5,48.0,0.0,28.299999999999997,0.0,0.0,15.0,37.0,0.0,21.0,96.0,0.0,14.149999999999999,0.0,0.0,7.5,18.5,0.0,10.5,48.0,14.149999999999999
334,Alvin Kamara,NO,RB,W 34-0,18.7,NE,Away,7.0,10-10-23,5,False,0,6,22,21,0,15.666666666666666,0.0,0.0,6.0,18.0,0.0,14.333333333333334,58.666666666666664,0.3333333333333333,47.0,0.0,0.0,18.0,54.0,0.0,43.0,176.0,1.0,15.666666666666666,0.0,0.0,6.0,18.0,0.0,14.333333333333334,58.666666666666664,15.666666666666666
1736,Alvin Kamara,NO,RB,L 13-20,17.4,Hou,Away,10.0,10-17-23,6,False,0,6,22,12,0,16.099999999999998,0.0,0.0,6.25,22.5,0.0,15.5,61.0,0.25,64.39999999999999,0.0,0.0,25.0,90.0,0.0,62.0,244.0,1.0,16.099999999999998,0.0,0.0,6.25,22.5,0.0,15.5,61.0,16.099999999999998
1636,Alvin Kamara,NO,RB,L 24-31,29.3,Jax,Home,2.0,10-24-23,7,False,0,6,22,14,1,18.74,0.0,0.0,7.4,36.2,0.0,15.8,61.2,0.2,93.69999999999999,0.0,0.0,37.0,181.0,0.0,79.0,306.0,1.0,18.74,0.0,0.0,7.4,36.2,0.0,15.8,61.2,18.74
1526,Alvin Kamara,NO,RB,W 38-27,27.0,Ind,Away,4.0,10-31-23,8,False,0,6,22,13,0,22.759999999999998,0.0,0.0,7.8,45.6,0.2,17.2,64.0,0.4,120.69999999999999,0.0,0.0,41.0,232.0,1.0,96.0,365.0,2.0,20.116666666666664,0.0,0.0,6.833333333333333,38.666666666666664,0.16666666666666666,16.0,60.833333333333336,20.116666666666664
611,Alvin Kamara,NO,RB,W 24-17,11.0,Chi,Home,19.5,11-07-23,9,False,0,6,22,5,1,20.68,0.0,0.0,6.0,47.8,0.2,16.8,59.0,0.4,131.7,0.0,0.0,45.0,276.0,1.0,105.0,391.0,2.0,18.814285714285713,0.0,0.0,6.428571428571429,39.42857142857143,0.14285714285714285,15.0,55.857142857142854,18.814285714285713
904,Alvin Kamara,NO,RB,L 19-27,18.5,Min,Away,10.0,11-14-23,10,False,0,6,22,20,0,20.639999999999997,0.0,0.0,6.8,51.0,0.2,14.2,51.4,0.2,150.2,0.0,0.0,52.0,309.0,1.0,114.0,433.0,2.0,18.775,0.0,0.0,6.5,38.625,0.125,14.25,54.125,18.775
1002,Alvin Kamara,NO,RB,L 15-24,15.9,Atl,Away,13.5,11-28-23,12,False,0,6,22,1,0,20.34,0.0,0.0,6.2,53.8,0.2,13.4,51.6,0.2,166.1,0.0,0.0,56.0,359.0,1.0,129.0,502.0,2.0,18.455555555555556,0.0,0.0,6.222222222222222,39.888888888888886,0.1111111111111111,14.333333333333334,55.77777777777778,18.455555555555556
514,Alvin Kamara,NO,RB,L 28-33,28.9,Det,Home,2.0,12-05-23,13,False,0,6,22,10,1,20.26,0.0,0.0,5.0,47.2,0.2,12.8,49.4,0.6,195.0,0.0,0.0,62.0,417.0,1.0,143.0,553.0,4.0,19.5,0.0,0.0,6.2,41.7,0.1,14.3,55.3,19.5
704,Alvin Kamara,NO,RB,W 28-6,13.5,Car,Home,19.0,12-12-23,14,False,0,6,22,4,1,17.560000000000002,0.0,0.0,4.8,34.8,0.0,11.8,48.8,0.6,208.5,0.0,0.0,65.0,406.0,1.0,155.0,609.0,5.0,18.954545454545453,0.0,0.0,5.909090909090909,36.90909090909091,0.09090909090909091,14.090909090909092,55.36363636363637,18.954545454545453
1426,Alvin Kamara,NO,RB,W 24-6,16.0,NYG,Home,14.0,12-19-23,15,False,0,6,22,23,1,18.560000000000002,0.0,0.0,5.0,34.8,0.0,13.2,56.8,0.6,224.5,0.0,0.0,70.0,450.0,1.0,171.0,675.0,5.0,18.708333333333332,0.0,0.0,5.833333333333333,37.5,0.08333333333333333,14.25,56.25,18.708333333333332
1130,Alvin Kamara,NO,RB,L 22-30,8.5,LAR,Away,39.0,12-26-23,16,False,0,6,22,17,0,16.560000000000002,0.0,0.0,4.6,31.4,0.0,13.2,52.2,0.6,233.0,0.0,0.0,75.0,466.0,1.0,180.0,694.0,5.0,17.923076923076923,0.0,0.0,5.769230769230769,35.84615384615385,0.07692307692307693,13.846153846153847,53.38461538461539,17.923076923076923
1259,Ameer Abdullah,LV,RB,L 20-23,3.2,Ind,Away,59.5,01-02-24,17,False,0,7,18,13,0,3.2,0.0,0.0,1.0,18.0,0.0,1.0,4.0,0.0,3.2,0.0,0.0,1.0,18.0,0.0,1.0,4.0,0.0,3.2,0.0,0.0,1.0,18.0,0.0,1.0,4.0,3.2
849,Ameer Abdullah,LV,RB,W 27-14,1.7,Den,Home,62.0,01-09-24,18,False,0,7,18,9,1,2.45,0.0,0.0,1.0,12.5,0.0,0.5,2.0,0.0,4.9,0.0,0.0,2.0,25.0,0.0,1.0,4.0,0.0,2.45,0.0,0.0,1.0,12.5,0.0,0.5,2.0,2.45
192,Ameer Abdullah,LV,RB,W 17-16,0.0,Den,Away,96.0,09-12-23,1,False,0,7,18,9,0,1.6333333333333335,0.0,0.0,0.6666666666666666,8.333333333333334,0.0,0.3333333333333333,1.3333333333333333,0.0,4.9,0.0,0.0,2.0,25.0,0.0,1.0,4.0,0.0,1.6333333333333335,0.0,0.0,0.6666666666666666,8.333333333333334,0.0,0.3333333333333333,1.3333333333333333,1.6333333333333335
1367,Ameer Abdullah,LV,RB,L 10-38,1.5,Buf,Away,63.5,09-19-23,2,False,0,7,18,3,0,1.6,0.0,0.0,0.75,7.5,0.0,0.25,1.0,0.0,6.4,0.0,0.0,3.0,30.0,0.0,1.0,4.0,0.0,1.6,0.0,0.0,0.75,7.5,0.0,0.25,1.0,1.6
273,Ameer Abdullah,LV,RB,L 18-23,3.6,Pit,Home,55.0,09-26-23,3,False,0,7,18,26,1,2.0,0.0,0.0,1.0,9.2,0.0,0.2,0.8,0.0,10.0,0.0,0.0,5.0,46.0,0.0,1.0,4.0,0.0,2.0,0.0,0.0,1.0,9.2,0.0,0.2,0.8,2.0
52,Ameer Abdullah,LV,RB,L 17-24,3.4,LAC,Away,53.0,10-03-23,4,False,0,7,18,16,0,2.04,0.0,0.0,1.2,8.4,0.0,0.0,0.0,0.0,13.4,0.0,0.0,7.0,60.0,0.0,1.0,4.0,0.0,2.2333333333333334,0.0,0.0,1.1666666666666667,10.0,0.0,0.16666666666666666,0.6666666666666666,2.2333333333333334
377,Ameer Abdullah,LV,RB,W 17-13,2.5,GB,Home,50.0,10-10-23,5,False,0,7,18,11,1,2.2,0.0,0.0,1.2,9.2,0.0,0.2,0.8,0.0,15.9,0.0,0.0,8.0,71.0,0.0,2.0,8.0,0.0,2.2714285714285714,0.0,0.0,1.1428571428571428,10.142857142857142,0.0,0.2857142857142857,1.1428571428571428,2.2714285714285714
1812,Ameer Abdullah,LV,RB,W 21-17,0.0,NE,Home,93.0,10-17-23,6,False,0,7,18,21,1,2.2,0.0,0.0,1.2,9.2,0.0,0.2,0.8,0.0,15.9,0.0,0.0,8.0,71.0,0.0,2.0,8.0,0.0,1.9875,0.0,0.0,1.0,8.875,0.0,0.25,1.0,1.9875
1702,Ameer Abdullah,LV,RB,L 12-30,0.0,Chi,Away,76.0,10-24-23,7,False,0,7,18,5,0,1.9,0.0,0.0,1.0,8.2,0.0,0.2,0.8,0.0,15.9,0.0,0.0,8.0,71.0,0.0,2.0,8.0,0.0,1.7666666666666666,0.0,0.0,0.8888888888888888,7.888888888888889,0.0,0.2222222222222222,0.8888888888888888,1.7666666666666666
1582,Ameer Abdullah,LV,RB,L 14-26,2.9,Det,Away,60.5,10-31-23,8,False,0,7,18,10,0,1.7600000000000002,0.0,0.0,0.8,7.4,0.0,0.4,2.2,0.0,18.8,0.0,0.0,9.0,83.0,0.0,3.0,15.0,0.0,1.8800000000000001,0.0,0.0,0.9,8.3,0.0,0.3,1.5,1.8800000000000001
633,Ameer Abdullah,LV,RB,W 30-6,4.5,NYG,Home,41.0,11-07-23,9,False,0,7,18,23,1,1.9799999999999998,0.0,0.0,0.8,8.0,0.0,0.8,3.8,0.0,23.3,0.0,0.0,11.0,100.0,0.0,5.0,23.0,0.0,2.118181818181818,0.0,0.0,1.0,9.090909090909092,0.0,0.45454545454545453,2.090909090909091,2.118181818181818
952,Ameer Abdullah,LV,RB,W 16-12,1.4,NYJ,Home,58.0,11-14-23,10,False,0,7,18,24,1,1.7599999999999998,0.0,0.0,0.8,6.6,0.0,0.6,3.0,0.0,24.7,0.0,0.0,12.0,104.0,0.0,5.0,23.0,0.0,2.058333333333333,0.0,0.0,1.0,8.666666666666666,0.0,0.4166666666666667,1.9166666666666667,2.058333333333333
484,Ameer Abdullah,LV,RB,L 13-20,1.4,Mia,Away,65.0,11-21-23,11,False,0,7,18,19,0,2.04,0.0,0.0,1.0,7.4,0.0,0.6,3.0,0.0,26.1,0.0,0.0,13.0,108.0,0.0,5.0,23.0,0.0,2.0076923076923077,0.0,0.0,1.0,8.307692307692308,0.0,0.38461538461538464,1.7692307692307692,2.0076923076923077
1048,Ameer Abdullah,LV,RB,L 17-31,2.3,KC,Home,59.5,11-28-23,12,False,0,7,18,15,1,2.5,0.0,0.0,1.2,7.8,0.0,0.8,5.2,0.0,28.4,0.0,0.0,14.0,110.0,0.0,6.0,34.0,0.0,2.0285714285714285,0.0,0.0,1.0,7.857142857142857,0.0,0.42857142857142855,2.4285714285714284,2.0285714285714285
737,Ameer Abdullah,LV,RB,L 0-3,3.9,Min,Home,51.5,12-12-23,14,False,0,7,18,20,1,2.7,0.0,0.0,1.4,6.8,0.0,0.8,6.2,0.0,32.3,0.0,0.0,16.0,117.0,0.0,7.0,46.0,0.0,2.1533333333333333,0.0,0.0,1.0666666666666667,7.8,0.0,0.4666666666666667,3.066666666666667,2.1533333333333333
1454,Ameer Abdullah,LV,RB,W 63-21,6.5,LAC,Home,42.0,12-19-23,15,False,0,7,18,16,1,3.1,0.0,0.0,1.4,6.0,0.0,1.6,11.0,0.0,38.8,0.0,0.0,18.0,130.0,0.0,13.0,78.0,0.0,2.425,0.0,0.0,1.125,8.125,0.0,0.8125,4.875,2.425
1150,Ameer Abdullah,LV,RB,W 20-14,2.2,KC,Away,58.5,12-26-23,16,False,0,7,18,15,0,3.2600000000000002,0.0,0.0,1.4,5.4,0.0,2.0,13.2,0.0,41.0,0.0,0.0,19.0,131.0,0.0,15.0,89.0,0.0,2.411764705882353,0.0,0.0,1.1176470588235294,7.705882352941177,0.0,0.8823529411764706,5.235294117647059,2.411764705882353
818,Andrew Beck,Hou,RB,W 23-19,8.9,Ind,Away,31.0,01-09-24,18,False,0,8,12,13,0,8.9,0.0,0.0,2.0,9.0,1.0,0.0,0.0,0.0,8.9,0.0,0.0,2.0,9.0,1.0,0.0,0.0,0.0,8.9,0.0,0.0,2.0,9.0,1.0,0.0,0.0,8.9
211,Andrew Beck,Hou,RB,L 9-25,0.0,Bal,Away,96.0,09-12-23,1,False,0,8,12,2,0,4.45,0.0,0.0,1.0,4.5,0.5,0.0,0.0,0.0,8.9,0.0,0.0,2.0,9.0,1.0,0.0,0.0,0.0,4.45,0.0,0.0,1.0,4.5,0.5,0.0,0.0,4.45
1384,Andrew Beck,Hou,RB,L 20-31,0.2,Ind,Home,79.5,09-19-23,2,False,0,8,12,13,1,3.033333333333333,0.0,0.0,0.6666666666666666,3.0,0.3333333333333333,0.6666666666666666,0.6666666666666666,0.0,9.1,0.0,0.0,2.0,9.0,1.0,2.0,2.0,0.0,3.033333333333333,0.0,0.0,0.6666666666666666,3.0,0.3333333333333333,0.6666666666666666,0.6666666666666666,3.033333333333333
259,Andrew Beck,Hou,RB,W 37-17,6.0,Jax,Away,41.0,09-26-23,3,False,0,8,12,14,0,3.7750000000000004,0.0,0.0,0.5,2.25,0.25,0.5,0.5,0.0,15.100000000000001,0.0,0.0,2.0,9.0,1.0,2.0,2.0,0.0,3.7750000000000004,0.0,0.0,0.5,2.25,0.25,0.5,0.5,3.7750000000000004
100,Andrew Beck,Hou,RB,W 30-6,0.0,Pit,Home,93.5,10-03-23,4,False,0,8,12,26,1,3.0200000000000005,0.0,0.0,0.4,1.8,0.2,0.4,0.4,0.0,15.100000000000001,0.0,0.0,2.0,9.0,1.0,2.0,2.0,0.0,3.0200000000000005,0.0,0.0,0.4,1.8,0.2,0.4,0.4,3.0200000000000005
415,Andrew Beck,Hou,RB,L 19-21,0.0,Atl,Away,81.0,10-10-23,5,False,0,8,12,1,0,1.24,0.0,0.0,0.0,0.0,0.0,0.4,0.4,0.0,15.100000000000001,0.0,0.0,2.0,9.0,1.0,2.0,2.0,0.0,2.516666666666667,0.0,0.0,0.3333333333333333,1.5,0.16666666666666666,0.3333333333333333,0.3333333333333333,2.516666666666667
1824,Andrew Beck,Hou,RB,W 20-13,0.0,NO,Home,93.0,10-17-23,6,False,0,8,12,22,1,1.24,0.0,0.0,0.0,0.0,0.0,0.4,0.4,0.0,15.100000000000001,0.0,0.0,2.0,9.0,1.0,2.0,2.0,0.0,2.1571428571428575,0.0,0.0,0.2857142857142857,1.2857142857142858,0.14285714285714285,0.2857142857142857,0.2857142857142857,2.1571428571428575
1567,Andrew Beck,Hou,RB,L 13-15,5.9,Car,Away,44.5,10-31-23,8,False,0,8,12,4,0,2.38,0.0,0.0,0.2,1.6,0.0,0.4,0.2,0.2,21.0,0.0,0.0,3.0,17.0,1.0,4.0,3.0,1.0,2.625,0.0,0.0,0.375,2.125,0.125,0.5,0.375,2.625
647,Andrew Beck,Hou,RB,W 39-37,2.5,TB,Home,54.5,11-07-23,9,False,0,8,12,29,1,1.6800000000000002,0.0,0.0,0.6,2.6,0.0,0.4,0.2,0.2,23.5,0.0,0.0,5.0,22.0,1.0,4.0,3.0,1.0,2.611111111111111,0.0,0.0,0.5555555555555556,2.4444444444444446,0.1111111111111111,0.4444444444444444,0.3333333333333333,2.611111111111111
505,Andrew Beck,Hou,RB,W 21-16,0.0,Ari,Home,80.0,11-21-23,11,False,0,8,12,0,1,1.6800000000000002,0.0,0.0,0.6,2.6,0.0,0.6,0.2,0.2,23.5,0.0,0.0,5.0,22.0,1.0,5.0,3.0,1.0,2.35,0.0,0.0,0.5,2.2,0.1,0.5,0.3,2.35
1061,Andrew Beck,Hou,RB,L 21-24,1.1,Jax,Home,71.5,11-28-23,12,False,0,8,12,14,1,1.9,0.0,0.0,0.8,2.8,0.0,0.6,0.2,0.2,24.6,0.0,0.0,6.0,23.0,1.0,5.0,3.0,1.0,2.2363636363636363,0.0,0.0,0.5454545454545454,2.090909090909091,0.09090909090909091,0.45454545454545453,0.2727272727272727,2.2363636363636363
567,Andrew Beck,Hou,RB,W 22-17,1.5,Den,Home,55.0,12-05-23,13,False,0,8,12,9,1,2.2,0.0,0.0,1.0,3.8,0.0,0.6,0.2,0.2,26.1,0.0,0.0,7.0,28.0,1.0,5.0,3.0,1.0,2.1750000000000003,0.0,0.0,0.5833333333333334,2.3333333333333335,0.08333333333333333,0.4166666666666667,0.25,2.1750000000000003
738,Andrew Beck,Hou,RB,L 6-30,3.6,NYJ,Away,53.0,12-12-23,14,False,0,8,12,24,0,1.7399999999999998,0.0,0.0,1.0,7.4,0.0,0.2,0.0,0.0,29.700000000000003,0.0,0.0,8.0,54.0,1.0,5.0,3.0,1.0,2.284615384615385,0.0,0.0,0.6153846153846154,4.153846153846154,0.07692307692307693,0.38461538461538464,0.23076923076923078,2.284615384615385
1488,Andrew Beck,Hou,RB,W 19-16,0.5,Ten,Away,75.5,12-19-23,15,False,0,8,12,30,0,1.34,0.0,0.0,0.8,5.4,0.0,0.2,0.0,0.0,30.200000000000003,0.0,0.0,9.0,49.0,1.0,5.0,3.0,1.0,2.1571428571428575,0.0,0.0,0.6428571428571429,3.5,0.07142857142857142,0.35714285714285715,0.21428571428571427,2.1571428571428575
1129,Andrew Beck,Hou,RB,L 22-36,8.6,Cle,Home,37.5,12-26-23,16,False,0,8,12,7,1,3.06,0.0,0.0,1.2,6.6,0.2,0.0,0.0,0.0,38.8,0.0,0.0,11.0,55.0,2.0,5.0,3.0,1.0,2.5866666666666664,0.0,0.0,0.7333333333333333,3.6666666666666665,0.13333333333333333,0.3333333333333333,0.2,2.5866666666666664
163,Anthony McFarland Jr.,Pit,RB,L 7-30,3.1,SF,Home,55.5,09-12-23,1,False,0,9,26,27,1,3.1,0.0,0.0,2.0,11.0,0.0,0.0,0.0,0.0,3.1,0.0,0.0,2.0,11.0,0.0,0.0,0.0,0.0,3.1,0.0,0.0,2.0,11.0,0.0,0.0,0.0,3.1
975,Anthony McFarland Jr.,Pit,RB,W 23-19,0.0,GB,Home,83.0,11-14-23,10,False,0,9,26,11,1,1.55,0.0,0.0,1.0,5.5,0.0,0.0,0.0,0.0,3.1,0.0,0.0,2.0,11.0,0.0,0.0,0.0,0.0,1.55,0.0,0.0,1.0,5.5,0.0,0.0,0.0,1.55
497,Anthony McFarland Jr.,Pit,RB,L 10-13,0.0,Cle,Away,80.0,11-21-23,11,False,0,9,26,7,0,1.0333333333333334,0.0,0.0,0.6666666666666666,3.6666666666666665,0.0,0.0,0.0,0.0,3.1,0.0,0.0,2.0,11.0,0.0,0.0,0.0,0.0,1.0333333333333334,0.0,0.0,0.6666666666666666,3.6666666666666665,0.0,0.0,0.0,1.0333333333333334
1247,Antonio Gibson,Wsh,RB,L 10-27,5.6,SF,Home,48.0,01-02-24,17,False,0,10,31,27,1,5.6,0.0,0.0,2.0,17.0,0.0,4.0,19.0,0.0,5.6,0.0,0.0,2.0,17.0,0.0,4.0,19.0,0.0,5.6,0.0,0.0,2.0,17.0,0.0,4.0,19.0,5.6
822,Antonio Gibson,Wsh,RB,L 10-38,6.6,Dal,Home,35.0,01-09-24,18,False,0,10,31,8,1,6.1,0.0,0.0,2.5,22.5,0.0,3.0,13.5,0.0,12.2,0.0,0.0,5.0,45.0,0.0,6.0,27.0,0.0,6.1,0.0,0.0,2.5,22.5,0.0,3.0,13.5,6.1
183,Antonio Gibson,Wsh,RB,W 20-16,0.9,Ari,Home,76.0,09-12-23,1,False,0,10,31,0,1,4.366666666666666,0.0,0.0,2.0,18.333333333333332,0.0,3.0,12.0,0.0,13.1,0.0,0.0,6.0,55.0,0.0,9.0,36.0,0.0,4.366666666666666,0.0,0.0,2.0,18.333333333333332,0.0,3.0,12.0,4.366666666666666
1330,Antonio Gibson,Wsh,RB,W 35-33,8.3,Den,Away,27.5,09-19-23,2,False,0,10,31,9,0,5.35,0.0,0.0,2.25,24.75,0.0,2.75,11.25,0.0,21.4,0.0,0.0,9.0,99.0,0.0,11.0,45.0,0.0,5.35,0.0,0.0,2.25,24.75,0.0,2.75,11.25,5.35
275,Antonio Gibson,Wsh,RB,L 3-37,3.4,Buf,Home,57.0,09-26-23,3,False,0,10,31,3,1,4.96,0.0,0.0,2.4,21.2,0.0,2.6,12.4,0.0,24.8,0.0,0.0,12.0,106.0,0.0,13.0,62.0,0.0,4.96,0.0,0.0,2.4,21.2,0.0,2.6,12.4,4.96
51,Antonio Gibson,Wsh,RB,L 31-34,3.6,Phi,Away,52.0,10-03-23,4,False,0,10,31,25,0,4.5600000000000005,0.0,0.0,2.2,19.2,0.0,3.0,12.4,0.0,28.4,0.0,0.0,13.0,113.0,0.0,19.0,81.0,0.0,4.733333333333333,0.0,0.0,2.1666666666666665,18.833333333333332,0.0,3.1666666666666665,13.5,4.733333333333333
353,Antonio Gibson,Wsh,RB,L 20-40,10.4,Chi,Home,26.0,10-10-23,5,False,0,10,31,5,1,5.32,0.0,0.0,2.4,26.4,0.0,2.6,10.8,0.0,38.8,0.0,0.0,17.0,177.0,0.0,19.0,81.0,0.0,5.542857142857143,0.0,0.0,2.4285714285714284,25.285714285714285,0.0,2.7142857142857144,11.571428571428571,5.542857142857143
1754,Antonio Gibson,Wsh,RB,W 24-16,8.6,Atl,Away,28.0,10-17-23,6,False,0,10,31,1,0,6.860000000000001,0.0,0.0,2.4,24.6,0.2,2.6,12.0,0.0,47.4,0.0,0.0,18.0,178.0,1.0,22.0,96.0,0.0,5.925,0.0,0.0,2.25,22.25,0.125,2.75,12.0,5.925
1675,Antonio Gibson,Wsh,RB,L 7-14,5.1,NYG,Away,42.0,10-24-23,7,False,0,10,31,23,0,6.22,0.0,0.0,2.2,20.6,0.2,2.6,11.6,0.0,52.5,0.0,0.0,20.0,202.0,1.0,24.0,103.0,0.0,5.833333333333333,0.0,0.0,2.2222222222222223,22.444444444444443,0.1111111111111111,2.6666666666666665,11.444444444444445,5.833333333333333
1551,Antonio Gibson,Wsh,RB,L 31-38,9.2,Phi,Home,28.5,10-31-23,8,False,0,10,31,25,1,7.38,0.0,0.0,2.6,24.8,0.2,2.6,11.0,0.0,61.7,0.0,0.0,25.0,230.0,1.0,26.0,117.0,0.0,6.17,0.0,0.0,2.5,23.0,0.1,2.6,11.7,6.17
609,Antonio Gibson,Wsh,RB,W 20-17,12.6,NE,Away,17.0,11-07-23,9,False,0,10,31,21,0,9.18,0.0,0.0,3.4,31.8,0.2,2.6,14.0,0.0,74.3,0.0,0.0,30.0,272.0,1.0,32.0,151.0,0.0,6.754545454545454,0.0,0.0,2.727272727272727,24.727272727272727,0.09090909090909091,2.909090909090909,13.727272727272727,6.754545454545454
909,Antonio Gibson,Wsh,RB,L 26-29,16.5,Sea,Away,15.0,11-14-23,10,False,0,10,31,28,0,10.4,0.0,0.0,3.6,27.4,0.4,3.4,16.6,0.0,90.8,0.0,0.0,35.0,314.0,2.0,36.0,164.0,0.0,7.566666666666666,0.0,0.0,2.9166666666666665,26.166666666666668,0.16666666666666666,3.0,13.666666666666666,7.566666666666666
1032,Antonio Gibson,Wsh,RB,L 10-45,6.7,Dal,Away,43.0,11-28-23,12,False,0,10,31,8,0,10.02,0.0,0.0,4.0,30.4,0.2,4.0,17.8,0.0,97.5,0.0,0.0,38.0,330.0,2.0,42.0,185.0,0.0,7.5,0.0,0.0,2.923076923076923,25.384615384615383,0.15384615384615385,3.230769230769231,14.23076923076923,7.5
531,Antonio Gibson,Wsh,RB,L 15-45,11.2,Mia,Home,19.0,12-05-23,13,False,0,10,31,19,1,11.239999999999998,0.0,0.0,4.4,33.0,0.2,5.6,23.4,0.0,108.69999999999999,0.0,0.0,42.0,367.0,2.0,52.0,220.0,0.0,7.764285714285713,0.0,0.0,3.0,26.214285714285715,0.14285714285714285,3.7142857142857144,15.714285714285714,7.764285714285713
1443,Antonio Gibson,Wsh,RB,L 20-28,8.5,LAR,Away,32.0,12-19-23,15,False,0,10,31,17,0,11.1,0.0,0.0,4.4,31.4,0.2,6.0,23.6,0.0,117.19999999999999,0.0,0.0,47.0,387.0,2.0,56.0,235.0,0.0,7.813333333333333,0.0,0.0,3.1333333333333333,25.8,0.13333333333333333,3.7333333333333334,15.666666666666666,7.813333333333333
1122,Antonio Gibson,Wsh,RB,L 28-30,10.2,NYJ,Away,31.0,12-26-23,16,False,0,10,31,24,0,10.62,0.0,0.0,3.6,23.4,0.2,6.6,22.8,0.2,127.39999999999999,0.0,0.0,48.0,389.0,2.0,65.0,265.0,1.0,7.9624999999999995,0.0,0.0,3.0,24.3125,0.125,4.0625,16.5625,7.9624999999999995
1257,Austin Ekeler,LAC,RB,L 9-16,4.0,Den,Away,58.0,01-02-24,17,False,0,11,16,9,0,4.0,0.0,0.0,1.0,4.0,0.0,13.0,46.0,0.0,4.0,0.0,0.0,1.0,4.0,0.0,13.0,46.0,0.0,4.0,0.0,0.0,1.0,4.0,0.0,13.0,46.0,4.0
811,Austin Ekeler,LAC,RB,L 12-13,11.9,KC,Home,24.0,01-09-24,18,False,0,11,16,15,1,7.95,0.0,0.0,4.0,21.0,0.0,11.5,28.5,0.0,15.9,0.0,0.0,8.0,42.0,0.0,23.0,57.0,0.0,7.95,0.0,0.0,4.0,21.0,0.0,11.5,28.5,7.95
109,Austin Ekeler,LAC,RB,L 34-36,26.4,Mia,Home,2.0,09-12-23,1,False,0,11,16,19,1,14.1,0.0,0.0,4.0,29.666666666666668,0.0,13.0,58.0,0.3333333333333333,42.3,0.0,0.0,12.0,89.0,0.0,39.0,174.0,1.0,14.1,0.0,0.0,4.0,29.666666666666668,0.0,13.0,58.0,14.1
1751,Austin Ekeler,LAC,RB,L 17-20,10.2,Dal,Home,25.0,10-17-23,6,False,0,11,16,8,1,13.125,0.0,0.0,4.0,31.0,0.0,13.25,50.25,0.25,52.5,0.0,0.0,16.0,124.0,0.0,53.0,201.0,1.0,13.125,0.0,0.0,4.0,31.0,0.0,13.25,50.25,13.125
1673,Austin Ekeler,LAC,RB,L 17-31,5.6,KC,Away,39.0,10-24-23,7,False,0,11,16,15,0,11.62,0.0,0.0,3.4,25.0,0.0,13.4,49.2,0.2,58.099999999999994,0.0,0.0,17.0,125.0,0.0,67.0,246.0,1.0,11.62,0.0,0.0,3.4,25.0,0.0,13.4,49.2,11.62
1528,Austin Ekeler,LAC,RB,W 30-13,23.3,Chi,Home,6.0,10-31-23,8,False,0,11,16,5,1,15.48,0.0,0.0,4.6,43.0,0.2,13.8,45.8,0.2,81.4,0.0,0.0,24.0,219.0,1.0,82.0,275.0,1.0,13.566666666666668,0.0,0.0,4.0,36.5,0.16666666666666666,13.666666666666666,45.833333333333336,13.566666666666668
596,Austin Ekeler,LAC,RB,W 27-6,21.0,NYJ,Away,4.0,11-07-23,9,False,0,11,16,24,0,17.3,0.0,0.0,3.6,40.0,0.2,14.6,53.0,0.6,102.4,0.0,0.0,26.0,242.0,1.0,96.0,322.0,3.0,14.62857142857143,0.0,0.0,3.7142857142857144,34.57142857142857,0.14285714285714285,13.714285714285714,46.0,14.62857142857143
898,Austin Ekeler,LAC,RB,L 38-41,21.5,Det,Home,4.0,11-14-23,10,False,0,11,16,10,1,16.32,0.0,0.0,3.6,40.2,0.2,15.2,43.0,0.6,123.9,0.0,0.0,30.0,290.0,1.0,115.0,389.0,4.0,15.4875,0.0,0.0,3.75,36.25,0.125,14.375,48.625,15.4875
449,Austin Ekeler,LAC,RB,L 20-23,7.0,GB,Away,30.5,11-21-23,11,False,0,11,16,11,0,15.680000000000001,0.0,0.0,3.2,34.4,0.2,14.4,50.4,0.6,130.9,0.0,0.0,32.0,296.0,1.0,125.0,453.0,4.0,14.544444444444444,0.0,0.0,3.5555555555555554,32.888888888888886,0.1111111111111111,13.88888888888889,50.333333333333336,14.544444444444444
1020,Austin Ekeler,LAC,RB,L 10-20,9.4,Bal,Home,31.5,11-28-23,12,False,0,11,16,2,1,16.44,0.0,0.0,4.0,40.6,0.2,13.6,47.8,0.6,140.3,0.0,0.0,37.0,328.0,1.0,135.0,485.0,4.0,14.030000000000001,0.0,0.0,3.7,32.8,0.1,13.5,48.5,14.030000000000001
546,Austin Ekeler,LAC,RB,W 6-0,4.7,NE,Away,34.0,12-05-23,13,False,0,11,16,21,0,12.72,0.0,0.0,3.0,23.6,0.0,13.4,45.6,0.6,145.0,0.0,0.0,39.0,337.0,1.0,149.0,503.0,4.0,13.181818181818182,0.0,0.0,3.5454545454545454,30.636363636363637,0.09090909090909091,13.545454545454545,45.72727272727273,13.181818181818182
693,Austin Ekeler,LAC,RB,L 7-24,21.0,Den,Home,8.0,12-12-23,14,False,0,11,16,9,1,12.72,0.0,0.0,3.6,28.8,0.0,12.6,46.4,0.4,166.0,0.0,0.0,44.0,386.0,1.0,159.0,554.0,5.0,13.833333333333334,0.0,0.0,3.6666666666666665,32.166666666666664,0.08333333333333333,13.25,46.166666666666664,13.833333333333334
1447,Austin Ekeler,LAC,RB,L 21-63,7.8,LV,Away,35.0,12-19-23,15,False,0,11,16,18,0,9.98,0.0,0.0,3.6,25.0,0.0,9.8,34.8,0.2,173.8,0.0,0.0,48.0,415.0,1.0,164.0,563.0,5.0,13.36923076923077,0.0,0.0,3.6923076923076925,31.923076923076923,0.07692307692307693,12.615384615384615,43.30769230769231,13.36923076923077
1115,Austin Ekeler,LAC,RB,L 22-24,11.6,Buf,Home,24.0,12-26-23,16,False,0,11,16,3,1,10.9,0.0,0.0,3.8,28.0,0.0,10.8,35.0,0.2,185.4,0.0,0.0,51.0,436.0,1.0,179.0,628.0,5.0,13.242857142857144,0.0,0.0,3.642857142857143,31.142857142857142,0.07142857142857142,12.785714285714286,44.857142857142854,13.242857142857144
887,Ben Mason,Bal,RB,L 10-17,0.0,Pit,Home,88.5,01-09-24,18,False,0,12,2,26,1,0.0,0.0,0.0,0.0,0.0,0.0,0.0,0.0,0.0,0.0,0.0,0.0,0.0,0.0,0.0,0.0,0.0,0.0,0.0,0.0,0.0,0.0,0.0,0.0,0.0,0.0,0.0
1223,Bijan Robinson,Atl,RB,L 17-37,11.6,Chi,Away,24.0,01-02-24,17,False,0,13,1,5,0,11.6,0.0,0.0,3.0,11.0,0.0,15.0,75.0,0.0,11.6,0.0,0.0,3.0,11.0,0.0,15.0,75.0,0.0,11.6,0.0,0.0,3.0,11.0,0.0,15.0,75.0,11.6
791,Bijan Robinson,Atl,RB,L 17-48,26.1,NO,Away,4.0,01-09-24,18,False,0,13,1,22,0,18.85,0.0,0.0,5.0,57.0,0.5,13.0,51.5,0.0,37.7,0.0,0.0,10.0,114.0,1.0,26.0,103.0,0.0,18.85,0.0,0.0,5.0,57.0,0.5,13.0,51.5,18.85
114,Bijan Robinson,Atl,RB,W 24-10,20.3,Car,Home,7.0,09-12-23,1,False,0,13,1,4,1,19.333333333333332,0.0,0.0,5.333333333333333,47.0,0.6666666666666666,12.0,53.0,0.0,58.0,0.0,0.0,16.0,141.0,2.0,36.0,159.0,0.0,19.333333333333332,0.0,0.0,5.333333333333333,47.0,0.6666666666666666,12.0,53.0,19.333333333333332
1312,Bijan Robinson,Atl,RB,W 25-24,21.2,GB,Home,9.0,09-19-23,2,False,0,13,1,11,1,19.8,0.0,0.0,5.0,47.25,0.5,13.75,70.75,0.0,79.2,0.0,0.0,20.0,189.0,2.0,55.0,283.0,0.0,19.8,0.0,0.0,5.0,47.25,0.5,13.75,70.75,19.8
240,Bijan Robinson,Atl,RB,L 6-20,10.0,Det,Away,22.0,09-26-23,3,False,0,13,1,10,0,17.84,0.0,0.0,4.8,43.2,0.4,13.0,63.2,0.0,89.2,0.0,0.0,24.0,216.0,2.0,65.0,316.0,0.0,17.84,0.0,0.0,4.8,43.2,0.4,13.0,63.2,17.84
10,Bijan Robinson,Atl,RB,L 7-23,18.7,Jax,Away,11.0,10-03-23,4,False,0,13,1,14,0,19.26,0.0,0.0,5.2,47.4,0.4,12.8,69.2,0.0,107.9,0.0,0.0,29.0,248.0,2.0,79.0,421.0,0.0,17.983333333333334,0.0,0.0,4.833333333333333,41.333333333333336,0.3333333333333333,13.166666666666666,70.16666666666667,17.983333333333334
349,Bijan Robinson,Atl,RB,W 21-19,11.8,Hou,Home,22.0,10-10-23,5,False,0,13,1,12,1,16.4,0.0,0.0,4.2,29.2,0.4,13.4,72.8,0.0,119.7,0.0,0.0,31.0,260.0,3.0,93.0,467.0,0.0,17.1,0.0,0.0,4.428571428571429,37.142857142857146,0.42857142857142855,13.285714285714286,66.71428571428571,17.1
1744,Bijan Robinson,Atl,RB,L 16-24,13.0,Wsh,Home,18.0,10-17-23,6,False,0,13,1,31,1,14.940000000000001,0.0,0.0,4.0,32.4,0.2,14.0,69.0,0.0,132.7,0.0,0.0,36.0,303.0,3.0,106.0,504.0,0.0,16.5875,0.0,0.0,4.5,37.875,0.375,13.25,63.0,16.5875
1694,Bijan Robinson,Atl,RB,W 16-13,0.3,TB,Away,60.0,10-24-23,7,False,0,13,1,29,0,10.76,0.0,0.0,3.2,22.8,0.2,10.4,44.8,0.0,133.0,0.0,0.0,36.0,303.0,3.0,107.0,507.0,0.0,14.777777777777779,0.0,0.0,4.0,33.666666666666664,0.3333333333333333,11.88888888888889,56.333333333333336,14.777777777777779
1540,Bijan Robinson,Atl,RB,L 23-28,12.2,Ten,Away,18.0,10-31-23,8,False,0,13,1,30,0,11.2,0.0,0.0,2.4,17.4,0.2,10.6,50.6,0.2,145.2,0.0,0.0,36.0,303.0,3.0,118.0,569.0,1.0,14.52,0.0,0.0,3.6,30.3,0.3,11.8,56.9,14.52
629,Bijan Robinson,Atl,RB,L 28-31,5.9,Min,Home,37.0,11-07-23,9,False,0,13,1,20,1,8.639999999999999,0.0,0.0,1.8,12.6,0.2,10.0,39.8,0.2,151.1,0.0,0.0,38.0,311.0,3.0,129.0,620.0,1.0,13.736363636363636,0.0,0.0,3.4545454545454546,28.272727272727273,0.2727272727272727,11.727272727272727,56.36363636363637,13.736363636363636
906,Bijan Robinson,Atl,RB,L 23-25,17.6,Ari,Away,12.5,11-14-23,10,False,0,13,1,0,0,9.8,0.0,0.0,1.6,12.4,0.0,11.6,49.6,0.4,168.7,0.0,0.0,39.0,322.0,3.0,151.0,715.0,2.0,14.058333333333332,0.0,0.0,3.25,26.833333333333332,0.25,12.583333333333334,59.583333333333336,14.058333333333332
992,Bijan Robinson,Atl,RB,W 24-15,27.3,NO,Home,3.0,11-28-23,12,False,0,13,1,22,1,12.66,0.0,0.0,1.2,10.2,0.2,12.2,60.4,0.6,196.0,0.0,0.0,42.0,354.0,4.0,167.0,806.0,3.0,15.076923076923077,0.0,0.0,3.230769230769231,27.23076923076923,0.3076923076923077,12.846153846153847,62.0,15.076923076923077
532,Bijan Robinson,Atl,RB,W 13-8,10.9,NYJ,Away,20.0,12-05-23,13,False,0,13,1,24,0,14.780000000000001,0.0,0.0,1.8,15.4,0.2,15.6,70.4,0.6,206.9,0.0,0.0,45.0,380.0,4.0,185.0,859.0,3.0,14.778571428571428,0.0,0.0,3.2142857142857144,27.142857142857142,0.2857142857142857,13.214285714285714,61.357142857142854,14.778571428571428
694,Bijan Robinson,Atl,RB,L 25-29,19.8,TB,Home,9.0,12-12-23,14,False,0,13,1,29,1,16.3,0.0,0.0,2.8,26.2,0.2,15.4,64.8,0.6,226.7,0.0,0.0,50.0,434.0,4.0,195.0,893.0,4.0,15.113333333333333,0.0,0.0,3.3333333333333335,28.933333333333334,0.26666666666666666,13.0,59.53333333333333,15.113333333333333
1489,Bijan Robinson,Atl,RB,L 7-9,0.4,Car,Away,77.0,12-19-23,15,False,0,13,1,4,0,15.2,0.0,0.0,2.6,25.2,0.2,14.6,56.8,0.6,227.1,0.0,0.0,51.0,437.0,4.0,202.0,904.0,4.0,14.19375,0.0,0.0,3.1875,27.3125,0.25,12.625,56.5,14.19375
1101,Bijan Robinson,Atl,RB,W 29-10,19.2,Ind,Home,10.0,12-26-23,16,False,0,13,1,13,1,15.52,0.0,0.0,3.8,33.0,0.2,12.6,52.2,0.4,246.3,0.0,0.0,58.0,487.0,4.0,214.0,976.0,4.0,14.488235294117647,0.0,0.0,3.411764705882353,28.647058823529413,0.23529411764705882,12.588235294117647,57.411764705882355,14.488235294117647
1290,Boston Scott,Phi,RB,L 31-35,0.0,Ari,Home,92.5,01-02-24,17,False,0,14,25,0,1,0.0,0.0,0.0,0.0,0.0,0.0,0.0,0.0,0.0,0.0,0.0,0.0,0.0,0.0,0.0,0.0,0.0,0.0,0.0,0.0,0.0,0.0,0.0,0.0,0.0,0.0,0.0
856,Boston Scott,Phi,RB,L 10-27,0.5,NYG,Away,69.0,01-09-24,18,False,0,14,25,23,0,0.25,0.0,0.0,0.0,0.0,0.0,1.5,2.5,0.0,0.5,0.0,0.0,0.0,0.0,0.0,3.0,5.0,0.0,0.25,0.0,0.0,0.0,0.0,0.0,1.5,2.5,0.25
172,Boston Scott,Phi,RB,W 25-20,2.0,NE,Away,64.5,09-12-23,1,False,0,14,25,21,0,0.8333333333333334,0.0,0.0,0.3333333333333333,2.3333333333333335,0.0,1.3333333333333333,2.6666666666666665,0.0,2.5,0.0,0.0,1.0,7.0,0.0,4.0,8.0,0.0,0.8333333333333334,0.0,0.0,0.3333333333333333,2.3333333333333335,0.0,1.3333333333333333,2.6666666666666665,0.8333333333333334
1353,Boston Scott,Phi,RB,W 34-28,4.0,Min,Home,50.0,09-19-23,2,False,0,14,25,20,1,1.625,0.0,0.0,0.25,1.75,0.0,2.25,12.0,0.0,6.5,0.0,0.0,1.0,7.0,0.0,9.0,48.0,0.0,1.625,0.0,0.0,0.25,1.75,0.0,2.25,12.0,1.625
86,Boston Scott,Phi,RB,W 34-31,0.0,Wsh,Home,93.5,10-03-23,4,False,0,14,25,31,1,1.3,0.0,0.0,0.2,1.4,0.0,1.8,9.6,0.0,6.5,0.0,0.0,1.0,7.0,0.0,9.0,48.0,0.0,1.3,0.0,0.0,0.2,1.4,0.0,1.8,9.6,1.3
399,Boston Scott,Phi,RB,W 23-14,0.0,LAR,Away,81.0,10-10-23,5,False,0,14,25,17,0,1.3,0.0,0.0,0.2,1.4,0.0,1.8,9.6,0.0,6.5,0.0,0.0,1.0,7.0,0.0,9.0,48.0,0.0,1.0833333333333333,0.0,0.0,0.16666666666666666,1.1666666666666667,0.0,1.5,8.0,1.0833333333333333
1780,Boston Scott,Phi,RB,L 14-20,2.6,NYJ,Away,53.5,10-17-23,6,False,0,14,25,24,0,1.72,0.0,0.0,0.4,4.2,0.0,1.6,9.0,0.0,9.1,0.0,0.0,2.0,21.0,0.0,11.0,50.0,0.0,1.3,0.0,0.0,0.2857142857142857,3.0,0.0,1.5714285714285714,7.142857142857143,1.3
1706,Boston Scott,Phi,RB,W 31-17,0.0,Mia,Home,76.0,10-24-23,7,False,0,14,25,19,1,1.3199999999999998,0.0,0.0,0.2,2.8,0.0,1.4,8.4,0.0,9.1,0.0,0.0,2.0,21.0,0.0,11.0,50.0,0.0,1.1375,0.0,0.0,0.25,2.625,0.0,1.375,6.25,1.1375
1593,Boston Scott,Phi,RB,W 38-31,1.4,Wsh,Away,71.0,10-31-23,8,False,0,14,25,31,0,0.8,0.0,0.0,0.4,3.6,0.0,0.4,0.4,0.0,10.5,0.0,0.0,3.0,25.0,0.0,11.0,50.0,0.0,1.1666666666666667,0.0,0.0,0.3333333333333333,2.7777777777777777,0.0,1.2222222222222223,5.555555555555555,1.1666666666666667
487,Boston Scott,Phi,RB,W 21-17,0.8,KC,Away,68.0,11-21-23,11,False,0,14,25,15,0,0.96,0.0,0.0,0.4,3.6,0.0,0.8,2.0,0.0,11.3,0.0,0.0,3.0,25.0,0.0,13.0,58.0,0.0,1.1300000000000001,0.0,0.0,0.3,2.5,0.0,1.3,5.8,1.1300000000000001
1059,Boston Scott,Phi,RB,W 37-34,1.4,Buf,Home,70.0,11-28-23,12,False,0,14,25,3,1,1.24,0.0,0.0,0.4,3.6,0.0,1.2,4.8,0.0,12.7,0.0,0.0,3.0,25.0,0.0,15.0,72.0,0.0,1.1545454545454545,0.0,0.0,0.2727272727272727,2.272727272727273,0.0,1.3636363636363635,6.545454545454546,1.1545454545454545
551,Boston Scott,Phi,RB,L 19-42,3.9,SF,Home,38.5,12-05-23,13,False,0,14,25,27,1,1.5,0.0,0.0,0.4,6.2,0.0,1.0,4.8,0.0,16.6,0.0,0.0,4.0,52.0,0.0,16.0,74.0,0.0,1.3833333333333335,0.0,0.0,0.3333333333333333,4.333333333333333,0.0,1.3333333333333333,6.166666666666667,1.3833333333333335
752,Boston Scott,Phi,RB,L 13-33,0.9,Dal,Away,66.0,12-12-23,14,False,0,14,25,8,0,1.6800000000000002,0.0,0.0,0.4,6.2,0.0,1.6,6.6,0.0,17.5,0.0,0.0,4.0,52.0,0.0,19.0,83.0,0.0,1.3461538461538463,0.0,0.0,0.3076923076923077,4.0,0.0,1.4615384615384615,6.384615384615385,1.3461538461538463
1498,Boston Scott,Phi,RB,L 17-20,0.0,Sea,Away,94.0,12-19-23,15,False,0,14,25,28,0,1.4,0.0,0.0,0.2,5.4,0.0,1.6,6.6,0.0,17.5,0.0,0.0,4.0,52.0,0.0,19.0,83.0,0.0,1.25,0.0,0.0,0.2857142857142857,3.7142857142857144,0.0,1.3571428571428572,5.928571428571429,1.25
1199,Boston Scott,Phi,RB,W 33-25,-1.7,NYG,Home,108.0,12-26-23,16,False,0,14,25,23,1,0.9,0.0,0.0,0.2,5.4,0.0,1.4,5.6,0.0,15.8,0.0,0.0,4.0,52.0,0.0,20.0,86.0,0.0,1.0533333333333335,0.0,0.0,0.26666666666666666,3.466666666666667,0.0,1.3333333333333333,5.733333333333333,1.0533333333333335
1275,Brandon Bolden,LV,RB,L 20-23,0.6,Ind,Away,76.0,01-02-24,17,False,0,15,18,13,0,0.6,0.0,0.0,0.0,0.0,0.0,2.0,6.0,0.0,0.6,0.0,0.0,0.0,0.0,0.0,2.0,6.0,0.0,0.6,0.0,0.0,0.0,0.0,0.0,2.0,6.0,0.6
875,Brandon Bolden,LV,RB,W 27-14,0.0,Den,Home,88.5,01-09-24,18,False,0,15,18,9,1,0.3,0.0,0.0,0.0,0.0,0.0,1.0,3.0,0.0,0.6,0.0,0.0,0.0,0.0,0.0,2.0,6.0,0.0,0.3,0.0,0.0,0.0,0.0,0.0,1.0,3.0,0.3
202,Brandon Bolden,LV,RB,W 17-16,0.0,Den,Away,96.0,09-12-23,1,False,0,15,18,9,0,0.19999999999999998,0.0,0.0,0.0,0.0,0.0,0.6666666666666666,2.0,0.0,0.6,0.0,0.0,0.0,0.0,0.0,2.0,6.0,0.0,0.19999999999999998,0.0,0.0,0.0,0.0,0.0,0.6666666666666666,2.0,0.19999999999999998
1397,Brandon Bolden,LV,RB,L 10-38,0.0,Buf,Away,96.0,09-19-23,2,False,0,15,18,3,0,0.15,0.0,0.0,0.0,0.0,0.0,0.5,1.5,0.0,0.6,0.0,0.0,0.0,0.0,0.0,2.0,6.0,0.0,0.15,0.0,0.0,0.0,0.0,0.0,0.5,1.5,0.15
312,Brandon Bolden,LV,RB,L 18-23,0.0,Pit,Home,95.5,09-26-23,3,False,0,15,18,26,1,0.12,0.0,0.0,0.0,0.0,0.0,0.4,1.2,0.0,0.6,0.0,0.0,0.0,0.0,0.0,2.0,6.0,0.0,0.12,0.0,0.0,0.0,0.0,0.0,0.4,1.2,0.12
94,Brandon Bolden,LV,RB,L 17-24,0.0,LAC,Away,93.5,10-03-23,4,False,0,15,18,16,0,0.0,0.0,0.0,0.0,0.0,0.0,0.0,0.0,0.0,0.6,0.0,0.0,0.0,0.0,0.0,2.0,6.0,0.0,0.09999999999999999,0.0,0.0,0.0,0.0,0.0,0.3333333333333333,1.0,0.09999999999999999
1820,Brandon Bolden,LV,RB,W 21-17,0.0,NE,Home,93.0,10-17-23,6,False,0,15,18,21,1,0.0,0.0,0.0,0.0,0.0,0.0,0.0,0.0,0.0,0.6,0.0,0.0,0.0,0.0,0.0,2.0,6.0,0.0,0.08571428571428572,0.0,0.0,0.0,0.0,0.0,0.2857142857142857,0.8571428571428571,0.08571428571428572
1715,Brandon Bolden,LV,RB,L 12-30,0.0,Chi,Away,76.0,10-24-23,7,False,0,15,18,5,0,0.0,0.0,0.0,0.0,0.0,0.0,0.0,0.0,0.0,0.6,0.0,0.0,0.0,0.0,0.0,2.0,6.0,0.0,0.075,0.0,0.0,0.0,0.0,0.0,0.25,0.75,0.075
1619,Brandon Bolden,LV,RB,L 14-26,0.0,Det,Away,97.0,10-31-23,8,False,0,15,18,10,0,0.0,0.0,0.0,0.0,0.0,0.0,0.0,0.0,0.0,0.6,0.0,0.0,0.0,0.0,0.0,2.0,6.0,0.0,0.06666666666666667,0.0,0.0,0.0,0.0,0.0,0.2222222222222222,0.6666666666666666,0.06666666666666667
675,Brandon Bolden,LV,RB,W 30-6,0.0,NYG,Home,82.5,11-07-23,9,False,0,15,18,23,1,0.0,0.0,0.0,0.0,0.0,0.0,0.0,0.0,0.0,0.6,0.0,0.0,0.0,0.0,0.0,2.0,6.0,0.0,0.06,0.0,0.0,0.0,0.0,0.0,0.2,0.6,0.06
980,Brandon Bolden,LV,RB,W 16-12,0.0,NYJ,Home,83.0,11-14-23,10,False,0,15,18,24,1,0.0,0.0,0.0,0.0,0.0,0.0,0.0,0.0,0.0,0.6,0.0,0.0,0.0,0.0,0.0,2.0,6.0,0.0,0.05454545454545454,0.0,0.0,0.0,0.0,0.0,0.18181818181818182,0.5454545454545454,0.05454545454545454
501,Brandon Bolden,LV,RB,L 13-20,0.0,Mia,Away,80.0,11-21-23,11,False,0,15,18,19,0,0.0,0.0,0.0,0.0,0.0,0.0,0.0,0.0,0.0,0.6,0.0,0.0,0.0,0.0,0.0,2.0,6.0,0.0,0.049999999999999996,0.0,0.0,0.0,0.0,0.0,0.16666666666666666,0.5,0.049999999999999996
1084,Brandon Bolden,LV,RB,L 17-31,0.0,KC,Home,90.0,11-28-23,12,False,0,15,18,15,1,0.0,0.0,0.0,0.0,0.0,0.0,0.0,0.0,0.0,0.6,0.0,0.0,0.0,0.0,0.0,2.0,6.0,0.0,0.04615384615384615,0.0,0.0,0.0,0.0,0.0,0.15384615384615385,0.46153846153846156,0.04615384615384615
775,Brandon Bolden,LV,RB,L 0-3,0.0,Min,Home,89.5,12-12-23,14,False,0,15,18,20,1,0.0,0.0,0.0,0.0,0.0,0.0,0.0,0.0,0.0,0.6,0.0,0.0,0.0,0.0,0.0,2.0,6.0,0.0,0.04285714285714286,0.0,0.0,0.0,0.0,0.0,0.14285714285714285,0.42857142857142855,0.04285714285714286
1445,Brandon Bolden,LV,RB,W 63-21,8.5,LAC,Home,32.0,12-19-23,15,False,0,15,18,16,1,1.7,0.0,0.0,0.0,0.0,0.0,0.4,5.0,0.2,9.1,0.0,0.0,0.0,0.0,0.0,4.0,31.0,1.0,0.6066666666666667,0.0,0.0,0.0,0.0,0.0,0.26666666666666666,2.066666666666667,0.6066666666666667
1156,Brandon Bolden,LV,RB,W 20-14,2.0,KC,Away,63.5,12-26-23,16,False,0,15,18,15,0,2.1,0.0,0.0,0.0,0.0,0.0,0.4,5.0,0.2,11.1,0.0,0.0,0.0,0.0,0.0,4.0,31.0,1.0,0.69375,0.0,0.0,0.0,0.0,0.0,0.25,1.9375,0.69375
1202,Breece Hall,NYJ,RB,L 20-37,27.6,Cle,Away,3.0,01-02-24,17,False,0,16,24,7,0,27.6,0.0,0.0,9.0,42.0,1.0,13.0,84.0,0.0,27.6,0.0,0.0,9.0,42.0,1.0,13.0,84.0,0.0,27.6,0.0,0.0,9.0,42.0,1.0,13.0,84.0,27.6
789,Breece Hall,NYJ,RB,W 17-3,29.0,NE,Away,2.0,01-09-24,18,False,0,16,24,21,0,28.3,0.0,0.0,5.5,27.0,0.5,25.0,131.0,0.5,56.6,0.0,0.0,11.0,54.0,1.0,50.0,262.0,1.0,28.3,0.0,0.0,5.5,27.0,0.5,25.0,131.0,28.3
118,Breece Hall,NYJ,RB,W 22-16,15.7,Buf,Home,11.0,09-12-23,1,False,0,16,24,3,1,24.099999999999998,0.0,0.0,4.0,24.666666666666668,0.3333333333333333,20.0,129.66666666666666,0.3333333333333333,72.3,0.0,0.0,12.0,74.0,1.0,60.0,389.0,1.0,24.099999999999998,0.0,0.0,4.0,24.666666666666668,0.3333333333333333,20.0,129.66666666666666,24.099999999999998
1372,Breece Hall,NYJ,RB,L 10-30,0.9,Dal,Away,69.0,09-19-23,2,False,0,16,24,8,0,18.3,0.0,0.0,3.0,18.5,0.25,16.0,99.5,0.25,73.2,0.0,0.0,12.0,74.0,1.0,64.0,398.0,1.0,18.3,0.0,0.0,3.0,18.5,0.25,16.0,99.5,18.3
272,Breece Hall,NYJ,RB,L 10-15,3.7,NE,Home,54.0,09-26-23,3,False,0,16,24,21,1,15.38,0.0,0.0,2.6,16.6,0.2,15.2,83.2,0.2,76.9,0.0,0.0,13.0,83.0,1.0,76.0,416.0,1.0,15.38,0.0,0.0,2.6,16.6,0.2,15.2,83.2,15.38
22,Breece Hall,NYJ,RB,L 20-23,9.9,KC,Home,23.0,10-03-23,4,False,0,16,24,15,1,11.84,0.0,0.0,1.4,10.8,0.0,13.8,77.6,0.2,86.8,0.0,0.0,16.0,96.0,1.0,82.0,472.0,1.0,14.466666666666667,0.0,0.0,2.6666666666666665,16.0,0.16666666666666666,13.666666666666666,78.66666666666667,14.466666666666667
330,Breece Hall,NYJ,RB,W 31-21,28.4,Den,Away,3.0,10-10-23,5,False,0,16,24,9,0,11.719999999999999,0.0,0.0,1.6,11.8,0.0,10.8,77.4,0.2,115.2,0.0,0.0,19.0,113.0,1.0,104.0,649.0,2.0,16.45714285714286,0.0,0.0,2.7142857142857144,16.142857142857142,0.14285714285714285,14.857142857142858,92.71428571428571,16.45714285714286
1730,Breece Hall,NYJ,RB,W 20-14,20.3,Phi,Home,4.0,10-17-23,6,False,0,16,24,25,1,12.639999999999999,0.0,0.0,2.4,18.6,0.0,11.2,59.8,0.4,135.5,0.0,0.0,24.0,167.0,1.0,116.0,688.0,3.0,16.9375,0.0,0.0,3.0,20.875,0.125,14.5,86.0,16.9375
1529,Breece Hall,NYJ,RB,W 13-10,21.3,NYG,Away,7.0,10-31-23,8,False,0,16,24,23,0,16.72,0.0,0.0,3.6,33.8,0.2,12.8,61.4,0.4,156.8,0.0,0.0,30.0,243.0,2.0,128.0,705.0,3.0,17.422222222222224,0.0,0.0,3.3333333333333335,27.0,0.2222222222222222,14.222222222222221,78.33333333333333,17.422222222222224
615,Breece Hall,NYJ,RB,L 6-27,10.0,LAC,Home,23.0,11-07-23,9,False,0,16,24,16,1,17.979999999999997,0.0,0.0,4.2,34.0,0.2,13.6,67.8,0.4,166.8,0.0,0.0,34.0,253.0,2.0,144.0,755.0,3.0,16.68,0.0,0.0,3.4,25.3,0.2,14.4,75.5,16.68
921,Breece Hall,NYJ,RB,L 12-16,10.5,LV,Away,27.5,11-14-23,10,False,0,16,24,18,0,18.1,0.0,0.0,4.2,40.8,0.2,15.0,62.2,0.4,177.3,0.0,0.0,37.0,300.0,2.0,157.0,783.0,3.0,16.11818181818182,0.0,0.0,3.3636363636363638,27.272727272727273,0.18181818181818182,14.272727272727273,71.18181818181819,16.11818181818182
430,Breece Hall,NYJ,RB,L 6-32,18.3,Buf,Away,11.0,11-21-23,11,False,0,16,24,3,0,16.080000000000002,0.0,0.0,4.6,47.4,0.4,12.6,31.4,0.2,195.6,0.0,0.0,42.0,350.0,3.0,167.0,806.0,3.0,16.3,0.0,0.0,3.5,29.166666666666668,0.25,13.916666666666666,67.16666666666667,16.3
1011,Breece Hall,NYJ,RB,L 13-34,11.9,Mia,Home,22.5,11-28-23,12,False,0,16,24,19,1,14.4,0.0,0.0,5.0,41.4,0.4,11.6,28.6,0.0,207.5,0.0,0.0,49.0,374.0,3.0,174.0,831.0,3.0,15.961538461538462,0.0,0.0,3.769230769230769,28.76923076923077,0.23076923076923078,13.384615384615385,63.92307692307692,15.961538461538462
533,Breece Hall,NYJ,RB,L 8-13,10.5,Atl,Home,21.0,12-05-23,13,False,0,16,24,1,1,12.24,0.0,0.0,5.0,32.0,0.2,11.8,28.4,0.0,218.0,0.0,0.0,55.0,403.0,3.0,187.0,847.0,3.0,15.571428571428571,0.0,0.0,3.9285714285714284,28.785714285714285,0.21428571428571427,13.357142857142858,60.5,15.571428571428571
687,Breece Hall,NYJ,RB,W 30-6,26.6,Hou,Home,2.0,12-12-23,14,False,0,16,24,12,1,15.560000000000002,0.0,0.0,5.8,47.2,0.4,10.6,26.4,0.0,244.6,0.0,0.0,63.0,489.0,4.0,197.0,887.0,3.0,16.306666666666665,0.0,0.0,4.2,32.6,0.26666666666666666,13.133333333333333,59.13333333333333,16.306666666666665
1473,Breece Hall,NYJ,RB,L 0-30,2.8,Mia,Away,61.0,12-19-23,15,False,0,16,24,19,0,14.020000000000001,0.0,0.0,5.4,39.0,0.4,9.2,23.2,0.0,247.4,0.0,0.0,64.0,495.0,4.0,203.0,899.0,3.0,15.4625,0.0,0.0,4.0,30.9375,0.25,12.6875,56.1875,15.4625
1092,Breece Hall,NYJ,RB,W 30-28,43.1,Wsh,Home,1.0,12-26-23,16,False,0,16,24,31,1,18.98,0.0,0.0,6.8,48.2,0.2,11.2,37.6,0.4,290.5,0.0,0.0,76.0,591.0,4.0,223.0,994.0,5.0,17.08823529411765,0.0,0.0,4.470588235294118,34.76470588235294,0.23529411764705882,13.117647058823529,58.470588235294116,17.08823529411765
1222,Brian Robinson Jr.,Wsh,RB,L 10-27,11.6,SF,Home,24.0,01-02-24,17,False,0,17,31,27,1,11.6,0.0,0.0,4.0,32.0,0.0,9.0,44.0,0.0,11.6,0.0,0.0,4.0,32.0,0.0,9.0,44.0,0.0,11.6,0.0,0.0,4.0,32.0,0.0,9.0,44.0,11.6
814,Brian Robinson Jr.,Wsh,RB,L 10-38,10.5,Dal,Home,27.0,01-09-24,18,False,0,17,31,8,1,11.05,0.0,0.0,3.5,21.0,0.5,9.0,34.5,0.0,22.1,0.0,0.0,7.0,42.0,1.0,18.0,69.0,0.0,11.05,0.0,0.0,3.5,21.0,0.5,9.0,34.5,11.05
122,Brian Robinson Jr.,Wsh,RB,W 20-16,13.6,Ari,Home,15.0,09-12-23,1,False,0,17,31,0,1,11.9,0.0,0.0,2.6666666666666665,16.333333333333332,0.6666666666666666,12.333333333333334,42.666666666666664,0.0,35.7,0.0,0.0,8.0,49.0,2.0,37.0,128.0,0.0,11.9,0.0,0.0,2.6666666666666665,16.333333333333332,0.6666666666666666,12.333333333333334,42.666666666666664,11.9
1304,Brian Robinson Jr.,Wsh,RB,W 35-33,28.9,Den,Away,1.0,09-19-23,2,False,0,17,31,9,0,16.15,0.0,0.0,2.5,22.75,0.5,13.75,53.75,0.5,64.6,0.0,0.0,10.0,91.0,2.0,55.0,215.0,2.0,16.15,0.0,0.0,2.5,22.75,0.5,13.75,53.75,16.15
252,Brian Robinson Jr.,Wsh,RB,L 3-37,7.0,Buf,Home,34.5,09-26-23,3,False,0,17,31,3,1,14.319999999999999,0.0,0.0,2.0,18.2,0.4,13.0,57.0,0.4,71.6,0.0,0.0,10.0,91.0,2.0,65.0,285.0,2.0,14.319999999999999,0.0,0.0,2.0,18.2,0.4,13.0,57.0,14.319999999999999
14,Brian Robinson Jr.,Wsh,RB,L 31-34,13.1,Phi,Away,15.0,10-03-23,4,False,0,17,31,25,0,14.62,0.0,0.0,1.6,13.0,0.4,14.0,57.2,0.6,84.7,0.0,0.0,12.0,97.0,2.0,79.0,330.0,3.0,14.116666666666667,0.0,0.0,2.0,16.166666666666668,0.3333333333333333,13.166666666666666,55.0,14.116666666666667
357,Brian Robinson Jr.,Wsh,RB,L 20-40,8.3,Chi,Home,30.0,10-10-23,5,False,0,17,31,5,1,14.179999999999998,0.0,0.0,1.8,17.6,0.2,13.4,54.2,0.6,93.0,0.0,0.0,16.0,130.0,2.0,85.0,340.0,3.0,13.285714285714286,0.0,0.0,2.2857142857142856,18.571428571428573,0.2857142857142857,12.142857142857142,48.57142857142857,13.285714285714286
1743,Brian Robinson Jr.,Wsh,RB,W 24-16,13.6,Atl,Away,17.0,10-17-23,6,False,0,17,31,1,0,14.180000000000001,0.0,0.0,2.0,21.2,0.2,11.6,48.6,0.6,106.6,0.0,0.0,18.0,155.0,3.0,95.0,371.0,3.0,13.325,0.0,0.0,2.25,19.375,0.375,11.875,46.375,13.325
1661,Brian Robinson Jr.,Wsh,RB,L 7-14,8.3,NYG,Away,27.0,10-24-23,7,False,0,17,31,23,0,10.059999999999999,0.0,0.0,1.6,12.8,0.2,9.6,35.8,0.4,114.9,0.0,0.0,18.0,155.0,3.0,103.0,394.0,4.0,12.766666666666667,0.0,0.0,2.0,17.22222222222222,0.3333333333333333,11.444444444444445,43.77777777777778,12.766666666666667
1547,Brian Robinson Jr.,Wsh,RB,L 31-38,9.9,Phi,Home,25.0,10-31-23,8,False,0,17,31,25,1,10.639999999999999,0.0,0.0,2.0,16.8,0.2,9.6,33.6,0.4,124.8,0.0,0.0,20.0,175.0,3.0,113.0,453.0,4.0,12.48,0.0,0.0,2.0,17.5,0.3,11.3,45.3,12.48
610,Brian Robinson Jr.,Wsh,RB,W 20-17,11.7,NE,Away,18.0,11-07-23,9,False,0,17,31,21,0,10.360000000000001,0.0,0.0,1.8,16.4,0.2,10.4,37.2,0.4,136.5,0.0,0.0,21.0,179.0,3.0,131.0,516.0,5.0,12.409090909090908,0.0,0.0,1.9090909090909092,16.272727272727273,0.2727272727272727,11.909090909090908,46.90909090909091,12.409090909090908
895,Brian Robinson Jr.,Wsh,RB,L 26-29,27.7,Sea,Away,1.0,11-14-23,10,False,0,17,31,28,0,14.239999999999998,0.0,0.0,2.2,33.6,0.4,10.8,42.8,0.4,164.2,0.0,0.0,27.0,298.0,4.0,139.0,554.0,5.0,13.683333333333332,0.0,0.0,2.25,24.833333333333332,0.3333333333333333,11.583333333333334,46.166666666666664,13.683333333333332
426,Brian Robinson Jr.,Wsh,RB,L 19-31,20.1,NYG,Home,7.0,11-21-23,11,False,0,17,31,23,1,15.540000000000001,0.0,0.0,3.2,40.2,0.2,12.2,51.2,0.4,184.3,0.0,0.0,34.0,356.0,4.0,156.0,627.0,5.0,14.176923076923078,0.0,0.0,2.6153846153846154,27.384615384615383,0.3076923076923077,12.0,48.23076923076923,14.176923076923078
1023,Brian Robinson Jr.,Wsh,RB,L 10-45,8.4,Dal,Away,34.0,11-28-23,12,False,0,17,31,8,0,15.560000000000002,0.0,0.0,3.6,42.4,0.2,13.6,57.2,0.2,192.7,0.0,0.0,36.0,367.0,4.0,171.0,680.0,5.0,13.764285714285714,0.0,0.0,2.5714285714285716,26.214285714285715,0.2857142857142857,12.214285714285714,48.57142857142857,13.764285714285714
544,Brian Robinson Jr.,Wsh,RB,L 15-45,5.3,Mia,Home,32.0,12-05-23,13,False,0,17,31,19,1,14.64,0.0,0.0,3.2,38.4,0.2,13.0,56.0,0.2,198.0,0.0,0.0,36.0,367.0,4.0,178.0,733.0,5.0,13.2,0.0,0.0,2.4,24.466666666666665,0.26666666666666666,11.866666666666667,48.86666666666667,13.2
1292,C.J. Ham,Min,RB,L 10-33,0.0,GB,Home,92.5,01-02-24,17,False,0,18,20,11,1,0.0,0.0,0.0,0.0,0.0,0.0,0.0,0.0,0.0,0.0,0.0,0.0,0.0,0.0,0.0,0.0,0.0,0.0,0.0,0.0,0.0,0.0,0.0,0.0,0.0,0.0,0.0
870,C.J. Ham,Min,RB,L 20-30,0.0,Det,Away,88.5,01-09-24,18,False,0,18,20,10,0,0.0,0.0,0.0,0.0,0.0,0.0,0.0,0.0,0.0,0.0,0.0,0.0,0.0,0.0,0.0,0.0,0.0,0.0,0.0,0.0,0.0,0.0,0.0,0.0,0.0,0.0,0.0
167,C.J. Ham,Min,RB,L 17-20,2.7,TB,Home,59.5,09-12-23,1,False,0,18,20,29,1,0.9,0.0,0.0,0.6666666666666666,2.3333333333333335,0.0,0.0,0.0,0.0,2.7,0.0,0.0,2.0,7.0,0.0,0.0,0.0,0.0,0.9,0.0,0.0,0.6666666666666666,2.3333333333333335,0.0,0.0,0.0,0.9
1396,C.J. Ham,Min,RB,L 28-34,0.0,Phi,Away,96.0,09-19-23,2,False,0,18,20,25,0,0.675,0.0,0.0,0.5,1.75,0.0,0.0,0.0,0.0,2.7,0.0,0.0,2.0,7.0,0.0,0.0,0.0,0.0,0.675,0.0,0.0,0.5,1.75,0.0,0.0,0.0,0.675
287,C.J. Ham,Min,RB,L 24-28,1.7,LAC,Home,69.0,09-26-23,3,False,0,18,20,16,1,0.8800000000000001,0.0,0.0,0.6,2.8,0.0,0.0,0.0,0.0,4.4,0.0,0.0,3.0,14.0,0.0,0.0,0.0,0.0,0.8800000000000001,0.0,0.0,0.6,2.8,0.0,0.0,0.0,0.8800000000000001
93,C.J. Ham,Min,RB,W 21-13,0.0,Car,Away,93.5,10-03-23,4,False,0,18,20,4,0,0.8800000000000001,0.0,0.0,0.6,2.8,0.0,0.0,0.0,0.0,4.4,0.0,0.0,3.0,14.0,0.0,0.0,0.0,0.0,0.7333333333333334,0.0,0.0,0.5,2.3333333333333335,0.0,0.0,0.0,0.7333333333333334
407,C.J. Ham,Min,RB,L 20-27,0.0,KC,Home,81.0,10-10-23,5,False,0,18,20,15,1,0.8800000000000001,0.0,0.0,0.6,2.8,0.0,0.0,0.0,0.0,4.4,0.0,0.0,3.0,14.0,0.0,0.0,0.0,0.0,0.6285714285714287,0.0,0.0,0.42857142857142855,2.0,0.0,0.0,0.0,0.6285714285714287
1818,C.J. Ham,Min,RB,W 19-13,0.0,Chi,Away,93.0,10-17-23,6,False,0,18,20,5,0,0.33999999999999997,0.0,0.0,0.2,1.4,0.0,0.0,0.0,0.0,4.4,0.0,0.0,3.0,14.0,0.0,0.0,0.0,0.0,0.55,0.0,0.0,0.375,1.75,0.0,0.0,0.0,0.55
1713,C.J. Ham,Min,RB,W 22-17,0.0,SF,Home,76.0,10-24-23,7,False,0,18,20,27,1,0.33999999999999997,0.0,0.0,0.2,1.4,0.0,0.0,0.0,0.0,4.4,0.0,0.0,3.0,14.0,0.0,0.0,0.0,0.0,0.48888888888888893,0.0,0.0,0.3333333333333333,1.5555555555555556,0.0,0.0,0.0,0.48888888888888893
1594,C.J. Ham,Min,RB,W 24-10,1.2,GB,Away,72.0,10-31-23,8,False,0,18,20,11,0,0.24,0.0,0.0,0.2,0.4,0.0,0.0,0.0,0.0,5.6,0.0,0.0,4.0,16.0,0.0,0.0,0.0,0.0,0.5599999999999999,0.0,0.0,0.4,1.6,0.0,0.0,0.0,0.5599999999999999
672,C.J. Ham,Min,RB,W 31-28,0.0,Atl,Away,82.5,11-07-23,9,False,0,18,20,1,0,0.24,0.0,0.0,0.2,0.4,0.0,0.0,0.0,0.0,5.6,0.0,0.0,4.0,16.0,0.0,0.0,0.0,0.0,0.509090909090909,0.0,0.0,0.36363636363636365,1.4545454545454546,0.0,0.0,0.0,0.509090909090909
978,C.J. Ham,Min,RB,W 27-19,0.0,NO,Home,83.0,11-14-23,10,False,0,18,20,22,1,0.24,0.0,0.0,0.2,0.4,0.0,0.0,0.0,0.0,5.6,0.0,0.0,4.0,16.0,0.0,0.0,0.0,0.0,0.4666666666666666,0.0,0.0,0.3333333333333333,1.3333333333333333,0.0,0.0,0.0,0.4666666666666666
499,C.J. Ham,Min,RB,L 20-21,0.0,Den,Away,80.0,11-21-23,11,False,0,18,20,9,0,0.24,0.0,0.0,0.2,0.4,0.0,0.0,0.0,0.0,5.6,0.0,0.0,4.0,16.0,0.0,0.0,0.0,0.0,0.43076923076923074,0.0,0.0,0.3076923076923077,1.2307692307692308,0.0,0.0,0.0,0.43076923076923074
1049,C.J. Ham,Min,RB,L 10-12,2.3,Chi,Home,59.5,11-28-23,12,False,0,18,20,5,1,0.7,0.0,0.0,0.6,1.0,0.0,0.0,0.0,0.0,7.9,0.0,0.0,6.0,19.0,0.0,0.0,0.0,0.0,0.5642857142857143,0.0,0.0,0.42857142857142855,1.3571428571428572,0.0,0.0,0.0,0.5642857142857143
757,C.J. Ham,Min,RB,W 3-0,0.7,LV,Away,72.0,12-12-23,14,False,0,18,20,18,0,0.6,0.0,0.0,0.4,0.6,0.0,0.2,1.4,0.0,8.6,0.0,0.0,6.0,19.0,0.0,1.0,7.0,0.0,0.5733333333333334,0.0,0.0,0.4,1.2666666666666666,0.0,0.06666666666666667,0.4666666666666667,0.5733333333333334
1504,C.J. Ham,Min,RB,L 24-27,0.0,Cin,Away,94.0,12-19-23,15,False,0,18,20,6,0,0.6,0.0,0.0,0.4,0.6,0.0,0.2,1.4,0.0,8.6,0.0,0.0,6.0,19.0,0.0,1.0,7.0,0.0,0.5375,0.0,0.0,0.375,1.1875,0.0,0.0625,0.4375,0.5375
1158,C.J. Ham,Min,RB,L 24-30,1.6,Det,Home,67.0,12-26-23,16,False,0,18,20,10,1,0.9199999999999999,0.0,0.0,0.6,1.8,0.0,0.2,1.4,0.0,10.2,0.0,0.0,7.0,25.0,0.0,1.0,7.0,0.0,0.6,0.0,0.0,0.4117647058823529,1.4705882352941178,0.0,0.058823529411764705,0.4117647058823529,0.6
141,Cam Akers,Min,RB,L 17-20,8.9,TB,Home,34.0,09-12-23,1,False,0,19,20,29,1,8.9,0.0,0.0,0.0,0.0,0.0,22.0,29.0,1.0,8.9,0.0,0.0,0.0,0.0,0.0,22.0,29.0,1.0,8.9,0.0,0.0,0.0,0.0,0.0,22.0,29.0,8.9
33,Cam Akers,Min,RB,W 21-13,7.1,Car,Away,34.0,10-03-23,4,False,0,19,20,4,0,8.0,0.0,0.0,1.0,5.5,0.0,13.5,34.5,0.5,16.0,0.0,0.0,2.0,11.0,0.0,27.0,69.0,1.0,8.0,0.0,0.0,1.0,5.5,0.0,13.5,34.5,8.0
371,Cam Akers,Min,RB,L 20-27,3.8,KC,Home,43.5,10-10-23,5,False,0,19,20,15,1,6.6000000000000005,0.0,0.0,1.3333333333333333,4.666666666666667,0.0,10.666666666666666,28.0,0.3333333333333333,19.8,0.0,0.0,4.0,14.0,0.0,32.0,84.0,1.0,6.6000000000000005,0.0,0.0,1.3333333333333333,4.666666666666667,0.0,10.666666666666666,28.0,6.6000000000000005
1781,Cam Akers,Min,RB,W 19-13,2.5,Chi,Away,55.0,10-17-23,6,False,0,19,20,5,0,5.575,0.0,0.0,1.25,5.25,0.0,8.25,23.0,0.25,22.3,0.0,0.0,5.0,21.0,0.0,33.0,92.0,1.0,5.575,0.0,0.0,1.25,5.25,0.0,8.25,23.0,5.575
1662,Cam Akers,Min,RB,W 22-17,8.1,SF,Home,28.0,10-24-23,7,False,0,19,20,27,1,6.08,0.0,0.0,1.4,10.2,0.0,8.6,24.6,0.2,30.4,0.0,0.0,7.0,51.0,0.0,43.0,123.0,1.0,6.08,0.0,0.0,1.4,10.2,0.0,8.6,24.6,6.08
1548,Cam Akers,Min,RB,W 24-10,9.5,GB,Away,26.5,10-31-23,8,False,0,19,20,11,0,6.2,0.0,0.0,1.6,11.4,0.0,6.0,22.6,0.2,39.9,0.0,0.0,8.0,57.0,0.0,52.0,142.0,2.0,6.6499999999999995,0.0,0.0,1.3333333333333333,9.5,0.0,8.666666666666666,23.666666666666668,6.6499999999999995
625,Cam Akers,Min,RB,W 31-28,6.8,Atl,Away,32.5,11-07-23,9,False,0,19,20,1,0,6.14,0.0,0.0,1.8,11.8,0.0,6.6,19.6,0.2,46.699999999999996,0.0,0.0,11.0,70.0,0.0,60.0,167.0,2.0,6.671428571428571,0.0,0.0,1.5714285714285714,10.0,0.0,8.571428571428571,23.857142857142858,6.671428571428571
1253,Chase Brown,Cin,RB,L 17-25,4.8,KC,Away,54.0,01-02-24,17,False,0,20,6,15,0,4.8,0.0,0.0,2.0,23.0,0.0,3.0,5.0,0.0,4.8,0.0,0.0,2.0,23.0,0.0,3.0,5.0,0.0,4.8,0.0,0.0,2.0,23.0,0.0,3.0,5.0,4.8
825,Chase Brown,Cin,RB,W 31-14,6.3,Cle,Home,38.0,01-09-24,18,False,0,20,6,7,1,5.55,0.0,0.0,1.5,16.5,0.0,7.0,24.0,0.0,11.1,0.0,0.0,3.0,33.0,0.0,14.0,48.0,0.0,5.55,0.0,0.0,1.5,16.5,0.0,7.0,24.0,5.55
1383,Chase Brown,Cin,RB,L 24-27,0.2,Bal,Home,79.5,09-19-23,2,False,0,20,6,2,1,3.766666666666666,0.0,0.0,1.0,11.0,0.0,5.0,16.666666666666668,0.0,11.299999999999999,0.0,0.0,3.0,33.0,0.0,15.0,50.0,0.0,3.766666666666666,0.0,0.0,1.0,11.0,0.0,5.0,16.666666666666668,3.766666666666666
305,Chase Brown,Cin,RB,W 19-16,0.0,LAR,Home,95.5,09-26-23,3,False,0,20,6,17,1,2.8249999999999997,0.0,0.0,0.75,8.25,0.0,3.75,12.5,0.0,11.299999999999999,0.0,0.0,3.0,33.0,0.0,15.0,50.0,0.0,2.8249999999999997,0.0,0.0,0.75,8.25,0.0,3.75,12.5,2.8249999999999997
76,Chase Brown,Cin,RB,L 3-27,0.7,Ten,Away,76.0,10-03-23,4,False,0,20,6,30,0,2.4,0.0,0.0,0.8,6.0,0.0,3.0,10.0,0.0,12.0,0.0,0.0,4.0,30.0,0.0,15.0,50.0,0.0,2.4,0.0,0.0,0.8,6.0,0.0,3.0,10.0,2.4
392,Chase Brown,Cin,RB,W 34-20,1.2,Ari,Away,64.5,10-10-23,5,False,0,20,6,0,0,1.6800000000000002,0.0,0.0,0.6,1.8,0.0,2.4,9.0,0.0,13.2,0.0,0.0,5.0,32.0,0.0,15.0,50.0,0.0,2.1999999999999997,0.0,0.0,0.8333333333333334,5.333333333333333,0.0,2.5,8.333333333333334,2.1999999999999997
1788,Chase Brown,Cin,RB,W 17-13,2.2,Sea,Home,61.5,10-17-23,6,False,0,20,6,28,1,0.86,0.0,0.0,0.6,1.4,0.0,0.4,1.2,0.0,15.399999999999999,0.0,0.0,6.0,40.0,0.0,16.0,54.0,0.0,2.1999999999999997,0.0,0.0,0.8571428571428571,5.714285714285714,0.0,2.2857142857142856,7.714285714285714,2.1999999999999997
1074,Chase Brown,Cin,RB,L 10-16,0.0,Pit,Home,90.0,11-28-23,12,False,0,20,6,26,1,0.82,0.0,0.0,0.6,1.4,0.0,0.2,0.8,0.0,15.399999999999999,0.0,0.0,6.0,40.0,0.0,16.0,54.0,0.0,1.9249999999999998,0.0,0.0,0.75,5.0,0.0,2.0,6.75,1.9249999999999998
542,Chase Brown,Cin,RB,W 34-31,6.1,Jax,Away,30.0,12-05-23,13,False,0,20,6,14,0,2.04,0.0,0.0,0.6,1.4,0.0,2.0,13.0,0.0,21.5,0.0,0.0,6.0,40.0,0.0,25.0,115.0,0.0,2.388888888888889,0.0,0.0,0.6666666666666666,4.444444444444445,0.0,2.7777777777777777,12.777777777777779,2.388888888888889
695,Chase Brown,Cin,RB,W 34-14,19.5,Ind,Home,10.0,12-12-23,14,False,0,20,6,13,1,5.8,0.0,0.0,1.0,18.0,0.2,3.6,18.0,0.0,41.0,0.0,0.0,9.0,120.0,1.0,33.0,140.0,0.0,4.1,0.0,0.0,0.9,12.0,0.1,3.3,14.0,4.1
1446,Chase Brown,Cin,RB,W 27-24,8.1,Min,Home,34.0,12-19-23,15,False,0,20,6,20,1,7.18,0.0,0.0,1.4,23.2,0.2,5.0,22.6,0.0,49.1,0.0,0.0,12.0,148.0,1.0,40.0,163.0,0.0,4.463636363636364,0.0,0.0,1.0909090909090908,13.454545454545455,0.09090909090909091,3.6363636363636362,14.818181818181818,4.463636363636364
1141,Chase Brown,Cin,RB,L 11-34,4.4,Pit,Away,50.0,12-26-23,16,False,0,20,6,26,0,7.619999999999999,0.0,0.0,1.6,23.2,0.2,5.6,25.0,0.0,53.5,0.0,0.0,14.0,156.0,1.0,44.0,179.0,0.0,4.458333333333333,0.0,0.0,1.1666666666666667,13.0,0.08333333333333333,3.6666666666666665,14.916666666666666,4.458333333333333
1229,Chase Edmonds,TB,RB,L 13-23,10.6,NO,Home,30.0,01-02-24,17,False,0,21,29,22,1,10.6,0.0,0.0,5.0,40.0,0.0,3.0,16.0,0.0,10.6,0.0,0.0,5.0,40.0,0.0,3.0,16.0,0.0,10.6,0.0,0.0,5.0,40.0,0.0,3.0,16.0,10.6
836,Chase Edmonds,TB,RB,W 9-0,3.4,Car,Away,49.0,01-09-24,18,False,0,21,29,4,0,7.0,0.0,0.0,3.0,18.5,0.0,3.5,21.5,0.0,14.0,0.0,0.0,6.0,37.0,0.0,7.0,43.0,0.0,7.0,0.0,0.0,3.0,18.5,0.0,3.5,21.5,7.0
185,Chase Edmonds,TB,RB,W 20-17,0.8,Min,Away,77.5,09-12-23,1,False,0,21,29,20,0,4.933333333333333,0.0,0.0,2.0,12.333333333333334,0.0,3.0,17.0,0.0,14.799999999999999,0.0,0.0,6.0,37.0,0.0,9.0,51.0,0.0,4.933333333333333,0.0,0.0,2.0,12.333333333333334,0.0,3.0,17.0,4.933333333333333
1371,Chase Edmonds,TB,RB,W 27-17,1.2,Chi,Home,68.0,09-19-23,2,False,0,21,29,5,1,4.0,0.0,0.0,1.5,9.25,0.0,2.75,15.75,0.0,16.0,0.0,0.0,6.0,37.0,0.0,11.0,63.0,0.0,4.0,0.0,0.0,1.5,9.25,0.0,2.75,15.75,4.0
1579,Chase Edmonds,TB,RB,L 18-24,4.1,Buf,Away,56.5,10-31-23,8,False,0,21,29,3,0,4.0200000000000005,0.0,0.0,1.6,10.6,0.0,2.8,13.6,0.0,20.1,0.0,0.0,8.0,53.0,0.0,14.0,68.0,0.0,4.0200000000000005,0.0,0.0,1.6,10.6,0.0,2.8,13.6,4.0200000000000005
662,Chase Edmonds,TB,RB,L 37-39,0.4,Hou,Away,70.0,11-07-23,9,False,0,21,29,12,0,1.98,0.0,0.0,0.8,2.4,0.0,2.8,9.4,0.0,20.5,0.0,0.0,9.0,52.0,0.0,17.0,63.0,0.0,3.4166666666666665,0.0,0.0,1.5,8.666666666666666,0.0,2.8333333333333335,10.5,3.4166666666666665
950,Chase Edmonds,TB,RB,W 20-6,1.7,Ten,Home,56.0,11-14-23,10,False,0,21,29,30,1,1.64,0.0,0.0,0.8,2.6,0.0,2.8,5.8,0.0,22.2,0.0,0.0,10.0,50.0,0.0,21.0,72.0,0.0,3.1714285714285713,0.0,0.0,1.4285714285714286,7.142857142857143,0.0,3.0,10.285714285714286,3.1714285714285713
469,Chase Edmonds,TB,RB,L 14-27,2.9,SF,Away,50.0,11-21-23,11,False,0,21,29,27,0,2.06,0.0,0.0,1.0,4.8,0.0,3.2,5.8,0.0,25.1,0.0,0.0,11.0,61.0,0.0,25.0,80.0,0.0,3.1375,0.0,0.0,1.375,7.625,0.0,3.125,10.0,3.1375
1060,Chase Edmonds,TB,RB,L 20-27,1.1,Ind,Away,71.5,11-28-23,12,False,0,21,29,13,0,2.04,0.0,0.0,1.0,4.8,0.0,3.0,5.6,0.0,26.2,0.0,0.0,11.0,61.0,0.0,26.0,91.0,0.0,2.911111111111111,0.0,0.0,1.2222222222222223,6.777777777777778,0.0,2.888888888888889,10.11111111111111,2.911111111111111
565,Chase Edmonds,TB,RB,W 21-18,1.9,Car,Home,53.5,12-05-23,13,False,0,21,29,4,1,1.6,0.0,0.0,0.8,2.0,0.0,2.8,6.0,0.0,28.1,0.0,0.0,12.0,63.0,0.0,28.0,98.0,0.0,2.81,0.0,0.0,1.2,6.3,0.0,2.8,9.8,2.81
722,Chase Edmonds,TB,RB,W 29-25,7.8,Atl,Away,36.5,12-12-23,14,False,0,21,29,1,0,3.08,0.0,0.0,1.0,5.8,0.0,3.8,15.0,0.0,35.9,0.0,0.0,14.0,81.0,0.0,36.0,138.0,0.0,3.2636363636363637,0.0,0.0,1.2727272727272727,7.363636363636363,0.0,3.272727272727273,12.545454545454545,3.2636363636363637
1486,Chase Edmonds,TB,RB,W 34-20,1.3,GB,Away,73.5,12-19-23,15,False,0,21,29,11,0,3.0000000000000004,0.0,0.0,0.8,6.2,0.0,3.6,15.8,0.0,37.2,0.0,0.0,14.0,81.0,0.0,39.0,151.0,0.0,3.1,0.0,0.0,1.1666666666666667,6.75,0.0,3.25,12.583333333333334,3.1
1147,Chase Edmonds,TB,RB,W 30-12,2.5,Jax,Home,56.0,12-26-23,16,False,0,21,29,14,1,2.9200000000000004,0.0,0.0,0.6,4.0,0.0,4.8,19.2,0.0,39.7,0.0,0.0,14.0,81.0,0.0,49.0,176.0,0.0,3.053846153846154,0.0,0.0,1.0769230769230769,6.230769230769231,0.0,3.769230769230769,13.538461538461538,3.053846153846154
1272,Chris Brooks,Mia,RB,L 19-56,1.2,Bal,Away,73.0,01-02-24,17,False,0,22,19,2,0,1.2,0.0,0.0,0.0,0.0,0.0,4.0,12.0,0.0,1.2,0.0,0.0,0.0,0.0,0.0,4.0,12.0,0.0,1.2,0.0,0.0,0.0,0.0,0.0,4.0,12.0,1.2
874,Chris Brooks,Mia,RB,L 14-21,0.0,Buf,Home,88.5,01-09-24,18,False,0,22,19,3,1,0.6,0.0,0.0,0.0,0.0,0.0,2.0,6.0,0.0,1.2,0.0,0.0,0.0,0.0,0.0,4.0,12.0,0.0,0.6,0.0,0.0,0.0,0.0,0.0,2.0,6.0,0.6
207,Chris Brooks,Mia,RB,W 36-34,0.0,LAC,Away,96.0,09-12-23,1,False,0,22,19,16,0,0.39999999999999997,0.0,0.0,0.0,0.0,0.0,1.3333333333333333,4.0,0.0,1.2,0.0,0.0,0.0,0.0,0.0,4.0,12.0,0.0,0.39999999999999997,0.0,0.0,0.0,0.0,0.0,1.3333333333333333,4.0,0.39999999999999997
1401,Chris Brooks,Mia,RB,W 24-17,0.0,NE,Away,96.0,09-19-23,2,False,0,22,19,21,0,0.3,0.0,0.0,0.0,0.0,0.0,1.0,3.0,0.0,1.2,0.0,0.0,0.0,0.0,0.0,4.0,12.0,0.0,0.3,0.0,0.0,0.0,0.0,0.0,1.0,3.0,0.3
255,Chris Brooks,Mia,RB,W 70-20,6.6,Den,Home,37.0,09-26-23,3,False,0,22,19,9,1,1.56,0.0,0.0,0.0,0.0,0.0,2.6,15.6,0.0,7.8,0.0,0.0,0.0,0.0,0.0,13.0,78.0,0.0,1.56,0.0,0.0,0.0,0.0,0.0,2.6,15.6,1.56
97,Chris Brooks,Mia,RB,L 20-48,0.0,Buf,Away,93.5,10-03-23,4,False,0,22,19,3,0,1.3199999999999998,0.0,0.0,0.0,0.0,0.0,1.8,13.2,0.0,7.8,0.0,0.0,0.0,0.0,0.0,13.0,78.0,0.0,1.3,0.0,0.0,0.0,0.0,0.0,2.1666666666666665,13.0,1.3
414,Chris Brooks,Mia,RB,W 31-16,0.0,NYG,Home,81.0,10-10-23,5,False,0,22,19,23,1,1.3199999999999998,0.0,0.0,0.0,0.0,0.0,1.8,13.2,0.0,7.8,0.0,0.0,0.0,0.0,0.0,13.0,78.0,0.0,1.1142857142857143,0.0,0.0,0.0,0.0,0.0,1.8571428571428572,11.142857142857142,1.1142857142857143
1776,Chris Brooks,Mia,RB,W 42-21,2.8,Car,Home,50.0,10-17-23,6,False,0,22,19,4,1,1.8799999999999997,0.0,0.0,0.0,0.0,0.0,3.0,18.8,0.0,10.6,0.0,0.0,0.0,0.0,0.0,19.0,106.0,0.0,1.325,0.0,0.0,0.0,0.0,0.0,2.375,13.25,1.325
1184,Chris Brooks,Mia,RB,W 22-20,0.0,Dal,Home,92.0,12-26-23,16,False,0,22,19,8,1,1.8799999999999997,0.0,0.0,0.0,0.0,0.0,3.0,18.8,0.0,10.6,0.0,0.0,0.0,0.0,0.0,19.0,106.0,0.0,1.1777777777777778,0.0,0.0,0.0,0.0,0.0,2.111111111111111,11.777777777777779,1.1777777777777778
170,Chris Evans,Cin,RB,L 3-24,2.1,Cle,Away,63.0,09-12-23,1,False,0,23,6,7,0,2.1,0.0,0.0,1.0,-1.0,0.0,2.0,12.0,0.0,2.1,0.0,0.0,1.0,-1.0,0.0,2.0,12.0,0.0,2.1,0.0,0.0,1.0,-1.0,0.0,2.0,12.0,2.1
88,Chris Evans,Cin,RB,L 3-27,0.0,Ten,Away,93.5,10-03-23,4,False,0,23,6,30,0,1.05,0.0,0.0,0.5,-0.5,0.0,1.0,6.0,0.0,2.1,0.0,0.0,1.0,-1.0,0.0,2.0,12.0,0.0,1.05,0.0,0.0,0.5,-0.5,0.0,1.0,6.0,1.05
400,Chris Evans,Cin,RB,W 34-20,0.0,Ari,Away,81.0,10-10-23,5,False,0,23,6,0,0,0.7000000000000001,0.0,0.0,0.3333333333333333,-0.3333333333333333,0.0,0.6666666666666666,4.0,0.0,2.1,0.0,0.0,1.0,-1.0,0.0,2.0,12.0,0.0,0.7000000000000001,0.0,0.0,0.3333333333333333,-0.3333333333333333,0.0,0.6666666666666666,4.0,0.7000000000000001
1815,Chris Evans,Cin,RB,W 17-13,0.0,Sea,Home,93.0,10-17-23,6,False,0,23,6,28,1,0.525,0.0,0.0,0.25,-0.25,0.0,0.5,3.0,0.0,2.1,0.0,0.0,1.0,-1.0,0.0,2.0,12.0,0.0,0.525,0.0,0.0,0.25,-0.25,0.0,0.5,3.0,0.525
1614,Chris Evans,Cin,RB,W 31-17,0.0,SF,Away,97.0,10-31-23,8,False,0,23,6,27,0,0.42000000000000004,0.0,0.0,0.2,-0.2,0.0,0.4,2.4,0.0,2.1,0.0,0.0,1.0,-1.0,0.0,2.0,12.0,0.0,0.42000000000000004,0.0,0.0,0.2,-0.2,0.0,0.4,2.4,0.42000000000000004
669,Chris Evans,Cin,RB,W 24-18,0.0,Buf,Home,82.5,11-07-23,9,False,0,23,6,3,1,0.0,0.0,0.0,0.0,0.0,0.0,0.0,0.0,0.0,2.1,0.0,0.0,1.0,-1.0,0.0,2.0,12.0,0.0,0.35000000000000003,0.0,0.0,0.16666666666666666,-0.16666666666666666,0.0,0.3333333333333333,2.0,0.35000000000000003
972,Chris Evans,Cin,RB,L 27-30,0.0,Hou,Home,83.0,11-14-23,10,False,0,23,6,12,1,0.0,0.0,0.0,0.0,0.0,0.0,0.0,0.0,0.0,2.1,0.0,0.0,1.0,-1.0,0.0,2.0,12.0,0.0,0.3,0.0,0.0,0.14285714285714285,-0.14285714285714285,0.0,0.2857142857142857,1.7142857142857142,0.3
495,Chris Evans,Cin,RB,L 20-34,0.0,Bal,Away,80.0,11-21-23,11,False,0,23,6,2,0,0.0,0.0,0.0,0.0,0.0,0.0,0.0,0.0,0.0,2.1,0.0,0.0,1.0,-1.0,0.0,2.0,12.0,0.0,0.2625,0.0,0.0,0.125,-0.125,0.0,0.25,1.5,0.2625
187,Chris Rodriguez Jr.,Wsh,RB,W 20-16,0.7,Ari,Home,79.5,09-12-23,1,False,0,24,31,0,1,0.7,0.0,0.0,0.0,0.0,0.0,3.0,7.0,0.0,0.7,0.0,0.0,0.0,0.0,0.0,3.0,7.0,0.0,0.7,0.0,0.0,0.0,0.0,0.0,3.0,7.0,0.7
1392,Chris Rodriguez Jr.,Wsh,RB,W 35-33,0.0,Den,Away,96.0,09-19-23,2,False,0,24,31,9,0,0.35,0.0,0.0,0.0,0.0,0.0,1.5,3.5,0.0,0.7,0.0,0.0,0.0,0.0,0.0,3.0,7.0,0.0,0.35,0.0,0.0,0.0,0.0,0.0,1.5,3.5,0.35
308,Chris Rodriguez Jr.,Wsh,RB,L 3-37,0.0,Buf,Home,95.5,09-26-23,3,False,0,24,31,3,1,0.2333333333333333,0.0,0.0,0.0,0.0,0.0,1.0,2.3333333333333335,0.0,0.7,0.0,0.0,0.0,0.0,0.0,3.0,7.0,0.0,0.2333333333333333,0.0,0.0,0.0,0.0,0.0,1.0,2.3333333333333335,0.2333333333333333
1783,Chris Rodriguez Jr.,Wsh,RB,W 24-16,2.3,Atl,Away,58.5,10-17-23,6,False,0,24,31,1,0,0.75,0.0,0.0,0.0,0.0,0.0,1.75,7.5,0.0,3.0,0.0,0.0,0.0,0.0,0.0,7.0,30.0,0.0,0.75,0.0,0.0,0.0,0.0,0.0,1.75,7.5,0.75
1682,Chris Rodriguez Jr.,Wsh,RB,L 7-14,3.1,NYG,Away,48.0,10-24-23,7,False,0,24,31,23,0,1.22,0.0,0.0,0.0,0.0,0.0,2.8,12.2,0.0,6.1,0.0,0.0,0.0,0.0,0.0,14.0,61.0,0.0,1.22,0.0,0.0,0.0,0.0,0.0,2.8,12.2,1.22
1612,Chris Rodriguez Jr.,Wsh,RB,L 31-38,0.0,Phi,Home,97.0,10-31-23,8,False,0,24,31,25,1,1.08,0.0,0.0,0.0,0.0,0.0,2.2,10.8,0.0,6.1,0.0,0.0,0.0,0.0,0.0,14.0,61.0,0.0,1.0166666666666666,0.0,0.0,0.0,0.0,0.0,2.3333333333333335,10.166666666666666,1.0166666666666666
670,Chris Rodriguez Jr.,Wsh,RB,W 20-17,0.0,NE,Away,82.5,11-07-23,9,False,0,24,31,21,0,1.08,0.0,0.0,0.0,0.0,0.0,2.2,10.8,0.0,6.1,0.0,0.0,0.0,0.0,0.0,14.0,61.0,0.0,0.8714285714285713,0.0,0.0,0.0,0.0,0.0,2.0,8.714285714285714,0.8714285714285713
973,Chris Rodriguez Jr.,Wsh,RB,L 26-29,0.0,Sea,Away,83.0,11-14-23,10,False,0,24,31,28,0,1.08,0.0,0.0,0.0,0.0,0.0,2.2,10.8,0.0,6.1,0.0,0.0,0.0,0.0,0.0,14.0,61.0,0.0,0.7625,0.0,0.0,0.0,0.0,0.0,1.75,7.625,0.7625
463,Chris Rodriguez Jr.,Wsh,RB,L 19-31,3.8,NYG,Home,44.0,11-21-23,11,False,0,24,31,23,1,1.3800000000000001,0.0,0.0,0.2,1.0,0.0,2.6,14.8,0.0,9.9,0.0,0.0,1.0,5.0,0.0,20.0,104.0,0.0,1.1,0.0,0.0,0.1111111111111111,0.5555555555555556,0.0,2.2222222222222223,11.555555555555555,1.1
1052,Chris Rodriguez Jr.,Wsh,RB,L 10-45,2.1,Dal,Away,62.5,11-28-23,12,False,0,24,31,8,0,1.1800000000000002,0.0,0.0,0.2,1.0,0.0,2.0,12.8,0.0,12.0,0.0,0.0,1.0,5.0,0.0,24.0,125.0,0.0,1.2,0.0,0.0,0.1,0.5,0.0,2.4,12.5,1.2
555,Chris Rodriguez Jr.,Wsh,RB,L 15-45,2.9,Mia,Home,43.0,12-05-23,13,False,0,24,31,19,1,1.7600000000000002,0.0,0.0,0.2,1.0,0.0,3.4,18.6,0.0,14.9,0.0,0.0,1.0,5.0,0.0,31.0,154.0,0.0,1.3545454545454545,0.0,0.0,0.09090909090909091,0.45454545454545453,0.0,2.8181818181818183,14.0,1.3545454545454545
1468,Chris Rodriguez Jr.,Wsh,RB,L 20-28,3.5,LAR,Away,56.0,12-19-23,15,False,0,24,31,17,0,2.46,0.0,0.0,0.2,1.0,0.0,5.4,25.6,0.0,18.4,0.0,0.0,1.0,5.0,0.0,41.0,189.0,0.0,1.5333333333333332,0.0,0.0,0.08333333333333333,0.4166666666666667,0.0,3.4166666666666665,15.75,1.5333333333333332
1099,Chris Rodriguez Jr.,Wsh,RB,L 28-30,19.5,NYJ,Away,8.0,12-26-23,16,False,0,24,31,24,0,6.36,0.0,0.0,0.4,2.4,0.0,7.4,37.2,0.4,37.9,0.0,0.0,2.0,12.0,0.0,51.0,247.0,2.0,2.9153846153846152,0.0,0.0,0.15384615384615385,0.9230769230769231,0.0,3.923076923076923,19.0,2.9153846153846152
1220,Christian McCaffrey,SF,RB,W 27-10,13.1,Wsh,Away,21.0,01-02-24,17,False,0,25,27,31,0,13.1,0.0,0.0,4.0,27.0,0.0,14.0,64.0,0.0,13.1,0.0,0.0,4.0,27.0,0.0,14.0,64.0,0.0,13.1,0.0,0.0,4.0,27.0,0.0,14.0,64.0,13.1
110,Christian McCaffrey,SF,RB,W 30-7,25.9,Pit,Away,3.0,09-12-23,1,False,0,25,27,26,0,19.5,0.0,0.0,3.5,22.0,0.0,18.0,108.0,0.5,39.0,0.0,0.0,7.0,44.0,0.0,36.0,216.0,1.0,19.5,0.0,0.0,3.5,22.0,0.0,18.0,108.0,19.5
1310,Christian McCaffrey,SF,RB,W 30-23,22.5,LAR,Away,7.0,09-19-23,2,False,0,25,27,17,0,20.5,0.0,0.0,3.3333333333333335,21.0,0.0,18.666666666666668,110.66666666666667,0.6666666666666666,61.5,0.0,0.0,10.0,63.0,0.0,56.0,332.0,2.0,20.5,0.0,0.0,3.3333333333333335,21.0,0.0,18.666666666666668,110.66666666666667,20.5
222,Christian McCaffrey,SF,RB,W 30-12,22.9,NYG,Home,4.0,09-26-23,3,False,0,25,27,23,1,21.1,0.0,0.0,3.75,24.25,0.0,18.5,104.25,0.75,84.4,0.0,0.0,15.0,97.0,0.0,74.0,417.0,3.0,21.1,0.0,0.0,3.75,24.25,0.0,18.5,104.25,21.1
0,Christian McCaffrey,SF,RB,W 35-16,48.7,Ari,Home,1.0,10-03-23,4,False,0,25,27,0,1,26.619999999999997,0.0,0.0,4.4,33.6,0.2,18.8,104.6,1.2,133.1,0.0,0.0,22.0,168.0,1.0,94.0,523.0,6.0,26.619999999999997,0.0,0.0,4.4,33.6,0.2,18.8,104.6,26.619999999999997
339,Christian McCaffrey,SF,RB,W 42-10,13.8,Dal,Home,12.0,10-10-23,5,False,0,25,27,8,1,26.76,0.0,0.0,4.0,33.6,0.2,19.8,102.0,1.4,146.9,0.0,0.0,24.0,195.0,1.0,113.0,574.0,7.0,24.483333333333334,0.0,0.0,4.0,32.5,0.16666666666666666,18.833333333333332,95.66666666666667,24.483333333333334
1741,Christian McCaffrey,SF,RB,L 17-19,14.2,Cle,Away,15.0,10-17-23,6,False,0,25,27,7,0,24.419999999999998,0.0,0.0,4.0,32.0,0.4,17.6,80.2,1.2,161.1,0.0,0.0,27.0,204.0,2.0,124.0,617.0,7.0,23.014285714285712,0.0,0.0,3.857142857142857,29.142857142857142,0.2857142857142857,17.714285714285715,88.14285714285714,23.014285714285712
1639,Christian McCaffrey,SF,RB,L 17-22,22.6,Min,Away,5.0,10-24-23,7,False,0,25,27,20,0,24.44,0.0,0.0,4.0,38.4,0.6,16.6,66.0,1.2,183.7,0.0,0.0,30.0,255.0,3.0,139.0,662.0,8.0,22.9625,0.0,0.0,3.75,31.875,0.375,17.375,82.75,22.9625
1524,Christian McCaffrey,SF,RB,L 17-31,29.8,Cin,Home,2.0,10-31-23,8,False,0,25,27,6,1,25.820000000000004,0.0,0.0,4.2,44.4,0.8,15.4,59.8,1.2,213.5,0.0,0.0,36.0,319.0,4.0,151.0,716.0,9.0,23.72222222222222,0.0,0.0,4.0,35.44444444444444,0.4444444444444444,16.77777777777778,79.55555555555556,23.72222222222222
900,Christian McCaffrey,SF,RB,W 34-3,20.2,Jax,Away,6.0,11-14-23,10,False,0,25,27,14,0,20.119999999999997,0.0,0.0,4.0,39.6,0.6,14.6,57.6,0.6,233.7,0.0,0.0,42.0,366.0,4.0,167.0,811.0,9.0,23.369999999999997,0.0,0.0,4.2,36.6,0.4,16.7,81.1,23.369999999999997
423,Christian McCaffrey,SF,RB,W 27-14,21.3,TB,Home,4.0,11-21-23,11,False,0,25,27,29,1,21.619999999999997,0.0,0.0,4.6,39.2,0.8,15.0,63.0,0.4,255.0,0.0,0.0,47.0,391.0,5.0,188.0,889.0,9.0,23.181818181818183,0.0,0.0,4.2727272727272725,35.54545454545455,0.45454545454545453,17.09090909090909,80.81818181818181,23.181818181818183
991,Christian McCaffrey,SF,RB,W 31-13,30.9,Sea,Away,2.0,11-28-23,12,False,0,25,27,28,0,24.96,0.0,0.0,5.0,42.4,0.6,16.6,77.2,0.8,285.9,0.0,0.0,52.0,416.0,5.0,207.0,1003.0,11.0,23.825,0.0,0.0,4.333333333333333,34.666666666666664,0.4166666666666667,17.25,83.58333333333333,23.825
519,Christian McCaffrey,SF,RB,W 42-19,22.3,Phi,Away,7.0,12-05-23,13,False,0,25,27,25,0,24.9,0.0,0.0,5.0,40.2,0.4,17.0,86.8,0.8,308.2,0.0,0.0,55.0,456.0,5.0,224.0,1096.0,12.0,23.707692307692305,0.0,0.0,4.230769230769231,35.07692307692308,0.38461538461538464,17.23076923076923,84.3076923076923,23.707692307692305
702,Christian McCaffrey,SF,RB,W 28-16,16.3,Sea,Home,17.0,12-12-23,14,False,0,25,27,28,1,22.2,0.0,0.0,4.0,29.0,0.2,17.8,105.0,0.6,324.5,0.0,0.0,56.0,464.0,5.0,240.0,1241.0,12.0,23.178571428571427,0.0,0.0,4.0,33.142857142857146,0.35714285714285715,17.142857142857142,88.64285714285714,23.178571428571427
1413,Christian McCaffrey,SF,RB,W 45-29,41.7,Ari,Away,1.0,12-19-23,15,False,0,25,27,0,0,26.5,0.0,0.0,3.8,34.0,0.6,18.2,109.0,0.8,366.2,0.0,0.0,61.0,536.0,7.0,258.0,1356.0,13.0,24.413333333333334,0.0,0.0,4.066666666666666,35.733333333333334,0.4666666666666667,17.2,90.4,24.413333333333334
1093,Christian McCaffrey,SF,RB,L 19-33,25.1,Bal,Home,2.0,12-26-23,16,False,0,25,27,2,1,27.26,0.0,0.0,4.0,34.6,0.4,16.8,114.0,1.0,391.3,0.0,0.0,67.0,564.0,7.0,272.0,1459.0,14.0,24.45625,0.0,0.0,4.1875,35.25,0.4375,17.0,91.1875,24.45625
1227,Chuba Hubbard,Car,RB,L 0-26,11.1,Jax,Away,27.5,01-02-24,17,False,0,26,4,14,0,11.1,0.0,0.0,4.0,26.0,0.0,11.0,45.0,0.0,11.1,0.0,0.0,4.0,26.0,0.0,11.0,45.0,0.0,11.1,0.0,0.0,4.0,26.0,0.0,11.0,45.0,11.1
812,Chuba Hubbard,Car,RB,L 0-9,11.2,TB,Home,25.0,01-09-24,18,False,0,26,4,29,1,11.149999999999999,0.0,0.0,3.0,17.5,0.0,17.0,64.0,0.0,22.299999999999997,0.0,0.0,6.0,35.0,0.0,34.0,128.0,0.0,11.149999999999999,0.0,0.0,3.0,17.5,0.0,17.0,64.0,11.149999999999999
142,Chuba Hubbard,Car,RB,L 10-24,8.9,Atl,Away,34.0,09-12-23,1,False,0,26,4,1,0,10.4,0.0,0.0,2.6666666666666665,14.666666666666666,0.0,14.333333333333334,62.666666666666664,0.0,31.2,0.0,0.0,8.0,44.0,0.0,43.0,188.0,0.0,10.4,0.0,0.0,2.6666666666666665,14.666666666666666,0.0,14.333333333333334,62.666666666666664,10.4
1327,Chuba Hubbard,Car,RB,L 17-20,10.0,NO,Home,24.0,09-19-23,2,False,0,26,4,22,1,10.3,0.0,0.0,3.25,19.5,0.0,11.25,51.0,0.0,41.2,0.0,0.0,13.0,78.0,0.0,45.0,204.0,0.0,10.3,0.0,0.0,3.25,19.5,0.0,11.25,51.0,10.3
284,Chuba Hubbard,Car,RB,L 27-37,2.4,Sea,Away,66.0,09-26-23,3,False,0,26,4,28,0,8.72,0.0,0.0,3.0,16.0,0.0,9.2,41.2,0.0,43.6,0.0,0.0,15.0,80.0,0.0,46.0,206.0,0.0,8.72,0.0,0.0,3.0,16.0,0.0,9.2,41.2,8.72
32,Chuba Hubbard,Car,RB,L 13-21,7.3,Min,Home,33.0,10-03-23,4,False,0,26,4,20,1,7.959999999999999,0.0,0.0,2.6,13.2,0.0,9.8,40.4,0.0,50.9,0.0,0.0,17.0,92.0,0.0,60.0,247.0,0.0,8.483333333333333,0.0,0.0,2.8333333333333335,15.333333333333334,0.0,10.0,41.166666666666664,8.483333333333333
368,Chuba Hubbard,Car,RB,L 24-42,4.5,Det,Away,40.5,10-10-23,5,False,0,26,4,10,0,6.62,0.0,0.0,2.4,11.4,0.0,7.0,30.8,0.0,55.4,0.0,0.0,18.0,92.0,0.0,69.0,282.0,0.0,7.914285714285714,0.0,0.0,2.5714285714285716,13.142857142857142,0.0,9.857142857142858,40.285714285714285,7.914285714285714
1739,Chuba Hubbard,Car,RB,L 21-42,16.0,Mia,Away,13.0,10-17-23,6,False,0,26,4,19,0,8.040000000000001,0.0,0.0,2.2,10.0,0.0,9.0,36.4,0.2,71.4,0.0,0.0,19.0,94.0,0.0,88.0,370.0,1.0,8.925,0.0,0.0,2.375,11.75,0.0,11.0,46.25,8.925
1559,Chuba Hubbard,Car,RB,W 15-13,7.4,Hou,Home,37.0,10-31-23,8,False,0,26,4,12,1,7.5200000000000005,0.0,0.0,1.6,8.4,0.0,11.6,38.8,0.2,78.8,0.0,0.0,21.0,120.0,0.0,103.0,398.0,1.0,8.755555555555555,0.0,0.0,2.3333333333333335,13.333333333333334,0.0,11.444444444444445,44.22222222222222,8.755555555555555
613,Chuba Hubbard,Car,RB,L 13-27,10.7,Ind,Home,21.0,11-07-23,9,False,0,26,4,13,1,9.18,0.0,0.0,2.0,9.8,0.0,14.6,50.0,0.2,89.5,0.0,0.0,25.0,129.0,0.0,119.0,456.0,1.0,8.95,0.0,0.0,2.5,12.9,0.0,11.9,45.6,8.95
935,Chuba Hubbard,Car,RB,L 13-16,5.9,Chi,Away,41.0,11-14-23,10,False,0,26,4,5,0,8.9,0.0,0.0,2.0,10.6,0.0,13.6,46.4,0.2,95.4,0.0,0.0,27.0,145.0,0.0,128.0,479.0,1.0,8.672727272727274,0.0,0.0,2.4545454545454546,13.181818181818182,0.0,11.636363636363637,43.54545454545455,8.672727272727274
444,Chuba Hubbard,Car,RB,L 10-33,8.5,Dal,Home,25.0,11-21-23,11,False,0,26,4,8,1,9.7,0.0,0.0,2.2,12.2,0.0,13.8,50.8,0.2,103.9,0.0,0.0,29.0,153.0,0.0,138.0,536.0,1.0,8.658333333333333,0.0,0.0,2.4166666666666665,12.75,0.0,11.5,44.666666666666664,8.658333333333333
1000,Chuba Hubbard,Car,RB,L 10-17,20.2,Ten,Away,11.0,11-28-23,12,False,0,26,4,30,0,10.54,0.0,0.0,3.0,21.2,0.0,12.8,42.2,0.2,124.1,0.0,0.0,34.0,200.0,0.0,152.0,581.0,2.0,9.546153846153846,0.0,0.0,2.6153846153846154,15.384615384615385,0.0,11.692307692307692,44.69230769230769,9.546153846153846
518,Chuba Hubbard,Car,RB,L 18-21,22.4,TB,Away,6.0,12-05-23,13,False,0,26,4,29,0,13.539999999999997,0.0,0.0,2.6,16.0,0.0,14.8,57.4,0.6,146.5,0.0,0.0,34.0,200.0,0.0,177.0,685.0,4.0,10.464285714285714,0.0,0.0,2.4285714285714284,14.285714285714286,0.0,12.642857142857142,48.92857142857143,10.464285714285714
710,Chuba Hubbard,Car,RB,L 6-28,11.6,NO,Away,25.0,12-12-23,14,False,0,26,4,22,0,13.719999999999999,0.0,0.0,2.2,16.0,0.0,16.2,63.2,0.6,158.1,0.0,0.0,36.0,209.0,0.0,200.0,772.0,4.0,10.54,0.0,0.0,2.4,13.933333333333334,0.0,13.333333333333334,51.46666666666667,10.54
1430,Chuba Hubbard,Car,RB,W 9-7,12.3,Atl,Home,18.5,12-19-23,15,False,0,26,4,1,1,15.0,0.0,0.0,2.2,16.0,0.0,18.8,76.0,0.6,170.4,0.0,0.0,38.0,225.0,0.0,222.0,859.0,4.0,10.65,0.0,0.0,2.375,14.0625,0.0,13.875,53.6875,10.65
1111,Chuba Hubbard,Car,RB,L 30-33,12.1,GB,Home,20.0,12-26-23,16,False,0,26,4,11,1,15.719999999999999,0.0,0.0,2.0,16.0,0.0,20.0,73.2,0.8,182.5,0.0,0.0,39.0,233.0,0.0,238.0,902.0,5.0,10.735294117647058,0.0,0.0,2.2941176470588234,13.705882352941176,0.0,14.0,53.05882352941177,10.735294117647058
842,Clyde Edwards-Helaire,KC,RB,W 13-12,2.0,LAC,Away,57.0,01-09-24,18,False,0,27,15,16,0,2.0,0.0,0.0,1.0,9.0,0.0,2.0,1.0,0.0,2.0,0.0,0.0,1.0,9.0,0.0,2.0,1.0,0.0,2.0,0.0,0.0,1.0,9.0,0.0,2.0,1.0,2.0
158,Clyde Edwards-Helaire,KC,RB,L 20-21,3.9,Det,Home,50.5,09-12-23,1,False,0,27,15,10,1,2.95,0.0,0.0,1.0,8.0,0.0,4.0,11.5,0.0,5.9,0.0,0.0,2.0,16.0,0.0,8.0,23.0,0.0,2.95,0.0,0.0,1.0,8.0,0.0,4.0,11.5,2.95
1356,Clyde Edwards-Helaire,KC,RB,W 17-9,3.7,Jax,Away,53.0,09-19-23,2,False,0,27,15,14,0,3.1999999999999997,0.0,0.0,1.3333333333333333,11.0,0.0,3.0,7.666666666666667,0.0,9.6,0.0,0.0,4.0,33.0,0.0,9.0,23.0,0.0,3.1999999999999997,0.0,0.0,1.3333333333333333,11.0,0.0,3.0,7.666666666666667,3.1999999999999997
237,Clyde Edwards-Helaire,KC,RB,W 41-10,12.7,Chi,Home,19.0,09-26-23,3,False,0,27,15,5,1,5.574999999999999,0.0,0.0,1.25,8.75,0.0,6.0,19.5,0.25,22.299999999999997,0.0,0.0,5.0,35.0,0.0,24.0,78.0,1.0,5.574999999999999,0.0,0.0,1.25,8.75,0.0,6.0,19.5,5.574999999999999
64,Clyde Edwards-Helaire,KC,RB,W 23-20,2.3,NYJ,Away,65.0,10-03-23,4,False,0,27,15,24,0,4.92,0.0,0.0,1.2,7.2,0.0,5.4,18.0,0.2,24.599999999999998,0.0,0.0,6.0,36.0,0.0,27.0,90.0,1.0,4.92,0.0,0.0,1.2,7.2,0.0,5.4,18.0,4.92
395,Clyde Edwards-Helaire,KC,RB,W 27-20,0.4,Min,Away,68.0,10-10-23,5,False,0,27,15,20,0,4.6,0.0,0.0,1.0,5.4,0.0,5.6,18.6,0.2,25.0,0.0,0.0,6.0,36.0,0.0,30.0,94.0,1.0,4.166666666666667,0.0,0.0,1.0,6.0,0.0,5.0,15.666666666666666,4.166666666666667
1779,Clyde Edwards-Helaire,KC,RB,W 19-8,2.6,Den,Home,53.5,10-17-23,6,False,0,27,15,9,1,4.34,0.0,0.0,1.0,5.8,0.0,4.8,15.6,0.2,27.599999999999998,0.0,0.0,7.0,45.0,0.0,32.0,101.0,1.0,3.9428571428571426,0.0,0.0,1.0,6.428571428571429,0.0,4.571428571428571,14.428571428571429,3.9428571428571426
1693,Clyde Edwards-Helaire,KC,RB,W 31-17,0.5,LAC,Home,59.0,10-24-23,7,False,0,27,15,16,1,3.6999999999999993,0.0,0.0,0.6,2.4,0.0,5.0,16.6,0.2,28.099999999999998,0.0,0.0,7.0,45.0,0.0,34.0,106.0,1.0,3.5124999999999997,0.0,0.0,0.875,5.625,0.0,4.25,13.25,3.5124999999999997
1601,Clyde Edwards-Helaire,KC,RB,L 9-24,0.4,Den,Away,79.0,10-31-23,8,False,0,27,15,9,0,1.24,0.0,0.0,0.4,2.0,0.0,2.2,6.4,0.0,28.5,0.0,0.0,7.0,45.0,0.0,35.0,110.0,1.0,3.1666666666666665,0.0,0.0,0.7777777777777778,5.0,0.0,3.888888888888889,12.222222222222221,3.1666666666666665
477,Clyde Edwards-Helaire,KC,RB,L 17-21,2.0,Phi,Home,58.5,11-21-23,11,False,0,27,15,25,1,1.1800000000000002,0.0,0.0,0.2,1.8,0.0,2.0,8.0,0.0,30.5,0.0,0.0,7.0,45.0,0.0,37.0,130.0,1.0,3.05,0.0,0.0,0.7,4.5,0.0,3.7,13.0,3.05
1064,Clyde Edwards-Helaire,KC,RB,W 31-17,0.5,LV,Away,75.5,11-28-23,12,False,0,27,15,18,0,1.2,0.0,0.0,0.2,1.8,0.0,2.0,8.2,0.0,31.0,0.0,0.0,7.0,45.0,0.0,40.0,135.0,1.0,2.8181818181818183,0.0,0.0,0.6363636363636364,4.090909090909091,0.0,3.6363636363636362,12.272727272727273,2.8181818181818183
563,Clyde Edwards-Helaire,KC,RB,L 19-27,2.4,GB,Away,51.0,12-05-23,13,False,0,27,15,11,0,1.16,0.0,0.0,0.2,1.6,0.0,2.0,8.0,0.0,33.4,0.0,0.0,8.0,53.0,0.0,42.0,141.0,1.0,2.783333333333333,0.0,0.0,0.6666666666666666,4.416666666666667,0.0,3.5,11.75,2.783333333333333
719,Clyde Edwards-Helaire,KC,RB,L 17-20,8.8,Buf,Home,34.0,12-12-23,14,False,0,27,15,3,1,2.8200000000000003,0.0,0.0,0.6,7.4,0.0,3.8,14.8,0.0,42.2,0.0,0.0,10.0,82.0,0.0,53.0,180.0,1.0,3.246153846153846,0.0,0.0,0.7692307692307693,6.3076923076923075,0.0,4.076923076923077,13.846153846153847,3.246153846153846
1421,Clyde Edwards-Helaire,KC,RB,W 27-17,20.1,NE,Away,9.0,12-19-23,15,False,0,27,15,21,0,6.760000000000001,0.0,0.0,1.4,20.2,0.2,6.2,21.4,0.0,62.3,0.0,0.0,14.0,146.0,1.0,66.0,217.0,1.0,4.45,0.0,0.0,1.0,10.428571428571429,0.07142857142857142,4.714285714285714,15.5,4.45
1132,Clyde Edwards-Helaire,KC,RB,L 14-20,7.8,LV,Home,41.0,12-26-23,16,False,0,27,15,18,1,7.92,0.0,0.0,2.0,28.6,0.2,6.6,18.6,0.0,70.1,0.0,0.0,17.0,188.0,1.0,70.0,223.0,1.0,4.673333333333333,0.0,0.0,1.1333333333333333,12.533333333333333,0.06666666666666667,4.666666666666667,14.866666666666667,4.673333333333333
1285,Cordarrelle Patterson,Atl,RB,L 17-37,0.0,Chi,Away,92.5,01-02-24,17,False,0,28,1,5,0,0.0,0.0,0.0,0.0,0.0,0.0,0.0,0.0,0.0,0.0,0.0,0.0,0.0,0.0,0.0,0.0,0.0,0.0,0.0,0.0,0.0,0.0,0.0,0.0,0.0,0.0,0.0
844,Cordarrelle Patterson,Atl,RB,L 17-48,2.0,NO,Away,57.0,01-09-24,18,False,0,28,1,22,0,1.0,0.0,0.0,0.0,0.0,0.0,2.5,10.0,0.0,2.0,0.0,0.0,0.0,0.0,0.0,5.0,20.0,0.0,1.0,0.0,0.0,0.0,0.0,0.0,2.5,10.0,1.0
80,Cordarrelle Patterson,Atl,RB,L 7-23,0.0,Jax,Away,93.5,10-03-23,4,False,0,28,1,14,0,0.6666666666666666,0.0,0.0,0.0,0.0,0.0,1.6666666666666667,6.666666666666667,0.0,2.0,0.0,0.0,0.0,0.0,0.0,5.0,20.0,0.0,0.6666666666666666,0.0,0.0,0.0,0.0,0.0,1.6666666666666667,6.666666666666667,0.6666666666666666
386,Cordarrelle Patterson,Atl,RB,W 21-19,1.7,Hou,Home,58.5,10-10-23,5,False,0,28,1,12,1,0.925,0.0,0.0,0.25,1.75,0.0,1.25,5.0,0.0,3.7,0.0,0.0,1.0,7.0,0.0,5.0,20.0,0.0,0.925,0.0,0.0,0.25,1.75,0.0,1.25,5.0,0.925
1794,Cordarrelle Patterson,Atl,RB,L 16-24,1.6,Wsh,Home,67.5,10-17-23,6,False,0,28,1,31,1,1.06,0.0,0.0,0.4,2.6,0.0,1.2,4.0,0.0,5.3,0.0,0.0,2.0,13.0,0.0,6.0,20.0,0.0,1.06,0.0,0.0,0.4,2.6,0.0,1.2,4.0,1.06
1672,Cordarrelle Patterson,Atl,RB,W 16-13,5.6,TB,Away,39.0,10-24-23,7,False,0,28,1,29,0,2.1799999999999997,0.0,0.0,0.4,2.6,0.0,3.2,15.2,0.0,10.899999999999999,0.0,0.0,2.0,13.0,0.0,16.0,76.0,0.0,1.8166666666666664,0.0,0.0,0.3333333333333333,2.1666666666666665,0.0,2.6666666666666665,12.666666666666666,1.8166666666666664
1598,Cordarrelle Patterson,Atl,RB,L 23-28,0.7,Ten,Away,76.0,10-31-23,8,False,0,28,1,30,0,1.92,0.0,0.0,0.4,2.6,0.0,2.6,12.6,0.0,11.6,0.0,0.0,2.0,13.0,0.0,18.0,83.0,0.0,1.657142857142857,0.0,0.0,0.2857142857142857,1.8571428571428572,0.0,2.5714285714285716,11.857142857142858,1.657142857142857
655,Cordarrelle Patterson,Atl,RB,L 28-31,1.3,Min,Home,63.5,11-07-23,9,False,0,28,1,20,1,2.1799999999999997,0.0,0.0,0.6,3.2,0.0,2.8,12.6,0.0,12.899999999999999,0.0,0.0,3.0,16.0,0.0,19.0,83.0,0.0,1.6124999999999998,0.0,0.0,0.375,2.0,0.0,2.375,10.375,1.6124999999999998
940,Cordarrelle Patterson,Atl,RB,L 23-25,4.0,Ari,Away,46.0,11-14-23,10,False,0,28,1,0,0,2.6399999999999997,0.0,0.0,0.8,3.2,0.0,3.4,15.2,0.0,16.9,0.0,0.0,5.0,23.0,0.0,22.0,96.0,0.0,1.8777777777777775,0.0,0.0,0.5555555555555556,2.5555555555555554,0.0,2.4444444444444446,10.666666666666666,1.8777777777777775
1039,Cordarrelle Patterson,Atl,RB,W 24-15,4.3,NO,Home,50.0,11-28-23,12,False,0,28,1,22,1,3.1799999999999997,0.0,0.0,0.6,2.0,0.0,4.8,23.8,0.0,21.2,0.0,0.0,5.0,23.0,0.0,30.0,139.0,0.0,2.12,0.0,0.0,0.5,2.3,0.0,3.0,13.9,2.12
557,Cordarrelle Patterson,Atl,RB,W 13-8,2.7,NYJ,Away,45.0,12-05-23,13,False,0,28,1,24,0,2.6,0.0,0.0,0.8,3.2,0.0,3.8,14.8,0.0,23.9,0.0,0.0,6.0,29.0,0.0,35.0,150.0,0.0,2.1727272727272724,0.0,0.0,0.5454545454545454,2.6363636363636362,0.0,3.1818181818181817,13.636363636363637,2.1727272727272724
756,Cordarrelle Patterson,Atl,RB,L 25-29,0.7,TB,Home,72.0,12-12-23,14,False,0,28,1,29,1,2.6,0.0,0.0,0.8,3.2,0.0,4.0,14.8,0.0,24.599999999999998,0.0,0.0,6.0,29.0,0.0,38.0,157.0,0.0,2.05,0.0,0.0,0.5,2.4166666666666665,0.0,3.1666666666666665,13.083333333333334,2.05
1451,Cordarrelle Patterson,Atl,RB,L 7-9,7.0,Car,Away,39.0,12-19-23,15,False,0,28,1,4,0,3.7399999999999998,0.0,0.0,0.8,3.0,0.2,4.8,14.4,0.0,31.6,0.0,0.0,7.0,31.0,1.0,43.0,155.0,0.0,2.430769230769231,0.0,0.0,0.5384615384615384,2.3846153846153846,0.07692307692307693,3.3076923076923075,11.923076923076923,2.430769230769231
1139,Cordarrelle Patterson,Atl,RB,W 29-10,5.3,Ind,Home,47.5,12-26-23,16,False,0,28,1,13,1,4.0,0.0,0.0,0.8,3.0,0.2,5.6,17.0,0.0,36.9,0.0,0.0,9.0,38.0,1.0,50.0,181.0,0.0,2.6357142857142857,0.0,0.0,0.6428571428571429,2.7142857142857144,0.07142857142857142,3.5714285714285716,12.928571428571429,2.6357142857142857
92,Corey Clement,Ari,RB,L 16-35,0.0,SF,Away,93.5,10-03-23,4,False,0,29,0,27,0,0.0,0.0,0.0,0.0,0.0,0.0,0.0,0.0,0.0,0.0,0.0,0.0,0.0,0.0,0.0,0.0,0.0,0.0,0.0,0.0,0.0,0.0,0.0,0.0,0.0,0.0,0.0
673,Corey Clement,Ari,RB,L 0-27,0.0,Cle,Away,82.5,11-07-23,9,False,0,29,0,7,0,0.0,0.0,0.0,0.0,0.0,0.0,0.0,0.0,0.0,0.0,0.0,0.0,0.0,0.0,0.0,0.0,0.0,0.0,0.0,0.0,0.0,0.0,0.0,0.0,0.0,0.0,0.0
1284,Craig Reynolds,Det,RB,L 19-20,0.0,Dal,Away,92.5,01-02-24,17,False,0,30,10,8,0,0.0,0.0,0.0,0.0,0.0,0.0,0.0,0.0,0.0,0.0,0.0,0.0,0.0,0.0,0.0,0.0,0.0,0.0,0.0,0.0,0.0,0.0,0.0,0.0,0.0,0.0,0.0
863,Craig Reynolds,Det,RB,W 30-20,0.0,Min,Home,88.5,01-09-24,18,False,0,30,10,20,1,0.0,0.0,0.0,0.0,0.0,0.0,0.0,0.0,0.0,0.0,0.0,0.0,0.0,0.0,0.0,0.0,0.0,0.0,0.0,0.0,0.0,0.0,0.0,0.0,0.0,0.0,0.0
190,Craig Reynolds,Det,RB,W 21-20,0.0,KC,Away,96.0,09-12-23,1,False,0,30,10,15,0,0.0,0.0,0.0,0.0,0.0,0.0,0.0,0.0,0.0,0.0,0.0,0.0,0.0,0.0,0.0,0.0,0.0,0.0,0.0,0.0,0.0,0.0,0.0,0.0,0.0,0.0,0.0
1366,Craig Reynolds,Det,RB,L 31-37,1.5,Sea,Home,63.5,09-19-23,2,False,0,30,10,28,1,0.375,0.0,0.0,0.25,-0.5,0.0,0.75,1.75,0.0,1.5,0.0,0.0,1.0,-2.0,0.0,3.0,7.0,0.0,0.375,0.0,0.0,0.25,-0.5,0.0,0.75,1.75,0.375
290,Craig Reynolds,Det,RB,W 20-6,1.5,Atl,Home,71.5,09-26-23,3,False,0,30,10,1,1,0.6,0.0,0.0,0.2,-0.4,0.0,1.4,4.4,0.0,3.0,0.0,0.0,1.0,-2.0,0.0,7.0,22.0,0.0,0.6,0.0,0.0,0.2,-0.4,0.0,1.4,4.4,0.6
79,Craig Reynolds,Det,RB,W 34-20,0.0,GB,Away,93.5,10-03-23,4,False,0,30,10,11,0,0.6,0.0,0.0,0.2,-0.4,0.0,1.4,4.4,0.0,3.0,0.0,0.0,1.0,-2.0,0.0,7.0,22.0,0.0,0.5,0.0,0.0,0.16666666666666666,-0.3333333333333333,0.0,1.1666666666666667,3.6666666666666665,0.5
351,Craig Reynolds,Det,RB,W 42-24,11.2,Car,Home,24.0,10-10-23,5,False,0,30,10,4,1,2.84,0.0,0.0,0.2,-0.4,0.0,2.8,14.8,0.2,14.2,0.0,0.0,1.0,-2.0,0.0,14.0,74.0,1.0,2.0285714285714285,0.0,0.0,0.14285714285714285,-0.2857142857142857,0.0,2.0,10.571428571428571,2.0285714285714285
1764,Craig Reynolds,Det,RB,W 20-6,6.3,TB,Away,37.5,10-17-23,6,False,0,30,10,29,0,4.1,0.0,0.0,0.6,5.2,0.0,4.8,17.8,0.2,20.5,0.0,0.0,3.0,26.0,0.0,24.0,89.0,1.0,2.5625,0.0,0.0,0.375,3.25,0.0,3.0,11.125,2.5625
1681,Craig Reynolds,Det,RB,L 6-38,3.5,Bal,Away,47.0,10-24-23,7,False,0,30,10,2,0,4.5,0.0,0.0,0.6,7.4,0.0,4.8,19.6,0.2,24.0,0.0,0.0,4.0,35.0,0.0,27.0,105.0,1.0,2.6666666666666665,0.0,0.0,0.4444444444444444,3.888888888888889,0.0,3.0,11.666666666666666,2.6666666666666665
1558,Craig Reynolds,Det,RB,W 26-14,7.6,LV,Home,36.0,10-31-23,8,False,0,30,10,18,1,5.72,0.0,0.0,0.8,9.8,0.0,6.8,31.4,0.2,31.599999999999998,0.0,0.0,5.0,47.0,0.0,41.0,179.0,1.0,3.1599999999999997,0.0,0.0,0.5,4.7,0.0,4.1,17.9,3.1599999999999997
965,Craig Reynolds,Det,RB,W 41-38,0.0,LAC,Away,83.0,11-14-23,10,False,0,30,10,16,0,5.72,0.0,0.0,0.8,9.8,0.0,6.8,31.4,0.2,31.599999999999998,0.0,0.0,5.0,47.0,0.0,41.0,179.0,1.0,2.8727272727272726,0.0,0.0,0.45454545454545453,4.2727272727272725,0.0,3.727272727272727,16.272727272727273,2.8727272727272726
512,Craig Reynolds,Det,RB,W 31-26,-2.0,Chi,Home,93.0,11-21-23,11,False,0,30,10,5,1,3.0799999999999996,0.0,0.0,0.8,9.8,0.0,5.4,21.0,0.0,29.599999999999998,0.0,0.0,5.0,47.0,0.0,41.0,179.0,1.0,2.4666666666666663,0.0,0.0,0.4166666666666667,3.9166666666666665,0.0,3.4166666666666665,14.916666666666666,2.4666666666666663
1067,Craig Reynolds,Det,RB,L 22-29,0.0,GB,Home,90.0,11-28-23,12,False,0,30,10,11,1,1.8199999999999996,0.0,0.0,0.4,4.2,0.0,3.4,18.0,0.0,29.599999999999998,0.0,0.0,5.0,47.0,0.0,41.0,179.0,1.0,2.276923076923077,0.0,0.0,0.38461538461538464,3.6153846153846154,0.0,3.1538461538461537,13.76923076923077,2.276923076923077
580,Craig Reynolds,Det,RB,W 33-28,0.0,NO,Away,72.0,12-05-23,13,False,0,30,10,22,0,1.1199999999999999,0.0,0.0,0.2,2.4,0.0,2.8,14.8,0.0,29.599999999999998,0.0,0.0,5.0,47.0,0.0,41.0,179.0,1.0,2.1142857142857143,0.0,0.0,0.35714285714285715,3.357142857142857,0.0,2.9285714285714284,12.785714285714286,2.1142857142857143
767,Craig Reynolds,Det,RB,L 13-28,0.0,Chi,Away,89.5,12-12-23,14,False,0,30,10,5,0,-0.4,0.0,0.0,0.0,0.0,0.0,0.0,0.0,0.0,29.599999999999998,0.0,0.0,5.0,47.0,0.0,41.0,179.0,1.0,1.9733333333333332,0.0,0.0,0.3333333333333333,3.1333333333333333,0.0,2.7333333333333334,11.933333333333334,1.9733333333333332
1494,Craig Reynolds,Det,RB,W 42-17,0.0,Den,Home,94.0,12-19-23,15,False,0,30,10,9,1,-0.4,0.0,0.0,0.0,0.0,0.0,0.0,0.0,0.0,29.599999999999998,0.0,0.0,5.0,47.0,0.0,41.0,179.0,1.0,1.8499999999999999,0.0,0.0,0.3125,2.9375,0.0,2.5625,11.1875,1.8499999999999999
1174,Craig Reynolds,Det,RB,W 30-24,0.0,Min,Away,92.0,12-26-23,16,False,0,30,10,20,0,0.0,0.0,0.0,0.0,0.0,0.0,0.0,0.0,0.0,29.599999999999998,0.0,0.0,5.0,47.0,0.0,41.0,179.0,1.0,1.741176470588235,0.0,0.0,0.29411764705882354,2.764705882352941,0.0,2.411764705882353,10.529411764705882,1.741176470588235
1238,D'Andre Swift,Phi,RB,L 31-35,7.6,Ari,Home,39.0,01-02-24,17,False,0,31,25,0,1,7.6,0.0,0.0,1.0,5.0,0.0,13.0,61.0,0.0,7.6,0.0,0.0,1.0,5.0,0.0,13.0,61.0,0.0,7.6,0.0,0.0,1.0,5.0,0.0,13.0,61.0,7.6
178,D'Andre Swift,Phi,RB,W 25-20,1.3,NE,Away,71.5,09-12-23,1,False,0,31,25,21,0,4.45,0.0,0.0,1.0,2.5,0.0,7.0,32.0,0.0,8.9,0.0,0.0,2.0,5.0,0.0,14.0,64.0,0.0,4.45,0.0,0.0,1.0,2.5,0.0,7.0,32.0,4.45
1307,D'Andre Swift,Phi,RB,W 34-28,27.1,Min,Home,4.0,09-19-23,2,False,0,31,25,20,1,12.0,0.0,0.0,1.6666666666666667,3.6666666666666665,0.0,14.0,79.66666666666667,0.3333333333333333,36.0,0.0,0.0,5.0,11.0,0.0,42.0,239.0,1.0,12.0,0.0,0.0,1.6666666666666667,3.6666666666666665,0.0,14.0,79.66666666666667,12.0
233,D'Andre Swift,Phi,RB,W 25-11,14.8,TB,Away,15.0,09-26-23,3,False,0,31,25,29,0,12.7,0.0,0.0,1.5,4.75,0.0,14.5,92.25,0.25,50.8,0.0,0.0,6.0,19.0,0.0,58.0,369.0,1.0,12.7,0.0,0.0,1.5,4.75,0.0,14.5,92.25,12.7
11,D'Andre Swift,Phi,RB,W 34-31,17.9,Wsh,Home,12.0,10-03-23,4,False,0,31,25,31,1,13.74,0.0,0.0,2.0,8.4,0.0,14.4,85.0,0.4,68.7,0.0,0.0,10.0,42.0,0.0,72.0,425.0,2.0,13.74,0.0,0.0,2.0,8.4,0.0,14.4,85.0,13.74
337,D'Andre Swift,Phi,RB,W 23-14,16.8,LAR,Away,10.0,10-10-23,5,False,0,31,25,17,0,15.580000000000002,0.0,0.0,3.0,15.0,0.0,15.2,86.8,0.4,85.5,0.0,0.0,16.0,80.0,0.0,89.0,495.0,2.0,14.25,0.0,0.0,2.6666666666666665,13.333333333333334,0.0,14.833333333333334,82.5,14.25
1735,D'Andre Swift,Phi,RB,L 14-20,17.8,NYJ,Away,9.0,10-17-23,6,False,0,31,25,24,0,18.880000000000003,0.0,0.0,4.4,23.0,0.2,17.0,89.8,0.4,103.3,0.0,0.0,24.0,120.0,1.0,99.0,513.0,2.0,14.757142857142856,0.0,0.0,3.4285714285714284,17.142857142857142,0.14285714285714285,14.142857142857142,73.28571428571429,14.757142857142856
1657,D'Andre Swift,Phi,RB,W 31-17,10.5,Mia,Home,23.0,10-24-23,7,False,0,31,25,19,1,15.560000000000002,0.0,0.0,4.4,24.4,0.2,14.4,67.2,0.2,113.8,0.0,0.0,27.0,133.0,1.0,114.0,575.0,2.0,14.225,0.0,0.0,3.375,16.625,0.125,14.25,71.875,14.225
1536,D'Andre Swift,Phi,RB,W 38-31,14.4,Wsh,Away,14.5,10-31-23,8,False,0,31,25,31,0,15.479999999999999,0.0,0.0,4.6,24.2,0.2,14.4,52.6,0.4,128.2,0.0,0.0,29.0,140.0,1.0,130.0,632.0,3.0,14.244444444444444,0.0,0.0,3.2222222222222223,15.555555555555555,0.1111111111111111,14.444444444444445,70.22222222222223,14.244444444444444
617,D'Andre Swift,Phi,RB,W 28-23,9.4,Dal,Home,25.0,11-07-23,9,False,0,31,25,8,1,13.780000000000001,0.0,0.0,4.2,25.8,0.2,15.2,50.0,0.2,137.6,0.0,0.0,31.0,171.0,1.0,148.0,675.0,3.0,13.76,0.0,0.0,3.1,17.1,0.1,14.8,67.5,13.76
428,D'Andre Swift,Phi,RB,W 21-17,19.7,KC,Away,9.0,11-21-23,11,False,0,31,25,15,0,14.36,0.0,0.0,3.6,24.4,0.2,14.2,51.2,0.4,157.3,0.0,0.0,34.0,202.0,1.0,160.0,751.0,4.0,14.3,0.0,0.0,3.090909090909091,18.363636363636363,0.09090909090909091,14.545454545454545,68.27272727272727,14.3
1021,D'Andre Swift,Phi,RB,W 37-34,9.4,Buf,Home,31.5,11-28-23,12,False,0,31,25,3,1,12.680000000000001,0.0,0.0,2.2,17.2,0.0,15.0,63.6,0.4,166.7,0.0,0.0,35.0,206.0,1.0,174.0,831.0,4.0,13.891666666666666,0.0,0.0,2.9166666666666665,17.166666666666668,0.08333333333333333,14.5,69.25,13.891666666666666
549,D'Andre Swift,Phi,RB,L 19-42,4.0,SF,Home,37.0,12-05-23,13,False,0,31,25,27,1,11.38,0.0,0.0,2.0,16.0,0.0,13.2,53.8,0.4,170.7,0.0,0.0,37.0,213.0,1.0,180.0,844.0,4.0,13.13076923076923,0.0,0.0,2.8461538461538463,16.384615384615383,0.07692307692307693,13.846153846153847,64.92307692307692,13.13076923076923
736,D'Andre Swift,Phi,RB,L 13-33,3.9,Dal,Away,51.5,12-12-23,14,False,0,31,25,8,0,9.28,0.0,0.0,1.6,14.6,0.0,12.2,50.2,0.2,174.6,0.0,0.0,37.0,213.0,1.0,191.0,883.0,4.0,12.471428571428572,0.0,0.0,2.642857142857143,15.214285714285714,0.07142857142857142,13.642857142857142,63.07142857142857,12.471428571428572
1440,D'Andre Swift,Phi,RB,L 17-20,9.5,Sea,Away,28.0,12-19-23,15,False,0,31,25,28,0,9.3,0.0,0.0,1.6,8.6,0.0,12.2,56.4,0.2,184.1,0.0,0.0,39.0,214.0,1.0,209.0,957.0,4.0,12.273333333333333,0.0,0.0,2.6,14.266666666666667,0.06666666666666667,13.933333333333334,63.8,12.273333333333333
1105,D'Andre Swift,Phi,RB,W 33-25,15.2,NYG,Home,14.0,12-26-23,16,False,0,31,25,23,1,8.4,0.0,0.0,1.0,2.4,0.0,13.8,59.6,0.2,199.3,0.0,0.0,39.0,214.0,1.0,229.0,1049.0,5.0,12.45625,0.0,0.0,2.4375,13.375,0.0625,14.3125,65.5625,12.45625
1283,D'Ernest Johnson,Jax,RB,W 26-0,0.0,Car,Home,92.5,01-02-24,17,False,0,32,14,4,1,0.0,0.0,0.0,0.0,0.0,0.0,3.0,0.0,0.0,0.0,0.0,0.0,0.0,0.0,0.0,3.0,0.0,0.0,0.0,0.0,0.0,0.0,0.0,0.0,3.0,0.0,0.0
892,D'Ernest Johnson,Jax,RB,L 20-28,-0.1,Ten,Away,105.0,01-09-24,18,False,0,32,14,30,0,-0.05,0.0,0.0,0.0,0.0,0.0,2.0,-0.5,0.0,-0.1,0.0,0.0,0.0,0.0,0.0,4.0,-1.0,0.0,-0.05,0.0,0.0,0.0,0.0,0.0,2.0,-0.5,-0.05
218,D'Ernest Johnson,Jax,RB,W 31-21,-0.4,Ind,Away,110.5,09-12-23,1,False,0,32,14,13,0,-0.16666666666666666,0.0,0.0,0.0,0.0,0.0,1.6666666666666667,-1.6666666666666667,0.0,-0.5,0.0,0.0,0.0,0.0,0.0,5.0,-5.0,0.0,-0.16666666666666666,0.0,0.0,0.0,0.0,0.0,1.6666666666666667,-1.6666666666666667,-0.16666666666666666
1360,D'Ernest Johnson,Jax,RB,L 9-17,2.7,KC,Home,57.0,09-19-23,2,False,0,32,14,15,1,0.55,0.0,0.0,0.25,2.25,0.0,1.5,0.75,0.0,2.2,0.0,0.0,1.0,9.0,0.0,6.0,3.0,0.0,0.55,0.0,0.0,0.25,2.25,0.0,1.5,0.75,0.55
277,D'Ernest Johnson,Jax,RB,L 17-37,3.2,Hou,Home,59.0,09-26-23,3,False,0,32,14,12,1,1.08,0.0,0.0,0.6,3.0,0.0,1.8,1.8,0.0,5.4,0.0,0.0,3.0,15.0,0.0,9.0,9.0,0.0,1.08,0.0,0.0,0.6,3.0,0.0,1.8,1.8,1.08
107,D'Ernest Johnson,Jax,RB,W 23-7,-0.2,Atl,Home,108.0,10-03-23,4,False,0,32,14,1,1,1.04,0.0,0.0,0.6,3.0,0.0,1.4,1.4,0.0,5.2,0.0,0.0,3.0,15.0,0.0,10.0,7.0,0.0,0.8666666666666667,0.0,0.0,0.5,2.5,0.0,1.6666666666666667,1.1666666666666667,0.8666666666666667
408,D'Ernest Johnson,Jax,RB,W 25-20,0.0,Buf,Away,81.0,10-10-23,5,False,0,32,14,3,0,1.06,0.0,0.0,0.6,3.0,0.0,1.2,1.6,0.0,5.2,0.0,0.0,3.0,15.0,0.0,10.0,7.0,0.0,0.7428571428571429,0.0,0.0,0.42857142857142855,2.142857142857143,0.0,1.4285714285714286,1.0,0.7428571428571429
1789,D'Ernest Johnson,Jax,RB,W 37-20,1.9,Ind,Home,64.0,10-17-23,6,False,0,32,14,13,1,1.52,0.0,0.0,0.6,3.0,0.0,1.2,6.2,0.0,7.1000000000000005,0.0,0.0,3.0,15.0,0.0,11.0,26.0,0.0,0.8875000000000001,0.0,0.0,0.375,1.875,0.0,1.375,3.25,0.8875000000000001
1714,D'Ernest Johnson,Jax,RB,W 31-24,0.0,NO,Away,76.0,10-24-23,7,False,0,32,14,22,0,0.9800000000000001,0.0,0.0,0.4,1.2,0.0,1.0,4.6,0.0,7.1000000000000005,0.0,0.0,3.0,15.0,0.0,11.0,26.0,0.0,0.788888888888889,0.0,0.0,0.3333333333333333,1.6666666666666667,0.0,1.2222222222222223,2.888888888888889,0.788888888888889
1596,D'Ernest Johnson,Jax,RB,W 20-10,0.8,Pit,Away,74.5,10-31-23,8,False,0,32,14,26,0,0.5,0.0,0.0,0.0,0.0,0.0,0.8,5.0,0.0,7.9,0.0,0.0,3.0,15.0,0.0,13.0,34.0,0.0,0.79,0.0,0.0,0.3,1.5,0.0,1.3,3.4,0.79
934,D'Ernest Johnson,Jax,RB,L 3-34,6.0,SF,Home,40.0,11-14-23,10,False,0,32,14,27,1,1.7399999999999998,0.0,0.0,0.4,5.6,0.0,1.2,7.8,0.0,13.9,0.0,0.0,5.0,43.0,0.0,16.0,46.0,0.0,1.2636363636363637,0.0,0.0,0.45454545454545453,3.909090909090909,0.0,1.4545454545454546,4.181818181818182,1.2636363636363637
453,D'Ernest Johnson,Jax,RB,W 34-14,6.4,Ten,Home,34.0,11-21-23,11,False,0,32,14,30,1,3.0200000000000005,0.0,0.0,0.6,12.4,0.0,2.6,11.8,0.0,20.3,0.0,0.0,6.0,77.0,0.0,23.0,66.0,0.0,1.6916666666666667,0.0,0.0,0.5,6.416666666666667,0.0,1.9166666666666667,5.5,1.6916666666666667
1031,D'Ernest Johnson,Jax,RB,W 24-21,7.1,Hou,Away,42.0,11-28-23,12,False,0,32,14,12,0,4.0600000000000005,0.0,0.0,0.8,20.8,0.0,3.8,11.8,0.0,27.4,0.0,0.0,7.0,119.0,0.0,30.0,85.0,0.0,2.1076923076923078,0.0,0.0,0.5384615384615384,9.153846153846153,0.0,2.3076923076923075,6.538461538461538,2.1076923076923078
566,D'Ernest Johnson,Jax,RB,L 31-34,1.9,Cin,Home,53.5,12-05-23,13,False,0,32,14,6,1,4.4399999999999995,0.0,0.0,1.0,21.8,0.0,4.8,12.6,0.0,29.3,0.0,0.0,8.0,124.0,0.0,35.0,89.0,0.0,2.092857142857143,0.0,0.0,0.5714285714285714,8.857142857142858,0.0,2.5,6.357142857142857,2.092857142857143
730,D'Ernest Johnson,Jax,RB,L 27-31,4.8,Cle,Away,45.0,12-12-23,14,False,0,32,14,7,0,5.24,0.0,0.0,1.4,25.0,0.0,5.0,13.4,0.0,34.1,0.0,0.0,10.0,140.0,0.0,38.0,101.0,0.0,2.2733333333333334,0.0,0.0,0.6666666666666666,9.333333333333334,0.0,2.533333333333333,6.733333333333333,2.2733333333333334
1487,D'Ernest Johnson,Jax,RB,L 7-23,0.5,Bal,Home,75.5,12-19-23,15,False,0,32,14,2,1,4.14,0.0,0.0,1.0,19.4,0.0,4.8,12.0,0.0,34.6,0.0,0.0,10.0,140.0,0.0,40.0,106.0,0.0,2.1625,0.0,0.0,0.625,8.75,0.0,2.5,6.625,2.1625
1168,D'Ernest Johnson,Jax,RB,L 12-30,0.2,TB,Away,77.5,12-26-23,16,False,0,32,14,29,0,2.9,0.0,0.0,0.8,12.6,0.0,3.6,8.4,0.0,34.8,0.0,0.0,10.0,140.0,0.0,41.0,108.0,0.0,2.0470588235294116,0.0,0.0,0.5882352941176471,8.235294117647058,0.0,2.411764705882353,6.352941176470588,2.0470588235294116
155,D'Onta Foreman,Chi,RB,L 20-38,4.4,GB,Home,48.5,09-12-23,1,False,0,33,5,11,1,4.4,0.0,0.0,2.0,8.0,0.0,5.0,16.0,0.0,4.4,0.0,0.0,2.0,8.0,0.0,5.0,16.0,0.0,4.4,0.0,0.0,2.0,8.0,0.0,5.0,16.0,4.4
300,D'Onta Foreman,Chi,RB,L 10-41,0.0,KC,Away,95.5,09-26-23,3,False,0,33,5,15,0,2.2,0.0,0.0,1.0,4.0,0.0,2.5,8.0,0.0,4.4,0.0,0.0,2.0,8.0,0.0,5.0,16.0,0.0,2.2,0.0,0.0,1.0,4.0,0.0,2.5,8.0,2.2
1755,D'Onta Foreman,Chi,RB,L 13-19,7.7,Min,Home,29.0,10-17-23,6,False,0,33,5,20,1,4.033333333333334,0.0,0.0,1.0,3.3333333333333335,0.0,6.666666666666667,27.0,0.0,12.100000000000001,0.0,0.0,3.0,10.0,0.0,20.0,81.0,0.0,4.033333333333334,0.0,0.0,1.0,3.3333333333333335,0.0,6.666666666666667,27.0,4.033333333333334
1635,D'Onta Foreman,Chi,RB,W 30-12,33.0,LV,Home,1.0,10-24-23,7,False,0,33,5,18,1,11.275,0.0,0.0,1.5,10.25,0.25,9.0,42.5,0.5,45.1,0.0,0.0,6.0,41.0,1.0,36.0,170.0,2.0,11.275,0.0,0.0,1.5,10.25,0.25,9.0,42.5,11.275
1575,D'Onta Foreman,Chi,RB,L 13-30,4.6,LAC,Away,52.5,10-31-23,8,False,0,33,5,16,0,9.940000000000001,0.0,0.0,1.4,8.6,0.2,9.0,40.8,0.4,49.7,0.0,0.0,7.0,43.0,1.0,45.0,204.0,2.0,9.940000000000001,0.0,0.0,1.4,8.6,0.2,9.0,40.8,9.940000000000001
622,D'Onta Foreman,Chi,RB,L 17-24,8.3,NO,Away,30.0,11-07-23,9,False,0,33,5,22,0,10.72,0.0,0.0,1.0,7.0,0.2,12.0,54.2,0.4,58.0,0.0,0.0,7.0,43.0,1.0,65.0,287.0,2.0,9.666666666666666,0.0,0.0,1.1666666666666667,7.166666666666667,0.16666666666666666,10.833333333333334,47.833333333333336,9.666666666666666
908,D'Onta Foreman,Chi,RB,W 16-13,17.2,Car,Home,14.0,11-14-23,10,False,0,33,5,4,1,14.160000000000002,0.0,0.0,1.4,9.4,0.2,16.2,70.2,0.6,75.2,0.0,0.0,9.0,55.0,1.0,86.0,367.0,3.0,10.742857142857144,0.0,0.0,1.2857142857142858,7.857142857142857,0.14285714285714285,12.285714285714286,52.42857142857143,10.742857142857144
446,D'Onta Foreman,Chi,RB,L 26-31,7.4,Det,Away,27.0,11-21-23,11,False,0,33,5,10,0,14.1,0.0,0.0,1.2,9.0,0.2,14.4,60.0,0.8,82.60000000000001,0.0,0.0,9.0,55.0,1.0,92.0,381.0,4.0,10.325000000000001,0.0,0.0,1.125,6.875,0.125,11.5,47.625,10.325000000000001
718,D'Onta Foreman,Chi,RB,W 28-13,9.2,Det,Home,33.0,12-12-23,14,False,0,33,5,10,1,9.34,0.0,0.0,1.0,7.2,0.0,13.4,52.2,0.4,91.8,0.0,0.0,11.0,77.0,1.0,103.0,431.0,4.0,10.2,0.0,0.0,1.2222222222222223,8.555555555555555,0.1111111111111111,11.444444444444445,47.888888888888886,10.2
1522,D'Onta Foreman,Chi,RB,L 17-20,-0.6,Cle,Away,110.0,12-19-23,15,False,0,33,5,7,0,8.3,0.0,0.0,0.8,6.8,0.0,12.8,44.2,0.4,91.2,0.0,0.0,11.0,77.0,1.0,109.0,425.0,4.0,9.120000000000001,0.0,0.0,1.1,7.7,0.1,10.9,42.5,9.120000000000001
140,Dalvin Cook,NYJ,RB,W 22-16,8.9,Buf,Home,34.0,09-12-23,1,False,0,34,24,3,1,8.9,0.0,0.0,3.0,26.0,0.0,13.0,33.0,0.0,8.9,0.0,0.0,3.0,26.0,0.0,13.0,33.0,0.0,8.9,0.0,0.0,3.0,26.0,0.0,13.0,33.0,8.9
1381,Dalvin Cook,NYJ,RB,L 10-30,0.2,Dal,Away,79.5,09-19-23,2,False,0,34,24,8,0,4.55,0.0,0.0,2.0,15.5,0.0,8.5,20.0,0.0,9.1,0.0,0.0,4.0,31.0,0.0,17.0,40.0,0.0,4.55,0.0,0.0,2.0,15.5,0.0,8.5,20.0,4.55
260,Dalvin Cook,NYJ,RB,L 10-15,5.9,NE,Home,42.5,09-26-23,3,False,0,34,24,21,1,5.0,0.0,0.0,2.3333333333333335,14.0,0.0,8.333333333333334,19.333333333333332,0.0,15.0,0.0,0.0,7.0,42.0,0.0,25.0,58.0,0.0,5.0,0.0,0.0,2.3333333333333335,14.0,0.0,8.333333333333334,19.333333333333332,5.0
59,Dalvin Cook,NYJ,RB,L 20-23,2.8,KC,Home,60.0,10-03-23,4,False,0,34,24,15,1,4.45,0.0,0.0,2.0,11.0,0.0,7.5,18.5,0.0,17.8,0.0,0.0,8.0,44.0,0.0,30.0,74.0,0.0,4.45,0.0,0.0,2.0,11.0,0.0,7.5,18.5,4.45
379,Dalvin Cook,NYJ,RB,W 31-21,2.3,Den,Away,52.0,10-10-23,5,False,0,34,24,9,0,4.0200000000000005,0.0,0.0,1.6,8.8,0.0,7.2,19.4,0.0,20.1,0.0,0.0,8.0,44.0,0.0,36.0,97.0,0.0,4.0200000000000005,0.0,0.0,1.6,8.8,0.0,7.2,19.4,4.0200000000000005
1782,Dalvin Cook,NYJ,RB,W 20-14,2.4,Phi,Home,56.0,10-17-23,6,False,0,34,24,25,1,2.7199999999999998,0.0,0.0,1.2,4.0,0.0,5.2,15.2,0.0,22.5,0.0,0.0,9.0,46.0,0.0,39.0,109.0,0.0,3.75,0.0,0.0,1.5,7.666666666666667,0.0,6.5,18.166666666666668,3.75
1600,Dalvin Cook,NYJ,RB,W 13-10,0.5,NYG,Away,78.0,10-31-23,8,False,0,34,24,23,0,2.7800000000000002,0.0,0.0,1.0,3.0,0.0,4.8,14.8,0.0,23.0,0.0,0.0,9.0,46.0,0.0,41.0,114.0,0.0,3.2857142857142856,0.0,0.0,1.2857142857142858,6.571428571428571,0.0,5.857142857142857,16.285714285714285,3.2857142857142856
651,Dalvin Cook,NYJ,RB,L 6-27,1.8,LAC,Home,59.5,11-07-23,9,False,0,34,24,16,1,1.9599999999999997,0.0,0.0,0.6,1.0,0.0,3.6,12.6,0.0,24.8,0.0,0.0,10.0,47.0,0.0,43.0,121.0,0.0,3.1,0.0,0.0,1.25,5.875,0.0,5.375,15.125,3.1
944,Dalvin Cook,NYJ,RB,L 12-16,2.6,LV,Away,50.5,11-14-23,10,False,0,34,24,18,0,1.92,0.0,0.0,0.4,0.6,0.0,3.4,14.6,0.0,27.4,0.0,0.0,10.0,47.0,0.0,47.0,147.0,0.0,3.0444444444444443,0.0,0.0,1.1111111111111112,5.222222222222222,0.0,5.222222222222222,16.333333333333332,3.0444444444444443
485,Dalvin Cook,NYJ,RB,L 6-32,1.3,Buf,Away,66.5,11-21-23,11,False,0,34,24,3,0,1.72,0.0,0.0,0.4,0.6,0.0,2.6,12.6,0.0,28.7,0.0,0.0,10.0,47.0,0.0,49.0,160.0,0.0,2.87,0.0,0.0,1.0,4.7,0.0,4.9,16.0,2.87
1040,Dalvin Cook,NYJ,RB,L 13-34,4.1,Mia,Home,51.0,11-28-23,12,False,0,34,24,19,1,2.0599999999999996,0.0,0.0,0.6,4.0,0.0,2.2,10.6,0.0,32.8,0.0,0.0,12.0,66.0,0.0,50.0,162.0,0.0,2.9818181818181815,0.0,0.0,1.0909090909090908,6.0,0.0,4.545454545454546,14.727272727272727,2.9818181818181815
1260,Dameon Pierce,Hou,RB,W 26-3,3.1,Ten,Home,61.0,01-02-24,17,False,0,35,12,30,1,3.1,0.0,0.0,1.0,5.0,0.0,8.0,16.0,0.0,3.1,0.0,0.0,1.0,5.0,0.0,8.0,16.0,0.0,3.1,0.0,0.0,1.0,5.0,0.0,8.0,16.0,3.1
860,Dameon Pierce,Hou,RB,W 23-19,0.0,Ind,Away,88.5,01-09-24,18,False,0,35,12,13,0,1.55,0.0,0.0,0.5,2.5,0.0,4.0,8.0,0.0,3.1,0.0,0.0,1.0,5.0,0.0,8.0,16.0,0.0,1.55,0.0,0.0,0.5,2.5,0.0,4.0,8.0,1.55
148,Dameon Pierce,Hou,RB,L 9-25,6.7,Bal,Away,41.0,09-12-23,1,False,0,35,12,2,0,3.266666666666667,0.0,0.0,1.0,4.666666666666667,0.0,6.333333333333333,18.0,0.0,9.8,0.0,0.0,3.0,14.0,0.0,19.0,54.0,0.0,3.266666666666667,0.0,0.0,1.0,4.666666666666667,0.0,6.333333333333333,18.0,3.266666666666667
1345,Dameon Pierce,Hou,RB,L 20-31,5.5,Ind,Home,42.0,09-19-23,2,False,0,35,12,13,1,3.825,0.0,0.0,1.25,4.5,0.0,8.5,21.25,0.0,15.3,0.0,0.0,5.0,18.0,0.0,34.0,85.0,0.0,3.825,0.0,0.0,1.25,4.5,0.0,8.5,21.25,3.825
232,Dameon Pierce,Hou,RB,W 37-17,14.9,Jax,Away,14.0,09-26-23,3,False,0,35,12,14,0,6.04,0.0,0.0,1.6,9.2,0.0,9.6,23.2,0.2,30.2,0.0,0.0,8.0,46.0,0.0,48.0,116.0,1.0,6.04,0.0,0.0,1.6,9.2,0.0,9.6,23.2,6.04
16,Dameon Pierce,Hou,RB,W 30-6,11.8,Pit,Home,17.0,10-03-23,4,False,0,35,12,26,1,7.779999999999999,0.0,0.0,1.6,13.6,0.0,12.8,36.2,0.2,42.0,0.0,0.0,9.0,73.0,0.0,72.0,197.0,1.0,7.0,0.0,0.0,1.5,12.166666666666666,0.0,12.0,32.833333333333336,7.0
354,Dameon Pierce,Hou,RB,L 19-21,9.2,Atl,Away,27.5,10-10-23,5,False,0,35,12,1,0,9.62,0.0,0.0,1.8,16.8,0.0,16.8,49.4,0.2,51.2,0.0,0.0,10.0,89.0,0.0,92.0,263.0,1.0,7.314285714285715,0.0,0.0,1.4285714285714286,12.714285714285714,0.0,13.142857142857142,37.57142857142857,7.314285714285715
1773,Dameon Pierce,Hou,RB,W 20-13,3.4,NO,Home,47.0,10-17-23,6,False,0,35,12,22,1,8.959999999999999,0.0,0.0,1.4,15.0,0.0,17.2,48.6,0.2,54.6,0.0,0.0,10.0,89.0,0.0,105.0,297.0,1.0,6.825,0.0,0.0,1.25,11.125,0.0,13.125,37.125,6.825
1574,Dameon Pierce,Hou,RB,L 13-15,4.6,Car,Away,52.5,10-31-23,8,False,0,35,12,4,0,8.779999999999998,0.0,0.0,1.0,14.2,0.0,16.6,51.6,0.2,59.2,0.0,0.0,10.0,89.0,0.0,117.0,343.0,1.0,6.577777777777778,0.0,0.0,1.1111111111111112,9.88888888888889,0.0,13.0,38.111111111111114,6.577777777777778
1044,Dameon Pierce,Hou,RB,L 21-24,2.8,Jax,Home,55.5,11-28-23,12,False,0,35,12,14,1,6.359999999999999,0.0,0.0,0.6,9.4,0.0,14.8,48.2,0.0,62.0,0.0,0.0,11.0,93.0,0.0,122.0,357.0,1.0,6.2,0.0,0.0,1.1,9.3,0.0,12.2,35.7,6.2
534,Dameon Pierce,Hou,RB,W 22-17,10.1,Den,Home,22.0,12-05-23,13,False,0,35,12,9,1,6.02,0.0,0.0,0.4,4.0,0.0,13.0,40.2,0.2,72.1,0.0,0.0,11.0,93.0,0.0,137.0,398.0,2.0,6.554545454545454,0.0,0.0,1.0,8.454545454545455,0.0,12.454545454545455,36.18181818181818,6.554545454545454
745,Dameon Pierce,Hou,RB,L 6-30,1.7,NYJ,Away,60.0,12-12-23,14,False,0,35,12,24,0,4.52,0.0,0.0,0.4,0.4,0.0,9.8,28.8,0.2,73.8,0.0,0.0,12.0,91.0,0.0,141.0,407.0,2.0,6.1499999999999995,0.0,0.0,1.0,7.583333333333333,0.0,11.75,33.916666666666664,6.1499999999999995
1490,Dameon Pierce,Hou,RB,W 19-16,0.3,Ten,Away,78.5,12-19-23,15,False,0,35,12,30,0,3.8999999999999995,0.0,0.0,0.4,0.4,0.0,7.4,22.6,0.2,74.1,0.0,0.0,12.0,91.0,0.0,142.0,410.0,2.0,5.699999999999999,0.0,0.0,0.9230769230769231,7.0,0.0,10.923076923076923,31.53846153846154,5.699999999999999
1128,Dameon Pierce,Hou,RB,L 22-36,8.6,Cle,Home,37.5,12-26-23,16,False,0,35,12,7,1,4.699999999999999,0.0,0.0,0.6,2.4,0.0,5.6,14.6,0.2,82.7,0.0,0.0,13.0,101.0,0.0,145.0,416.0,2.0,5.9071428571428575,0.0,0.0,0.9285714285714286,7.214285714285714,0.0,10.357142857142858,29.714285714285715,5.9071428571428575
157,Damien Harris,Buf,RB,L 16-22,3.9,NYJ,Away,50.5,09-12-23,1,False,0,36,3,24,0,3.9,0.0,0.0,2.0,16.0,0.0,1.0,3.0,0.0,3.9,0.0,0.0,2.0,16.0,0.0,1.0,3.0,0.0,3.9,0.0,0.0,2.0,16.0,0.0,1.0,3.0,3.9
1329,Damien Harris,Buf,RB,W 38-10,9.3,LV,Home,26.0,09-19-23,2,False,0,36,3,18,1,6.6000000000000005,0.0,0.0,1.0,8.0,0.0,4.0,18.0,0.5,13.200000000000001,0.0,0.0,2.0,16.0,0.0,8.0,36.0,1.0,6.6000000000000005,0.0,0.0,1.0,8.0,0.0,4.0,18.0,6.6000000000000005
289,Damien Harris,Buf,RB,W 37-3,1.5,Wsh,Away,71.5,09-26-23,3,False,0,36,3,31,0,4.9,0.0,0.0,0.6666666666666666,5.333333333333333,0.0,4.333333333333333,17.0,0.3333333333333333,14.700000000000001,0.0,0.0,2.0,16.0,0.0,13.0,51.0,1.0,4.9,0.0,0.0,0.6666666666666666,5.333333333333333,0.0,4.333333333333333,17.0,4.9
56,Damien Harris,Buf,RB,W 48-20,2.9,Mia,Home,58.0,10-03-23,4,False,0,36,3,19,1,4.4,0.0,0.0,0.5,4.0,0.0,4.75,20.0,0.25,17.6,0.0,0.0,2.0,16.0,0.0,19.0,80.0,1.0,4.4,0.0,0.0,0.5,4.0,0.0,4.75,20.0,4.4
390,Damien Harris,Buf,RB,L 20-25,1.3,Jax,Home,63.0,10-10-23,5,False,0,36,3,14,1,3.7800000000000002,0.0,0.0,0.4,3.2,0.0,4.4,18.6,0.2,18.900000000000002,0.0,0.0,2.0,16.0,0.0,22.0,93.0,1.0,3.7800000000000002,0.0,0.0,0.4,3.2,0.0,4.4,18.6,3.7800000000000002
1808,Damien Harris,Buf,RB,W 14-9,0.1,NYG,Home,82.0,10-17-23,6,False,0,36,3,23,1,3.0200000000000005,0.0,0.0,0.0,0.0,0.0,4.4,18.2,0.2,19.0,0.0,0.0,2.0,16.0,0.0,23.0,94.0,1.0,3.1666666666666665,0.0,0.0,0.3333333333333333,2.6666666666666665,0.0,3.8333333333333335,15.666666666666666,3.1666666666666665
1766,Damien Williams,Ari,RB,L 9-26,5.4,LAR,Away,40.0,10-17-23,6,False,0,37,0,17,0,5.4,0.0,0.0,1.0,8.0,0.0,8.0,36.0,0.0,5.4,0.0,0.0,1.0,8.0,0.0,8.0,36.0,0.0,5.4,0.0,0.0,1.0,8.0,0.0,8.0,36.0,5.4
1696,Damien Williams,Ari,RB,L 10-20,0.2,Sea,Away,61.5,10-24-23,7,False,0,37,0,28,0,2.8000000000000003,0.0,0.0,0.5,4.0,0.0,4.5,19.0,0.0,5.6000000000000005,0.0,0.0,1.0,8.0,0.0,9.0,38.0,0.0,2.8000000000000003,0.0,0.0,0.5,4.0,0.0,4.5,19.0,2.8000000000000003
1590,Damien Williams,Ari,RB,L 24-31,1.9,Bal,Home,67.5,10-31-23,8,False,0,37,0,2,1,2.5,0.0,0.0,0.6666666666666666,4.0,0.0,3.6666666666666665,14.333333333333334,0.0,7.5,0.0,0.0,2.0,12.0,0.0,11.0,43.0,0.0,2.5,0.0,0.0,0.6666666666666666,4.0,0.0,3.6666666666666665,14.333333333333334,2.5
1291,Dare Ogunbowale,Hou,RB,W 26-3,0.0,Ten,Home,92.5,01-02-24,17,False,0,38,12,30,1,0.0,0.0,0.0,0.0,0.0,0.0,1.0,0.0,0.0,0.0,0.0,0.0,0.0,0.0,0.0,1.0,0.0,0.0,0.0,0.0,0.0,0.0,0.0,0.0,1.0,0.0,0.0
868,Dare Ogunbowale,Hou,RB,W 23-19,0.0,Ind,Away,88.5,01-09-24,18,False,0,38,12,13,0,0.0,0.0,0.0,0.0,0.0,0.0,0.5,0.0,0.0,0.0,0.0,0.0,0.0,0.0,0.0,1.0,0.0,0.0,0.0,0.0,0.0,0.0,0.0,0.0,0.5,0.0,0.0
1377,Dare Ogunbowale,Hou,RB,L 20-31,0.4,Ind,Home,74.0,09-19-23,2,False,0,38,12,13,1,0.13333333333333333,0.0,0.0,0.0,0.0,0.0,1.0,1.3333333333333333,0.0,0.4,0.0,0.0,0.0,0.0,0.0,3.0,4.0,0.0,0.13333333333333333,0.0,0.0,0.0,0.0,0.0,1.0,1.3333333333333333,0.13333333333333333
1615,Dare Ogunbowale,Hou,RB,L 13-15,0.0,Car,Away,97.0,10-31-23,8,False,0,38,12,4,0,0.1,0.0,0.0,0.0,0.0,0.0,0.75,1.0,0.0,0.4,0.0,0.0,0.0,0.0,0.0,3.0,4.0,0.0,0.1,0.0,0.0,0.0,0.0,0.0,0.75,1.0,0.1
642,Dare Ogunbowale,Hou,RB,W 39-37,3.0,TB,Home,50.0,11-07-23,9,False,0,38,12,29,1,0.6799999999999999,0.0,0.0,0.0,0.0,0.0,0.6,0.8,0.0,3.4,0.0,0.0,0.0,0.0,0.0,3.0,4.0,0.0,0.6799999999999999,0.0,0.0,0.0,0.0,0.0,0.6,0.8,0.6799999999999999
974,Dare Ogunbowale,Hou,RB,W 30-27,0.0,Cin,Away,83.0,11-14-23,10,False,0,38,12,6,0,0.6799999999999999,0.0,0.0,0.0,0.0,0.0,0.4,0.8,0.0,3.4,0.0,0.0,0.0,0.0,0.0,3.0,4.0,0.0,0.5666666666666667,0.0,0.0,0.0,0.0,0.0,0.5,0.6666666666666666,0.5666666666666667
496,Dare Ogunbowale,Hou,RB,W 21-16,0.0,Ari,Home,80.0,11-21-23,11,False,0,38,12,0,1,0.6799999999999999,0.0,0.0,0.0,0.0,0.0,0.4,0.8,0.0,3.4,0.0,0.0,0.0,0.0,0.0,3.0,4.0,0.0,0.4857142857142857,0.0,0.0,0.0,0.0,0.0,0.42857142857142855,0.5714285714285714,0.4857142857142857
1079,Dare Ogunbowale,Hou,RB,L 21-24,0.0,Jax,Home,90.0,11-28-23,12,False,0,38,12,14,1,0.6,0.0,0.0,0.0,0.0,0.0,0.0,0.0,0.0,3.4,0.0,0.0,0.0,0.0,0.0,3.0,4.0,0.0,0.425,0.0,0.0,0.0,0.0,0.0,0.375,0.5,0.425
562,Dare Ogunbowale,Hou,RB,W 22-17,2.5,Den,Home,49.5,12-05-23,13,False,0,38,12,9,1,1.1,0.0,0.0,0.2,2.8,0.0,0.2,0.2,0.0,5.9,0.0,0.0,1.0,14.0,0.0,4.0,5.0,0.0,0.6555555555555556,0.0,0.0,0.1111111111111111,1.5555555555555556,0.0,0.4444444444444444,0.5555555555555556,0.6555555555555556
742,Dare Ogunbowale,Hou,RB,L 6-30,2.1,NYJ,Away,57.0,12-12-23,14,False,0,38,12,24,0,0.9199999999999999,0.0,0.0,0.4,3.6,0.0,0.6,1.6,0.0,8.0,0.0,0.0,2.0,18.0,0.0,6.0,12.0,0.0,0.8,0.0,0.0,0.2,1.8,0.0,0.6,1.2,0.8
1481,Dare Ogunbowale,Hou,RB,W 19-16,1.7,Ten,Away,69.0,12-19-23,15,False,0,38,12,30,0,1.26,0.0,0.0,0.4,3.6,0.0,0.8,5.0,0.0,9.7,0.0,0.0,2.0,18.0,0.0,7.0,29.0,0.0,0.8818181818181817,0.0,0.0,0.18181818181818182,1.6363636363636365,0.0,0.6363636363636364,2.6363636363636362,0.8818181818181817
1164,Dare Ogunbowale,Hou,RB,L 22-36,0.6,Cle,Home,73.5,12-26-23,16,False,0,38,12,7,1,1.3800000000000001,0.0,0.0,0.4,3.6,0.0,1.0,6.2,0.0,10.3,0.0,0.0,2.0,18.0,0.0,8.0,35.0,0.0,0.8583333333333334,0.0,0.0,0.16666666666666666,1.5,0.0,0.6666666666666666,2.9166666666666665,0.8583333333333334
1651,Darrell Henderson Jr.,LAR,RB,L 17-24,13.6,Pit,Home,17.0,10-24-23,7,False,0,39,17,26,1,13.6,0.0,0.0,1.0,5.0,0.0,18.0,61.0,1.0,13.6,0.0,0.0,1.0,5.0,0.0,18.0,61.0,1.0,13.6,0.0,0.0,1.0,5.0,0.0,18.0,61.0,13.6
1541,Darrell Henderson Jr.,LAR,RB,L 20-43,11.5,Dal,Away,19.0,10-31-23,8,False,0,39,17,8,0,12.55,0.0,0.0,2.0,29.5,0.0,15.0,46.0,0.5,25.1,0.0,0.0,4.0,59.0,0.0,30.0,92.0,1.0,12.55,0.0,0.0,2.0,29.5,0.0,15.0,46.0,12.55
630,Darrell Henderson Jr.,LAR,RB,L 3-20,5.5,GB,Away,38.0,11-07-23,9,False,0,39,17,11,0,10.200000000000001,0.0,0.0,2.0,25.0,0.0,13.333333333333334,37.0,0.3333333333333333,30.6,0.0,0.0,6.0,75.0,0.0,40.0,111.0,1.0,10.200000000000001,0.0,0.0,2.0,25.0,0.0,13.333333333333334,37.0,10.200000000000001
1770,Darrynton Evans,Chi,RB,L 13-19,4.4,Min,Home,44.0,10-17-23,6,False,0,40,5,20,1,4.4,0.0,0.0,1.0,2.0,0.0,9.0,32.0,0.0,4.4,0.0,0.0,1.0,2.0,0.0,9.0,32.0,0.0,4.4,0.0,0.0,1.0,2.0,0.0,9.0,32.0,4.4
1667,Darrynton Evans,Chi,RB,W 30-12,6.4,LV,Home,33.0,10-24-23,7,False,0,40,5,18,1,5.4,0.0,0.0,1.0,4.0,0.0,11.5,40.0,0.0,10.8,0.0,0.0,2.0,8.0,0.0,23.0,80.0,0.0,5.4,0.0,0.0,1.0,4.0,0.0,11.5,40.0,5.4
1539,Darrynton Evans,Chi,RB,L 13-30,13.0,LAC,Away,17.0,10-31-23,8,False,0,40,5,16,0,7.933333333333334,0.0,0.0,1.6666666666666667,10.0,0.0,9.0,32.666666666666664,0.3333333333333333,23.8,0.0,0.0,5.0,30.0,0.0,27.0,98.0,1.0,7.933333333333334,0.0,0.0,1.6666666666666667,10.0,0.0,9.0,32.666666666666664,7.933333333333334
636,Darrynton Evans,Chi,RB,L 17-24,4.1,NO,Away,43.5,11-07-23,9,False,0,40,5,22,0,6.975,0.0,0.0,1.75,12.25,0.0,7.0,25.0,0.25,27.9,0.0,0.0,7.0,49.0,0.0,28.0,100.0,1.0,6.975,0.0,0.0,1.75,12.25,0.0,7.0,25.0,6.975
960,Darrynton Evans,Chi,RB,W 16-13,0.5,Car,Home,65.0,11-14-23,10,False,0,40,5,4,1,5.68,0.0,0.0,1.4,9.8,0.0,6.0,21.0,0.2,28.4,0.0,0.0,7.0,49.0,0.0,30.0,105.0,1.0,5.68,0.0,0.0,1.4,9.8,0.0,6.0,21.0,5.68
1055,Darrynton Evans,Mia,RB,W 34-13,1.6,NYJ,Away,67.0,11-28-23,12,False,0,40,19,24,0,5.12,0.0,0.0,1.2,9.4,0.0,4.6,17.8,0.2,30.0,0.0,0.0,7.0,49.0,0.0,32.0,121.0,1.0,5.0,0.0,0.0,1.1666666666666667,8.166666666666666,0.0,5.333333333333333,20.166666666666668,5.0
1501,Darrynton Evans,Mia,RB,W 30-0,0.0,NYJ,Home,94.0,12-19-23,15,False,0,40,19,24,1,3.84,0.0,0.0,1.0,8.2,0.0,1.8,8.2,0.2,30.0,0.0,0.0,7.0,49.0,0.0,32.0,121.0,1.0,4.285714285714286,0.0,0.0,1.0,7.0,0.0,4.571428571428571,17.285714285714285,4.285714285714286
1221,David Montgomery,Det,RB,L 19-20,12.5,Dal,Away,22.0,01-02-24,17,False,0,41,10,8,0,12.5,0.0,0.0,0.0,0.0,0.0,14.0,65.0,1.0,12.5,0.0,0.0,0.0,0.0,0.0,14.0,65.0,1.0,12.5,0.0,0.0,0.0,0.0,0.0,14.0,65.0,12.5
815,David Montgomery,Det,RB,W 30-20,10.0,Min,Home,28.0,01-09-24,18,False,0,41,10,20,1,11.25,0.0,0.0,0.0,0.0,0.0,12.0,52.5,1.0,22.5,0.0,0.0,0.0,0.0,0.0,24.0,105.0,2.0,11.25,0.0,0.0,0.0,0.0,0.0,12.0,52.5,11.25
123,David Montgomery,Det,RB,W 21-20,13.4,KC,Away,16.5,09-12-23,1,False,0,41,10,15,0,11.966666666666667,0.0,0.0,0.0,0.0,0.0,15.0,59.666666666666664,1.0,35.9,0.0,0.0,0.0,0.0,0.0,45.0,179.0,3.0,11.966666666666667,0.0,0.0,0.0,0.0,0.0,15.0,59.666666666666664,11.966666666666667
1324,David Montgomery,Det,RB,L 31-37,12.4,Sea,Home,21.0,09-19-23,2,False,0,41,10,28,1,12.075,0.0,0.0,0.25,1.75,0.0,15.25,61.5,1.0,48.3,0.0,0.0,1.0,7.0,0.0,61.0,246.0,4.0,12.075,0.0,0.0,0.25,1.75,0.0,15.25,61.5,12.075
1,David Montgomery,Det,RB,W 34-20,34.1,GB,Away,2.0,10-03-23,4,False,0,41,10,11,0,16.48,0.0,0.0,0.6,5.4,0.0,18.6,73.4,1.4,82.4,0.0,0.0,3.0,27.0,0.0,93.0,367.0,7.0,16.48,0.0,0.0,0.6,5.4,0.0,18.6,73.4,16.48
332,David Montgomery,Det,RB,W 42-24,20.9,Car,Home,5.0,10-10-23,5,False,0,41,10,4,1,18.160000000000004,0.0,0.0,1.0,9.4,0.0,19.6,82.2,1.4,103.30000000000001,0.0,0.0,5.0,47.0,0.0,112.0,476.0,8.0,17.21666666666667,0.0,0.0,0.8333333333333334,7.833333333333333,0.0,18.666666666666668,79.33333333333333,17.21666666666667
1771,David Montgomery,Det,RB,W 20-6,4.3,TB,Away,45.0,10-17-23,6,False,0,41,10,29,0,17.020000000000003,0.0,0.0,1.2,13.2,0.0,18.8,77.0,1.2,107.60000000000001,0.0,0.0,6.0,66.0,0.0,118.0,490.0,8.0,15.371428571428572,0.0,0.0,0.8571428571428571,9.428571428571429,0.0,16.857142857142858,70.0,15.371428571428572
907,David Montgomery,Det,RB,W 41-38,17.6,LAC,Away,12.5,11-14-23,10,False,0,41,10,16,0,17.86,0.0,0.0,1.2,13.2,0.0,17.0,85.4,1.2,125.2,0.0,0.0,6.0,66.0,0.0,130.0,606.0,9.0,15.65,0.0,0.0,0.75,8.25,0.0,16.25,75.75,15.65
433,David Montgomery,Det,RB,W 31-26,17.8,Chi,Home,13.5,11-21-23,11,False,0,41,10,5,1,18.940000000000005,0.0,0.0,1.4,16.2,0.0,16.2,87.2,1.2,143.0,0.0,0.0,8.0,88.0,0.0,142.0,682.0,10.0,15.88888888888889,0.0,0.0,0.8888888888888888,9.777777777777779,0.0,15.777777777777779,75.77777777777777,15.88888888888889
1004,David Montgomery,Det,RB,L 22-29,15.1,GB,Home,15.0,11-28-23,12,False,0,41,10,11,1,15.14,0.0,0.0,1.0,12.2,0.0,12.8,77.2,0.8,158.1,0.0,0.0,8.0,88.0,0.0,157.0,753.0,11.0,15.809999999999999,0.0,0.0,0.8,8.8,0.0,15.7,75.3,15.809999999999999
529,David Montgomery,Det,RB,W 33-28,12.5,NO,Away,17.0,12-05-23,13,False,0,41,10,22,0,13.459999999999999,0.0,0.0,0.8,8.0,0.0,12.6,66.6,0.8,170.6,0.0,0.0,9.0,87.0,0.0,175.0,809.0,12.0,15.509090909090908,0.0,0.0,0.8181818181818182,7.909090909090909,0.0,15.909090909090908,73.54545454545455,15.509090909090908
711,David Montgomery,Det,RB,L 13-28,11.5,Chi,Away,26.0,12-12-23,14,False,0,41,10,5,0,14.9,0.0,0.0,1.2,8.0,0.0,13.4,77.0,0.8,182.1,0.0,0.0,12.0,106.0,0.0,185.0,875.0,12.0,15.174999999999999,0.0,0.0,1.0,8.833333333333334,0.0,15.416666666666666,72.91666666666667,15.174999999999999
1435,David Montgomery,Det,RB,W 42-17,10.2,Den,Home,23.0,12-19-23,15,False,0,41,10,9,1,13.419999999999998,0.0,0.0,1.6,7.4,0.0,14.4,70.8,0.6,192.3,0.0,0.0,14.0,103.0,0.0,202.0,960.0,12.0,14.792307692307693,0.0,0.0,1.0769230769230769,7.923076923076923,0.0,15.538461538461538,73.84615384615384,14.792307692307693
1106,David Montgomery,Det,RB,W 30-24,14.9,Min,Away,15.0,12-26-23,16,False,0,41,10,20,0,12.84,0.0,0.0,1.6,5.8,0.0,15.4,66.6,0.6,207.20000000000002,0.0,0.0,16.0,117.0,0.0,219.0,1015.0,13.0,14.8,0.0,0.0,1.1428571428571428,8.357142857142858,0.0,15.642857142857142,72.5,14.8
1207,De'Von Achane,Mia,RB,L 19-56,23.7,Bal,Away,8.0,01-02-24,17,False,0,42,19,2,0,23.7,0.0,0.0,4.0,30.0,1.0,14.0,107.0,0.0,23.7,0.0,0.0,4.0,30.0,1.0,14.0,107.0,0.0,23.7,0.0,0.0,4.0,30.0,1.0,14.0,107.0,23.7
806,De'Von Achane,Mia,RB,L 14-21,13.1,Buf,Home,20.0,01-09-24,18,False,0,42,19,3,1,18.4,0.0,0.0,2.5,17.5,0.5,12.0,81.5,0.5,36.8,0.0,0.0,5.0,35.0,1.0,24.0,163.0,1.0,18.4,0.0,0.0,2.5,17.5,0.5,12.0,81.5,18.4
1365,De'Von Achane,Mia,RB,W 24-17,1.9,NE,Away,62.0,09-19-23,2,False,0,42,19,21,0,12.899999999999999,0.0,0.0,2.0,13.0,0.3333333333333333,8.333333333333334,56.0,0.3333333333333333,38.699999999999996,0.0,0.0,6.0,39.0,1.0,25.0,168.0,1.0,12.899999999999999,0.0,0.0,2.0,13.0,0.3333333333333333,8.333333333333334,56.0,12.899999999999999
219,De'Von Achane,Mia,RB,W 70-20,51.3,Den,Home,1.0,09-26-23,3,False,0,42,19,9,1,22.5,0.0,0.0,2.5,17.25,0.75,10.75,92.75,0.75,90.0,0.0,0.0,10.0,69.0,3.0,43.0,371.0,3.0,22.5,0.0,0.0,2.5,17.25,0.75,10.75,92.75,22.5
4,De'Von Achane,Mia,RB,L 20-48,27.0,Buf,Away,5.0,10-03-23,4,False,0,42,19,3,0,23.4,0.0,0.0,2.6,17.6,0.6,10.2,94.4,1.0,117.0,0.0,0.0,13.0,88.0,3.0,51.0,472.0,5.0,23.4,0.0,0.0,2.6,17.6,0.6,10.2,94.4,23.4
331,De'Von Achane,Mia,RB,W 31-16,21.5,NYG,Home,4.0,10-10-23,5,False,0,42,19,23,1,22.959999999999997,0.0,0.0,2.0,14.4,0.4,9.6,103.2,1.2,138.5,0.0,0.0,14.0,102.0,3.0,62.0,623.0,6.0,23.083333333333332,0.0,0.0,2.3333333333333335,17.0,0.5,10.333333333333334,103.83333333333333,23.083333333333332
480,De'Von Achane,Mia,RB,W 20-13,1.5,LV,Home,62.5,11-21-23,11,False,0,42,19,18,1,20.639999999999997,0.0,0.0,2.0,14.2,0.4,7.8,92.2,1.0,140.0,0.0,0.0,15.0,106.0,3.0,63.0,624.0,6.0,20.0,0.0,0.0,2.142857142857143,15.142857142857142,0.42857142857142855,9.0,89.14285714285714,20.0
515,De'Von Achane,Mia,RB,W 45-15,25.3,Wsh,Away,3.0,12-05-23,13,False,0,42,19,31,0,25.32,0.0,0.0,2.4,19.4,0.4,11.0,105.8,1.4,165.29999999999998,0.0,0.0,18.0,136.0,3.0,80.0,697.0,8.0,20.662499999999998,0.0,0.0,2.25,17.0,0.375,10.0,87.125,20.662499999999998
709,De'Von Achane,Mia,RB,L 27-28,12.1,Ten,Home,24.0,12-12-23,14,False,0,42,19,30,1,17.48,0.0,0.0,2.6,18.2,0.0,8.8,74.6,1.0,177.4,0.0,0.0,23.0,160.0,3.0,87.0,744.0,8.0,19.711111111111112,0.0,0.0,2.5555555555555554,17.77777777777778,0.3333333333333333,9.666666666666666,82.66666666666667,19.711111111111112
1441,De'Von Achane,Mia,RB,W 30-0,9.2,NYJ,Home,29.0,12-19-23,15,False,0,42,19,24,1,13.919999999999998,0.0,0.0,2.6,20.4,0.0,9.0,60.8,0.6,186.6,0.0,0.0,26.0,190.0,3.0,96.0,776.0,8.0,18.66,0.0,0.0,2.6,19.0,0.3,9.6,77.6,18.66
1143,De'Von Achane,Mia,RB,W 22-20,4.1,Dal,Home,52.0,12-26-23,16,False,0,42,19,8,1,10.440000000000001,0.0,0.0,2.6,19.0,0.0,8.2,35.4,0.4,190.7,0.0,0.0,27.0,197.0,3.0,103.0,800.0,8.0,17.336363636363636,0.0,0.0,2.4545454545454546,17.90909090909091,0.2727272727272727,9.363636363636363,72.72727272727273,17.336363636363636
1287,DeeJay Dallas,Sea,RB,L 23-30,0.0,Pit,Home,92.5,01-02-24,17,False,0,43,28,26,1,0.0,0.0,0.0,0.0,0.0,0.0,0.0,0.0,0.0,0.0,0.0,0.0,0.0,0.0,0.0,0.0,0.0,0.0,0.0,0.0,0.0,0.0,0.0,0.0,0.0,0.0,0.0
865,DeeJay Dallas,Sea,RB,W 21-20,0.0,Ari,Away,88.5,01-09-24,18,False,0,43,28,0,0,0.0,0.0,0.0,0.0,0.0,0.0,0.0,0.0,0.0,0.0,0.0,0.0,0.0,0.0,0.0,0.0,0.0,0.0,0.0,0.0,0.0,0.0,0.0,0.0,0.0,0.0,0.0
164,DeeJay Dallas,Sea,RB,L 13-30,2.8,LAR,Home,57.5,09-12-23,1,False,0,43,28,17,1,0.9333333333333332,0.0,0.0,0.3333333333333333,4.666666666666667,0.0,0.6666666666666666,1.3333333333333333,0.0,2.8,0.0,0.0,1.0,14.0,0.0,2.0,4.0,0.0,0.9333333333333332,0.0,0.0,0.3333333333333333,4.666666666666667,0.0,0.6666666666666666,1.3333333333333333,0.9333333333333332
1379,DeeJay Dallas,Sea,RB,W 37-31,0.3,Det,Away,76.0,09-19-23,2,False,0,43,28,10,0,0.7749999999999999,0.0,0.0,0.25,3.5,0.0,0.75,1.75,0.0,3.0999999999999996,0.0,0.0,1.0,14.0,0.0,3.0,7.0,0.0,0.7749999999999999,0.0,0.0,0.25,3.5,0.0,0.75,1.75,0.7749999999999999
291,DeeJay Dallas,Sea,RB,W 37-27,1.5,Car,Home,71.5,09-26-23,3,False,0,43,28,4,1,0.9199999999999999,0.0,0.0,0.4,2.4,0.0,1.0,2.8,0.0,4.6,0.0,0.0,2.0,12.0,0.0,5.0,14.0,0.0,0.9199999999999999,0.0,0.0,0.4,2.4,0.0,1.0,2.8,0.9199999999999999
87,DeeJay Dallas,Sea,RB,W 24-3,0.0,NYG,Away,93.5,10-03-23,4,False,0,43,28,23,0,0.9199999999999999,0.0,0.0,0.4,2.4,0.0,1.0,2.8,0.0,4.6,0.0,0.0,2.0,12.0,0.0,5.0,14.0,0.0,0.7666666666666666,0.0,0.0,0.3333333333333333,2.0,0.0,0.8333333333333334,2.3333333333333335,0.7666666666666666
1803,DeeJay Dallas,Sea,RB,L 13-17,0.9,Cin,Away,76.5,10-17-23,6,False,0,43,28,6,0,1.1,0.0,0.0,0.6,2.2,0.0,1.0,2.8,0.0,5.5,0.0,0.0,3.0,11.0,0.0,5.0,14.0,0.0,0.7857142857142857,0.0,0.0,0.42857142857142855,1.5714285714285714,0.0,0.7142857142857143,2.0,0.7857142857142857
1726,DeeJay Dallas,Sea,RB,W 20-10,-1.0,Ari,Home,92.0,10-24-23,7,False,0,43,28,0,1,0.34,0.0,0.0,0.6,-0.6,0.0,0.6,2.0,0.0,4.5,0.0,0.0,4.0,11.0,0.0,5.0,14.0,0.0,0.5625,0.0,0.0,0.5,1.375,0.0,0.625,1.75,0.5625
1609,DeeJay Dallas,Sea,RB,W 24-20,0.0,Cle,Home,97.0,10-31-23,8,False,0,43,28,7,1,0.28,0.0,0.0,0.6,-0.6,0.0,0.4,1.4,0.0,4.5,0.0,0.0,4.0,11.0,0.0,5.0,14.0,0.0,0.5,0.0,0.0,0.4444444444444444,1.2222222222222223,0.0,0.5555555555555556,1.5555555555555556,0.5
667,DeeJay Dallas,Sea,RB,L 3-37,0.0,Bal,Away,82.5,11-07-23,9,False,0,43,28,2,0,-0.019999999999999973,0.0,0.0,0.4,-0.2,0.0,0.0,0.0,0.0,4.5,0.0,0.0,4.0,11.0,0.0,5.0,14.0,0.0,0.45,0.0,0.0,0.4,1.1,0.0,0.5,1.4,0.45
969,DeeJay Dallas,Sea,RB,W 29-26,0.0,Wsh,Home,83.0,11-14-23,10,False,0,43,28,31,1,-0.019999999999999973,0.0,0.0,0.4,-0.2,0.0,0.0,0.0,0.0,4.5,0.0,0.0,4.0,11.0,0.0,5.0,14.0,0.0,0.4090909090909091,0.0,0.0,0.36363636363636365,1.0,0.0,0.45454545454545453,1.2727272727272727,0.4090909090909091
474,DeeJay Dallas,Sea,RB,L 16-17,2.4,LAR,Away,54.5,11-21-23,11,False,0,43,28,17,0,0.27999999999999997,0.0,0.0,0.4,2.0,0.0,0.2,0.8,0.0,6.9,0.0,0.0,5.0,21.0,0.0,6.0,18.0,0.0,0.5750000000000001,0.0,0.0,0.4166666666666667,1.75,0.0,0.5,1.5,0.5750000000000001
1065,DeeJay Dallas,Sea,RB,L 13-31,0.5,SF,Home,75.5,11-28-23,12,False,0,43,28,27,1,0.58,0.0,0.0,0.4,3.0,0.0,0.6,2.8,0.0,7.4,0.0,0.0,6.0,26.0,0.0,8.0,28.0,0.0,0.5692307692307692,0.0,0.0,0.46153846153846156,2.0,0.0,0.6153846153846154,2.1538461538461537,0.5692307692307692
573,DeeJay Dallas,Sea,RB,L 35-41,0.6,Dal,Away,61.5,12-05-23,13,False,0,43,28,8,0,0.7,0.0,0.0,0.4,3.0,0.0,0.8,4.0,0.0,8.0,0.0,0.0,6.0,26.0,0.0,9.0,34.0,0.0,0.5714285714285714,0.0,0.0,0.42857142857142855,1.8571428571428572,0.0,0.6428571428571429,2.4285714285714284,0.5714285714285714
768,DeeJay Dallas,Sea,RB,L 16-28,0.0,SF,Away,89.5,12-12-23,14,False,0,43,28,27,0,0.7,0.0,0.0,0.4,3.0,0.0,0.8,4.0,0.0,8.0,0.0,0.0,6.0,26.0,0.0,9.0,34.0,0.0,0.5333333333333333,0.0,0.0,0.4,1.7333333333333334,0.0,0.6,2.2666666666666666,0.5333333333333333
1495,DeeJay Dallas,Sea,RB,W 20-17,0.0,Phi,Home,94.0,12-19-23,15,False,0,43,28,25,1,0.7,0.0,0.0,0.4,3.0,0.0,0.8,4.0,0.0,8.0,0.0,0.0,6.0,26.0,0.0,9.0,34.0,0.0,0.5,0.0,0.0,0.375,1.625,0.0,0.5625,2.125,0.5
1169,DeeJay Dallas,Sea,RB,W 20-17,0.2,Ten,Away,77.5,12-26-23,16,False,0,43,28,30,0,0.26,0.0,0.0,0.2,1.0,0.0,0.8,3.6,0.0,8.2,0.0,0.0,6.0,26.0,0.0,10.0,36.0,0.0,0.48235294117647054,0.0,0.0,0.35294117647058826,1.5294117647058822,0.0,0.5882352941176471,2.1176470588235294,0.48235294117647054
778,Deneric Prince,KC,RB,L 17-20,0.0,Buf,Home,89.5,12-12-23,14,False,0,44,15,3,1,0.0,0.0,0.0,0.0,0.0,0.0,0.0,0.0,0.0,0.0,0.0,0.0,0.0,0.0,0.0,0.0,0.0,0.0,0.0,0.0,0.0,0.0,0.0,0.0,0.0,0.0,0.0
1509,Deneric Prince,KC,RB,W 27-17,0.0,NE,Away,94.0,12-19-23,15,False,0,44,15,21,0,0.0,0.0,0.0,0.0,0.0,0.0,0.0,0.0,0.0,0.0,0.0,0.0,0.0,0.0,0.0,0.0,0.0,0.0,0.0,0.0,0.0,0.0,0.0,0.0,0.0,0.0,0.0
1701,Deon Jackson,NYG,RB,W 14-7,0.0,Wsh,Home,76.0,10-24-23,7,False,0,45,23,31,1,0.0,0.0,0.0,0.0,0.0,0.0,0.0,0.0,0.0,0.0,0.0,0.0,0.0,0.0,0.0,0.0,0.0,0.0,0.0,0.0,0.0,0.0,0.0,0.0,0.0,0.0,0.0
664,Deon Jackson,NYG,RB,L 6-30,0.2,LV,Away,72.0,11-07-23,9,False,0,45,23,18,0,0.1,0.0,0.0,0.0,0.0,0.0,0.5,1.0,0.0,0.2,0.0,0.0,0.0,0.0,0.0,1.0,2.0,0.0,0.1,0.0,0.0,0.0,0.0,0.0,0.5,1.0,0.1
1301,Derrick Gore,Wsh,RB,L 10-27,0.0,SF,Home,92.5,01-02-24,17,False,0,46,31,27,1,0.0,0.0,0.0,0.0,0.0,0.0,0.0,0.0,0.0,0.0,0.0,0.0,0.0,0.0,0.0,0.0,0.0,0.0,0.0,0.0,0.0,0.0,0.0,0.0,0.0,0.0,0.0
858,Derrick Gore,Wsh,RB,L 10-38,0.3,Dal,Home,70.5,01-09-24,18,False,0,46,31,8,1,0.15,0.0,0.0,0.0,0.0,0.0,0.5,1.5,0.0,0.3,0.0,0.0,0.0,0.0,0.0,1.0,3.0,0.0,0.15,0.0,0.0,0.0,0.0,0.0,0.5,1.5,0.15
106,Derrick Gore,Wsh,RB,L 31-34,0.0,Phi,Away,93.5,10-03-23,4,False,0,46,31,25,0,0.09999999999999999,0.0,0.0,0.0,0.0,0.0,0.3333333333333333,1.0,0.0,0.3,0.0,0.0,0.0,0.0,0.0,1.0,3.0,0.0,0.09999999999999999,0.0,0.0,0.0,0.0,0.0,0.3333333333333333,1.0,0.09999999999999999
419,Derrick Gore,Wsh,RB,L 20-40,0.0,Chi,Home,81.0,10-10-23,5,False,0,46,31,5,1,0.075,0.0,0.0,0.0,0.0,0.0,0.25,0.75,0.0,0.3,0.0,0.0,0.0,0.0,0.0,1.0,3.0,0.0,0.075,0.0,0.0,0.0,0.0,0.0,0.25,0.75,0.075
475,Derrick Gore,Wsh,RB,L 19-31,2.3,NYG,Home,56.0,11-21-23,11,False,0,46,31,23,1,0.5199999999999999,0.0,0.0,0.0,0.0,0.0,0.6,5.2,0.0,2.5999999999999996,0.0,0.0,0.0,0.0,0.0,3.0,26.0,0.0,0.5199999999999999,0.0,0.0,0.0,0.0,0.0,0.6,5.2,0.5199999999999999
1191,Derrick Gore,Wsh,RB,L 28-30,0.0,NYJ,Away,92.0,12-26-23,16,False,0,46,31,24,0,0.5199999999999999,0.0,0.0,0.0,0.0,0.0,0.6,5.2,0.0,2.5999999999999996,0.0,0.0,0.0,0.0,0.0,3.0,26.0,0.0,0.4333333333333333,0.0,0.0,0.0,0.0,0.0,0.5,4.333333333333333,0.4333333333333333
1255,Derrick Henry,Ten,RB,L 3-26,4.2,Hou,Away,56.5,01-02-24,17,False,0,47,30,12,0,4.2,0.0,0.0,0.0,0.0,0.0,12.0,42.0,0.0,4.2,0.0,0.0,0.0,0.0,0.0,12.0,42.0,0.0,4.2,0.0,0.0,0.0,0.0,0.0,12.0,42.0,4.2
796,Derrick Henry,Ten,RB,W 28-20,21.3,Jax,Home,9.0,01-09-24,18,False,0,47,30,14,1,12.75,0.0,0.0,0.0,0.0,0.0,15.5,97.5,0.5,25.5,0.0,0.0,0.0,0.0,0.0,31.0,195.0,1.0,12.75,0.0,0.0,0.0,0.0,0.0,15.5,97.5,12.75
121,Derrick Henry,Ten,RB,L 15-16,13.9,NO,Away,14.0,09-12-23,1,False,0,47,30,22,0,13.133333333333333,0.0,0.0,0.6666666666666666,18.666666666666668,0.0,15.333333333333334,86.0,0.3333333333333333,39.4,0.0,0.0,2.0,56.0,0.0,46.0,258.0,1.0,13.133333333333333,0.0,0.0,0.6666666666666666,18.666666666666668,0.0,15.333333333333334,86.0,13.133333333333333
1316,Derrick Henry,Ten,RB,W 27-24,18.5,LAC,Home,13.0,09-19-23,2,False,0,47,30,16,1,14.475,0.0,0.0,1.25,17.75,0.0,17.75,84.5,0.5,57.9,0.0,0.0,5.0,71.0,0.0,71.0,338.0,2.0,14.475,0.0,0.0,1.25,17.75,0.0,17.75,84.5,14.475
286,Derrick Henry,Ten,RB,L 3-27,2.0,Cle,Away,68.0,09-26-23,3,False,0,47,30,7,0,11.98,0.0,0.0,1.0,14.2,0.0,16.4,71.6,0.4,59.9,0.0,0.0,5.0,71.0,0.0,82.0,358.0,2.0,11.98,0.0,0.0,1.0,14.2,0.0,16.4,71.6,11.98
6,Derrick Henry,Ten,RB,W 27-3,24.38,Cin,Home,7.0,10-03-23,4,False,0,47,30,6,1,16.016,0.4,0.2,1.2,16.4,0.0,18.4,87.6,0.6,84.28,2.0,1.0,6.0,82.0,0.0,104.0,480.0,3.0,14.046666666666667,0.3333333333333333,0.16666666666666666,1.0,13.666666666666666,0.0,17.333333333333332,80.0,14.046666666666667
355,Derrick Henry,Ten,RB,L 16-23,9.2,Ind,Away,27.5,10-10-23,5,False,0,47,30,13,0,13.595999999999998,0.4,0.2,1.8,20.2,0.0,17.2,65.6,0.4,93.47999999999999,2.0,1.0,9.0,101.0,0.0,117.0,523.0,3.0,13.354285714285712,0.2857142857142857,0.14285714285714285,1.2857142857142858,14.428571428571429,0.0,16.714285714285715,74.71428571428571,13.354285714285712
1731,Derrick Henry,Ten,RB,L 16-24,19.3,Bal,Home,5.0,10-17-23,6,False,0,47,30,2,1,14.675999999999998,0.4,0.2,1.8,12.2,0.0,16.6,72.4,0.6,112.78,2.0,1.0,11.0,117.0,0.0,129.0,620.0,4.0,14.0975,0.25,0.125,1.375,14.625,0.0,16.125,77.5,14.0975
1534,Derrick Henry,Ten,RB,W 28-23,16.2,Atl,Home,12.0,10-31-23,8,False,0,47,30,1,1,14.216,0.4,0.2,2.0,13.4,0.0,16.0,76.6,0.4,128.98,2.0,1.0,15.0,138.0,0.0,151.0,721.0,4.0,14.33111111111111,0.2222222222222222,0.1111111111111111,1.6666666666666667,15.333333333333334,0.0,16.77777777777778,80.11111111111111,14.33111111111111
598,Derrick Henry,Ten,RB,L 16-20,19.2,Pit,Away,6.0,11-07-23,9,False,0,47,30,26,0,17.656,0.4,0.2,2.6,18.8,0.0,17.2,87.6,0.6,148.18,2.0,1.0,18.0,165.0,0.0,168.0,796.0,5.0,14.818000000000001,0.2,0.1,1.8,16.5,0.0,16.8,79.6,14.818000000000001
942,Derrick Henry,Ten,RB,L 6-20,3.0,TB,Away,48.5,11-14-23,10,False,0,47,30,29,0,13.38,0.0,0.0,2.6,15.8,0.0,15.0,68.0,0.4,151.18,2.0,1.0,19.0,161.0,0.0,179.0,820.0,5.0,13.743636363636364,0.18181818181818182,0.09090909090909091,1.7272727272727273,14.636363636363637,0.0,16.272727272727273,74.54545454545455,13.743636363636364
457,Derrick Henry,Ten,RB,L 14-34,5.4,Jax,Away,38.0,11-21-23,11,False,0,47,30,14,0,12.620000000000001,0.0,0.0,2.2,13.2,0.0,14.4,67.0,0.4,156.57999999999998,2.0,1.0,20.0,167.0,0.0,189.0,858.0,5.0,13.048333333333332,0.16666666666666666,0.08333333333333333,1.6666666666666667,13.916666666666666,0.0,15.75,71.5,13.048333333333332
999,Derrick Henry,Ten,RB,W 17-10,20.6,Car,Home,10.0,11-28-23,12,False,0,47,30,4,1,12.88,0.0,0.0,2.0,10.0,0.0,15.6,62.8,0.6,177.18,2.0,1.0,21.0,167.0,0.0,207.0,934.0,7.0,13.62923076923077,0.15384615384615385,0.07692307692307693,1.6153846153846154,12.846153846153847,0.0,15.923076923076923,71.84615384615384,13.62923076923077
516,Derrick Henry,Ten,RB,L 28-31,25.0,Ind,Home,4.0,12-05-23,13,False,0,47,30,13,1,14.64,0.0,0.0,1.4,9.4,0.0,15.4,63.0,1.0,202.18,2.0,1.0,22.0,185.0,0.0,228.0,1036.0,9.0,14.441428571428572,0.14285714285714285,0.07142857142857142,1.5714285714285714,13.214285714285714,0.0,16.285714285714285,74.0,14.441428571428572
696,Derrick Henry,Ten,RB,W 28-27,18.1,Mia,Away,11.5,12-12-23,14,False,0,47,30,19,0,14.419999999999998,0.0,0.0,1.0,7.4,0.0,15.4,54.8,1.2,220.28,2.0,1.0,23.0,202.0,0.0,245.0,1070.0,11.0,14.685333333333334,0.13333333333333333,0.06666666666666667,1.5333333333333334,13.466666666666667,0.0,16.333333333333332,71.33333333333333,14.685333333333334
1458,Derrick Henry,Ten,RB,L 16-19,5.0,Hou,Home,46.5,12-19-23,15,False,0,47,30,12,1,14.819999999999999,0.0,0.0,1.6,8.4,0.0,16.4,51.8,1.2,225.28,2.0,1.0,27.0,203.0,0.0,261.0,1079.0,11.0,14.08,0.125,0.0625,1.6875,12.6875,0.0,16.3125,67.4375,14.08
1096,Derrick Henry,Ten,RB,L 17-20,21.38,Sea,Home,5.0,12-26-23,16,False,0,47,30,28,1,18.016000000000002,2.4,0.2,1.6,9.4,0.0,18.2,61.8,1.4,246.66,14.0,2.0,28.0,214.0,0.0,280.0,1167.0,12.0,14.509411764705883,0.8235294117647058,0.11764705882352941,1.6470588235294117,12.588235294117647,0.0,16.470588235294116,68.6470588235294,14.509411764705883
1266,Deuce Vaughn,Dal,RB,W 20-19,2.2,Det,Home,67.5,01-02-24,17,False,0,48,8,10,1,2.2,0.0,0.0,1.0,10.0,0.0,2.0,2.0,0.0,2.2,0.0,0.0,1.0,10.0,0.0,2.0,2.0,0.0,2.2,0.0,0.0,1.0,10.0,0.0,2.0,2.0,2.2
184,Deuce Vaughn,Dal,RB,W 40-0,0.8,NYG,Away,77.5,09-12-23,1,False,0,48,8,23,0,1.5,0.0,0.0,0.5,5.0,0.0,4.0,5.0,0.0,3.0,0.0,0.0,1.0,10.0,0.0,8.0,10.0,0.0,1.5,0.0,0.0,0.5,5.0,0.0,4.0,5.0,1.5
1343,Deuce Vaughn,Dal,RB,W 30-10,6.2,NYJ,Home,39.0,09-19-23,2,False,0,48,8,24,1,3.0666666666666664,0.0,0.0,1.3333333333333333,8.666666666666666,0.0,3.6666666666666665,8.666666666666666,0.0,9.2,0.0,0.0,4.0,26.0,0.0,11.0,26.0,0.0,3.0666666666666664,0.0,0.0,1.3333333333333333,8.666666666666666,0.0,3.6666666666666665,8.666666666666666,3.0666666666666664
301,Deuce Vaughn,Dal,RB,L 16-28,0.0,Ari,Away,95.5,09-26-23,3,False,0,48,8,0,0,2.3,0.0,0.0,1.0,6.5,0.0,2.75,6.5,0.0,9.2,0.0,0.0,4.0,26.0,0.0,11.0,26.0,0.0,2.3,0.0,0.0,1.0,6.5,0.0,2.75,6.5,2.3
67,Deuce Vaughn,Dal,RB,W 38-3,2.1,NE,Home,68.0,10-03-23,4,False,0,48,8,21,1,2.2600000000000002,0.0,0.0,1.0,5.6,0.0,3.8,7.0,0.0,11.3,0.0,0.0,5.0,28.0,0.0,19.0,35.0,0.0,2.2600000000000002,0.0,0.0,1.0,5.6,0.0,3.8,7.0,2.2600000000000002
383,Deuce Vaughn,Dal,RB,L 10-42,1.8,SF,Away,56.5,10-10-23,5,False,0,48,8,27,0,2.18,0.0,0.0,1.0,3.8,0.0,4.0,8.0,0.0,13.1,0.0,0.0,6.0,29.0,0.0,22.0,42.0,0.0,2.183333333333333,0.0,0.0,1.0,4.833333333333333,0.0,3.6666666666666665,7.0,2.183333333333333
949,Deuce Vaughn,Dal,RB,W 49-17,1.9,NYG,Home,55.0,11-14-23,10,False,0,48,8,23,1,2.4,0.0,0.0,1.2,6.0,0.0,3.0,6.0,0.0,15.0,0.0,0.0,7.0,40.0,0.0,23.0,40.0,0.0,2.142857142857143,0.0,0.0,1.0,5.714285714285714,0.0,3.2857142857142856,5.714285714285714,2.142857142857143
1224,Devin Singletary,Hou,RB,W 26-3,11.6,Ten,Home,24.0,01-02-24,17,False,0,49,12,30,1,11.6,0.0,0.0,3.0,6.0,0.0,16.0,80.0,0.0,11.6,0.0,0.0,3.0,6.0,0.0,16.0,80.0,0.0,11.6,0.0,0.0,3.0,6.0,0.0,16.0,80.0,11.6
804,Devin Singletary,Hou,RB,W 23-19,13.5,Ind,Away,17.0,01-09-24,18,False,0,49,12,13,0,12.55,0.0,0.0,2.0,4.0,0.0,20.0,71.5,0.5,25.1,0.0,0.0,4.0,8.0,0.0,40.0,143.0,1.0,12.55,0.0,0.0,2.0,4.0,0.0,20.0,71.5,12.55
177,Devin Singletary,Hou,RB,L 9-25,1.5,Bal,Away,70.0,09-12-23,1,False,0,49,12,2,0,8.866666666666667,0.0,0.0,1.3333333333333333,2.6666666666666665,0.0,15.666666666666666,52.666666666666664,0.3333333333333333,26.6,0.0,0.0,4.0,8.0,0.0,47.0,158.0,1.0,8.866666666666667,0.0,0.0,1.3333333333333333,2.6666666666666665,0.0,15.666666666666666,52.666666666666664,8.866666666666667
1357,Devin Singletary,Hou,RB,L 20-31,3.4,Ind,Home,54.0,09-19-23,2,False,0,49,12,13,1,7.5,0.0,0.0,1.25,4.5,0.0,12.75,43.0,0.25,30.0,0.0,0.0,5.0,18.0,0.0,51.0,172.0,1.0,7.5,0.0,0.0,1.25,4.5,0.0,12.75,43.0,7.5
256,Devin Singletary,Hou,RB,W 37-17,6.5,Jax,Away,38.5,09-26-23,3,False,0,49,12,14,0,7.3,0.0,0.0,1.4,4.4,0.0,12.0,42.6,0.2,36.5,0.0,0.0,7.0,22.0,0.0,60.0,213.0,1.0,7.3,0.0,0.0,1.4,4.4,0.0,12.0,42.6,7.3
27,Devin Singletary,Hou,RB,W 30-6,8.84,Pit,Home,28.0,10-03-23,4,False,0,49,12,26,1,6.747999999999999,1.2,0.2,1.0,5.4,0.0,10.2,31.6,0.2,45.34,6.0,1.0,8.0,33.0,0.0,67.0,238.0,1.0,7.5566666666666675,1.0,0.16666666666666666,1.3333333333333333,5.5,0.0,11.166666666666666,39.666666666666664,7.5566666666666675
397,Devin Singletary,Hou,RB,L 19-21,0.0,Atl,Away,81.0,10-10-23,5,False,0,49,12,1,0,4.048,1.2,0.2,0.8,5.0,0.0,5.4,19.0,0.0,45.34,6.0,1.0,8.0,33.0,0.0,67.0,238.0,1.0,6.477142857142858,0.8571428571428571,0.14285714285714285,1.1428571428571428,4.714285714285714,0.0,9.571428571428571,34.0,6.477142857142858
1757,Devin Singletary,Hou,RB,W 20-13,7.2,NO,Home,31.5,10-17-23,6,False,0,49,12,22,1,5.188000000000001,1.2,0.2,1.0,5.8,0.0,6.4,27.6,0.0,52.54,6.0,1.0,9.0,37.0,0.0,79.0,296.0,1.0,6.5675,0.75,0.125,1.125,4.625,0.0,9.875,37.0,6.5675
1564,Devin Singletary,Hou,RB,L 13-15,6.3,Car,Away,42.0,10-31-23,8,False,0,49,12,4,0,5.768,1.2,0.2,1.2,6.4,0.0,7.6,30.8,0.0,58.84,6.0,1.0,11.0,50.0,0.0,89.0,326.0,1.0,6.537777777777778,0.6666666666666666,0.1111111111111111,1.2222222222222223,5.555555555555555,0.0,9.88888888888889,36.22222222222222,6.537777777777778
632,Devin Singletary,Hou,RB,W 39-37,4.6,TB,Home,40.0,11-07-23,9,False,0,49,12,29,1,5.388,1.2,0.2,1.2,5.6,0.0,8.4,27.8,0.0,63.44,6.0,1.0,13.0,50.0,0.0,102.0,352.0,1.0,6.343999999999999,0.6,0.1,1.3,5.0,0.0,10.2,35.2,6.343999999999999
897,Devin Singletary,Hou,RB,W 30-27,23.1,Cin,Away,3.0,11-14-23,10,False,0,49,12,6,0,8.24,0.0,0.0,1.2,5.6,0.0,13.0,52.8,0.2,86.53999999999999,6.0,1.0,14.0,61.0,0.0,132.0,502.0,2.0,7.867272727272726,0.5454545454545454,0.09090909090909091,1.2727272727272727,5.545454545454546,0.0,12.0,45.63636363636363,7.867272727272726
427,Devin Singletary,Hou,RB,W 21-16,19.8,Ari,Home,8.0,11-21-23,11,False,0,49,12,0,1,12.2,0.0,0.0,1.6,6.8,0.0,17.4,75.2,0.4,106.34,6.0,1.0,16.0,67.0,0.0,154.0,614.0,3.0,8.861666666666666,0.5,0.08333333333333333,1.3333333333333333,5.583333333333333,0.0,12.833333333333334,51.166666666666664,8.861666666666666
1007,Devin Singletary,Hou,RB,L 21-24,13.2,Jax,Home,18.0,11-28-23,12,False,0,49,12,14,1,13.4,0.0,0.0,2.6,16.8,0.0,16.2,67.2,0.4,119.53999999999999,6.0,1.0,22.0,121.0,0.0,160.0,632.0,3.0,9.195384615384615,0.46153846153846156,0.07692307692307693,1.6923076923076923,9.307692307692308,0.0,12.307692307692308,48.61538461538461,9.195384615384615
545,Devin Singletary,Hou,RB,W 22-17,5.0,Den,Home,33.0,12-05-23,13,False,0,49,12,9,1,13.14,0.0,0.0,2.4,15.0,0.0,15.8,68.4,0.4,124.53999999999999,6.0,1.0,23.0,125.0,0.0,168.0,668.0,3.0,8.895714285714286,0.42857142857142855,0.07142857142857142,1.6428571428571428,8.928571428571429,0.0,12.0,47.714285714285715,8.895714285714286
707,Devin Singletary,Hou,RB,L 6-30,12.5,NYJ,Away,22.0,12-12-23,14,False,0,49,12,24,0,14.719999999999999,0.0,0.0,2.0,15.0,0.0,15.8,76.2,0.6,137.04,6.0,1.0,23.0,125.0,0.0,181.0,733.0,4.0,9.136,0.4,0.06666666666666667,1.5333333333333334,8.333333333333334,0.0,12.066666666666666,48.86666666666667,9.136
1419,Devin Singletary,Hou,RB,W 19-16,21.0,Ten,Away,7.0,12-19-23,15,False,0,49,12,30,0,14.3,0.0,0.0,2.6,22.6,0.0,15.0,70.4,0.4,158.04,6.0,1.0,27.0,174.0,0.0,207.0,854.0,4.0,9.8775,0.375,0.0625,1.6875,10.875,0.0,12.9375,53.375,9.8775
1125,Devin Singletary,Hou,RB,L 22-36,9.3,Cle,Home,33.5,12-26-23,16,False,0,49,12,7,1,12.2,0.0,0.0,2.8,25.2,0.0,12.4,56.8,0.2,167.34,6.0,1.0,30.0,193.0,0.0,216.0,898.0,4.0,9.843529411764706,0.35294117647058826,0.058823529411764705,1.7647058823529411,11.352941176470589,0.0,12.705882352941176,52.8235294117647,9.843529411764706
1786,Devine Ozigbo,Det,RB,W 20-6,2.3,TB,Away,58.5,10-17-23,6,False,0,50,10,29,0,2.3,0.0,0.0,1.0,8.0,0.0,3.0,5.0,0.0,2.3,0.0,0.0,1.0,8.0,0.0,3.0,5.0,0.0,2.3,0.0,0.0,1.0,8.0,0.0,3.0,5.0,2.3
1722,Devine Ozigbo,Det,RB,L 6-38,0.0,Bal,Away,76.0,10-24-23,7,False,0,50,10,2,0,1.15,0.0,0.0,0.5,4.0,0.0,1.5,2.5,0.0,2.3,0.0,0.0,1.0,8.0,0.0,3.0,5.0,0.0,1.15,0.0,0.0,0.5,4.0,0.0,1.5,2.5,1.15
1630,Devine Ozigbo,Det,RB,W 26-14,0.0,LV,Home,97.0,10-31-23,8,False,0,50,10,18,1,0.7666666666666666,0.0,0.0,0.3333333333333333,2.6666666666666665,0.0,1.0,1.6666666666666667,0.0,2.3,0.0,0.0,1.0,8.0,0.0,3.0,5.0,0.0,0.7666666666666666,0.0,0.0,0.3333333333333333,2.6666666666666665,0.0,1.0,1.6666666666666667,0.7666666666666666
1410,Dwayne Washington,Den,RB,L 33-35,0.0,Wsh,Home,96.0,09-19-23,2,False,0,51,9,31,1,0.0,0.0,0.0,0.0,0.0,0.0,0.0,0.0,0.0,0.0,0.0,0.0,0.0,0.0,0.0,0.0,0.0,0.0,0.0,0.0,0.0,0.0,0.0,0.0,0.0,0.0,0.0
324,Dwayne Washington,Den,RB,L 20-70,0.0,Mia,Away,95.5,09-26-23,3,False,0,51,9,19,0,0.0,0.0,0.0,0.0,0.0,0.0,0.0,0.0,0.0,0.0,0.0,0.0,0.0,0.0,0.0,0.0,0.0,0.0,0.0,0.0,0.0,0.0,0.0,0.0,0.0,0.0,0.0
104,Dwayne Washington,Den,RB,W 31-28,0.0,Chi,Away,93.5,10-03-23,4,False,0,51,9,5,0,0.0,0.0,0.0,0.0,0.0,0.0,0.0,0.0,0.0,0.0,0.0,0.0,0.0,0.0,0.0,0.0,0.0,0.0,0.0,0.0,0.0,0.0,0.0,0.0,0.0,0.0,0.0
418,Dwayne Washington,Den,RB,L 21-31,0.0,NYJ,Home,81.0,10-10-23,5,False,0,51,9,24,1,0.0,0.0,0.0,0.0,0.0,0.0,0.0,0.0,0.0,0.0,0.0,0.0,0.0,0.0,0.0,0.0,0.0,0.0,0.0,0.0,0.0,0.0,0.0,0.0,0.0,0.0,0.0
1828,Dwayne Washington,Den,RB,L 8-19,0.0,KC,Away,93.0,10-17-23,6,False,0,51,9,15,0,0.0,0.0,0.0,0.0,0.0,0.0,0.0,0.0,0.0,0.0,0.0,0.0,0.0,0.0,0.0,0.0,0.0,0.0,0.0,0.0,0.0,0.0,0.0,0.0,0.0,0.0,0.0
1723,Dwayne Washington,Den,RB,W 19-17,0.0,GB,Home,76.0,10-24-23,7,False,0,51,9,11,1,0.0,0.0,0.0,0.0,0.0,0.0,0.0,0.0,0.0,0.0,0.0,0.0,0.0,0.0,0.0,0.0,0.0,0.0,0.0,0.0,0.0,0.0,0.0,0.0,0.0,0.0,0.0
1631,Dwayne Washington,Den,RB,W 24-9,0.0,KC,Home,97.0,10-31-23,8,False,0,51,9,15,1,0.0,0.0,0.0,0.0,0.0,0.0,0.0,0.0,0.0,0.0,0.0,0.0,0.0,0.0,0.0,0.0,0.0,0.0,0.0,0.0,0.0,0.0,0.0,0.0,0.0,0.0,0.0
988,Dwayne Washington,Den,RB,W 24-22,0.0,Buf,Away,83.0,11-14-23,10,False,0,51,9,3,0,0.0,0.0,0.0,0.0,0.0,0.0,0.0,0.0,0.0,0.0,0.0,0.0,0.0,0.0,0.0,0.0,0.0,0.0,0.0,0.0,0.0,0.0,0.0,0.0,0.0,0.0,0.0
509,Dwayne Washington,Den,RB,W 21-20,0.0,Min,Home,80.0,11-21-23,11,False,0,51,9,20,1,0.0,0.0,0.0,0.0,0.0,0.0,0.0,0.0,0.0,0.0,0.0,0.0,0.0,0.0,0.0,0.0,0.0,0.0,0.0,0.0,0.0,0.0,0.0,0.0,0.0,0.0,0.0
592,Dwayne Washington,Den,RB,L 17-22,0.0,Hou,Away,72.0,12-05-23,13,False,0,51,9,12,0,0.0,0.0,0.0,0.0,0.0,0.0,0.0,0.0,0.0,0.0,0.0,0.0,0.0,0.0,0.0,0.0,0.0,0.0,0.0,0.0,0.0,0.0,0.0,0.0,0.0,0.0,0.0
784,Dwayne Washington,Den,RB,W 24-7,0.0,LAC,Away,89.5,12-12-23,14,False,0,51,9,16,0,0.0,0.0,0.0,0.0,0.0,0.0,0.0,0.0,0.0,0.0,0.0,0.0,0.0,0.0,0.0,0.0,0.0,0.0,0.0,0.0,0.0,0.0,0.0,0.0,0.0,0.0,0.0
1517,Dwayne Washington,Den,RB,L 17-42,0.0,Det,Away,94.0,12-19-23,15,False,0,51,9,10,0,0.0,0.0,0.0,0.0,0.0,0.0,0.0,0.0,0.0,0.0,0.0,0.0,0.0,0.0,0.0,0.0,0.0,0.0,0.0,0.0,0.0,0.0,0.0,0.0,0.0,0.0,0.0
1192,Dwayne Washington,Den,RB,L 23-26,0.0,NE,Home,92.0,12-26-23,16,False,0,51,9,21,1,0.0,0.0,0.0,0.0,0.0,0.0,0.0,0.0,0.0,0.0,0.0,0.0,0.0,0.0,0.0,0.0,0.0,0.0,0.0,0.0,0.0,0.0,0.0,0.0,0.0,0.0,0.0
194,Elijah Dotson,LAC,RB,L 34-36,0.0,Mia,Home,96.0,09-12-23,1,False,0,52,16,19,1,0.0,0.0,0.0,0.0,0.0,0.0,0.0,0.0,0.0,0.0,0.0,0.0,0.0,0.0,0.0,0.0,0.0,0.0,0.0,0.0,0.0,0.0,0.0,0.0,0.0,0.0,0.0
1355,Elijah Dotson,LAC,RB,L 24-27,3.9,Ten,Away,51.5,09-19-23,2,False,0,52,16,30,0,1.95,0.0,0.0,1.0,6.5,0.0,2.0,3.0,0.0,3.9,0.0,0.0,2.0,13.0,0.0,4.0,6.0,0.0,1.95,0.0,0.0,1.0,6.5,0.0,2.0,3.0,1.95
304,Elijah Dotson,LAC,RB,W 28-24,0.0,Min,Away,95.5,09-26-23,3,False,0,52,16,20,0,1.3,0.0,0.0,0.6666666666666666,4.333333333333333,0.0,1.3333333333333333,2.0,0.0,3.9,0.0,0.0,2.0,13.0,0.0,4.0,6.0,0.0,1.3,0.0,0.0,0.6666666666666666,4.333333333333333,0.0,1.3333333333333333,2.0,1.3
84,Elijah Dotson,LAC,RB,W 24-17,0.0,LV,Home,93.5,10-03-23,4,False,0,52,16,18,1,0.975,0.0,0.0,0.5,3.25,0.0,1.0,1.5,0.0,3.9,0.0,0.0,2.0,13.0,0.0,4.0,6.0,0.0,0.975,0.0,0.0,0.5,3.25,0.0,1.0,1.5,0.975
1218,Elijah Mitchell,SF,RB,W 27-10,14.0,Wsh,Away,18.5,01-02-24,17,False,0,53,27,31,0,14.0,0.0,0.0,0.0,0.0,0.0,17.0,80.0,1.0,14.0,0.0,0.0,0.0,0.0,0.0,17.0,80.0,1.0,14.0,0.0,0.0,0.0,0.0,0.0,17.0,80.0,14.0
801,Elijah Mitchell,SF,RB,L 20-21,14.7,LAR,Home,14.0,01-09-24,18,False,0,53,27,17,1,14.35,0.0,0.0,1.0,7.5,0.0,15.5,66.0,1.0,28.7,0.0,0.0,2.0,15.0,0.0,31.0,132.0,2.0,14.35,0.0,0.0,1.0,7.5,0.0,15.5,66.0,14.35
182,Elijah Mitchell,SF,RB,W 30-7,1.0,Pit,Away,75.0,09-12-23,1,False,0,53,27,26,0,9.9,0.0,0.0,0.6666666666666666,5.0,0.0,12.0,47.333333333333336,0.6666666666666666,29.7,0.0,0.0,2.0,15.0,0.0,36.0,142.0,2.0,9.9,0.0,0.0,0.6666666666666666,5.0,0.0,12.0,47.333333333333336,9.9
249,Elijah Mitchell,SF,RB,W 30-12,7.4,NYG,Home,31.0,09-26-23,3,False,0,53,27,23,1,9.275,0.0,0.0,1.25,4.25,0.0,11.75,46.0,0.5,37.1,0.0,0.0,5.0,17.0,0.0,47.0,184.0,2.0,9.275,0.0,0.0,1.25,4.25,0.0,11.75,46.0,9.275
1830,Elijah Mitchell,SF,RB,L 17-19,-0.3,Cle,Away,104.0,10-17-23,6,False,0,53,27,7,0,7.359999999999999,0.0,0.0,1.0,3.4,0.0,9.8,36.2,0.4,36.8,0.0,0.0,5.0,17.0,0.0,49.0,181.0,2.0,7.359999999999999,0.0,0.0,1.0,3.4,0.0,9.8,36.2,7.359999999999999
1724,Elijah Mitchell,SF,RB,L 17-22,-0.1,Min,Away,90.0,10-24-23,7,False,0,53,27,20,0,4.54,0.0,0.0,1.0,3.4,0.0,6.6,20.0,0.2,36.7,0.0,0.0,5.0,17.0,0.0,50.0,180.0,2.0,6.116666666666667,0.0,0.0,0.8333333333333334,2.8333333333333335,0.0,8.333333333333334,30.0,6.116666666666667
1602,Elijah Mitchell,SF,RB,L 17-31,0.2,Cin,Home,80.5,10-31-23,8,False,0,53,27,6,1,1.6400000000000001,0.0,0.0,0.6,0.4,0.0,4.4,10.0,0.0,36.9,0.0,0.0,5.0,17.0,0.0,53.0,182.0,2.0,5.271428571428571,0.0,0.0,0.7142857142857143,2.4285714285714284,0.0,7.571428571428571,26.0,5.271428571428571
946,Elijah Mitchell,SF,RB,W 34-3,2.3,Jax,Away,52.5,11-14-23,10,False,0,53,27,14,0,1.9,0.0,0.0,0.6,0.4,0.0,5.0,12.6,0.0,39.2,0.0,0.0,5.0,17.0,0.0,61.0,205.0,2.0,4.9,0.0,0.0,0.625,2.125,0.0,7.625,25.625,4.9
473,Elijah Mitchell,SF,RB,W 27-14,2.4,TB,Home,54.5,11-21-23,11,False,0,53,27,29,1,0.9,0.0,0.0,0.0,0.0,0.0,3.6,9.0,0.0,41.6,0.0,0.0,5.0,17.0,0.0,65.0,229.0,2.0,4.622222222222223,0.0,0.0,0.5555555555555556,1.8888888888888888,0.0,7.222222222222222,25.444444444444443,4.622222222222223
1038,Elijah Mitchell,SF,RB,W 31-13,4.6,Sea,Away,49.0,11-28-23,12,False,0,53,27,28,0,1.8799999999999997,0.0,0.0,0.2,-0.6,0.0,4.6,17.4,0.0,46.2,0.0,0.0,6.0,14.0,0.0,72.0,268.0,2.0,4.62,0.0,0.0,0.6,1.4,0.0,7.2,26.8,4.62
568,Elijah Mitchell,SF,RB,W 42-19,1.3,Phi,Away,56.0,12-05-23,13,False,0,53,27,25,0,2.1599999999999997,0.0,0.0,0.2,-0.6,0.0,5.0,20.2,0.0,47.5,0.0,0.0,6.0,14.0,0.0,75.0,281.0,2.0,4.318181818181818,0.0,0.0,0.5454545454545454,1.2727272727272727,0.0,6.818181818181818,25.545454545454547,4.318181818181818
1376,Emanuel Wilson,GB,RB,L 24-25,0.5,Atl,Away,72.5,09-19-23,2,False,0,54,11,1,0,0.5,0.0,0.0,0.0,0.0,0.0,3.0,5.0,0.0,0.5,0.0,0.0,0.0,0.0,0.0,3.0,5.0,0.0,0.5,0.0,0.0,0.0,0.0,0.0,3.0,5.0,0.5
285,Emanuel Wilson,GB,RB,W 18-17,2.2,NO,Home,67.0,09-26-23,3,False,0,54,11,22,1,1.35,0.0,0.0,0.5,3.0,0.0,2.5,5.5,0.0,2.7,0.0,0.0,1.0,6.0,0.0,5.0,11.0,0.0,1.35,0.0,0.0,0.5,3.0,0.0,2.5,5.5,1.35
1679,Emanuel Wilson,GB,RB,L 17-19,4.7,Den,Away,45.0,10-24-23,7,False,0,54,11,9,0,2.466666666666667,0.0,0.0,1.0,4.666666666666667,0.0,2.3333333333333335,10.0,0.0,7.4,0.0,0.0,3.0,14.0,0.0,7.0,30.0,0.0,2.466666666666667,0.0,0.0,1.0,4.666666666666667,0.0,2.3333333333333335,10.0,2.466666666666667
634,Emanuel Wilson,GB,RB,W 20-3,4.3,LAR,Home,42.0,11-07-23,9,False,0,54,11,17,1,2.925,0.0,0.0,0.75,3.5,0.0,2.75,18.25,0.0,11.7,0.0,0.0,3.0,14.0,0.0,11.0,73.0,0.0,2.925,0.0,0.0,0.75,3.5,0.0,2.75,18.25,2.925
976,Emanuel Wilson,GB,RB,L 19-23,0.0,Pit,Away,83.0,11-14-23,10,False,0,54,11,26,0,2.34,0.0,0.0,0.6,2.8,0.0,2.2,14.6,0.0,11.7,0.0,0.0,3.0,14.0,0.0,11.0,73.0,0.0,2.34,0.0,0.0,0.6,2.8,0.0,2.2,14.6,2.34
467,Emanuel Wilson,GB,RB,W 23-20,3.1,LAC,Home,47.5,11-21-23,11,False,0,54,11,16,1,2.8600000000000003,0.0,0.0,0.8,4.6,0.0,2.2,16.0,0.0,14.8,0.0,0.0,4.0,23.0,0.0,14.0,85.0,0.0,2.466666666666667,0.0,0.0,0.6666666666666666,3.8333333333333335,0.0,2.3333333333333335,14.166666666666666,2.466666666666667
1268,Emari Demercado,Ari,RB,W 35-31,1.9,Phi,Away,69.0,01-02-24,17,False,0,55,0,25,0,1.9,0.0,0.0,1.0,9.0,0.0,0.0,0.0,0.0,1.9,0.0,0.0,1.0,9.0,0.0,0.0,0.0,0.0,1.9,0.0,0.0,1.0,9.0,0.0,0.0,0.0,1.9
861,Emari Demercado,Ari,RB,L 20-21,0.0,Sea,Home,88.5,01-09-24,18,False,0,55,0,28,1,0.95,0.0,0.0,0.5,4.5,0.0,0.0,0.0,0.0,1.9,0.0,0.0,1.0,9.0,0.0,0.0,0.0,0.0,0.95,0.0,0.0,0.5,4.5,0.0,0.0,0.0,0.95
197,Emari Demercado,Ari,RB,L 16-20,0.0,Wsh,Away,96.0,09-12-23,1,False,0,55,0,31,0,0.6333333333333333,0.0,0.0,0.3333333333333333,3.0,0.0,0.0,0.0,0.0,1.9,0.0,0.0,1.0,9.0,0.0,0.0,0.0,0.0,0.6333333333333333,0.0,0.0,0.3333333333333333,3.0,0.0,0.0,0.0,0.6333333333333333
1361,Emari Demercado,Ari,RB,L 28-31,2.5,NYG,Home,58.0,09-19-23,2,False,0,55,0,23,1,1.1,0.0,0.0,0.75,4.0,0.0,0.25,-0.5,0.0,4.4,0.0,0.0,3.0,16.0,0.0,1.0,-2.0,0.0,1.1,0.0,0.0,0.75,4.0,0.0,0.25,-0.5,1.1
298,Emari Demercado,Ari,RB,W 28-16,0.2,Dal,Home,80.0,09-26-23,3,False,0,55,0,8,1,0.9199999999999999,0.0,0.0,0.6,3.2,0.0,0.6,0.0,0.0,4.6,0.0,0.0,3.0,16.0,0.0,3.0,0.0,0.0,0.9199999999999999,0.0,0.0,0.6,3.2,0.0,0.6,0.0,0.9199999999999999
44,Emari Demercado,Ari,RB,L 16-35,5.4,SF,Away,44.5,10-03-23,4,False,0,55,0,27,0,1.6199999999999999,0.0,0.0,1.0,5.6,0.0,0.8,0.6,0.0,10.0,0.0,0.0,6.0,37.0,0.0,4.0,3.0,0.0,1.6666666666666667,0.0,0.0,1.0,6.166666666666667,0.0,0.6666666666666666,0.5,1.6666666666666667
345,Emari Demercado,Ari,RB,L 20-34,12.7,Cin,Home,18.0,10-10-23,5,False,0,55,0,6,1,4.159999999999999,0.0,0.0,1.2,8.0,0.0,2.8,9.6,0.2,22.7,0.0,0.0,7.0,49.0,0.0,14.0,48.0,1.0,3.242857142857143,0.0,0.0,1.0,7.0,0.0,2.0,6.857142857142857,3.242857142857143
1778,Emari Demercado,Ari,RB,L 9-26,2.7,LAR,Away,51.5,10-17-23,6,False,0,55,0,17,0,4.7,0.0,0.0,1.4,9.2,0.0,3.2,11.8,0.2,25.4,0.0,0.0,8.0,55.0,0.0,16.0,59.0,1.0,3.175,0.0,0.0,1.0,6.875,0.0,2.0,7.375,3.175
1656,Emari Demercado,Ari,RB,L 10-20,11.5,Sea,Away,21.5,10-24-23,7,False,0,55,0,28,0,6.5,0.0,0.0,1.8,11.2,0.0,5.6,23.8,0.2,36.9,0.0,0.0,12.0,72.0,0.0,29.0,117.0,1.0,4.1,0.0,0.0,1.3333333333333333,8.0,0.0,3.2222222222222223,13.0,4.1
1552,Emari Demercado,Ari,RB,L 24-31,8.9,Bal,Home,30.0,10-31-23,8,False,0,55,0,2,1,8.239999999999998,0.0,0.0,2.0,11.4,0.0,9.2,39.0,0.2,45.8,0.0,0.0,13.0,73.0,0.0,49.0,195.0,1.0,4.58,0.0,0.0,1.3,7.3,0.0,4.9,19.5,4.58
1058,Emari Demercado,Ari,RB,L 14-37,1.5,LAR,Home,69.0,11-28-23,12,False,0,55,0,17,1,7.459999999999999,0.0,0.0,1.4,7.2,0.0,9.6,41.4,0.2,47.3,0.0,0.0,13.0,73.0,0.0,52.0,210.0,1.0,4.3,0.0,0.0,1.1818181818181819,6.636363636363637,0.0,4.7272727272727275,19.09090909090909,4.3
577,Emari Demercado,Ari,RB,W 24-10,0.0,Pit,Away,72.0,12-05-23,13,False,0,55,0,26,0,4.92,0.0,0.0,1.2,4.8,0.0,7.6,32.4,0.0,47.3,0.0,0.0,13.0,73.0,0.0,52.0,210.0,1.0,3.9416666666666664,0.0,0.0,1.0833333333333333,6.083333333333333,0.0,4.333333333333333,17.5,3.9416666666666664
1428,Emari Demercado,Ari,RB,L 29-45,14.0,SF,Home,16.0,12-19-23,15,False,0,55,0,27,1,7.18,0.0,0.0,1.2,4.8,0.0,8.0,43.0,0.2,61.3,0.0,0.0,14.0,79.0,0.0,56.0,274.0,2.0,4.7153846153846155,0.0,0.0,1.0769230769230769,6.076923076923077,0.0,4.3076923076923075,21.076923076923077,4.7153846153846155
1113,Emari Demercado,Ari,RB,L 16-27,12.0,Chi,Away,21.5,12-26-23,16,False,0,55,0,5,0,7.279999999999999,0.0,0.0,1.8,9.4,0.0,5.8,33.4,0.2,73.3,0.0,0.0,21.0,119.0,0.0,58.0,284.0,2.0,5.235714285714286,0.0,0.0,1.5,8.5,0.0,4.142857142857143,20.285714285714285,5.235714285714286
1269,Eric Gray,NYG,RB,L 25-26,1.8,LAR,Home,70.5,01-02-24,17,False,0,56,23,17,1,1.8,0.0,0.0,1.0,6.0,0.0,1.0,2.0,0.0,1.8,0.0,0.0,1.0,6.0,0.0,1.0,2.0,0.0,1.8,0.0,0.0,1.0,6.0,0.0,1.0,2.0,1.8
835,Eric Gray,NYG,RB,W 27-10,3.8,Phi,Home,48.0,01-09-24,18,False,0,56,23,25,1,2.8,0.0,0.0,1.0,7.5,0.0,2.0,10.5,0.0,5.6,0.0,0.0,2.0,15.0,0.0,4.0,21.0,0.0,2.8,0.0,0.0,1.0,7.5,0.0,2.0,10.5,2.8
199,Eric Gray,NYG,RB,L 0-40,0.0,Dal,Home,96.0,09-12-23,1,False,0,56,23,8,1,1.8666666666666665,0.0,0.0,0.6666666666666666,5.0,0.0,1.3333333333333333,7.0,0.0,5.6,0.0,0.0,2.0,15.0,0.0,4.0,21.0,0.0,1.8666666666666665,0.0,0.0,0.6666666666666666,5.0,0.0,1.3333333333333333,7.0,1.8666666666666665
1393,Eric Gray,NYG,RB,W 31-28,0.0,Ari,Away,96.0,09-19-23,2,False,0,56,23,0,0,1.4,0.0,0.0,0.5,3.75,0.0,1.0,5.25,0.0,5.6,0.0,0.0,2.0,15.0,0.0,4.0,21.0,0.0,1.4,0.0,0.0,0.5,3.75,0.0,1.0,5.25,1.4
309,Eric Gray,NYG,RB,L 12-30,0.0,SF,Away,95.5,09-26-23,3,False,0,56,23,27,0,1.1199999999999999,0.0,0.0,0.4,3.0,0.0,0.8,4.2,0.0,5.6,0.0,0.0,2.0,15.0,0.0,4.0,21.0,0.0,1.1199999999999999,0.0,0.0,0.4,3.0,0.0,0.8,4.2,1.1199999999999999
90,Eric Gray,NYG,RB,L 3-24,0.0,Sea,Home,93.5,10-03-23,4,False,0,56,23,28,1,0.76,0.0,0.0,0.2,1.8,0.0,0.6,3.8,0.0,5.6,0.0,0.0,2.0,15.0,0.0,4.0,21.0,0.0,0.9333333333333332,0.0,0.0,0.3333333333333333,2.5,0.0,0.6666666666666666,3.5,0.9333333333333332
372,Eric Gray,NYG,RB,L 16-31,3.6,Mia,Away,45.0,10-10-23,5,False,0,56,23,19,0,0.72,0.0,0.0,0.2,0.2,0.0,2.4,5.0,0.0,9.2,0.0,0.0,3.0,16.0,0.0,16.0,46.0,0.0,1.3142857142857143,0.0,0.0,0.42857142857142855,2.2857142857142856,0.0,2.2857142857142856,6.571428571428571,1.3142857142857143
1806,Eric Gray,NYG,RB,L 9-14,0.2,Buf,Away,80.0,10-17-23,6,False,0,56,23,3,0,0.76,0.0,0.0,0.2,0.2,0.0,2.6,5.4,0.0,9.4,0.0,0.0,3.0,16.0,0.0,17.0,48.0,0.0,1.175,0.0,0.0,0.375,2.0,0.0,2.125,6.0,1.175
1709,Eric Gray,NYG,RB,W 14-7,0.0,Wsh,Home,76.0,10-24-23,7,False,0,56,23,31,1,0.76,0.0,0.0,0.2,0.2,0.0,2.6,5.4,0.0,9.4,0.0,0.0,3.0,16.0,0.0,17.0,48.0,0.0,1.0444444444444445,0.0,0.0,0.3333333333333333,1.7777777777777777,0.0,1.8888888888888888,5.333333333333333,1.0444444444444445
1080,Eric Gray,NYG,RB,W 10-7,0.0,NE,Home,90.0,11-28-23,12,False,0,56,23,21,1,0.76,0.0,0.0,0.2,0.2,0.0,2.6,5.4,0.0,9.4,0.0,0.0,3.0,16.0,0.0,17.0,48.0,0.0,0.9400000000000001,0.0,0.0,0.3,1.6,0.0,1.7,4.8,0.9400000000000001
771,Eric Gray,NYG,RB,W 24-22,0.0,GB,Home,89.5,12-12-23,14,False,0,56,23,11,1,0.76,0.0,0.0,0.2,0.2,0.0,2.6,5.4,0.0,9.4,0.0,0.0,3.0,16.0,0.0,17.0,48.0,0.0,0.8545454545454546,0.0,0.0,0.2727272727272727,1.4545454545454546,0.0,1.5454545454545454,4.363636363636363,0.8545454545454546
1467,Eric Gray,NYG,RB,L 6-24,3.6,NO,Away,54.5,12-19-23,15,False,0,56,23,22,0,0.76,0.0,0.0,0.6,1.2,0.0,0.2,0.4,0.0,13.0,0.0,0.0,6.0,22.0,0.0,17.0,48.0,0.0,1.0833333333333333,0.0,0.0,0.5,1.8333333333333333,0.0,1.4166666666666667,4.0,1.0833333333333333
1180,Eric Gray,NYG,RB,L 25-33,0.0,Phi,Away,92.0,12-26-23,16,False,0,56,23,25,0,0.72,0.0,0.0,0.6,1.2,0.0,0.0,0.0,0.0,13.0,0.0,0.0,6.0,22.0,0.0,17.0,48.0,0.0,1.0,0.0,0.0,0.46153846153846156,1.6923076923076923,0.0,1.3076923076923077,3.6923076923076925,1.0
173,Evan Hull,Ind,RB,L 21-31,1.7,Jax,Home,66.5,09-12-23,1,False,0,57,13,14,1,1.7,0.0,0.0,1.0,6.0,0.0,1.0,1.0,0.0,1.7,0.0,0.0,1.0,6.0,0.0,1.0,1.0,0.0,1.7,0.0,0.0,1.0,6.0,0.0,1.0,1.0,1.7
1225,Ezekiel Elliott,NE,RB,L 21-27,11.5,Buf,Away,26.0,01-02-24,17,False,0,58,21,3,0,11.5,0.0,0.0,1.0,6.0,0.0,14.0,39.0,1.0,11.5,0.0,0.0,1.0,6.0,0.0,14.0,39.0,1.0,11.5,0.0,0.0,1.0,6.0,0.0,14.0,39.0,11.5
807,Ezekiel Elliott,NE,RB,L 3-17,13.1,NYJ,Home,20.0,01-09-24,18,False,0,58,21,24,1,12.3,0.0,0.0,3.0,16.5,0.0,13.5,46.5,0.5,24.6,0.0,0.0,6.0,33.0,0.0,27.0,93.0,1.0,12.3,0.0,0.0,3.0,16.5,0.0,13.5,46.5,12.3
144,Ezekiel Elliott,NE,RB,L 20-25,7.3,Phi,Home,37.0,09-12-23,1,False,0,58,21,25,1,10.633333333333333,0.0,0.0,3.6666666666666665,15.666666666666666,0.0,11.333333333333334,40.666666666666664,0.3333333333333333,31.9,0.0,0.0,11.0,47.0,0.0,34.0,122.0,1.0,10.633333333333333,0.0,0.0,3.6666666666666665,15.666666666666666,0.0,11.333333333333334,40.666666666666664,10.633333333333333
1369,Ezekiel Elliott,NE,RB,L 17-24,1.3,Mia,Home,66.5,09-19-23,2,False,0,58,21,19,1,8.3,0.0,0.0,2.75,11.75,0.0,9.75,33.75,0.25,33.2,0.0,0.0,11.0,47.0,0.0,39.0,135.0,1.0,8.3,0.0,0.0,2.75,11.75,0.0,9.75,33.75,8.3
241,Ezekiel Elliott,NE,RB,W 15-10,9.7,NYJ,Away,23.0,09-26-23,3,False,0,58,21,24,0,8.58,0.0,0.0,2.4,10.8,0.0,11.0,43.0,0.2,42.9,0.0,0.0,12.0,54.0,0.0,55.0,215.0,1.0,8.58,0.0,0.0,2.4,10.8,0.0,11.0,43.0,8.58
48,Ezekiel Elliott,NE,RB,L 3-38,4.2,Dal,Away,49.0,10-03-23,4,False,0,58,21,8,0,7.12,0.0,0.0,2.6,10.8,0.0,9.4,38.4,0.0,47.1,0.0,0.0,14.0,60.0,0.0,61.0,231.0,1.0,7.8500000000000005,0.0,0.0,2.3333333333333335,10.0,0.0,10.166666666666666,38.5,7.8500000000000005
358,Ezekiel Elliott,NE,RB,L 0-34,7.8,NO,Home,31.0,10-10-23,5,False,0,58,21,22,1,6.06,0.0,0.0,2.4,8.8,0.0,8.4,31.8,0.0,54.9,0.0,0.0,18.0,77.0,0.0,69.0,252.0,1.0,7.8428571428571425,0.0,0.0,2.5714285714285716,11.0,0.0,9.857142857142858,36.0,7.8428571428571425
1746,Ezekiel Elliott,NE,RB,L 17-21,11.9,LV,Away,20.0,10-17-23,6,False,0,58,21,18,0,6.9799999999999995,0.0,0.0,1.6,9.0,0.0,8.4,32.8,0.2,66.8,0.0,0.0,19.0,92.0,0.0,76.0,286.0,2.0,8.35,0.0,0.0,2.375,11.5,0.0,9.5,35.75,8.35
1659,Ezekiel Elliott,NE,RB,W 29-25,9.1,Buf,Home,25.0,10-24-23,7,False,0,58,21,3,1,8.54,0.0,0.0,1.6,9.0,0.0,9.6,36.4,0.4,75.9,0.0,0.0,19.0,92.0,0.0,87.0,317.0,3.0,8.433333333333334,0.0,0.0,2.111111111111111,10.222222222222221,0.0,9.666666666666666,35.22222222222222,8.433333333333334
1580,Ezekiel Elliott,NE,RB,L 17-31,3.6,Mia,Away,58.0,10-31-23,8,False,0,58,21,19,0,7.32,0.0,0.0,1.4,7.6,0.0,7.8,27.6,0.4,79.5,0.0,0.0,19.0,92.0,0.0,94.0,353.0,3.0,7.95,0.0,0.0,1.9,9.2,0.0,9.4,35.3,7.95
627,Ezekiel Elliott,NE,RB,L 17-20,6.2,Wsh,Home,35.5,11-07-23,9,False,0,58,21,31,1,7.719999999999999,0.0,0.0,1.6,9.4,0.0,7.8,27.8,0.4,85.7,0.0,0.0,22.0,107.0,0.0,100.0,370.0,3.0,7.790909090909091,0.0,0.0,2.0,9.727272727272727,0.0,9.090909090909092,33.63636363636363,7.790909090909091
919,Ezekiel Elliott,NE,RB,L 6-10,10.8,Ind,Home,25.0,11-14-23,10,False,0,58,21,13,1,8.32,0.0,0.0,1.2,12.8,0.0,8.8,34.4,0.4,96.5,0.0,0.0,24.0,141.0,0.0,113.0,424.0,3.0,8.041666666666666,0.0,0.0,2.0,11.75,0.0,9.416666666666666,35.333333333333336,8.041666666666666
1028,Ezekiel Elliott,NE,RB,L 7-10,7.2,NYG,Away,40.0,11-28-23,12,False,0,58,21,23,0,7.380000000000001,0.0,0.0,1.4,11.0,0.0,9.2,36.8,0.2,103.7,0.0,0.0,26.0,147.0,0.0,122.0,470.0,3.0,7.976923076923077,0.0,0.0,2.0,11.307692307692308,0.0,9.384615384615385,36.15384615384615,7.976923076923077
527,Ezekiel Elliott,NE,RB,L 0-6,13.2,LAC,Home,15.0,12-05-23,13,False,0,58,21,16,1,8.2,0.0,0.0,2.2,19.0,0.0,10.4,41.0,0.0,116.9,0.0,0.0,30.0,187.0,0.0,139.0,522.0,3.0,8.35,0.0,0.0,2.142857142857143,13.357142857142858,0.0,9.928571428571429,37.285714285714285,8.35
686,Ezekiel Elliott,NE,RB,W 21-18,27.0,Pit,Away,1.0,12-12-23,14,False,0,58,21,26,0,12.88,0.0,0.0,3.6,33.4,0.2,13.4,47.4,0.0,143.9,0.0,0.0,37.0,259.0,1.0,161.0,590.0,3.0,9.593333333333334,0.0,0.0,2.466666666666667,17.266666666666666,0.06666666666666667,10.733333333333333,39.333333333333336,9.593333333333334
1439,Ezekiel Elliott,NE,RB,L 17-27,9.6,KC,Home,27.0,12-19-23,15,False,0,58,21,15,1,13.559999999999999,0.0,0.0,4.0,34.6,0.2,14.4,49.0,0.0,153.5,0.0,0.0,42.0,280.0,1.0,172.0,615.0,3.0,9.59375,0.0,0.0,2.625,17.5,0.0625,10.75,38.4375,9.59375
1097,Ezekiel Elliott,NE,RB,W 26-23,21.0,Den,Away,6.0,12-26-23,16,False,0,58,21,9,0,15.6,0.0,0.0,5.4,34.4,0.4,14.2,43.6,0.0,174.5,0.0,0.0,51.0,313.0,2.0,184.0,642.0,3.0,10.264705882352942,0.0,0.0,3.0,18.41176470588235,0.11764705882352941,10.823529411764707,37.76470588235294,10.264705882352942
162,Gary Brightwell,NYG,RB,L 0-40,3.1,Dal,Home,55.5,09-12-23,1,False,0,59,23,8,1,3.1,0.0,0.0,2.0,6.0,0.0,1.0,5.0,0.0,3.1,0.0,0.0,2.0,6.0,0.0,1.0,5.0,0.0,3.1,0.0,0.0,2.0,6.0,0.0,1.0,5.0,3.1
1387,Gary Brightwell,NYG,RB,W 31-28,0.0,Ari,Away,96.0,09-19-23,2,False,0,59,23,0,0,1.55,0.0,0.0,1.0,3.0,0.0,0.5,2.5,0.0,3.1,0.0,0.0,2.0,6.0,0.0,1.0,5.0,0.0,1.55,0.0,0.0,1.0,3.0,0.0,0.5,2.5,1.55
263,Gary Brightwell,NYG,RB,L 12-30,5.6,SF,Away,45.0,09-26-23,3,False,0,59,23,27,0,2.9,0.0,0.0,1.3333333333333333,12.333333333333334,0.0,1.6666666666666667,3.3333333333333335,0.0,8.7,0.0,0.0,4.0,37.0,0.0,5.0,10.0,0.0,2.9,0.0,0.0,1.3333333333333333,12.333333333333334,0.0,1.6666666666666667,3.3333333333333335,2.9
58,Gary Brightwell,NYG,RB,L 3-24,2.9,Sea,Home,58.0,10-03-23,4,False,0,59,23,28,1,2.9,0.0,0.0,1.25,11.75,0.0,2.25,4.75,0.0,11.6,0.0,0.0,5.0,47.0,0.0,9.0,19.0,0.0,2.9,0.0,0.0,1.25,11.75,0.0,2.25,4.75,2.9
398,Gary Brightwell,NYG,RB,L 16-31,0.0,Mia,Away,81.0,10-10-23,5,False,0,59,23,19,0,2.32,0.0,0.0,1.0,9.4,0.0,1.8,3.8,0.0,11.6,0.0,0.0,5.0,47.0,0.0,9.0,19.0,0.0,2.32,0.0,0.0,1.0,9.4,0.0,1.8,3.8,2.32
1811,Gary Brightwell,NYG,RB,L 9-14,0.0,Buf,Away,93.0,10-17-23,6,False,0,59,23,3,0,1.7,0.0,0.0,0.6,8.2,0.0,1.6,2.8,0.0,11.6,0.0,0.0,5.0,47.0,0.0,9.0,19.0,0.0,1.9333333333333333,0.0,0.0,0.8333333333333334,7.833333333333333,0.0,1.5,3.1666666666666665,1.9333333333333333
1703,Gary Brightwell,NYG,RB,W 14-7,0.0,Wsh,Home,76.0,10-24-23,7,False,0,59,23,31,1,1.7,0.0,0.0,0.6,8.2,0.0,1.6,2.8,0.0,11.6,0.0,0.0,5.0,47.0,0.0,9.0,19.0,0.0,1.657142857142857,0.0,0.0,0.7142857142857143,6.714285714285714,0.0,1.2857142857142858,2.7142857142857144,1.657142857142857
1296,Godwin Igwebuike,Pit,RB,W 30-23,0.0,Sea,Away,92.5,01-02-24,17,False,0,60,26,28,0,0.0,0.0,0.0,0.0,0.0,0.0,0.0,0.0,0.0,0.0,0.0,0.0,0.0,0.0,0.0,0.0,0.0,0.0,0.0,0.0,0.0,0.0,0.0,0.0,0.0,0.0,0.0
878,Godwin Igwebuike,Pit,RB,W 17-10,0.0,Bal,Away,88.5,01-09-24,18,False,0,60,26,2,0,0.0,0.0,0.0,0.0,0.0,0.0,0.0,0.0,0.0,0.0,0.0,0.0,0.0,0.0,0.0,0.0,0.0,0.0,0.0,0.0,0.0,0.0,0.0,0.0,0.0,0.0,0.0
216,Godwin Igwebuike,Pit,RB,L 7-30,0.0,SF,Home,96.0,09-12-23,1,False,0,60,26,27,1,0.0,0.0,0.0,0.0,0.0,0.0,0.0,0.0,0.0,0.0,0.0,0.0,0.0,0.0,0.0,0.0,0.0,0.0,0.0,0.0,0.0,0.0,0.0,0.0,0.0,0.0,0.0
1409,Godwin Igwebuike,Pit,RB,W 26-22,0.0,Cle,Home,96.0,09-19-23,2,False,0,60,26,7,1,0.0,0.0,0.0,0.0,0.0,0.0,0.0,0.0,0.0,0.0,0.0,0.0,0.0,0.0,0.0,0.0,0.0,0.0,0.0,0.0,0.0,0.0,0.0,0.0,0.0,0.0,0.0
1721,Godwin Igwebuike,Pit,RB,W 24-17,0.0,LAR,Away,76.0,10-24-23,7,False,0,60,26,17,0,0.0,0.0,0.0,0.0,0.0,0.0,0.0,0.0,0.0,0.0,0.0,0.0,0.0,0.0,0.0,0.0,0.0,0.0,0.0,0.0,0.0,0.0,0.0,0.0,0.0,0.0,0.0
1629,Godwin Igwebuike,Pit,RB,L 10-20,0.0,Jax,Home,97.0,10-31-23,8,False,0,60,26,14,1,0.0,0.0,0.0,0.0,0.0,0.0,0.0,0.0,0.0,0.0,0.0,0.0,0.0,0.0,0.0,0.0,0.0,0.0,0.0,0.0,0.0,0.0,0.0,0.0,0.0,0.0,0.0
680,Godwin Igwebuike,Pit,RB,W 20-16,0.0,Ten,Home,82.5,11-07-23,9,False,0,60,26,30,1,0.0,0.0,0.0,0.0,0.0,0.0,0.0,0.0,0.0,0.0,0.0,0.0,0.0,0.0,0.0,0.0,0.0,0.0,0.0,0.0,0.0,0.0,0.0,0.0,0.0,0.0,0.0
1089,Godwin Igwebuike,Pit,RB,W 16-10,0.0,Cin,Away,90.0,11-28-23,12,False,0,60,26,6,0,0.0,0.0,0.0,0.0,0.0,0.0,0.0,0.0,0.0,0.0,0.0,0.0,0.0,0.0,0.0,0.0,0.0,0.0,0.0,0.0,0.0,0.0,0.0,0.0,0.0,0.0,0.0
587,Godwin Igwebuike,Pit,RB,L 10-24,0.0,Ari,Home,72.0,12-05-23,13,False,0,60,26,0,1,0.0,0.0,0.0,0.0,0.0,0.0,0.0,0.0,0.0,0.0,0.0,0.0,0.0,0.0,0.0,0.0,0.0,0.0,0.0,0.0,0.0,0.0,0.0,0.0,0.0,0.0,0.0
777,Godwin Igwebuike,Pit,RB,L 18-21,0.0,NE,Home,89.5,12-12-23,14,False,0,60,26,21,1,0.0,0.0,0.0,0.0,0.0,0.0,0.0,0.0,0.0,0.0,0.0,0.0,0.0,0.0,0.0,0.0,0.0,0.0,0.0,0.0,0.0,0.0,0.0,0.0,0.0,0.0,0.0
1508,Godwin Igwebuike,Pit,RB,L 13-30,0.0,Ind,Away,94.0,12-19-23,15,False,0,60,26,13,0,0.0,0.0,0.0,0.0,0.0,0.0,0.0,0.0,0.0,0.0,0.0,0.0,0.0,0.0,0.0,0.0,0.0,0.0,0.0,0.0,0.0,0.0,0.0,0.0,0.0,0.0,0.0
1185,Godwin Igwebuike,Pit,RB,W 34-11,0.0,Cin,Home,92.0,12-26-23,16,False,0,60,26,6,1,0.0,0.0,0.0,0.0,0.0,0.0,0.0,0.0,0.0,0.0,0.0,0.0,0.0,0.0,0.0,0.0,0.0,0.0,0.0,0.0,0.0,0.0,0.0,0.0,0.0,0.0,0.0
1228,Gus Edwards,Bal,RB,W 56-19,10.8,Mia,Home,29.0,01-02-24,17,False,0,61,2,19,1,10.8,0.0,0.0,0.0,0.0,0.0,16.0,68.0,1.0,10.8,0.0,0.0,0.0,0.0,0.0,16.0,68.0,1.0,10.8,0.0,0.0,0.0,0.0,0.0,16.0,68.0,10.8
839,Gus Edwards,Bal,RB,L 10-17,2.8,Pit,Home,52.0,01-09-24,18,False,0,61,2,26,1,6.800000000000001,0.0,0.0,0.0,0.0,0.0,13.0,58.0,0.5,13.600000000000001,0.0,0.0,0.0,0.0,0.0,26.0,116.0,1.0,6.800000000000001,0.0,0.0,0.0,0.0,0.0,13.0,58.0,6.800000000000001
153,Gus Edwards,Bal,RB,W 25-9,5.2,Hou,Home,46.0,09-12-23,1,False,0,61,2,12,1,6.266666666666667,0.0,0.0,0.0,0.0,0.0,11.333333333333334,49.333333333333336,0.3333333333333333,18.8,0.0,0.0,0.0,0.0,0.0,34.0,148.0,1.0,6.266666666666667,0.0,0.0,0.0,0.0,0.0,11.333333333333334,49.333333333333336,6.266666666666667
1325,Gus Edwards,Bal,RB,W 27-24,12.2,Cin,Away,22.0,09-19-23,2,False,0,61,2,6,0,7.75,0.0,0.0,0.0,0.0,0.0,11.0,52.5,0.5,31.0,0.0,0.0,0.0,0.0,0.0,44.0,210.0,2.0,7.75,0.0,0.0,0.0,0.0,0.0,11.0,52.5,7.75
266,Gus Edwards,Bal,RB,L 19-22,5.1,Ind,Home,48.0,09-26-23,3,False,0,61,2,13,1,7.220000000000001,0.0,0.0,0.0,0.0,0.0,11.0,52.2,0.4,36.1,0.0,0.0,0.0,0.0,0.0,55.0,261.0,2.0,7.220000000000001,0.0,0.0,0.0,0.0,0.0,11.0,52.2,7.220000000000001
34,Gus Edwards,Bal,RB,W 28-3,6.9,Cle,Away,35.0,10-03-23,4,False,0,61,2,7,0,6.44,0.0,0.0,0.4,0.2,0.0,10.8,48.2,0.2,43.0,0.0,0.0,2.0,1.0,0.0,70.0,309.0,2.0,7.166666666666667,0.0,0.0,0.3333333333333333,0.16666666666666666,0.0,11.666666666666666,51.5,7.166666666666667
365,Gus Edwards,Bal,RB,L 10-17,4.8,Pit,Away,38.0,10-10-23,5,False,0,61,2,26,0,6.839999999999999,0.0,0.0,0.4,0.2,0.0,11.2,48.2,0.2,47.8,0.0,0.0,2.0,1.0,0.0,82.0,357.0,2.0,6.828571428571428,0.0,0.0,0.2857142857142857,0.14285714285714285,0.0,11.714285714285714,51.0,6.828571428571428
1763,Gus Edwards,Bal,RB,W 24-16,6.3,Ten,Away,37.5,10-17-23,6,False,0,61,2,30,0,7.06,0.0,0.0,0.6,2.6,0.0,12.8,50.0,0.2,54.1,0.0,0.0,3.0,13.0,0.0,98.0,398.0,2.0,6.7625,0.0,0.0,0.375,1.625,0.0,12.25,49.75,6.7625
1640,Gus Edwards,Bal,RB,W 38-6,21.4,Det,Home,6.0,10-24-23,7,False,0,61,2,10,1,8.9,0.0,0.0,0.8,18.6,0.0,13.6,50.4,0.2,75.5,0.0,0.0,4.0,93.0,0.0,112.0,462.0,3.0,8.38888888888889,0.0,0.0,0.4444444444444444,10.333333333333334,0.0,12.444444444444445,51.333333333333336,8.38888888888889
1525,Gus Edwards,Bal,RB,W 31-24,29.4,Ari,Away,3.0,10-31-23,8,False,0,61,2,0,0,13.76,0.0,0.0,1.2,21.4,0.0,15.2,56.2,0.8,104.9,0.0,0.0,6.0,107.0,0.0,131.0,542.0,6.0,10.49,0.0,0.0,0.6,10.7,0.0,13.1,54.2,10.49
603,Gus Edwards,Bal,RB,W 37-3,17.2,Sea,Home,11.0,11-07-23,9,False,0,61,2,28,1,15.819999999999999,0.0,0.0,0.8,21.2,0.0,13.2,57.0,1.2,122.1,0.0,0.0,6.0,107.0,0.0,136.0,594.0,8.0,11.1,0.0,0.0,0.5454545454545454,9.727272727272727,0.0,12.363636363636363,54.0,11.1
925,Gus Edwards,Bal,RB,L 31-33,9.8,Cle,Home,31.0,11-14-23,10,False,0,61,2,7,1,16.82,0.0,0.0,1.0,22.0,0.0,13.0,52.2,1.4,131.9,0.0,0.0,7.0,111.0,0.0,147.0,618.0,9.0,10.991666666666667,0.0,0.0,0.5833333333333334,9.25,0.0,12.25,51.5,10.991666666666667
425,Gus Edwards,Bal,RB,W 34-20,21.0,Cin,Home,5.5,11-21-23,11,False,0,61,2,6,1,19.759999999999998,0.0,0.0,1.2,21.2,0.0,12.2,56.4,1.8,152.9,0.0,0.0,9.0,119.0,0.0,159.0,680.0,11.0,11.761538461538462,0.0,0.0,0.6923076923076923,9.153846153846153,0.0,12.23076923076923,52.30769230769231,11.761538461538462
1037,Gus Edwards,Bal,RB,W 20-10,4.7,LAC,Away,48.0,11-28-23,12,False,0,61,2,16,0,16.419999999999998,0.0,0.0,1.2,7.4,0.0,11.0,48.8,1.6,157.6,0.0,0.0,10.0,130.0,0.0,167.0,706.0,11.0,11.257142857142856,0.0,0.0,0.7142857142857143,9.285714285714286,0.0,11.928571428571429,50.42857142857143,11.257142857142856
747,Gus Edwards,Bal,RB,W 37-31,1.5,LAR,Home,62.0,12-12-23,14,False,0,61,2,17,1,10.84,0.0,0.0,0.8,4.6,0.0,8.4,35.8,1.0,159.1,0.0,0.0,10.0,130.0,0.0,173.0,721.0,11.0,10.606666666666666,0.0,0.0,0.6666666666666666,8.666666666666666,0.0,11.533333333333333,48.06666666666667,10.606666666666666
1429,Gus Edwards,Bal,RB,W 23-7,13.9,Jax,Away,17.0,12-19-23,15,False,0,61,2,14,0,10.180000000000001,0.0,0.0,1.0,6.8,0.0,10.6,37.0,0.8,173.0,0.0,0.0,11.0,141.0,0.0,189.0,779.0,12.0,10.8125,0.0,0.0,0.6875,8.8125,0.0,11.8125,48.6875,10.8125
1109,Gus Edwards,Bal,RB,W 33-19,14.0,SF,Away,18.0,12-26-23,16,False,0,61,2,27,0,11.02,0.0,0.0,1.0,13.8,0.0,10.2,38.4,0.8,187.0,0.0,0.0,12.0,180.0,0.0,198.0,810.0,13.0,11.0,0.0,0.0,0.7058823529411765,10.588235294117647,0.0,11.647058823529411,47.64705882352941,11.0
1294,Hunter Luepke,Dal,RB,W 20-19,0.0,Det,Home,92.5,01-02-24,17,False,0,62,8,10,1,0.0,0.0,0.0,0.0,0.0,0.0,0.0,0.0,0.0,0.0,0.0,0.0,0.0,0.0,0.0,0.0,0.0,0.0,0.0,0.0,0.0,0.0,0.0,0.0,0.0,0.0,0.0
876,Hunter Luepke,Dal,RB,W 38-10,0.0,Wsh,Away,88.5,01-09-24,18,False,0,62,8,31,0,0.0,0.0,0.0,0.0,0.0,0.0,0.0,0.0,0.0,0.0,0.0,0.0,0.0,0.0,0.0,0.0,0.0,0.0,0.0,0.0,0.0,0.0,0.0,0.0,0.0,0.0,0.0
203,Hunter Luepke,Dal,RB,W 40-0,0.0,NYG,Away,96.0,09-12-23,1,False,0,62,8,23,0,0.0,0.0,0.0,0.0,0.0,0.0,0.0,0.0,0.0,0.0,0.0,0.0,0.0,0.0,0.0,0.0,0.0,0.0,0.0,0.0,0.0,0.0,0.0,0.0,0.0,0.0,0.0
1398,Hunter Luepke,Dal,RB,W 30-10,0.0,NYJ,Home,96.0,09-19-23,2,False,0,62,8,24,1,0.0,0.0,0.0,0.0,0.0,0.0,0.0,0.0,0.0,0.0,0.0,0.0,0.0,0.0,0.0,0.0,0.0,0.0,0.0,0.0,0.0,0.0,0.0,0.0,0.0,0.0,0.0
281,Hunter Luepke,Dal,RB,L 16-28,3.1,Ari,Away,61.5,09-26-23,3,False,0,62,8,0,0,0.62,0.0,0.0,0.2,2.4,0.0,0.2,1.8,0.0,3.1,0.0,0.0,1.0,12.0,0.0,1.0,9.0,0.0,0.62,0.0,0.0,0.2,2.4,0.0,0.2,1.8,0.62
37,Hunter Luepke,Dal,RB,W 38-3,6.4,NE,Home,38.0,10-03-23,4,False,0,62,8,21,1,1.9,0.0,0.0,0.2,2.4,0.0,0.6,2.6,0.2,9.5,0.0,0.0,1.0,12.0,0.0,3.0,13.0,1.0,1.5833333333333333,0.0,0.0,0.16666666666666666,2.0,0.0,0.5,2.1666666666666665,1.5833333333333333
409,Hunter Luepke,Dal,RB,L 10-42,0.0,SF,Away,81.0,10-10-23,5,False,0,62,8,27,0,1.9,0.0,0.0,0.2,2.4,0.0,0.6,2.6,0.2,9.5,0.0,0.0,1.0,12.0,0.0,3.0,13.0,1.0,1.3571428571428572,0.0,0.0,0.14285714285714285,1.7142857142857142,0.0,0.42857142857142855,1.8571428571428572,1.3571428571428572
1822,Hunter Luepke,Dal,RB,W 20-17,0.0,LAC,Away,93.0,10-17-23,6,False,0,62,8,16,0,1.9,0.0,0.0,0.2,2.4,0.0,0.6,2.6,0.2,9.5,0.0,0.0,1.0,12.0,0.0,3.0,13.0,1.0,1.1875,0.0,0.0,0.125,1.5,0.0,0.375,1.625,1.1875
1597,Hunter Luepke,Dal,RB,W 43-20,0.8,LAR,Home,74.5,10-31-23,8,False,0,62,8,17,1,2.06,0.0,0.0,0.4,2.0,0.0,0.6,2.6,0.2,10.3,0.0,0.0,2.0,10.0,0.0,3.0,13.0,1.0,1.1444444444444446,0.0,0.0,0.2222222222222222,1.1111111111111112,0.0,0.3333333333333333,1.4444444444444444,1.1444444444444446
678,Hunter Luepke,Dal,RB,L 23-28,0.0,Phi,Away,82.5,11-07-23,9,False,0,62,8,25,0,1.44,0.0,0.0,0.2,-0.4,0.0,0.4,0.8,0.2,10.3,0.0,0.0,2.0,10.0,0.0,3.0,13.0,1.0,1.03,0.0,0.0,0.2,1.0,0.0,0.3,1.3,1.03
984,Hunter Luepke,Dal,RB,W 49-17,0.0,NYG,Home,83.0,11-14-23,10,False,0,62,8,23,1,0.16,0.0,0.0,0.2,-0.4,0.0,0.0,0.0,0.0,10.3,0.0,0.0,2.0,10.0,0.0,3.0,13.0,1.0,0.9363636363636364,0.0,0.0,0.18181818181818182,0.9090909090909091,0.0,0.2727272727272727,1.1818181818181819,0.9363636363636364
504,Hunter Luepke,Dal,RB,W 33-10,0.0,Car,Away,80.0,11-21-23,11,False,0,62,8,4,0,0.16,0.0,0.0,0.2,-0.4,0.0,0.0,0.0,0.0,10.3,0.0,0.0,2.0,10.0,0.0,3.0,13.0,1.0,0.8583333333333334,0.0,0.0,0.16666666666666666,0.8333333333333334,0.0,0.25,1.0833333333333333,0.8583333333333334
1087,Hunter Luepke,Dal,RB,W 45-10,0.0,Wsh,Home,90.0,11-28-23,12,False,0,62,8,31,1,0.16,0.0,0.0,0.2,-0.4,0.0,0.0,0.0,0.0,10.3,0.0,0.0,2.0,10.0,0.0,3.0,13.0,1.0,0.7923076923076924,0.0,0.0,0.15384615384615385,0.7692307692307693,0.0,0.23076923076923078,1.0,0.7923076923076924
586,Hunter Luepke,Dal,RB,W 41-35,0.0,Sea,Home,72.0,12-05-23,13,False,0,62,8,28,1,0.0,0.0,0.0,0.0,0.0,0.0,0.0,0.0,0.0,10.3,0.0,0.0,2.0,10.0,0.0,3.0,13.0,1.0,0.7357142857142858,0.0,0.0,0.14285714285714285,0.7142857142857143,0.0,0.21428571428571427,0.9285714285714286,0.7357142857142858
776,Hunter Luepke,Dal,RB,W 33-13,0.0,Phi,Home,89.5,12-12-23,14,False,0,62,8,25,1,0.0,0.0,0.0,0.0,0.0,0.0,0.0,0.0,0.0,10.3,0.0,0.0,2.0,10.0,0.0,3.0,13.0,1.0,0.6866666666666668,0.0,0.0,0.13333333333333333,0.6666666666666666,0.0,0.2,0.8666666666666667,0.6866666666666668
1491,Hunter Luepke,Dal,RB,L 10-31,0.3,Buf,Away,78.5,12-19-23,15,False,0,62,8,3,0,0.06,0.0,0.0,0.0,0.0,0.0,0.2,0.6,0.0,10.6,0.0,0.0,2.0,10.0,0.0,4.0,16.0,1.0,0.6625,0.0,0.0,0.125,0.625,0.0,0.25,1.0,0.6625
1152,Hunter Luepke,Dal,RB,L 20-22,2.1,Mia,Away,60.5,12-26-23,16,False,0,62,8,19,0,0.48,0.0,0.0,0.2,1.6,0.0,0.6,1.2,0.0,12.7,0.0,0.0,3.0,18.0,0.0,6.0,19.0,1.0,0.7470588235294118,0.0,0.0,0.17647058823529413,1.0588235294117647,0.0,0.35294117647058826,1.1176470588235294,0.7470588235294118
1262,Isaiah Spiller,LAC,RB,L 9-16,2.9,Den,Away,63.0,01-02-24,17,False,0,63,16,9,0,2.9,0.0,0.0,2.0,10.0,0.0,1.0,-1.0,0.0,2.9,0.0,0.0,2.0,10.0,0.0,1.0,-1.0,0.0,2.9,0.0,0.0,2.0,10.0,0.0,1.0,-1.0,2.9
1378,Isaiah Spiller,LAC,RB,L 24-27,0.3,Ten,Away,76.0,09-19-23,2,False,0,63,16,30,0,1.5999999999999999,0.0,0.0,1.0,5.0,0.0,1.0,1.0,0.0,3.1999999999999997,0.0,0.0,2.0,10.0,0.0,2.0,2.0,0.0,1.5999999999999999,0.0,0.0,1.0,5.0,0.0,1.0,1.0,1.5999999999999999
295,Isaiah Spiller,LAC,RB,W 28-24,0.7,Min,Away,77.0,09-26-23,3,False,0,63,16,20,0,1.3,0.0,0.0,0.6666666666666666,3.3333333333333335,0.0,1.3333333333333333,3.0,0.0,3.9,0.0,0.0,2.0,10.0,0.0,4.0,9.0,0.0,1.3,0.0,0.0,0.6666666666666666,3.3333333333333335,0.0,1.3333333333333333,3.0,1.3
47,Isaiah Spiller,LAC,RB,W 24-17,4.7,LV,Home,48.0,10-03-23,4,False,0,63,16,18,1,2.15,0.0,0.0,1.0,6.25,0.0,2.25,5.25,0.0,8.6,0.0,0.0,4.0,25.0,0.0,9.0,21.0,0.0,2.15,0.0,0.0,1.0,6.25,0.0,2.25,5.25,2.15
1805,Isaiah Spiller,LAC,RB,L 17-20,0.2,Dal,Home,80.0,10-17-23,6,False,0,63,16,8,1,1.7600000000000002,0.0,0.0,0.8,5.0,0.0,2.0,4.6,0.0,8.8,0.0,0.0,4.0,25.0,0.0,10.0,23.0,0.0,1.7600000000000002,0.0,0.0,0.8,5.0,0.0,2.0,4.6,1.7600000000000002
1591,Isaiah Spiller,LAC,RB,W 30-13,1.8,Chi,Home,69.0,10-31-23,8,False,0,63,16,5,1,1.54,0.0,0.0,0.6,4.0,0.0,2.4,5.4,0.0,10.600000000000001,0.0,0.0,5.0,30.0,0.0,13.0,26.0,0.0,1.7666666666666668,0.0,0.0,0.8333333333333334,5.0,0.0,2.1666666666666665,4.333333333333333,1.7666666666666668
743,Isaiah Spiller,LAC,RB,L 7-24,1.9,Den,Home,58.0,12-12-23,14,False,0,63,16,9,1,1.86,0.0,0.0,0.6,4.0,0.0,3.4,8.6,0.0,12.5,0.0,0.0,5.0,30.0,0.0,19.0,45.0,0.0,1.7857142857142858,0.0,0.0,0.7142857142857143,4.285714285714286,0.0,2.7142857142857144,6.428571428571429,1.7857142857142858
1459,Isaiah Spiller,LAC,RB,L 21-63,5.0,LV,Away,46.5,12-19-23,15,False,0,63,16,18,0,2.72,0.0,0.0,0.6,4.0,0.0,6.2,17.2,0.0,17.5,0.0,0.0,5.0,30.0,0.0,35.0,95.0,0.0,2.1875,0.0,0.0,0.625,3.75,0.0,4.375,11.875,2.1875
1159,Isaiah Spiller,LAC,RB,L 22-24,1.5,Buf,Home,68.5,12-26-23,16,False,0,63,16,3,1,2.08,0.0,0.0,0.4,1.8,0.0,5.6,15.0,0.0,19.0,0.0,0.0,6.0,34.0,0.0,37.0,96.0,0.0,2.111111111111111,0.0,0.0,0.6666666666666666,3.7777777777777777,0.0,4.111111111111111,10.666666666666666,2.111111111111111
1201,Isiah Pacheco,KC,RB,W 25-17,29.5,Cin,Home,2.0,01-02-24,17,False,0,64,15,6,1,29.5,0.0,0.0,7.0,35.0,1.0,18.0,130.0,0.0,29.5,0.0,0.0,7.0,35.0,1.0,18.0,130.0,0.0,29.5,0.0,0.0,7.0,35.0,1.0,18.0,130.0,29.5
137,Isiah Pacheco,KC,RB,L 20-21,9.4,Det,Home,30.0,09-12-23,1,False,0,64,15,10,1,19.45,0.0,0.0,5.5,33.0,0.5,13.0,76.5,0.0,38.9,0.0,0.0,11.0,66.0,1.0,26.0,153.0,0.0,19.45,0.0,0.0,5.5,33.0,0.5,13.0,76.5,19.45
1332,Isiah Pacheco,KC,RB,W 17-9,8.0,Jax,Away,29.0,09-19-23,2,False,0,64,15,14,0,15.633333333333333,0.0,0.0,4.0,22.0,0.3333333333333333,12.666666666666666,74.33333333333333,0.0,46.9,0.0,0.0,12.0,66.0,1.0,38.0,223.0,0.0,15.633333333333333,0.0,0.0,4.0,22.0,0.3333333333333333,12.666666666666666,74.33333333333333,15.633333333333333
230,Isiah Pacheco,KC,RB,W 41-10,15.8,Chi,Home,12.0,09-26-23,3,False,0,64,15,5,1,15.675,0.0,0.0,3.5,20.5,0.25,13.25,71.25,0.25,62.7,0.0,0.0,14.0,82.0,1.0,53.0,285.0,1.0,15.675,0.0,0.0,3.5,20.5,0.25,13.25,71.25,15.675
5,Isiah Pacheco,KC,RB,W 23-20,24.8,NYJ,Away,6.0,10-03-23,4,False,0,64,15,24,0,17.5,0.0,0.0,3.4,25.0,0.2,14.6,80.0,0.4,87.5,0.0,0.0,17.0,125.0,1.0,73.0,400.0,2.0,17.5,0.0,0.0,3.4,25.0,0.2,14.6,80.0,17.5
342,Isiah Pacheco,KC,RB,W 27-20,13.4,Min,Away,14.5,10-10-23,5,False,0,64,15,20,0,14.280000000000001,0.0,0.0,2.2,19.8,0.0,14.2,65.0,0.6,100.9,0.0,0.0,18.0,134.0,1.0,89.0,455.0,3.0,16.816666666666666,0.0,0.0,3.0,22.333333333333332,0.16666666666666666,14.833333333333334,75.83333333333333,16.816666666666666
1740,Isiah Pacheco,KC,RB,W 19-8,15.8,Den,Home,14.0,10-17-23,6,False,0,64,15,9,1,15.559999999999999,0.0,0.0,2.6,20.8,0.0,15.8,72.8,0.6,116.7,0.0,0.0,24.0,170.0,1.0,105.0,517.0,3.0,16.67142857142857,0.0,0.0,3.4285714285714284,24.285714285714285,0.14285714285714285,15.0,73.85714285714286,16.67142857142857
1645,Isiah Pacheco,KC,RB,W 31-17,16.0,LAC,Home,11.0,10-24-23,7,False,0,64,15,16,1,17.160000000000004,0.0,0.0,3.2,26.4,0.2,16.0,65.2,0.6,132.7,0.0,0.0,28.0,198.0,2.0,118.0,549.0,3.0,16.5875,0.0,0.0,3.5,24.75,0.25,14.75,68.625,16.5875
1561,Isiah Pacheco,KC,RB,L 9-24,6.7,Den,Away,39.0,10-31-23,8,False,0,64,15,9,0,15.34,0.0,0.0,3.4,22.6,0.2,14.6,60.8,0.4,139.4,0.0,0.0,31.0,195.0,2.0,126.0,589.0,3.0,15.488888888888889,0.0,0.0,3.4444444444444446,21.666666666666668,0.2222222222222222,14.0,65.44444444444444,15.488888888888889
626,Isiah Pacheco,KC,RB,W 21-14,6.6,Mia,Home,34.0,11-07-23,9,False,0,64,15,19,1,11.7,0.0,0.0,2.8,14.0,0.2,13.8,51.0,0.2,146.0,0.0,0.0,31.0,195.0,2.0,142.0,655.0,3.0,14.6,0.0,0.0,3.1,19.5,0.2,14.2,65.5,14.6
442,Isiah Pacheco,KC,RB,L 17-21,10.1,Phi,Home,22.5,11-21-23,11,False,0,64,15,25,1,11.040000000000001,0.0,0.0,2.8,12.6,0.2,14.4,57.8,0.0,156.1,0.0,0.0,32.0,197.0,2.0,161.0,744.0,3.0,14.19090909090909,0.0,0.0,2.909090909090909,17.90909090909091,0.18181818181818182,14.636363636363637,67.63636363636364,14.19090909090909
993,Isiah Pacheco,KC,RB,W 31-17,25.9,LV,Away,4.0,11-28-23,12,False,0,64,15,18,0,13.059999999999999,0.0,0.0,2.6,12.2,0.2,14.2,56.4,0.4,182.0,0.0,0.0,37.0,231.0,2.0,176.0,799.0,5.0,15.166666666666666,0.0,0.0,3.0833333333333335,19.25,0.16666666666666666,14.666666666666666,66.58333333333333,15.166666666666666
520,Isiah Pacheco,KC,RB,L 19-27,21.3,GB,Away,8.0,12-05-23,13,False,0,64,15,11,0,14.12,0.0,0.0,2.4,9.2,0.0,15.2,72.0,0.6,203.3,0.0,0.0,40.0,244.0,2.0,194.0,909.0,6.0,15.63846153846154,0.0,0.0,3.076923076923077,18.76923076923077,0.15384615384615385,14.923076923076923,69.92307692307692,15.63846153846154
1119,Isiah Pacheco,KC,RB,L 14-20,10.6,LV,Home,28.0,12-26-23,16,False,0,64,15,18,1,14.9,0.0,0.0,2.6,9.8,0.0,15.8,69.2,0.8,213.9,0.0,0.0,44.0,244.0,2.0,205.0,935.0,7.0,15.278571428571428,0.0,0.0,3.142857142857143,17.428571428571427,0.14285714285714285,14.642857142857142,66.78571428571429,15.278571428571428
1252,Israel Abanikanda,NYJ,RB,L 20-37,5.0,Cle,Away,52.5,01-02-24,17,False,0,65,24,7,0,5.0,0.0,0.0,4.0,27.0,0.0,2.0,3.0,0.0,5.0,0.0,0.0,4.0,27.0,0.0,2.0,3.0,0.0,5.0,0.0,0.0,4.0,27.0,0.0,2.0,3.0,5.0
855,Israel Abanikanda,NYJ,RB,W 17-3,0.6,NE,Away,67.0,01-09-24,18,False,0,65,24,21,0,2.8,0.0,0.0,2.0,13.5,0.0,2.5,4.5,0.0,5.6,0.0,0.0,4.0,27.0,0.0,5.0,9.0,0.0,2.8,0.0,0.0,2.0,13.5,0.0,2.5,4.5,2.8
472,Israel Abanikanda,NYJ,RB,L 6-32,2.6,Buf,Away,52.5,11-21-23,11,False,0,65,24,3,0,2.733333333333333,0.0,0.0,1.6666666666666667,10.666666666666666,0.0,2.0,6.666666666666667,0.0,8.2,0.0,0.0,5.0,32.0,0.0,6.0,20.0,0.0,2.733333333333333,0.0,0.0,1.6666666666666667,10.666666666666666,0.0,2.0,6.666666666666667,2.733333333333333
787,Israel Abanikanda,NYJ,RB,W 30-6,-0.1,Hou,Home,102.0,12-12-23,14,False,0,65,24,12,1,2.025,0.0,0.0,1.25,8.0,0.0,2.25,4.75,0.0,8.1,0.0,0.0,5.0,32.0,0.0,9.0,19.0,0.0,2.025,0.0,0.0,1.25,8.0,0.0,2.25,4.75,2.025
1464,Israel Abanikanda,NYJ,RB,L 0-30,3.9,Mia,Away,52.0,12-19-23,15,False,0,65,24,19,0,2.4,0.0,0.0,1.4,8.6,0.0,2.6,5.4,0.0,12.0,0.0,0.0,7.0,43.0,0.0,13.0,27.0,0.0,2.4,0.0,0.0,1.4,8.6,0.0,2.6,5.4,2.4
1142,Israel Abanikanda,NYJ,RB,W 30-28,4.3,Wsh,Home,51.0,12-26-23,16,False,0,65,24,31,1,2.2600000000000002,0.0,0.0,0.6,3.2,0.0,4.0,13.4,0.0,16.3,0.0,0.0,7.0,43.0,0.0,22.0,70.0,0.0,2.716666666666667,0.0,0.0,1.1666666666666667,7.166666666666667,0.0,3.6666666666666665,11.666666666666666,2.716666666666667
130,J.K. Dobbins,Bal,RB,W 25-9,11.7,Hou,Home,23.0,09-12-23,1,False,0,66,2,12,1,11.7,0.0,0.0,2.0,15.0,0.0,8.0,22.0,1.0,11.7,0.0,0.0,2.0,15.0,0.0,8.0,22.0,1.0,11.7,0.0,0.0,2.0,15.0,0.0,8.0,22.0,11.7
1829,J.P. Holtz,NO,RB,L 13-20,0.0,Hou,Away,93.0,10-17-23,6,False,0,67,22,12,0,0.0,0.0,0.0,0.0,0.0,0.0,0.0,0.0,0.0,0.0,0.0,0.0,0.0,0.0,0.0,0.0,0.0,0.0,0.0,0.0,0.0,0.0,0.0,0.0,0.0,0.0,0.0
91,JaMycal Hasty,Jax,RB,W 23-7,0.0,Atl,Home,93.5,10-03-23,4,False,0,68,14,1,1,0.0,0.0,0.0,0.0,0.0,0.0,0.0,0.0,0.0,0.0,0.0,0.0,0.0,0.0,0.0,0.0,0.0,0.0,0.0,0.0,0.0,0.0,0.0,0.0,0.0,0.0,0.0
1618,JaMycal Hasty,Jax,RB,W 20-10,0.0,Pit,Away,97.0,10-31-23,8,False,0,68,14,26,0,0.0,0.0,0.0,0.0,0.0,0.0,0.0,0.0,0.0,0.0,0.0,0.0,0.0,0.0,0.0,0.0,0.0,0.0,0.0,0.0,0.0,0.0,0.0,0.0,0.0,0.0,0.0
1503,JaMycal Hasty,NE,RB,L 17-27,0.0,KC,Home,94.0,12-19-23,15,False,0,68,21,15,1,0.0,0.0,0.0,0.0,0.0,0.0,0.0,0.0,0.0,0.0,0.0,0.0,0.0,0.0,0.0,0.0,0.0,0.0,0.0,0.0,0.0,0.0,0.0,0.0,0.0,0.0,0.0
1181,JaMycal Hasty,NE,RB,W 26-23,0.0,Den,Away,92.0,12-26-23,16,False,0,68,21,9,0,0.0,0.0,0.0,0.0,0.0,0.0,0.0,0.0,0.0,0.0,0.0,0.0,0.0,0.0,0.0,0.0,0.0,0.0,0.0,0.0,0.0,0.0,0.0,0.0,0.0,0.0,0.0
1250,Jahmyr Gibbs,Det,RB,L 19-20,5.3,Dal,Away,50.5,01-02-24,17,False,0,69,10,8,0,5.3,0.0,0.0,1.0,0.0,0.0,15.0,43.0,0.0,5.3,0.0,0.0,1.0,0.0,0.0,15.0,43.0,0.0,5.3,0.0,0.0,1.0,0.0,0.0,15.0,43.0,5.3
817,Jahmyr Gibbs,Det,RB,W 30-20,9.0,Min,Home,30.0,01-09-24,18,False,0,69,10,20,1,7.15,0.0,0.0,0.5,0.0,0.0,14.0,36.5,0.5,14.3,0.0,0.0,1.0,0.0,0.0,28.0,73.0,1.0,7.15,0.0,0.0,0.5,0.0,0.0,14.0,36.5,7.15
143,Jahmyr Gibbs,Det,RB,W 21-20,8.0,KC,Away,36.0,09-12-23,1,False,0,69,10,15,0,7.433333333333334,0.0,0.0,1.0,6.0,0.0,11.666666666666666,38.333333333333336,0.3333333333333333,22.3,0.0,0.0,3.0,18.0,0.0,35.0,115.0,1.0,7.433333333333334,0.0,0.0,1.0,6.0,0.0,11.666666666666666,38.333333333333336,7.433333333333334
1322,Jahmyr Gibbs,Det,RB,L 31-37,12.6,Sea,Home,19.5,09-19-23,2,False,0,69,10,28,1,8.725,0.0,0.0,2.5,14.25,0.0,10.5,33.0,0.25,34.9,0.0,0.0,10.0,57.0,0.0,42.0,132.0,1.0,8.725,0.0,0.0,2.5,14.25,0.0,10.5,33.0,8.725
242,Jahmyr Gibbs,Det,RB,W 20-6,9.2,Atl,Home,24.5,09-26-23,3,False,0,69,10,1,1,8.82,0.0,0.0,2.2,11.8,0.0,11.8,42.4,0.2,44.1,0.0,0.0,11.0,59.0,0.0,59.0,212.0,1.0,8.82,0.0,0.0,2.2,11.8,0.0,11.8,42.4,8.82
24,Jahmyr Gibbs,Det,RB,W 34-20,9.1,GB,Away,25.0,10-03-23,4,False,0,69,10,11,0,9.580000000000002,0.0,0.0,2.8,14.0,0.0,10.4,41.8,0.2,53.2,0.0,0.0,15.0,70.0,0.0,67.0,252.0,1.0,8.866666666666667,0.0,0.0,2.5,11.666666666666666,0.0,11.166666666666666,42.0,8.866666666666667
1637,Jahmyr Gibbs,Det,RB,L 6-38,27.6,Bal,Away,3.0,10-24-23,7,False,0,69,10,2,0,13.3,0.0,0.0,4.6,25.6,0.0,10.0,49.4,0.2,80.8,0.0,0.0,24.0,128.0,0.0,78.0,320.0,2.0,11.542857142857143,0.0,0.0,3.4285714285714284,18.285714285714285,0.0,11.142857142857142,45.714285714285715,11.542857142857143
1523,Jahmyr Gibbs,Det,RB,W 26-14,29.9,LV,Home,1.0,10-31-23,8,False,0,69,10,18,1,17.68,0.0,0.0,5.2,29.4,0.0,13.8,71.4,0.4,110.7,0.0,0.0,29.0,165.0,0.0,104.0,472.0,3.0,13.8375,0.0,0.0,3.625,20.625,0.0,13.0,59.0,13.8375
896,Jahmyr Gibbs,Det,RB,W 41-38,26.2,LAC,Away,2.0,11-14-23,10,False,0,69,10,16,0,20.4,0.0,0.0,4.4,28.6,0.0,15.2,83.4,0.8,136.9,0.0,0.0,32.0,200.0,0.0,118.0,549.0,5.0,15.211111111111112,0.0,0.0,3.5555555555555554,22.22222222222222,0.0,13.11111111111111,61.0,15.211111111111112
422,Jahmyr Gibbs,Det,RB,W 31-26,21.5,Chi,Home,3.0,11-21-23,11,False,0,69,10,5,1,22.860000000000003,0.0,0.0,5.4,40.0,0.0,13.4,74.6,1.0,158.4,0.0,0.0,38.0,259.0,0.0,126.0,585.0,6.0,15.84,0.0,0.0,3.8,25.9,0.0,12.6,58.5,15.84
1013,Jahmyr Gibbs,Det,RB,L 22-29,11.3,GB,Home,24.0,11-28-23,12,False,0,69,10,11,1,23.3,0.0,0.0,5.4,41.6,0.0,14.0,77.4,1.0,169.7,0.0,0.0,42.0,278.0,0.0,137.0,639.0,6.0,15.427272727272726,0.0,0.0,3.8181818181818183,25.272727272727273,0.0,12.454545454545455,58.09090909090909,15.427272727272726
541,Jahmyr Gibbs,Det,RB,W 33-28,6.4,NO,Away,29.0,12-05-23,13,False,0,69,10,22,0,19.06,0.0,0.0,3.8,28.8,0.0,13.4,75.8,0.8,176.1,0.0,0.0,43.0,272.0,0.0,145.0,699.0,6.0,14.674999999999999,0.0,0.0,3.5833333333333335,22.666666666666668,0.0,12.083333333333334,58.25,14.674999999999999
699,Jahmyr Gibbs,Det,RB,L 13-28,17.2,Chi,Away,14.5,12-12-23,14,False,0,69,10,5,0,16.52,0.0,0.0,3.4,24.6,0.0,10.4,58.6,0.8,193.3,0.0,0.0,46.0,288.0,0.0,156.0,765.0,7.0,14.86923076923077,0.0,0.0,3.5384615384615383,22.153846153846153,0.0,12.0,58.84615384615385,14.86923076923077
1415,Jahmyr Gibbs,Det,RB,W 42-17,24.8,Den,Home,3.0,12-19-23,15,False,0,69,10,9,1,16.240000000000002,0.0,0.0,3.2,19.2,0.2,9.8,63.2,0.6,218.1,0.0,0.0,48.0,296.0,1.0,167.0,865.0,8.0,15.578571428571427,0.0,0.0,3.4285714285714284,21.142857142857142,0.07142857142857142,11.928571428571429,61.785714285714285,15.578571428571427
1094,Jahmyr Gibbs,Det,RB,W 30-24,24.0,Min,Away,3.0,12-26-23,16,False,0,69,10,20,0,16.740000000000002,0.0,0.0,2.8,11.4,0.2,11.2,72.0,0.8,242.1,0.0,0.0,52.0,316.0,1.0,182.0,945.0,10.0,16.14,0.0,0.0,3.466666666666667,21.066666666666666,0.06666666666666667,12.133333333333333,63.0,16.14
1300,Jakob Johnson,LV,RB,L 20-23,0.0,Ind,Away,92.5,01-02-24,17,False,0,70,18,13,0,0.0,0.0,0.0,0.0,0.0,0.0,0.0,0.0,0.0,0.0,0.0,0.0,0.0,0.0,0.0,0.0,0.0,0.0,0.0,0.0,0.0,0.0,0.0,0.0,0.0,0.0,0.0
884,Jakob Johnson,LV,RB,W 27-14,0.0,Den,Home,88.5,01-09-24,18,False,0,70,18,9,1,0.0,0.0,0.0,0.0,0.0,0.0,0.0,0.0,0.0,0.0,0.0,0.0,0.0,0.0,0.0,0.0,0.0,0.0,0.0,0.0,0.0,0.0,0.0,0.0,0.0,0.0,0.0
209,Jakob Johnson,LV,RB,W 17-16,0.0,Den,Away,96.0,09-12-23,1,False,0,70,18,9,0,0.0,0.0,0.0,0.0,0.0,0.0,0.0,0.0,0.0,0.0,0.0,0.0,0.0,0.0,0.0,0.0,0.0,0.0,0.0,0.0,0.0,0.0,0.0,0.0,0.0,0.0,0.0
1403,Jakob Johnson,LV,RB,L 10-38,0.0,Buf,Away,96.0,09-19-23,2,False,0,70,18,3,0,0.0,0.0,0.0,0.0,0.0,0.0,0.0,0.0,0.0,0.0,0.0,0.0,0.0,0.0,0.0,0.0,0.0,0.0,0.0,0.0,0.0,0.0,0.0,0.0,0.0,0.0,0.0
319,Jakob Johnson,LV,RB,L 18-23,0.0,Pit,Home,95.5,09-26-23,3,False,0,70,18,26,1,0.0,0.0,0.0,0.0,0.0,0.0,0.0,0.0,0.0,0.0,0.0,0.0,0.0,0.0,0.0,0.0,0.0,0.0,0.0,0.0,0.0,0.0,0.0,0.0,0.0,0.0,0.0
66,Jakob Johnson,LV,RB,L 17-24,2.2,LAC,Away,66.5,10-03-23,4,False,0,70,18,16,0,0.44000000000000006,0.0,0.0,0.2,2.4,0.0,0.0,0.0,0.0,2.2,0.0,0.0,1.0,12.0,0.0,0.0,0.0,0.0,0.3666666666666667,0.0,0.0,0.16666666666666666,2.0,0.0,0.0,0.0,0.3666666666666667
1825,Jakob Johnson,LV,RB,W 21-17,0.0,NE,Home,93.0,10-17-23,6,False,0,70,18,21,1,0.44000000000000006,0.0,0.0,0.2,2.4,0.0,0.0,0.0,0.0,2.2,0.0,0.0,1.0,12.0,0.0,0.0,0.0,0.0,0.31428571428571433,0.0,0.0,0.14285714285714285,1.7142857142857142,0.0,0.0,0.0,0.31428571428571433
1719,Jakob Johnson,LV,RB,L 12-30,0.0,Chi,Away,76.0,10-24-23,7,False,0,70,18,5,0,0.44000000000000006,0.0,0.0,0.2,2.4,0.0,0.0,0.0,0.0,2.2,0.0,0.0,1.0,12.0,0.0,0.0,0.0,0.0,0.275,0.0,0.0,0.125,1.5,0.0,0.0,0.0,0.275
1626,Jakob Johnson,LV,RB,L 14-26,0.0,Det,Away,97.0,10-31-23,8,False,0,70,18,10,0,0.44000000000000006,0.0,0.0,0.2,2.4,0.0,0.0,0.0,0.0,2.2,0.0,0.0,1.0,12.0,0.0,0.0,0.0,0.0,0.24444444444444446,0.0,0.0,0.1111111111111111,1.3333333333333333,0.0,0.0,0.0,0.24444444444444446
782,Jakob Johnson,LV,RB,L 0-3,0.0,Min,Home,89.5,12-12-23,14,False,0,70,18,20,1,0.44000000000000006,0.0,0.0,0.2,2.4,0.0,0.0,0.0,0.0,2.2,0.0,0.0,1.0,12.0,0.0,0.0,0.0,0.0,0.22000000000000003,0.0,0.0,0.1,1.2,0.0,0.0,0.0,0.22000000000000003
1515,Jakob Johnson,LV,RB,W 63-21,0.0,LAC,Home,94.0,12-19-23,15,False,0,70,18,16,1,0.0,0.0,0.0,0.0,0.0,0.0,0.0,0.0,0.0,2.2,0.0,0.0,1.0,12.0,0.0,0.0,0.0,0.0,0.2,0.0,0.0,0.09090909090909091,1.0909090909090908,0.0,0.0,0.0,0.2
1189,Jakob Johnson,LV,RB,W 20-14,0.0,KC,Away,92.0,12-26-23,16,False,0,70,18,15,0,0.0,0.0,0.0,0.0,0.0,0.0,0.0,0.0,0.0,2.2,0.0,0.0,1.0,12.0,0.0,0.0,0.0,0.0,0.18333333333333335,0.0,0.0,0.08333333333333333,1.0,0.0,0.0,0.0,0.18333333333333335
1231,Jaleel McLaughlin,Den,RB,W 16-9,9.2,LAC,Home,32.0,01-02-24,17,False,0,71,9,16,1,9.2,0.0,0.0,3.0,18.0,0.0,8.0,44.0,0.0,9.2,0.0,0.0,3.0,18.0,0.0,8.0,44.0,0.0,9.2,0.0,0.0,3.0,18.0,0.0,8.0,44.0,9.2
853,Jaleel McLaughlin,Den,RB,L 14-27,0.6,LV,Away,67.0,01-09-24,18,False,0,71,9,18,0,4.8999999999999995,0.0,0.0,1.5,9.0,0.0,6.0,25.0,0.0,9.799999999999999,0.0,0.0,3.0,18.0,0.0,12.0,50.0,0.0,4.8999999999999995,0.0,0.0,1.5,9.0,0.0,6.0,25.0,4.8999999999999995
189,Jaleel McLaughlin,Den,RB,L 16-17,0.3,LV,Home,82.0,09-12-23,1,False,0,71,9,18,1,3.3666666666666667,0.0,0.0,1.3333333333333333,3.6666666666666665,0.0,4.0,16.666666666666668,0.0,10.1,0.0,0.0,4.0,11.0,0.0,12.0,50.0,0.0,3.3666666666666667,0.0,0.0,1.3333333333333333,3.6666666666666665,0.0,4.0,16.666666666666668,3.3666666666666667
1339,Jaleel McLaughlin,Den,RB,L 33-35,6.5,Wsh,Home,36.0,09-19-23,2,False,0,71,9,31,1,4.15,0.0,0.0,1.0,2.75,0.0,3.25,13.75,0.25,16.6,0.0,0.0,4.0,11.0,0.0,13.0,55.0,1.0,4.15,0.0,0.0,1.0,2.75,0.0,3.25,13.75,4.15
288,Jaleel McLaughlin,Den,RB,L 20-70,1.5,Mia,Away,71.5,09-26-23,3,False,0,71,9,19,0,3.62,0.0,0.0,0.8,2.2,0.0,3.6,14.0,0.2,18.1,0.0,0.0,4.0,11.0,0.0,18.0,70.0,1.0,3.62,0.0,0.0,0.8,2.2,0.0,3.6,14.0,3.62
9,Jaleel McLaughlin,Den,RB,W 31-28,19.4,Chi,Away,10.0,10-03-23,4,False,0,71,9,5,0,5.66,0.0,0.0,0.8,5.0,0.2,3.4,19.6,0.2,37.5,0.0,0.0,7.0,43.0,1.0,25.0,142.0,1.0,6.25,0.0,0.0,1.1666666666666667,7.166666666666667,0.16666666666666666,4.166666666666667,23.666666666666668,6.25
335,Jaleel McLaughlin,Den,RB,L 21-31,17.9,NYJ,Home,8.0,10-10-23,5,False,0,71,9,24,1,9.12,0.0,0.0,1.4,9.2,0.4,4.4,32.0,0.2,55.4,0.0,0.0,10.0,64.0,2.0,34.0,210.0,1.0,7.914285714285714,0.0,0.0,1.4285714285714286,9.142857142857142,0.2857142857142857,4.857142857142857,30.0,7.914285714285714
1765,Jaleel McLaughlin,Den,RB,L 8-19,6.2,KC,Away,39.0,10-17-23,6,False,0,71,9,15,0,10.3,0.0,0.0,1.6,13.0,0.4,5.8,38.0,0.2,61.6,0.0,0.0,12.0,76.0,2.0,41.0,240.0,1.0,7.7,0.0,0.0,1.5,9.5,0.25,5.125,30.0,7.7
1674,Jaleel McLaughlin,Den,RB,W 19-17,5.6,GB,Home,39.0,10-24-23,7,False,0,71,9,11,1,10.120000000000001,0.0,0.0,1.8,13.2,0.4,6.6,46.0,0.0,67.2,0.0,0.0,13.0,77.0,2.0,46.0,285.0,1.0,7.466666666666667,0.0,0.0,1.4444444444444444,8.555555555555555,0.2222222222222222,5.111111111111111,31.666666666666668,7.466666666666667
1566,Jaleel McLaughlin,Den,RB,W 24-9,5.9,KC,Home,44.5,10-31-23,8,False,0,71,9,15,1,11.0,0.0,0.0,2.2,14.4,0.4,6.4,49.6,0.0,73.1,0.0,0.0,15.0,83.0,2.0,50.0,318.0,1.0,7.31,0.0,0.0,1.5,8.3,0.2,5.0,31.8,7.31
941,Jaleel McLaughlin,Den,RB,W 24-22,3.2,Buf,Away,47.0,11-14-23,10,False,0,71,9,3,0,7.760000000000001,0.0,0.0,2.0,8.8,0.2,6.2,36.8,0.0,76.3,0.0,0.0,17.0,87.0,2.0,56.0,326.0,1.0,6.9363636363636365,0.0,0.0,1.5454545454545454,7.909090909090909,0.18181818181818182,5.090909090909091,29.636363636363637,6.9363636363636365
452,Jaleel McLaughlin,Den,RB,W 21-20,6.5,Min,Home,33.0,11-21-23,11,False,0,71,9,20,1,5.480000000000001,0.0,0.0,2.4,7.4,0.0,4.6,23.4,0.0,82.8,0.0,0.0,22.0,101.0,2.0,57.0,327.0,1.0,6.8999999999999995,0.0,0.0,1.8333333333333333,8.416666666666666,0.16666666666666666,4.75,27.25,6.8999999999999995
1066,Jaleel McLaughlin,Den,RB,W 29-12,0.4,Cle,Home,77.0,11-28-23,12,False,0,71,9,7,1,4.320000000000001,0.0,0.0,2.0,5.0,0.0,3.6,18.2,0.0,83.2,0.0,0.0,22.0,101.0,2.0,59.0,331.0,1.0,6.4,0.0,0.0,1.6923076923076923,7.769230769230769,0.15384615384615385,4.538461538461538,25.46153846153846,6.4
548,Jaleel McLaughlin,Den,RB,L 17-22,4.1,Hou,Away,36.0,12-05-23,13,False,0,71,9,12,0,4.0200000000000005,0.0,0.0,2.2,6.0,0.0,3.4,12.2,0.0,87.3,0.0,0.0,24.0,107.0,2.0,63.0,346.0,1.0,6.235714285714286,0.0,0.0,1.7142857142857142,7.642857142857143,0.14285714285714285,4.5,24.714285714285715,6.235714285714286
732,Jaleel McLaughlin,Den,RB,W 24-7,4.2,LAC,Away,47.0,12-12-23,14,False,0,71,9,16,0,3.680000000000001,0.0,0.0,2.0,6.2,0.0,3.6,10.6,0.0,91.5,0.0,0.0,25.0,114.0,2.0,68.0,371.0,1.0,6.1,0.0,0.0,1.6666666666666667,7.6,0.13333333333333333,4.533333333333333,24.733333333333334,6.1
1465,Jaleel McLaughlin,Den,RB,L 17-42,3.8,Det,Away,53.0,12-19-23,15,False,0,71,9,10,0,3.8000000000000007,0.0,0.0,2.0,8.6,0.0,2.8,9.4,0.0,95.3,0.0,0.0,27.0,130.0,2.0,70.0,373.0,1.0,5.95625,0.0,0.0,1.6875,8.125,0.125,4.375,23.3125,5.95625
1118,Jaleel McLaughlin,Den,RB,L 23-26,10.7,NE,Home,27.0,12-26-23,16,False,0,71,9,21,1,4.640000000000001,0.0,0.0,1.8,11.8,0.0,3.8,16.6,0.0,106.0,0.0,0.0,31.0,160.0,2.0,76.0,410.0,1.0,6.235294117647059,0.0,0.0,1.8235294117647058,9.411764705882353,0.11764705882352941,4.470588235294118,24.11764705882353,6.235294117647059
1226,Jamaal Williams,NO,RB,W 23-13,11.1,TB,Away,27.5,01-02-24,17,False,0,72,22,29,0,11.1,0.0,0.0,4.0,13.0,0.0,19.0,58.0,0.0,11.1,0.0,0.0,4.0,13.0,0.0,19.0,58.0,0.0,11.1,0.0,0.0,4.0,13.0,0.0,19.0,58.0,11.1
810,Jamaal Williams,NO,RB,W 48-17,12.4,Atl,Home,23.0,01-09-24,18,False,0,72,22,1,1,11.75,0.0,0.0,3.5,10.5,0.0,16.5,42.0,0.5,23.5,0.0,0.0,7.0,21.0,0.0,33.0,84.0,1.0,11.75,0.0,0.0,3.5,10.5,0.0,16.5,42.0,11.75
145,Jamaal Williams,NO,RB,W 16-15,7.2,Ten,Home,38.0,09-12-23,1,False,0,72,22,30,1,10.233333333333333,0.0,0.0,3.0,9.333333333333334,0.0,17.0,43.0,0.3333333333333333,30.7,0.0,0.0,9.0,28.0,0.0,51.0,129.0,1.0,10.233333333333333,0.0,0.0,3.0,9.333333333333334,0.0,17.0,43.0,10.233333333333333
1358,Jamaal Williams,NO,RB,W 20-17,2.9,Car,Away,55.5,09-19-23,2,False,0,72,22,4,0,8.4,0.0,0.0,2.25,7.0,0.0,15.0,39.5,0.25,33.6,0.0,0.0,9.0,28.0,0.0,60.0,158.0,1.0,8.4,0.0,0.0,2.25,7.0,0.0,15.0,39.5,8.4
1687,Jamaal Williams,NO,RB,L 24-31,1.4,Jax,Home,54.0,10-24-23,7,False,0,72,22,14,1,7.0,0.0,0.0,1.8,5.6,0.0,13.0,34.4,0.2,35.0,0.0,0.0,9.0,28.0,0.0,65.0,172.0,1.0,7.0,0.0,0.0,1.8,5.6,0.0,13.0,34.4,7.0
1573,Jamaal Williams,NO,RB,W 38-27,4.8,Ind,Away,51.0,10-31-23,8,False,0,72,22,13,0,5.74,0.0,0.0,1.2,4.6,0.0,10.4,28.8,0.2,39.8,0.0,0.0,10.0,36.0,0.0,71.0,202.0,1.0,6.633333333333333,0.0,0.0,1.6666666666666667,6.0,0.0,11.833333333333334,33.666666666666664,6.633333333333333
638,Jamaal Williams,NO,RB,W 24-17,3.2,Chi,Home,47.5,11-07-23,9,False,0,72,22,5,1,3.9,0.0,0.0,1.0,4.2,0.0,8.2,24.8,0.0,43.0,0.0,0.0,12.0,42.0,0.0,74.0,208.0,1.0,6.142857142857143,0.0,0.0,1.7142857142857142,6.0,0.0,10.571428571428571,29.714285714285715,6.142857142857143
948,Jamaal Williams,NO,RB,L 19-27,2.0,Min,Away,54.0,11-14-23,10,False,0,72,22,20,0,2.8600000000000003,0.0,0.0,0.8,3.4,0.0,5.4,17.2,0.0,45.0,0.0,0.0,13.0,45.0,0.0,78.0,215.0,1.0,5.625,0.0,0.0,1.625,5.625,0.0,9.75,26.875,5.625
1043,Jamaal Williams,NO,RB,L 15-24,3.0,Atl,Away,54.0,11-28-23,12,False,0,72,22,1,0,2.88,0.0,0.0,1.2,4.2,0.0,4.0,12.6,0.0,48.0,0.0,0.0,15.0,49.0,0.0,80.0,221.0,1.0,5.333333333333333,0.0,0.0,1.6666666666666667,5.444444444444445,0.0,8.88888888888889,24.555555555555557,5.333333333333333
560,Jamaal Williams,NO,RB,L 28-33,2.6,Det,Home,47.0,12-05-23,13,False,0,72,22,10,1,3.12,0.0,0.0,1.4,5.4,0.0,4.0,11.8,0.0,50.6,0.0,0.0,16.0,55.0,0.0,85.0,231.0,1.0,5.0600000000000005,0.0,0.0,1.6,5.5,0.0,8.5,23.1,5.0600000000000005
731,Jamaal Williams,NO,RB,W 28-6,4.3,Car,Home,46.0,12-12-23,14,False,0,72,22,4,1,3.0200000000000005,0.0,0.0,1.2,3.8,0.0,5.0,14.4,0.0,54.9,0.0,0.0,16.0,55.0,0.0,96.0,274.0,1.0,4.990909090909091,0.0,0.0,1.4545454545454546,5.0,0.0,8.727272727272727,24.90909090909091,4.990909090909091
1466,Jamaal Williams,NO,RB,W 24-6,3.6,NYG,Home,54.5,12-19-23,15,False,0,72,22,23,1,3.1,0.0,0.0,1.0,3.0,0.0,6.0,18.0,0.0,58.5,0.0,0.0,17.0,57.0,0.0,104.0,298.0,1.0,4.875,0.0,0.0,1.4166666666666667,4.75,0.0,8.666666666666666,24.833333333333332,4.875
1148,Jamaal Williams,NO,RB,L 22-30,2.3,LAR,Away,57.0,12-26-23,16,False,0,72,22,17,0,3.16,0.0,0.0,1.0,3.4,0.0,5.6,18.2,0.0,60.8,0.0,0.0,18.0,62.0,0.0,106.0,306.0,1.0,4.676923076923076,0.0,0.0,1.3846153846153846,4.769230769230769,0.0,8.153846153846153,23.53846153846154,4.676923076923076
1203,James Conner,Ari,RB,W 35-31,26.3,Phi,Away,4.0,01-02-24,17,False,0,73,0,25,0,26.3,0.0,0.0,1.0,5.0,1.0,26.0,128.0,1.0,26.3,0.0,0.0,1.0,5.0,1.0,26.0,128.0,1.0,26.3,0.0,0.0,1.0,5.0,1.0,26.0,128.0,26.3
788,James Conner,Ari,RB,L 20-21,30.4,Sea,Home,1.0,01-09-24,18,False,0,73,0,28,1,28.35,0.0,0.0,2.5,29.5,0.5,26.5,139.0,1.0,56.7,0.0,0.0,5.0,59.0,1.0,53.0,278.0,2.0,28.35,0.0,0.0,2.5,29.5,0.5,26.5,139.0,28.35
127,James Conner,Ari,RB,L 16-20,12.0,Wsh,Away,20.0,09-12-23,1,False,0,73,0,31,0,22.900000000000002,0.0,0.0,3.3333333333333335,22.333333333333332,0.3333333333333333,22.333333333333332,113.33333333333333,0.6666666666666666,68.7,0.0,0.0,10.0,67.0,1.0,67.0,340.0,2.0,22.900000000000002,0.0,0.0,3.3333333333333335,22.333333333333332,0.3333333333333333,22.333333333333332,113.33333333333333,22.900000000000002
1318,James Conner,Ari,RB,L 28-31,16.6,NYG,Home,15.0,09-19-23,2,False,0,73,0,23,1,21.325,0.0,0.0,2.5,16.75,0.25,22.5,111.5,0.75,85.3,0.0,0.0,10.0,67.0,1.0,90.0,446.0,3.0,21.325,0.0,0.0,2.5,16.75,0.25,22.5,111.5,21.325
224,James Conner,Ari,RB,W 28-16,19.6,Dal,Home,6.0,09-26-23,3,False,0,73,0,8,1,20.98,0.0,0.0,2.4,17.0,0.2,20.8,108.8,0.8,104.9,0.0,0.0,12.0,85.0,1.0,104.0,544.0,4.0,20.98,0.0,0.0,2.4,17.0,0.2,20.8,108.8,20.98
35,James Conner,Ari,RB,L 16-35,6.6,SF,Away,36.0,10-03-23,4,False,0,73,0,27,0,17.04,0.0,0.0,2.4,16.8,0.0,17.8,93.6,0.6,111.5,0.0,0.0,13.0,89.0,1.0,115.0,596.0,4.0,18.583333333333332,0.0,0.0,2.1666666666666665,14.833333333333334,0.16666666666666666,19.166666666666668,99.33333333333333,18.583333333333332
366,James Conner,Ari,RB,L 20-34,4.6,Cin,Home,39.0,10-10-23,5,False,0,73,0,6,1,11.879999999999999,0.0,0.0,1.6,6.0,0.0,13.6,72.8,0.4,116.1,0.0,0.0,13.0,89.0,1.0,121.0,642.0,4.0,16.585714285714285,0.0,0.0,1.8571428571428572,12.714285714285714,0.14285714285714285,17.285714285714285,91.71428571428571,16.585714285714285
929,James Conner,Ari,RB,W 25-23,7.3,Atl,Home,35.5,11-14-23,10,False,0,73,0,1,1,10.940000000000001,0.0,0.0,0.6,4.4,0.0,14.0,75.0,0.4,123.4,0.0,0.0,13.0,89.0,1.0,137.0,715.0,4.0,15.425,0.0,0.0,1.625,11.125,0.125,17.125,89.375,15.425
445,James Conner,Ari,RB,L 16-21,8.3,Hou,Away,26.0,11-21-23,11,False,0,73,0,12,0,9.28,0.0,0.0,1.0,4.6,0.0,12.2,66.2,0.2,131.7,0.0,0.0,15.0,90.0,1.0,151.0,777.0,4.0,14.633333333333333,0.0,0.0,1.6666666666666667,10.0,0.1111111111111111,16.77777777777778,86.33333333333333,14.633333333333333
1029,James Conner,Ari,RB,L 14-37,7.2,LAR,Home,40.0,11-28-23,12,False,0,73,0,17,1,6.8,0.0,0.0,1.4,2.0,0.0,10.6,52.0,0.0,138.9,0.0,0.0,19.0,95.0,1.0,157.0,804.0,4.0,13.89,0.0,0.0,1.9,9.5,0.1,15.7,80.4,13.89
517,James Conner,Ari,RB,W 24-10,22.5,Pit,Away,5.0,12-05-23,13,False,0,73,0,26,0,9.98,0.0,0.0,1.2,1.2,0.0,13.4,62.6,0.4,161.4,0.0,0.0,19.0,95.0,1.0,182.0,909.0,6.0,14.672727272727274,0.0,0.0,1.7272727272727273,8.636363636363637,0.09090909090909091,16.545454545454547,82.63636363636364,14.672727272727274
1423,James Conner,Ari,RB,L 29-45,17.9,SF,Home,11.0,12-19-23,15,False,0,73,0,27,1,12.639999999999999,0.0,0.0,1.8,1.8,0.0,15.0,70.6,0.6,179.3,0.0,0.0,22.0,98.0,1.0,196.0,995.0,7.0,14.941666666666668,0.0,0.0,1.8333333333333333,8.166666666666666,0.08333333333333333,16.333333333333332,82.91666666666667,14.941666666666668
1095,James Conner,Ari,RB,L 16-27,22.2,Chi,Away,4.0,12-26-23,16,False,0,73,0,5,0,15.62,0.0,0.0,2.8,15.2,0.2,14.2,65.0,0.6,201.5,0.0,0.0,27.0,165.0,2.0,208.0,1040.0,7.0,15.5,0.0,0.0,2.076923076923077,12.692307692307692,0.15384615384615385,16.0,80.0,15.5
1248,James Cook,Buf,RB,W 27-21,5.4,NE,Home,49.0,01-02-24,17,False,0,74,3,21,1,5.4,0.0,0.0,1.0,-4.0,0.0,16.0,48.0,0.0,5.4,0.0,0.0,1.0,-4.0,0.0,16.0,48.0,0.0,5.4,0.0,0.0,1.0,-4.0,0.0,16.0,48.0,5.4
819,James Cook,Buf,RB,W 21-14,8.2,Mia,Away,32.0,01-09-24,18,False,0,74,3,19,0,6.8,0.0,0.0,2.0,6.0,0.0,14.5,42.0,0.0,13.6,0.0,0.0,4.0,12.0,0.0,29.0,84.0,0.0,6.8,0.0,0.0,2.0,6.0,0.0,14.5,42.0,6.8
135,James Cook,Buf,RB,L 16-22,10.3,NYJ,Away,27.5,09-12-23,1,False,0,74,3,24,0,7.966666666666666,0.0,0.0,2.6666666666666665,9.666666666666666,0.0,13.666666666666666,43.333333333333336,0.0,23.9,0.0,0.0,8.0,29.0,0.0,41.0,130.0,0.0,7.966666666666666,0.0,0.0,2.6666666666666665,9.666666666666666,0.0,13.666666666666666,43.333333333333336,7.966666666666666
1315,James Cook,Buf,RB,W 38-10,19.9,LV,Home,11.5,09-19-23,2,False,0,74,3,18,1,10.95,0.0,0.0,3.0,16.25,0.0,14.5,63.25,0.0,43.8,0.0,0.0,12.0,65.0,0.0,58.0,253.0,0.0,10.95,0.0,0.0,3.0,16.25,0.0,14.5,63.25,10.95
236,James Cook,Buf,RB,W 37-3,13.2,Wsh,Away,18.0,09-26-23,3,False,0,74,3,31,0,11.4,0.0,0.0,2.8,15.8,0.0,14.6,70.2,0.0,57.0,0.0,0.0,14.0,79.0,0.0,73.0,351.0,0.0,11.4,0.0,0.0,2.8,15.8,0.0,14.6,70.2,11.4
12,James Cook,Buf,RB,W 48-20,14.7,Mia,Home,13.0,10-03-23,4,False,0,74,3,19,1,13.26,0.0,0.0,2.8,26.2,0.0,13.8,66.4,0.2,71.69999999999999,0.0,0.0,15.0,127.0,0.0,85.0,380.0,1.0,11.949999999999998,0.0,0.0,2.5,21.166666666666668,0.0,14.166666666666666,63.333333333333336,11.949999999999998
363,James Cook,Buf,RB,L 20-25,5.1,Jax,Home,36.0,10-10-23,5,False,0,74,3,14,1,12.639999999999999,0.0,0.0,2.8,28.0,0.0,12.2,58.4,0.2,76.8,0.0,0.0,18.0,152.0,0.0,90.0,376.0,1.0,10.971428571428572,0.0,0.0,2.5714285714285716,21.714285714285715,0.0,12.857142857142858,53.714285714285715,10.971428571428572
1759,James Cook,Buf,RB,W 14-9,7.1,NYG,Home,33.5,10-17-23,6,False,0,74,3,23,1,12.0,0.0,0.0,2.0,24.6,0.0,12.6,63.4,0.2,83.89999999999999,0.0,0.0,18.0,152.0,0.0,104.0,447.0,1.0,10.487499999999999,0.0,0.0,2.25,19.0,0.0,13.0,55.875,10.487499999999999
1642,James Cook,Buf,RB,L 25-29,19.2,NE,Away,8.0,10-24-23,7,False,0,74,3,21,0,11.86,0.0,0.0,1.8,26.6,0.2,11.8,50.0,0.2,103.1,0.0,0.0,21.0,198.0,1.0,117.0,503.0,1.0,11.455555555555556,0.0,0.0,2.3333333333333335,22.0,0.1111111111111111,13.0,55.888888888888886,11.455555555555556
1555,James Cook,Buf,RB,W 24-18,8.3,TB,Home,33.0,10-31-23,8,False,0,74,3,29,1,10.879999999999999,0.0,0.0,1.6,25.0,0.2,11.6,43.8,0.2,111.39999999999999,0.0,0.0,22.0,204.0,1.0,131.0,570.0,1.0,11.139999999999999,0.0,0.0,2.2,20.4,0.1,13.1,57.0,11.139999999999999
623,James Cook,Buf,RB,L 18-24,7.9,Cin,Away,31.0,11-07-23,9,False,0,74,3,6,0,9.52,0.0,0.0,2.2,19.2,0.2,10.4,42.0,0.0,119.3,0.0,0.0,26.0,223.0,1.0,137.0,590.0,1.0,10.845454545454546,0.0,0.0,2.3636363636363638,20.272727272727273,0.09090909090909091,12.454545454545455,53.63636363636363,10.845454545454546
917,James Cook,Buf,RB,L 22-24,12.0,Den,Home,23.0,11-14-23,10,False,0,74,3,9,1,10.9,0.0,0.0,2.0,16.4,0.2,11.8,64.6,0.0,131.29999999999998,0.0,0.0,28.0,234.0,1.0,149.0,699.0,1.0,10.941666666666665,0.0,0.0,2.3333333333333335,19.5,0.08333333333333333,12.416666666666666,58.25,10.941666666666665
429,James Cook,Buf,RB,W 32-6,19.2,NYJ,Home,10.0,11-21-23,11,False,0,74,3,24,1,13.319999999999999,0.0,0.0,2.6,22.2,0.4,12.4,65.0,0.0,150.5,0.0,0.0,31.0,263.0,2.0,166.0,772.0,1.0,11.576923076923077,0.0,0.0,2.3846153846153846,20.23076923076923,0.15384615384615385,12.76923076923077,59.38461538461539,11.576923076923077
1001,James Cook,Buf,RB,L 34-37,16.0,Phi,Away,12.0,11-28-23,12,False,0,74,3,25,0,12.68,0.0,0.0,3.2,24.4,0.2,13.0,62.4,0.0,166.5,0.0,0.0,37.0,320.0,2.0,182.0,815.0,1.0,11.892857142857142,0.0,0.0,2.642857142857143,22.857142857142858,0.14285714285714285,13.0,58.214285714285715,11.892857142857142
688,James Cook,Buf,RB,W 20-17,25.1,KC,Away,3.0,12-12-23,14,False,0,74,3,15,0,16.04,0.0,0.0,4.0,39.8,0.4,12.2,60.6,0.0,191.6,0.0,0.0,42.0,403.0,3.0,192.0,873.0,1.0,12.773333333333333,0.0,0.0,2.8,26.866666666666667,0.2,12.8,58.2,12.773333333333333
1414,James Cook,Buf,RB,W 31-10,36.1,Dal,Home,2.0,12-19-23,15,False,0,74,3,8,1,21.68,0.0,0.0,3.6,44.4,0.6,16.0,92.4,0.2,227.7,0.0,0.0,44.0,445.0,4.0,217.0,1052.0,2.0,14.23125,0.0,0.0,2.75,27.8125,0.25,13.5625,65.75,14.23125
1140,James Cook,Buf,RB,W 24-22,5.0,LAC,Away,49.0,12-26-23,16,False,0,74,3,16,0,20.28,0.0,0.0,3.2,42.2,0.6,17.6,84.6,0.2,232.7,0.0,0.0,44.0,445.0,4.0,237.0,1122.0,2.0,13.688235294117646,0.0,0.0,2.588235294117647,26.176470588235293,0.23529411764705882,13.941176470588236,66.0,13.688235294117646
571,James Robinson,NO,RB,L 28-33,1.0,Det,Home,58.5,12-05-23,13,False,0,75,22,10,1,1.0,0.0,0.0,1.0,-2.0,0.0,1.0,2.0,0.0,1.0,0.0,0.0,1.0,-2.0,0.0,1.0,2.0,0.0,1.0,0.0,0.0,1.0,-2.0,0.0,1.0,2.0,1.0
1303,Jashaun Corbin,NYG,RB,L 25-26,0.0,LAR,Home,92.5,01-02-24,17,False,0,76,23,17,1,0.0,0.0,0.0,0.0,0.0,0.0,0.0,0.0,0.0,0.0,0.0,0.0,0.0,0.0,0.0,0.0,0.0,0.0,0.0,0.0,0.0,0.0,0.0,0.0,0.0,0.0,0.0
889,Jashaun Corbin,NYG,RB,W 27-10,0.0,Phi,Home,88.5,01-09-24,18,False,0,76,23,25,1,0.0,0.0,0.0,0.0,0.0,0.0,0.0,0.0,0.0,0.0,0.0,0.0,0.0,0.0,0.0,0.0,0.0,0.0,0.0,0.0,0.0,0.0,0.0,0.0,0.0,0.0,0.0
1633,Jashaun Corbin,NYG,RB,L 10-13,0.0,NYJ,Home,97.0,10-31-23,8,False,0,76,23,24,1,0.0,0.0,0.0,0.0,0.0,0.0,0.0,0.0,0.0,0.0,0.0,0.0,0.0,0.0,0.0,0.0,0.0,0.0,0.0,0.0,0.0,0.0,0.0,0.0,0.0,0.0,0.0
939,Jashaun Corbin,NYG,RB,L 17-49,4.3,Dal,Away,44.5,11-14-23,10,False,0,76,23,8,0,1.075,0.0,0.0,0.75,3.0,0.0,0.25,0.25,0.0,4.3,0.0,0.0,3.0,12.0,0.0,1.0,1.0,0.0,1.075,0.0,0.0,0.75,3.0,0.0,0.25,0.25,1.075
510,Jashaun Corbin,NYG,RB,W 31-19,0.0,Wsh,Away,80.0,11-21-23,11,False,0,76,23,31,0,0.86,0.0,0.0,0.6,2.4,0.0,0.2,0.2,0.0,4.3,0.0,0.0,3.0,12.0,0.0,1.0,1.0,0.0,0.86,0.0,0.0,0.6,2.4,0.0,0.2,0.2,0.86
1196,Jashaun Corbin,NYG,RB,L 25-33,0.0,Phi,Away,92.0,12-26-23,16,False,0,76,23,25,0,0.86,0.0,0.0,0.6,2.4,0.0,0.2,0.2,0.0,4.3,0.0,0.0,3.0,12.0,0.0,1.0,1.0,0.0,0.7166666666666667,0.0,0.0,0.5,2.0,0.0,0.16666666666666666,0.16666666666666666,0.7166666666666667
881,Jason Cabinda,Det,RB,W 30-20,0.0,Min,Home,88.5,01-09-24,18,False,0,77,10,20,1,0.0,0.0,0.0,0.0,0.0,0.0,0.0,0.0,0.0,0.0,0.0,0.0,0.0,0.0,0.0,0.0,0.0,0.0,0.0,0.0,0.0,0.0,0.0,0.0,0.0,0.0,0.0
208,Jason Cabinda,Det,RB,W 21-20,0.0,KC,Away,96.0,09-12-23,1,False,0,77,10,15,0,0.0,0.0,0.0,0.0,0.0,0.0,0.0,0.0,0.0,0.0,0.0,0.0,0.0,0.0,0.0,0.0,0.0,0.0,0.0,0.0,0.0,0.0,0.0,0.0,0.0,0.0,0.0
1402,Jason Cabinda,Det,RB,L 31-37,0.0,Sea,Home,96.0,09-19-23,2,False,0,77,10,28,1,0.0,0.0,0.0,0.0,0.0,0.0,0.0,0.0,0.0,0.0,0.0,0.0,0.0,0.0,0.0,0.0,0.0,0.0,0.0,0.0,0.0,0.0,0.0,0.0,0.0,0.0,0.0
318,Jason Cabinda,Det,RB,W 20-6,0.0,Atl,Home,95.5,09-26-23,3,False,0,77,10,1,1,0.0,0.0,0.0,0.0,0.0,0.0,0.25,0.0,0.0,0.0,0.0,0.0,0.0,0.0,0.0,1.0,0.0,0.0,0.0,0.0,0.0,0.0,0.0,0.0,0.25,0.0,0.0
1236,Javonte Williams,Den,RB,W 16-9,8.8,LAC,Home,36.5,01-02-24,17,False,0,78,9,16,1,8.8,0.0,0.0,3.0,17.0,0.0,15.0,41.0,0.0,8.8,0.0,0.0,3.0,17.0,0.0,15.0,41.0,0.0,8.8,0.0,0.0,3.0,17.0,0.0,15.0,41.0,8.8
797,Javonte Williams,Den,RB,L 14-27,20.5,LV,Away,10.0,01-09-24,18,False,0,78,9,18,0,14.65,0.0,0.0,5.0,30.0,0.0,12.0,36.5,0.5,29.3,0.0,0.0,10.0,60.0,0.0,24.0,73.0,1.0,14.65,0.0,0.0,5.0,30.0,0.0,12.0,36.5,14.65
136,Javonte Williams,Den,RB,L 16-17,9.7,LV,Home,29.0,09-12-23,1,False,0,78,9,18,1,13.0,0.0,0.0,4.666666666666667,21.666666666666668,0.0,12.333333333333334,41.666666666666664,0.3333333333333333,39.0,0.0,0.0,14.0,65.0,0.0,37.0,125.0,1.0,13.0,0.0,0.0,4.666666666666667,21.666666666666668,0.0,12.333333333333334,41.666666666666664,13.0
1333,Javonte Williams,Den,RB,L 33-35,7.8,Wsh,Home,30.0,09-19-23,2,False,0,78,9,31,1,11.7,0.0,0.0,4.0,19.75,0.0,12.25,42.25,0.25,46.8,0.0,0.0,16.0,79.0,0.0,49.0,169.0,1.0,11.7,0.0,0.0,4.0,19.75,0.0,12.25,42.25,11.7
246,Javonte Williams,Den,RB,L 20-70,8.5,Mia,Away,27.5,09-26-23,3,False,0,78,9,19,0,11.059999999999999,0.0,0.0,3.6,20.4,0.0,12.0,42.2,0.2,55.3,0.0,0.0,18.0,102.0,0.0,60.0,211.0,1.0,11.059999999999999,0.0,0.0,3.6,20.4,0.0,12.0,42.2,11.059999999999999
50,Javonte Williams,Den,RB,W 31-28,3.9,Chi,Away,51.0,10-03-23,4,False,0,78,9,5,0,10.080000000000002,0.0,0.0,3.6,18.8,0.0,9.4,34.0,0.2,59.2,0.0,0.0,21.0,111.0,0.0,62.0,211.0,1.0,9.866666666666667,0.0,0.0,3.5,18.5,0.0,10.333333333333334,35.166666666666664,9.866666666666667
1758,Javonte Williams,Den,RB,L 8-19,7.2,KC,Away,31.5,10-17-23,6,False,0,78,9,15,0,7.42,0.0,0.0,2.2,10.2,0.0,9.6,38.0,0.0,66.4,0.0,0.0,21.0,111.0,0.0,72.0,263.0,1.0,9.485714285714286,0.0,0.0,3.0,15.857142857142858,0.0,10.285714285714286,37.57142857142857,9.485714285714286
1654,Javonte Williams,Den,RB,W 19-17,12.6,GB,Home,20.0,10-24-23,7,False,0,78,9,11,1,8.0,0.0,0.0,2.0,12.0,0.0,10.0,44.0,0.0,79.0,0.0,0.0,24.0,125.0,0.0,87.0,345.0,1.0,9.875,0.0,0.0,3.0,15.625,0.0,10.875,43.125,9.875
1531,Javonte Williams,Den,RB,W 24-9,18.8,KC,Home,9.0,10-31-23,8,False,0,78,9,15,1,10.2,0.0,0.0,2.2,11.8,0.2,13.0,52.2,0.0,97.8,0.0,0.0,27.0,138.0,1.0,114.0,430.0,1.0,10.866666666666667,0.0,0.0,3.0,15.333333333333334,0.1111111111111111,12.666666666666666,47.77777777777778,10.866666666666667
899,Javonte Williams,Den,RB,W 24-22,21.0,Buf,Away,5.0,11-14-23,10,False,0,78,9,3,0,12.7,0.0,0.0,2.6,13.4,0.4,15.0,59.6,0.0,118.8,0.0,0.0,31.0,169.0,2.0,135.0,509.0,1.0,11.879999999999999,0.0,0.0,3.1,16.9,0.2,13.5,50.9,11.879999999999999
447,Javonte Williams,Den,RB,W 21-20,7.3,Min,Home,28.5,11-21-23,11,False,0,78,9,20,1,13.379999999999999,0.0,0.0,2.4,14.8,0.4,16.8,67.0,0.0,126.1,0.0,0.0,33.0,185.0,2.0,146.0,546.0,1.0,11.463636363636363,0.0,0.0,3.0,16.818181818181817,0.18181818181818182,13.272727272727273,49.63636363636363,11.463636363636363
1017,Javonte Williams,Den,RB,W 29-12,10.1,Cle,Home,28.0,11-28-23,12,False,0,78,9,7,1,13.959999999999999,0.0,0.0,3.0,16.0,0.4,18.4,69.6,0.0,136.2,0.0,0.0,36.0,191.0,2.0,164.0,611.0,1.0,11.35,0.0,0.0,3.0,15.916666666666666,0.16666666666666666,13.666666666666666,50.916666666666664,11.35
535,Javonte Williams,Den,RB,L 17-22,10.0,Hou,Away,23.0,12-05-23,13,False,0,78,9,12,0,13.440000000000001,0.0,0.0,3.0,18.0,0.4,18.0,62.4,0.0,146.2,0.0,0.0,39.0,215.0,2.0,177.0,657.0,1.0,11.246153846153845,0.0,0.0,3.0,16.53846153846154,0.15384615384615385,13.615384615384615,50.53846153846154,11.246153846153845
697,Javonte Williams,Den,RB,W 24-7,18.1,LAC,Away,11.5,12-12-23,14,False,0,78,9,16,0,13.3,0.0,0.0,3.0,20.4,0.2,16.0,58.6,0.2,164.3,0.0,0.0,42.0,240.0,2.0,194.0,723.0,2.0,11.735714285714286,0.0,0.0,3.0,17.142857142857142,0.14285714285714285,13.857142857142858,51.642857142857146,11.735714285714286
1463,Javonte Williams,Den,RB,L 17-42,4.0,Det,Away,51.0,12-19-23,15,False,0,78,9,10,0,9.9,0.0,0.0,2.6,12.8,0.0,14.2,48.2,0.2,168.3,0.0,0.0,44.0,233.0,2.0,206.0,750.0,2.0,11.22,0.0,0.0,2.933333333333333,15.533333333333333,0.13333333333333333,13.733333333333333,50.0,11.22
1116,Javonte Williams,Den,RB,L 23-26,10.9,NE,Home,25.5,12-26-23,16,False,0,78,9,21,1,10.620000000000001,0.0,0.0,2.8,8.6,0.0,14.2,45.6,0.4,179.2,0.0,0.0,47.0,228.0,2.0,217.0,774.0,3.0,11.2,0.0,0.0,2.9375,14.25,0.125,13.5625,48.375,11.2
1210,Jaylen Warren,Pit,RB,W 30-23,19.8,Sea,Away,11.0,01-02-24,17,False,0,79,26,28,0,19.8,0.0,0.0,4.0,23.0,0.0,13.0,75.0,1.0,19.8,0.0,0.0,4.0,23.0,0.0,13.0,75.0,1.0,19.8,0.0,0.0,4.0,23.0,0.0,13.0,75.0,19.8
820,Jaylen Warren,Pit,RB,W 17-10,8.0,Bal,Away,33.5,01-09-24,18,False,0,79,26,2,0,13.9,0.0,0.0,4.5,20.0,0.0,11.0,54.0,0.5,27.8,0.0,0.0,9.0,40.0,0.0,22.0,108.0,1.0,13.9,0.0,0.0,4.5,20.0,0.0,11.0,54.0,13.9
147,Jaylen Warren,Pit,RB,L 7-30,6.8,SF,Home,40.0,09-12-23,1,False,0,79,26,27,1,11.533333333333333,0.0,0.0,4.666666666666667,17.333333333333332,0.0,8.333333333333334,38.0,0.3333333333333333,34.6,0.0,0.0,14.0,52.0,0.0,25.0,114.0,1.0,11.533333333333333,0.0,0.0,4.666666666666667,17.333333333333332,0.0,8.333333333333334,38.0,11.533333333333333
1323,Jaylen Warren,Pit,RB,W 26-22,12.6,Cle,Home,19.5,09-19-23,2,False,0,79,26,7,1,11.8,0.0,0.0,4.5,29.5,0.0,7.75,33.5,0.25,47.2,0.0,0.0,18.0,118.0,0.0,31.0,134.0,1.0,11.8,0.0,0.0,4.5,29.5,0.0,7.75,33.5,11.8
247,Jaylen Warren,Pit,RB,W 23-18,8.2,LV,Away,29.0,09-26-23,3,False,0,79,26,18,0,11.08,0.0,0.0,4.2,28.2,0.0,7.8,32.6,0.2,55.4,0.0,0.0,21.0,141.0,0.0,39.0,163.0,1.0,11.08,0.0,0.0,4.2,28.2,0.0,7.8,32.6,11.08
17,Jaylen Warren,Pit,RB,L 6-30,11.5,Hou,Away,18.0,10-03-23,4,False,0,79,26,12,0,9.419999999999998,0.0,0.0,4.6,28.8,0.0,6.8,23.4,0.0,66.9,0.0,0.0,27.0,167.0,0.0,47.0,192.0,1.0,11.15,0.0,0.0,4.5,27.833333333333332,0.0,7.833333333333333,32.0,11.15
352,Jaylen Warren,Pit,RB,W 17-10,10.9,Bal,Home,25.0,10-10-23,5,False,0,79,26,2,1,9.999999999999998,0.0,0.0,4.2,33.2,0.0,6.8,24.8,0.0,77.8,0.0,0.0,30.0,206.0,0.0,56.0,232.0,1.0,11.114285714285714,0.0,0.0,4.285714285714286,29.428571428571427,0.0,8.0,33.142857142857146,11.114285714285714
1658,Jaylen Warren,Pit,RB,W 24-17,10.1,LAR,Away,24.0,10-24-23,7,False,0,79,26,17,0,10.66,0.0,0.0,3.4,30.6,0.0,7.4,30.0,0.2,87.9,0.0,0.0,31.0,205.0,0.0,62.0,264.0,2.0,10.9875,0.0,0.0,3.875,25.625,0.0,7.75,33.0,10.9875
1557,Jaylen Warren,Pit,RB,L 10-20,7.8,Jax,Home,35.0,10-31-23,8,False,0,79,26,14,1,9.7,0.0,0.0,3.4,21.2,0.0,7.2,29.8,0.2,95.7,0.0,0.0,35.0,224.0,0.0,67.0,283.0,2.0,10.633333333333333,0.0,0.0,3.888888888888889,24.88888888888889,0.0,7.444444444444445,31.444444444444443,10.633333333333333
607,Jaylen Warren,Pit,RB,W 20-16,14.3,Ten,Home,14.5,11-07-23,9,False,0,79,26,30,1,10.92,0.0,0.0,3.4,21.6,0.0,7.8,41.6,0.2,110.0,0.0,0.0,38.0,249.0,0.0,78.0,371.0,2.0,11.0,0.0,0.0,3.8,24.9,0.0,7.8,37.1,11.0
902,Jaylen Warren,Pit,RB,W 23-19,19.0,GB,Home,8.0,11-14-23,10,False,0,79,26,11,1,12.42,0.0,0.0,2.6,18.2,0.0,9.2,56.0,0.4,129.0,0.0,0.0,40.0,258.0,0.0,93.0,472.0,3.0,11.727272727272727,0.0,0.0,3.6363636363636362,23.454545454545453,0.0,8.454545454545455,42.90909090909091,11.727272727272727
421,Jaylen Warren,Pit,RB,L 10-13,23.5,Cle,Away,2.0,11-21-23,11,False,0,79,26,7,0,14.940000000000001,0.0,0.0,2.6,13.6,0.0,9.2,73.8,0.6,152.5,0.0,0.0,43.0,274.0,0.0,102.0,601.0,4.0,12.708333333333334,0.0,0.0,3.5833333333333335,22.833333333333332,0.0,8.5,50.083333333333336,12.708333333333334
1030,Jaylen Warren,Pit,RB,W 16-10,7.2,Cin,Away,40.0,11-28-23,12,False,0,79,26,6,0,14.36,0.0,0.0,3.0,16.4,0.0,10.6,77.2,0.4,159.7,0.0,0.0,46.0,287.0,0.0,115.0,650.0,4.0,12.284615384615384,0.0,0.0,3.5384615384615383,22.076923076923077,0.0,8.846153846153847,50.0,12.284615384615384
540,Jaylen Warren,Pit,RB,L 10-24,6.5,Ari,Home,28.0,12-05-23,13,False,0,79,26,0,1,14.1,0.0,0.0,2.4,11.8,0.0,11.4,85.2,0.4,166.2,0.0,0.0,47.0,283.0,0.0,124.0,709.0,4.0,11.87142857142857,0.0,0.0,3.357142857142857,20.214285714285715,0.0,8.857142857142858,50.642857142857146,11.87142857142857
720,Jaylen Warren,Pit,RB,L 18-21,8.0,NE,Home,35.0,12-12-23,14,False,0,79,26,21,1,12.84,0.0,0.0,2.6,12.6,0.0,10.6,69.8,0.4,174.2,0.0,0.0,51.0,312.0,0.0,131.0,720.0,4.0,11.613333333333333,0.0,0.0,3.4,20.8,0.0,8.733333333333333,48.0,11.613333333333333
1432,Jaylen Warren,Pit,RB,L 13-30,11.8,Ind,Away,20.0,12-19-23,15,False,0,79,26,13,0,11.4,0.0,0.0,3.2,16.4,0.0,9.6,57.6,0.2,186.0,0.0,0.0,56.0,340.0,0.0,141.0,760.0,4.0,11.625,0.0,0.0,3.5,21.25,0.0,8.8125,47.5,11.625
1120,Jaylen Warren,Pit,RB,W 34-11,10.4,Cin,Home,29.0,12-26-23,16,False,0,79,26,6,1,8.78,0.0,0.0,3.6,19.2,0.0,9.4,36.6,0.0,196.4,0.0,0.0,61.0,370.0,0.0,149.0,784.0,4.0,11.552941176470588,0.0,0.0,3.588235294117647,21.764705882352942,0.0,8.764705882352942,46.11764705882353,11.552941176470588
1244,Jeff Wilson Jr.,Mia,RB,L 19-56,6.4,Bal,Away,45.0,01-02-24,17,False,0,80,19,2,0,6.4,0.0,0.0,3.0,13.0,0.0,3.0,21.0,0.0,6.4,0.0,0.0,3.0,13.0,0.0,3.0,21.0,0.0,6.4,0.0,0.0,3.0,13.0,0.0,3.0,21.0,6.4
833,Jeff Wilson Jr.,Mia,RB,L 14-21,4.5,Buf,Home,46.0,01-09-24,18,False,0,80,19,3,1,5.45,0.0,0.0,1.5,6.5,0.0,6.0,33.0,0.0,10.9,0.0,0.0,3.0,13.0,0.0,12.0,66.0,0.0,5.45,0.0,0.0,1.5,6.5,0.0,6.0,33.0,5.45
1688,Jeff Wilson Jr.,Mia,RB,L 17-31,1.4,Phi,Away,54.0,10-24-23,7,False,0,80,19,25,0,4.1000000000000005,0.0,0.0,1.3333333333333333,5.666666666666667,0.0,4.0,22.0,0.0,12.3,0.0,0.0,4.0,17.0,0.0,12.0,66.0,0.0,4.1000000000000005,0.0,0.0,1.3333333333333333,5.666666666666667,0.0,4.0,22.0,4.1000000000000005
1568,Jeff Wilson Jr.,Mia,RB,W 31-17,5.7,NE,Home,46.5,10-31-23,8,False,0,80,19,21,1,4.5,0.0,0.0,1.5,7.75,0.0,4.25,22.25,0.0,18.0,0.0,0.0,6.0,31.0,0.0,17.0,89.0,0.0,4.5,0.0,0.0,1.5,7.75,0.0,4.25,22.25,4.5
624,Jeff Wilson Jr.,Mia,RB,L 14-21,6.8,KC,Away,32.5,11-07-23,9,False,0,80,19,15,0,4.96,0.0,0.0,1.8,12.6,0.0,3.8,19.0,0.0,24.8,0.0,0.0,9.0,63.0,0.0,19.0,95.0,0.0,4.96,0.0,0.0,1.8,12.6,0.0,3.8,19.0,4.96
1016,Jeff Wilson Jr.,Mia,RB,W 34-13,10.3,NYJ,Away,27.0,11-28-23,12,False,0,80,19,24,0,5.74,0.0,0.0,1.8,13.4,0.0,5.4,26.0,0.0,35.1,0.0,0.0,12.0,80.0,0.0,30.0,151.0,0.0,5.8500000000000005,0.0,0.0,2.0,13.333333333333334,0.0,5.0,25.166666666666668,5.8500000000000005
569,Jeff Wilson Jr.,Mia,RB,W 45-15,1.1,Wsh,Away,57.0,12-05-23,13,False,0,80,19,31,0,5.0600000000000005,0.0,0.0,1.8,13.4,0.0,4.4,19.2,0.0,36.2,0.0,0.0,12.0,80.0,0.0,34.0,162.0,0.0,5.171428571428572,0.0,0.0,1.7142857142857142,11.428571428571429,0.0,4.857142857142857,23.142857142857142,5.171428571428572
763,Jeff Wilson Jr.,Mia,RB,L 27-28,0.0,Ten,Home,89.5,12-12-23,14,False,0,80,19,30,1,4.78,0.0,0.0,1.6,12.6,0.0,4.4,19.2,0.0,36.2,0.0,0.0,12.0,80.0,0.0,34.0,162.0,0.0,4.525,0.0,0.0,1.5,10.0,0.0,4.25,20.25,4.525
1483,Jeff Wilson Jr.,Mia,RB,W 30-0,1.6,NYJ,Home,71.0,12-19-23,15,False,0,80,19,24,1,3.96,0.0,0.0,1.4,10.0,0.0,3.8,15.6,0.0,37.800000000000004,0.0,0.0,13.0,81.0,0.0,36.0,167.0,0.0,4.2,0.0,0.0,1.4444444444444444,9.0,0.0,4.0,18.555555555555557,4.2
1145,Jeff Wilson Jr.,Mia,RB,W 22-20,3.5,Dal,Home,54.0,12-26-23,16,False,0,80,19,8,1,3.3,0.0,0.0,1.0,4.4,0.0,4.4,18.6,0.0,41.300000000000004,0.0,0.0,14.0,85.0,0.0,41.0,188.0,0.0,4.130000000000001,0.0,0.0,1.4,8.5,0.0,4.1,18.8,4.130000000000001
886,Jeremy McNichols,SF,RB,L 20-21,0.0,LAR,Home,88.5,01-09-24,18,False,0,81,27,17,1,0.0,0.0,0.0,0.0,0.0,0.0,0.0,0.0,0.0,0.0,0.0,0.0,0.0,0.0,0.0,0.0,0.0,0.0,0.0,0.0,0.0,0.0,0.0,0.0,0.0,0.0,0.0
785,Jeremy McNichols,SF,RB,W 28-16,0.0,Sea,Home,89.5,12-12-23,14,False,0,81,27,28,1,0.0,0.0,0.0,0.0,0.0,0.0,0.0,0.0,0.0,0.0,0.0,0.0,0.0,0.0,0.0,0.0,0.0,0.0,0.0,0.0,0.0,0.0,0.0,0.0,0.0,0.0,0.0
1193,Jeremy McNichols,SF,RB,L 19-33,0.0,Bal,Home,92.0,12-26-23,16,False,0,81,27,2,1,0.0,0.0,0.0,0.0,0.0,0.0,0.0,0.0,0.0,0.0,0.0,0.0,0.0,0.0,0.0,0.0,0.0,0.0,0.0,0.0,0.0,0.0,0.0,0.0,0.0,0.0,0.0
171,Jerick McKinnon,KC,RB,L 20-21,2.0,Det,Home,64.5,09-12-23,1,False,0,82,15,10,1,2.0,0.0,0.0,1.0,10.0,0.0,0.0,0.0,0.0,2.0,0.0,0.0,1.0,10.0,0.0,0.0,0.0,0.0,2.0,0.0,0.0,1.0,10.0,0.0,0.0,0.0,2.0
1349,Jerick McKinnon,KC,RB,W 17-9,5.2,Jax,Away,46.0,09-19-23,2,False,0,82,15,14,0,3.6,0.0,0.0,2.0,17.0,0.0,0.5,-1.0,0.0,7.2,0.0,0.0,4.0,34.0,0.0,1.0,-2.0,0.0,3.6,0.0,0.0,2.0,17.0,0.0,0.5,-1.0,3.6
227,Jerick McKinnon,KC,RB,W 41-10,17.8,Chi,Home,8.5,09-26-23,3,False,0,82,15,5,1,8.333333333333334,0.0,0.0,2.3333333333333335,17.666666666666668,0.6666666666666666,1.0,2.3333333333333335,0.0,25.0,0.0,0.0,7.0,53.0,2.0,3.0,7.0,0.0,8.333333333333334,0.0,0.0,2.3333333333333335,17.666666666666668,0.6666666666666666,1.0,2.3333333333333335,8.333333333333334
74,Jerick McKinnon,KC,RB,W 23-20,0.7,NYJ,Away,76.0,10-03-23,4,False,0,82,15,24,0,6.425,0.0,0.0,1.75,13.25,0.5,1.5,3.5,0.0,25.7,0.0,0.0,7.0,53.0,2.0,6.0,14.0,0.0,6.425,0.0,0.0,1.75,13.25,0.5,1.5,3.5,6.425
367,Jerick McKinnon,KC,RB,W 27-20,4.5,Min,Away,40.5,10-10-23,5,False,0,82,15,20,0,6.04,0.0,0.0,1.8,14.2,0.4,1.4,4.2,0.0,30.2,0.0,0.0,9.0,71.0,2.0,7.0,21.0,0.0,6.04,0.0,0.0,1.8,14.2,0.4,1.4,4.2,6.04
1768,Jerick McKinnon,KC,RB,W 19-8,5.0,Den,Home,42.0,10-17-23,6,False,0,82,15,9,1,6.640000000000001,0.0,0.0,2.2,16.2,0.4,1.4,4.2,0.0,35.2,0.0,0.0,12.0,91.0,2.0,7.0,21.0,0.0,5.866666666666667,0.0,0.0,2.0,15.166666666666666,0.3333333333333333,1.1666666666666667,3.5,5.866666666666667
1680,Jerick McKinnon,KC,RB,W 31-17,4.6,LAC,Home,46.0,10-24-23,7,False,0,82,15,16,1,6.5200000000000005,0.0,0.0,2.0,16.2,0.4,1.6,5.0,0.0,39.8,0.0,0.0,14.0,115.0,2.0,9.0,23.0,0.0,5.685714285714285,0.0,0.0,2.0,16.428571428571427,0.2857142857142857,1.2857142857142858,3.2857142857142856,5.685714285714285
1589,Jerick McKinnon,KC,RB,L 9-24,1.9,Den,Away,67.5,10-31-23,8,False,0,82,15,9,0,3.34,0.0,0.0,1.6,14.6,0.0,1.6,2.8,0.0,41.7,0.0,0.0,15.0,126.0,2.0,11.0,21.0,0.0,5.2125,0.0,0.0,1.875,15.75,0.25,1.375,2.625,5.2125
614,Jerick McKinnon,KC,RB,W 21-14,10.4,Mia,Home,22.0,11-07-23,9,False,0,82,15,19,1,5.279999999999999,0.0,0.0,2.0,19.0,0.2,1.2,1.8,0.0,52.1,0.0,0.0,17.0,148.0,3.0,12.0,23.0,0.0,5.788888888888889,0.0,0.0,1.8888888888888888,16.444444444444443,0.3333333333333333,1.3333333333333333,2.5555555555555554,5.788888888888889
464,Jerick McKinnon,KC,RB,L 17-21,3.5,Phi,Home,45.5,11-21-23,11,False,0,82,15,25,1,5.08,0.0,0.0,2.0,17.0,0.2,1.2,1.8,0.0,55.6,0.0,0.0,19.0,156.0,3.0,13.0,30.0,0.0,5.5600000000000005,0.0,0.0,1.9,15.6,0.3,1.3,3.0,5.5600000000000005
706,Jerick McKinnon,KC,RB,L 17-20,12.7,Buf,Home,21.0,12-12-23,14,False,0,82,15,3,1,6.62,0.0,0.0,2.0,16.6,0.2,2.0,5.6,0.2,68.3,0.0,0.0,22.0,174.0,3.0,17.0,49.0,1.0,6.209090909090909,0.0,0.0,2.0,15.818181818181818,0.2727272727272727,1.5454545454545454,4.454545454545454,6.209090909090909
1425,Jerick McKinnon,KC,RB,W 27-17,16.16,NE,Away,13.0,12-19-23,15,False,0,82,15,21,0,8.931999999999999,0.8,0.2,2.2,15.6,0.4,2.4,7.4,0.2,84.46000000000001,4.0,1.0,25.0,193.0,4.0,21.0,60.0,1.0,7.038333333333334,0.3333333333333333,0.08333333333333333,2.0833333333333335,16.083333333333332,0.3333333333333333,1.75,5.0,7.038333333333334
1204,Jerome Ford,Cle,RB,W 37-20,26.1,NYJ,Home,5.0,01-02-24,17,False,0,83,7,24,1,26.1,0.0,0.0,2.0,57.0,2.0,12.0,64.0,0.0,26.1,0.0,0.0,2.0,57.0,2.0,12.0,64.0,0.0,26.1,0.0,0.0,2.0,57.0,2.0,12.0,64.0,26.1
831,Jerome Ford,Cle,RB,L 14-31,5.2,Cin,Away,44.5,01-09-24,18,False,0,83,7,6,0,15.65,0.0,0.0,2.0,41.5,1.0,7.5,35.0,0.0,31.3,0.0,0.0,4.0,83.0,2.0,15.0,70.0,0.0,15.65,0.0,0.0,2.0,41.5,1.0,7.5,35.0,15.65
175,Jerome Ford,Cle,RB,W 24-3,1.6,Cin,Home,68.5,09-12-23,1,False,0,83,7,6,1,10.966666666666667,0.0,0.0,1.3333333333333333,27.666666666666668,0.6666666666666666,10.0,35.333333333333336,0.0,32.9,0.0,0.0,4.0,83.0,2.0,30.0,106.0,0.0,10.966666666666667,0.0,0.0,1.3333333333333333,27.666666666666668,0.6666666666666666,10.0,35.333333333333336,10.966666666666667
1309,Jerome Ford,Cle,RB,L 22-26,24.1,Pit,Away,6.0,09-19-23,2,False,0,83,7,26,0,14.25,0.0,0.0,1.75,27.0,0.75,11.5,53.0,0.0,57.0,0.0,0.0,7.0,108.0,3.0,46.0,212.0,0.0,14.25,0.0,0.0,1.75,27.0,0.75,11.5,53.0,14.25
225,Jerome Ford,Cle,RB,W 27-3,19.1,Ten,Home,7.0,09-26-23,3,False,0,83,7,30,1,15.220000000000002,0.0,0.0,1.8,28.2,0.8,11.2,46.0,0.2,76.10000000000001,0.0,0.0,9.0,141.0,4.0,56.0,230.0,1.0,15.220000000000002,0.0,0.0,1.8,28.2,0.8,11.2,46.0,15.220000000000002
23,Jerome Ford,Cle,RB,L 3-28,9.5,Bal,Home,24.0,10-03-23,4,False,0,83,7,2,1,11.9,0.0,0.0,2.4,20.6,0.4,10.6,38.4,0.2,85.60000000000001,0.0,0.0,14.0,160.0,4.0,65.0,256.0,1.0,14.266666666666667,0.0,0.0,2.3333333333333335,26.666666666666668,0.6666666666666666,10.833333333333334,42.666666666666664,14.266666666666667
1750,Jerome Ford,Cle,RB,W 19-17,11.1,SF,Home,24.0,10-17-23,6,False,0,83,7,27,1,13.080000000000002,0.0,0.0,2.4,16.8,0.4,13.4,54.0,0.2,96.7,0.0,0.0,16.0,167.0,4.0,82.0,340.0,1.0,13.814285714285715,0.0,0.0,2.2857142857142856,23.857142857142858,0.5714285714285714,11.714285714285714,48.57142857142857,13.814285714285715
1644,Jerome Ford,Cle,RB,W 39-38,17.4,Ind,Away,10.0,10-24-23,7,False,0,83,7,13,0,16.240000000000002,0.0,0.0,2.8,20.8,0.4,12.6,61.6,0.4,114.1,0.0,0.0,18.0,187.0,4.0,93.0,414.0,2.0,14.2625,0.0,0.0,2.25,23.375,0.5,11.625,51.75,14.2625
1572,Jerome Ford,Cle,RB,L 20-24,4.9,Sea,Away,50.0,10-31-23,8,False,0,83,7,28,0,12.399999999999999,0.0,0.0,2.4,16.2,0.2,11.2,47.8,0.4,119.0,0.0,0.0,19.0,189.0,4.0,102.0,451.0,2.0,13.222222222222221,0.0,0.0,2.111111111111111,21.0,0.4444444444444444,11.333333333333334,50.111111111111114,13.222222222222221
608,Jerome Ford,Cle,RB,W 27-0,12.7,Ari,Home,16.0,11-07-23,9,False,0,83,7,0,1,11.12,0.0,0.0,3.0,16.2,0.0,13.2,53.0,0.2,131.7,0.0,0.0,24.0,222.0,4.0,122.0,495.0,2.0,13.169999999999998,0.0,0.0,2.4,22.2,0.4,12.2,49.5,13.169999999999998
918,Jerome Ford,Cle,RB,W 33-31,11.9,Bal,Away,24.0,11-14-23,10,False,0,83,7,2,0,11.599999999999998,0.0,0.0,2.2,12.8,0.0,14.8,69.2,0.2,143.6,0.0,0.0,25.0,224.0,4.0,139.0,602.0,2.0,13.054545454545455,0.0,0.0,2.272727272727273,20.363636363636363,0.36363636363636365,12.636363636363637,54.72727272727273,13.054545454545455
439,Jerome Ford,Cle,RB,W 13-10,11.9,Pit,Home,20.0,11-21-23,11,False,0,83,7,26,1,11.76,0.0,0.0,2.2,13.0,0.0,13.8,58.6,0.4,155.5,0.0,0.0,27.0,232.0,4.0,151.0,633.0,3.0,12.958333333333334,0.0,0.0,2.25,19.333333333333332,0.3333333333333333,12.583333333333334,52.75,12.958333333333334
1012,Jerome Ford,Cle,RB,L 12-29,11.9,Den,Away,22.5,11-28-23,12,False,0,83,7,9,0,10.66,0.0,0.0,2.6,11.8,0.0,13.4,56.8,0.2,167.4,0.0,0.0,31.0,246.0,4.0,160.0,698.0,3.0,12.876923076923077,0.0,0.0,2.3846153846153846,18.923076923076923,0.3076923076923077,12.307692307692308,53.69230769230769,12.876923076923077
526,Jerome Ford,Cle,RB,L 19-36,14.2,LAR,Away,14.0,12-05-23,13,False,0,83,7,17,0,12.52,0.0,0.0,3.0,18.0,0.2,13.4,53.2,0.2,181.6,0.0,0.0,34.0,279.0,5.0,169.0,717.0,3.0,12.971428571428572,0.0,0.0,2.4285714285714284,19.928571428571427,0.35714285714285715,12.071428571428571,51.214285714285715,12.971428571428572
705,Jerome Ford,Cle,RB,W 31-27,13.2,Jax,Home,20.0,12-12-23,14,False,0,83,7,14,1,12.62,0.0,0.0,3.0,17.6,0.2,11.8,54.6,0.2,194.8,0.0,0.0,39.0,310.0,5.0,181.0,768.0,3.0,12.986666666666668,0.0,0.0,2.6,20.666666666666668,0.3333333333333333,12.066666666666666,51.2,12.986666666666668
1449,Jerome Ford,Cle,RB,W 20-17,7.1,Chi,Home,37.5,12-19-23,15,False,0,83,7,5,1,11.66,0.0,0.0,3.6,19.4,0.2,10.0,37.2,0.2,201.9,0.0,0.0,43.0,321.0,5.0,189.0,788.0,3.0,12.61875,0.0,0.0,2.6875,20.0625,0.3125,11.8125,49.25,12.61875
1124,Jerome Ford,Cle,RB,W 36-22,9.3,Hou,Away,33.5,12-26-23,16,False,0,83,7,12,0,11.14,0.0,0.0,3.4,17.4,0.2,10.6,36.0,0.2,211.2,0.0,0.0,44.0,319.0,5.0,204.0,813.0,4.0,12.423529411764704,0.0,0.0,2.588235294117647,18.764705882352942,0.29411764705882354,12.0,47.8235294117647,12.423529411764704
1211,Joe Mixon,Cin,RB,L 17-25,18.7,KC,Away,12.0,01-02-24,17,False,0,84,6,15,0,18.7,0.0,0.0,4.0,22.0,1.0,21.0,65.0,0.0,18.7,0.0,0.0,4.0,22.0,1.0,21.0,65.0,0.0,18.7,0.0,0.0,4.0,22.0,1.0,21.0,65.0,18.7
792,Joe Mixon,Cin,RB,W 31-14,24.7,Cle,Home,5.0,01-09-24,18,False,0,84,6,7,1,21.7,0.0,0.0,2.5,14.0,1.0,17.5,88.0,0.5,43.4,0.0,0.0,5.0,28.0,2.0,35.0,176.0,1.0,21.7,0.0,0.0,2.5,14.0,1.0,17.5,88.0,21.7
134,Joe Mixon,Cin,RB,L 3-24,10.3,Cle,Away,27.5,09-12-23,1,False,0,84,6,7,0,17.900000000000002,0.0,0.0,2.6666666666666665,15.0,0.6666666666666666,16.0,77.33333333333333,0.3333333333333333,53.7,0.0,0.0,8.0,45.0,2.0,48.0,232.0,1.0,17.900000000000002,0.0,0.0,2.6666666666666665,15.0,0.6666666666666666,16.0,77.33333333333333,17.900000000000002
1321,Joe Mixon,Cin,RB,L 24-27,13.5,Bal,Home,18.0,09-19-23,2,False,0,84,6,2,1,16.8,0.0,0.0,3.0,20.25,0.5,15.25,72.75,0.25,67.2,0.0,0.0,12.0,81.0,2.0,61.0,291.0,1.0,16.8,0.0,0.0,3.0,20.25,0.5,15.25,72.75,16.8
234,Joe Mixon,Cin,RB,W 19-16,14.0,LAR,Home,16.0,09-26-23,3,False,0,84,6,17,1,16.240000000000002,0.0,0.0,2.6,17.2,0.4,16.0,71.2,0.4,81.2,0.0,0.0,13.0,86.0,2.0,80.0,356.0,2.0,16.240000000000002,0.0,0.0,2.6,17.2,0.4,16.0,71.2,16.240000000000002
29,Joe Mixon,Cin,RB,L 3-27,8.6,Ten,Away,30.0,10-03-23,4,False,0,84,6,30,0,14.219999999999999,0.0,0.0,2.0,14.6,0.2,14.6,71.6,0.4,89.8,0.0,0.0,14.0,95.0,2.0,94.0,423.0,2.0,14.966666666666667,0.0,0.0,2.3333333333333335,15.833333333333334,0.3333333333333333,15.666666666666666,70.5,14.966666666666667
341,Joe Mixon,Cin,RB,W 34-20,13.4,Ari,Away,14.5,10-10-23,5,False,0,84,6,0,0,11.959999999999999,0.0,0.0,2.6,16.0,0.0,16.8,65.6,0.2,103.2,0.0,0.0,18.0,108.0,2.0,119.0,504.0,2.0,14.742857142857144,0.0,0.0,2.5714285714285716,15.428571428571429,0.2857142857142857,17.0,72.0,14.742857142857144
1752,Joe Mixon,Cin,RB,W 17-13,9.2,Sea,Home,26.0,10-17-23,6,False,0,84,6,28,1,11.74,0.0,0.0,2.6,17.4,0.0,16.6,62.0,0.2,112.4,0.0,0.0,21.0,132.0,2.0,131.0,542.0,2.0,14.05,0.0,0.0,2.625,16.5,0.25,16.375,67.75,14.05
1530,Joe Mixon,Cin,RB,W 31-17,20.0,SF,Away,8.0,10-31-23,8,False,0,84,6,27,0,13.040000000000001,0.0,0.0,2.4,14.8,0.0,17.2,67.6,0.4,132.4,0.0,0.0,24.0,155.0,2.0,147.0,629.0,3.0,14.711111111111112,0.0,0.0,2.6666666666666665,17.22222222222222,0.2222222222222222,16.333333333333332,69.88888888888889,14.711111111111112
601,Joe Mixon,Cin,RB,W 24-18,17.8,Buf,Home,9.0,11-07-23,9,False,0,84,6,3,1,13.8,0.0,0.0,3.2,20.0,0.0,16.2,62.0,0.4,150.2,0.0,0.0,29.0,186.0,2.0,161.0,666.0,4.0,15.02,0.0,0.0,2.9,18.6,0.2,16.1,66.6,15.02
916,Joe Mixon,Cin,RB,L 27-30,12.5,Hou,Home,22.0,11-14-23,10,False,0,84,6,12,1,14.580000000000002,0.0,0.0,3.4,18.0,0.0,15.6,57.8,0.6,162.7,0.0,0.0,31.0,185.0,2.0,172.0,712.0,5.0,14.79090909090909,0.0,0.0,2.8181818181818183,16.818181818181817,0.18181818181818182,15.636363636363637,64.72727272727273,14.79090909090909
424,Joe Mixon,Cin,RB,L 20-34,21.0,Bal,Away,5.5,11-21-23,11,False,0,84,6,2,0,16.1,0.0,0.0,3.6,21.6,0.2,13.8,55.4,0.6,183.7,0.0,0.0,36.0,216.0,3.0,188.0,781.0,5.0,15.308333333333332,0.0,0.0,3.0,18.0,0.25,15.666666666666666,65.08333333333333,15.308333333333332
1025,Joe Mixon,Cin,RB,L 10-16,8.0,Pit,Home,36.0,11-28-23,12,False,0,84,6,26,1,15.860000000000003,0.0,0.0,3.4,25.6,0.2,13.0,51.0,0.6,191.7,0.0,0.0,38.0,260.0,3.0,196.0,797.0,5.0,14.746153846153845,0.0,0.0,2.923076923076923,20.0,0.23076923076923078,15.076923076923077,61.30769230769231,14.746153846153845
513,Joe Mixon,Cin,RB,W 34-31,29.7,Jax,Away,1.0,12-05-23,13,False,0,84,6,14,0,17.8,0.0,0.0,4.0,30.8,0.2,13.6,47.2,0.8,221.4,0.0,0.0,44.0,309.0,3.0,215.0,865.0,7.0,15.814285714285715,0.0,0.0,3.142857142857143,22.071428571428573,0.21428571428571427,15.357142857142858,61.785714285714285,15.814285714285715
691,Joe Mixon,Cin,RB,W 34-14,21.5,Ind,Home,6.5,12-12-23,14,False,0,84,6,13,1,18.54,0.0,0.0,3.6,33.8,0.2,15.0,55.6,0.8,242.9,0.0,0.0,47.0,355.0,3.0,236.0,944.0,8.0,16.193333333333335,0.0,0.0,3.1333333333333333,23.666666666666668,0.2,15.733333333333333,62.93333333333333,16.193333333333335
1427,Joe Mixon,Cin,RB,W 27-24,15.1,Min,Home,15.0,12-19-23,15,False,0,84,6,20,1,19.06,0.0,0.0,3.8,36.8,0.2,14.8,55.8,0.8,258.0,0.0,0.0,50.0,369.0,3.0,246.0,991.0,9.0,16.125,0.0,0.0,3.125,23.0625,0.1875,15.375,61.9375,16.125
1126,Joe Mixon,Cin,RB,L 11-34,9.0,Pit,Away,35.0,12-26-23,16,False,0,84,6,26,0,16.66,0.0,0.0,3.2,32.0,0.0,13.8,50.6,0.8,267.0,0.0,0.0,52.0,376.0,3.0,257.0,1034.0,9.0,15.705882352941176,0.0,0.0,3.0588235294117645,22.11764705882353,0.17647058823529413,15.117647058823529,60.8235294117647,15.705882352941176
1212,Jonathan Taylor,Ind,RB,W 23-20,17.4,LV,Home,13.0,01-02-24,17,False,0,85,13,18,1,17.4,0.0,0.0,1.0,8.0,0.0,21.0,96.0,1.0,17.4,0.0,0.0,1.0,8.0,0.0,21.0,96.0,1.0,17.4,0.0,0.0,1.0,8.0,0.0,21.0,96.0,17.4
790,Jonathan Taylor,Ind,RB,L 19-23,27.6,Hou,Home,3.0,01-09-24,18,False,0,85,13,12,1,22.5,0.0,0.0,1.5,8.0,0.0,25.5,142.0,1.0,45.0,0.0,0.0,3.0,16.0,0.0,51.0,284.0,2.0,22.5,0.0,0.0,1.5,8.0,0.0,25.5,142.0,22.5
369,Jonathan Taylor,Ind,RB,W 23-16,4.4,Ten,Home,42.0,10-10-23,5,False,0,85,13,30,1,16.466666666666665,0.0,0.0,1.3333333333333333,10.666666666666666,0.0,19.0,100.66666666666667,0.6666666666666666,49.4,0.0,0.0,4.0,32.0,0.0,57.0,302.0,2.0,16.466666666666665,0.0,0.0,1.3333333333333333,10.666666666666666,0.0,19.0,100.66666666666667,16.466666666666665
1747,Jonathan Taylor,Ind,RB,L 20-37,11.5,Jax,Away,21.0,10-17-23,6,False,0,85,13,14,0,15.225,0.0,0.0,2.25,19.5,0.0,16.25,80.25,0.5,60.9,0.0,0.0,9.0,78.0,0.0,65.0,321.0,2.0,15.225,0.0,0.0,2.25,19.5,0.0,16.25,80.25,15.225
1641,Jonathan Taylor,Ind,RB,L 38-39,21.0,Cle,Home,7.0,10-24-23,7,False,0,85,13,7,1,16.380000000000003,0.0,0.0,2.4,24.6,0.0,16.6,79.2,0.6,81.9,0.0,0.0,12.0,123.0,0.0,83.0,396.0,3.0,16.380000000000003,0.0,0.0,2.4,24.6,0.0,16.6,79.2,16.380000000000003
1542,Jonathan Taylor,Ind,RB,L 27-38,10.7,NO,Home,20.0,10-31-23,8,False,0,85,13,22,1,15.039999999999997,0.0,0.0,2.4,23.4,0.0,14.8,79.0,0.4,92.6,0.0,0.0,13.0,125.0,0.0,95.0,491.0,3.0,15.433333333333332,0.0,0.0,2.1666666666666665,20.833333333333332,0.0,15.833333333333334,81.83333333333333,15.433333333333332
599,Jonathan Taylor,Ind,RB,W 27-13,17.9,Car,Away,7.5,11-07-23,9,False,0,85,13,4,0,13.1,0.0,0.0,3.0,26.2,0.2,12.4,50.8,0.2,110.5,0.0,0.0,18.0,147.0,1.0,113.0,538.0,3.0,15.785714285714286,0.0,0.0,2.5714285714285716,21.0,0.14285714285714285,16.142857142857142,76.85714285714286,15.785714285714286
911,Jonathan Taylor,Ind,RB,W 10-6,14.5,NE,Away,17.0,11-14-23,10,False,0,85,13,21,0,15.12,0.0,0.0,3.0,24.2,0.2,15.8,61.0,0.4,125.0,0.0,0.0,19.0,153.0,1.0,136.0,607.0,4.0,15.625,0.0,0.0,2.375,19.125,0.125,17.0,75.875,15.625
998,Jonathan Taylor,Ind,RB,W 27-20,21.1,TB,Home,9.0,11-28-23,12,False,0,85,13,29,1,17.04,0.0,0.0,2.0,15.0,0.2,17.2,75.4,0.8,146.1,0.0,0.0,19.0,153.0,1.0,151.0,698.0,6.0,16.233333333333334,0.0,0.0,2.111111111111111,17.0,0.1111111111111111,16.77777777777778,77.55555555555556,16.233333333333334
1121,Jonathan Taylor,Ind,RB,L 10-29,10.3,Atl,Away,30.0,12-26-23,16,False,0,85,13,1,0,14.9,0.0,0.0,1.4,6.0,0.2,17.2,69.0,0.8,156.4,0.0,0.0,19.0,153.0,1.0,169.0,741.0,7.0,15.64,0.0,0.0,1.9,15.3,0.1,16.9,74.1,15.64
1273,Jonathan Ward,Ten,RB,L 3-26,1.1,Hou,Away,74.0,01-02-24,17,False,0,86,30,12,0,1.1,0.0,0.0,0.0,0.0,0.0,3.0,11.0,0.0,1.1,0.0,0.0,0.0,0.0,0.0,3.0,11.0,0.0,1.1,0.0,0.0,0.0,0.0,0.0,3.0,11.0,1.1
888,Jonathan Ward,Ten,RB,W 28-20,0.0,Jax,Home,88.5,01-09-24,18,False,0,86,30,14,1,0.55,0.0,0.0,0.0,0.0,0.0,1.5,5.5,0.0,1.1,0.0,0.0,0.0,0.0,0.0,3.0,11.0,0.0,0.55,0.0,0.0,0.0,0.0,0.0,1.5,5.5,0.55
1632,Jonathan Ward,Ten,RB,W 28-23,0.0,Atl,Home,97.0,10-31-23,8,False,0,86,30,1,1,0.3666666666666667,0.0,0.0,0.0,0.0,0.0,1.0,3.6666666666666665,0.0,1.1,0.0,0.0,0.0,0.0,0.0,3.0,11.0,0.0,0.3666666666666667,0.0,0.0,0.0,0.0,0.0,1.0,3.6666666666666665,0.3666666666666667
684,Jonathan Ward,Ten,RB,L 16-20,0.0,Pit,Away,82.5,11-07-23,9,False,0,86,30,26,0,0.275,0.0,0.0,0.0,0.0,0.0,0.75,2.75,0.0,1.1,0.0,0.0,0.0,0.0,0.0,3.0,11.0,0.0,0.275,0.0,0.0,0.0,0.0,0.0,0.75,2.75,0.275
989,Jonathan Ward,Ten,RB,L 6-20,0.0,TB,Away,83.0,11-14-23,10,False,0,86,30,29,0,0.22000000000000003,0.0,0.0,0.0,0.0,0.0,0.6,2.2,0.0,1.1,0.0,0.0,0.0,0.0,0.0,3.0,11.0,0.0,0.22000000000000003,0.0,0.0,0.0,0.0,0.0,0.6,2.2,0.22000000000000003
786,Jonathan Ward,Ten,RB,W 28-27,0.0,Mia,Away,89.5,12-12-23,14,False,0,86,30,19,0,0.0,0.0,0.0,0.0,0.0,0.0,0.0,0.0,0.0,1.1,0.0,0.0,0.0,0.0,0.0,3.0,11.0,0.0,0.18333333333333335,0.0,0.0,0.0,0.0,0.0,0.5,1.8333333333333333,0.18333333333333335
1519,Jonathan Ward,Ten,RB,L 16-19,0.0,Hou,Home,94.0,12-19-23,15,False,0,86,30,12,1,0.0,0.0,0.0,0.0,0.0,0.0,0.0,0.0,0.0,1.1,0.0,0.0,0.0,0.0,0.0,3.0,11.0,0.0,0.15714285714285717,0.0,0.0,0.0,0.0,0.0,0.42857142857142855,1.5714285714285714,0.15714285714285717
1195,Jonathan Ward,Ten,RB,L 17-20,0.0,Sea,Home,92.0,12-26-23,16,False,0,86,30,28,1,0.0,0.0,0.0,0.0,0.0,0.0,0.0,0.0,0.0,1.1,0.0,0.0,0.0,0.0,0.0,3.0,11.0,0.0,0.1375,0.0,0.0,0.0,0.0,0.0,0.375,1.375,0.1375
1521,Jonathan Williams,Wsh,RB,L 20-28,-0.2,LAR,Away,108.5,12-19-23,15,False,0,87,31,17,0,-0.2,0.0,0.0,0.0,0.0,0.0,1.0,-2.0,0.0,-0.2,0.0,0.0,0.0,0.0,0.0,1.0,-2.0,0.0,-0.2,0.0,0.0,0.0,0.0,0.0,1.0,-2.0,-0.2
1276,Jordan Mason,SF,RB,W 27-10,0.3,Wsh,Away,77.5,01-02-24,17,False,0,88,27,31,0,0.3,0.0,0.0,0.0,0.0,0.0,2.0,3.0,0.0,0.3,0.0,0.0,0.0,0.0,0.0,2.0,3.0,0.0,0.3,0.0,0.0,0.0,0.0,0.0,2.0,3.0,0.3
829,Jordan Mason,SF,RB,L 20-21,5.8,LAR,Home,42.0,01-09-24,18,False,0,88,27,17,1,3.05,0.0,0.0,0.5,6.0,0.0,4.0,19.5,0.0,6.1,0.0,0.0,1.0,12.0,0.0,8.0,39.0,0.0,3.05,0.0,0.0,0.5,6.0,0.0,4.0,19.5,3.05
195,Jordan Mason,SF,RB,W 30-7,0.0,Pit,Away,96.0,09-12-23,1,False,0,88,27,26,0,2.033333333333333,0.0,0.0,0.3333333333333333,4.0,0.0,2.6666666666666665,13.0,0.0,6.1,0.0,0.0,1.0,12.0,0.0,8.0,39.0,0.0,2.033333333333333,0.0,0.0,0.3333333333333333,4.0,0.0,2.6666666666666665,13.0,2.033333333333333
1388,Jordan Mason,SF,RB,W 30-23,0.0,LAR,Away,96.0,09-19-23,2,False,0,88,27,17,0,1.525,0.0,0.0,0.25,3.0,0.0,2.0,9.75,0.0,6.1,0.0,0.0,1.0,12.0,0.0,8.0,39.0,0.0,1.525,0.0,0.0,0.25,3.0,0.0,2.0,9.75,1.525
294,Jordan Mason,SF,RB,W 30-12,1.1,NYG,Home,76.0,09-26-23,3,False,0,88,27,23,1,1.44,0.0,0.0,0.2,2.4,0.0,2.2,10.0,0.0,7.199999999999999,0.0,0.0,1.0,12.0,0.0,11.0,50.0,0.0,1.44,0.0,0.0,0.2,2.4,0.0,2.2,10.0,1.44
55,Jordan Mason,SF,RB,W 35-16,3.3,Ari,Home,55.0,10-03-23,4,False,0,88,27,0,1,2.04,0.0,0.0,0.4,5.0,0.0,2.4,11.4,0.0,10.5,0.0,0.0,2.0,25.0,0.0,14.0,60.0,0.0,1.75,0.0,0.0,0.3333333333333333,4.166666666666667,0.0,2.3333333333333335,10.0,1.75
344,Jordan Mason,SF,RB,W 42-10,12.9,Dal,Home,17.0,10-10-23,5,False,0,88,27,8,1,3.46,0.0,0.0,0.2,2.6,0.0,3.2,18.0,0.2,23.4,0.0,0.0,2.0,25.0,0.0,24.0,129.0,1.0,3.3428571428571425,0.0,0.0,0.2857142857142857,3.5714285714285716,0.0,3.4285714285714284,18.428571428571427,3.3428571428571425
1753,Jordan Mason,SF,RB,L 17-19,8.7,Cle,Away,27.0,10-17-23,6,False,0,88,27,7,0,5.2,0.0,0.0,0.2,2.6,0.0,4.2,23.4,0.4,32.1,0.0,0.0,2.0,25.0,0.0,29.0,156.0,2.0,4.0125,0.0,0.0,0.25,3.125,0.0,3.625,19.5,4.0125
1698,Jordan Mason,SF,RB,L 17-22,0.0,Min,Away,76.0,10-24-23,7,False,0,88,27,20,0,5.2,0.0,0.0,0.2,2.6,0.0,4.2,23.4,0.4,32.1,0.0,0.0,2.0,25.0,0.0,29.0,156.0,2.0,3.566666666666667,0.0,0.0,0.2222222222222222,2.7777777777777777,0.0,3.2222222222222223,17.333333333333332,3.566666666666667
1606,Jordan Mason,SF,RB,L 17-31,0.0,Cin,Home,97.0,10-31-23,8,False,0,88,27,6,1,4.9799999999999995,0.0,0.0,0.2,2.6,0.0,3.6,21.2,0.4,32.1,0.0,0.0,2.0,25.0,0.0,29.0,156.0,2.0,3.21,0.0,0.0,0.2,2.5,0.0,2.9,15.6,3.21
966,Jordan Mason,SF,RB,W 34-3,0.0,Jax,Away,83.0,11-14-23,10,False,0,88,27,14,0,4.32,0.0,0.0,0.0,0.0,0.0,3.0,19.2,0.4,32.1,0.0,0.0,2.0,25.0,0.0,29.0,156.0,2.0,2.9181818181818184,0.0,0.0,0.18181818181818182,2.272727272727273,0.0,2.6363636363636362,14.181818181818182,2.9181818181818184
490,Jordan Mason,SF,RB,W 27-14,0.0,TB,Home,80.0,11-21-23,11,False,0,88,27,29,1,1.7399999999999995,0.0,0.0,0.0,0.0,0.0,1.0,5.4,0.2,32.1,0.0,0.0,2.0,25.0,0.0,29.0,156.0,2.0,2.6750000000000003,0.0,0.0,0.16666666666666666,2.0833333333333335,0.0,2.4166666666666665,13.0,2.6750000000000003
1069,Jordan Mason,SF,RB,W 31-13,0.0,Sea,Away,90.0,11-28-23,12,False,0,88,27,28,0,0.0,0.0,0.0,0.0,0.0,0.0,0.0,0.0,0.0,32.1,0.0,0.0,2.0,25.0,0.0,29.0,156.0,2.0,2.4692307692307693,0.0,0.0,0.15384615384615385,1.9230769230769231,0.0,2.230769230769231,12.0,2.4692307692307693
570,Jordan Mason,SF,RB,W 42-19,1.0,Phi,Away,58.5,12-05-23,13,False,0,88,27,25,0,0.19999999999999965,0.0,0.0,0.0,0.0,0.0,0.4,2.0,0.0,33.1,0.0,0.0,2.0,25.0,0.0,31.0,166.0,2.0,2.3642857142857143,0.0,0.0,0.14285714285714285,1.7857142857142858,0.0,2.2142857142857144,11.857142857142858,2.3642857142857143
715,Jordan Mason,SF,RB,W 28-16,9.6,Sea,Home,29.5,12-12-23,14,False,0,88,27,28,1,2.1199999999999997,0.0,0.0,0.2,1.2,0.0,1.2,6.0,0.2,42.7,0.0,0.0,3.0,31.0,0.0,35.0,186.0,3.0,2.8466666666666667,0.0,0.0,0.2,2.066666666666667,0.0,2.3333333333333335,12.4,2.8466666666666667
1479,Jordan Mason,SF,RB,W 45-29,2.0,Ari,Away,67.0,12-19-23,15,False,0,88,27,0,0,2.5199999999999996,0.0,0.0,0.2,1.2,0.0,2.2,10.0,0.2,44.7,0.0,0.0,3.0,31.0,0.0,40.0,206.0,3.0,2.79375,0.0,0.0,0.1875,1.9375,0.0,2.5,12.875,2.79375
1171,Jordan Mason,SF,RB,L 19-33,0.0,Bal,Home,92.0,12-26-23,16,False,0,88,27,2,1,2.5199999999999996,0.0,0.0,0.2,1.2,0.0,2.2,10.0,0.2,44.7,0.0,0.0,3.0,31.0,0.0,40.0,206.0,3.0,2.6294117647058823,0.0,0.0,0.17647058823529413,1.8235294117647058,0.0,2.3529411764705883,12.117647058823529,2.6294117647058823
890,Jordan Mims,NO,RB,W 48-17,0.0,Atl,Home,88.5,01-09-24,18,False,0,89,22,1,1,0.0,0.0,0.0,0.0,0.0,0.0,0.0,0.0,0.0,0.0,0.0,0.0,0.0,0.0,0.0,0.0,0.0,0.0,0.0,0.0,0.0,0.0,0.0,0.0,0.0,0.0,0.0
139,Josh Jacobs,LV,RB,W 17-16,9.1,Den,Away,32.0,09-12-23,1,False,0,90,18,9,0,9.1,0.0,0.0,2.0,23.0,0.0,19.0,48.0,0.0,9.1,0.0,0.0,2.0,23.0,0.0,19.0,48.0,0.0,9.1,0.0,0.0,2.0,23.0,0.0,19.0,48.0,9.1
1328,Josh Jacobs,LV,RB,L 10-38,9.9,Buf,Away,25.0,09-19-23,2,False,0,90,18,3,0,9.5,0.0,0.0,3.5,37.0,0.0,14.0,23.0,0.0,19.0,0.0,0.0,7.0,74.0,0.0,28.0,46.0,0.0,9.5,0.0,0.0,3.5,37.0,0.0,14.0,23.0,9.5
238,Josh Jacobs,LV,RB,L 18-23,11.0,Pit,Home,20.0,09-26-23,3,False,0,90,18,26,1,10.0,0.0,0.0,3.3333333333333335,30.666666666666668,0.0,15.0,36.0,0.0,30.0,0.0,0.0,10.0,92.0,0.0,45.0,108.0,0.0,10.0,0.0,0.0,3.3333333333333335,30.666666666666668,0.0,15.0,36.0,10.0
2,Josh Jacobs,LV,RB,L 17-24,27.9,LAC,Away,3.0,10-03-23,4,False,0,90,18,16,0,14.475,0.0,0.0,4.5,43.25,0.0,15.5,41.5,0.25,57.9,0.0,0.0,18.0,173.0,0.0,62.0,166.0,1.0,14.475,0.0,0.0,4.5,43.25,0.0,15.5,41.5,14.475
333,Josh Jacobs,LV,RB,W 17-13,19.9,GB,Home,6.0,10-10-23,5,False,0,90,18,11,1,15.559999999999999,0.0,0.0,4.6,38.6,0.0,16.4,47.0,0.4,77.8,0.0,0.0,23.0,193.0,0.0,82.0,235.0,2.0,15.559999999999999,0.0,0.0,4.6,38.6,0.0,16.4,47.0,15.559999999999999
1748,Josh Jacobs,LV,RB,W 21-17,11.3,NE,Home,22.0,10-17-23,6,False,0,90,18,21,1,16.0,0.0,0.0,4.6,37.2,0.0,17.6,52.8,0.4,89.1,0.0,0.0,25.0,209.0,0.0,107.0,312.0,2.0,14.85,0.0,0.0,4.166666666666667,34.833333333333336,0.0,17.833333333333332,52.0,14.85
1676,Josh Jacobs,LV,RB,L 12-30,5.1,Chi,Away,42.0,10-24-23,7,False,0,90,18,5,0,15.040000000000001,0.0,0.0,3.8,28.2,0.0,18.0,60.2,0.4,94.2,0.0,0.0,26.0,215.0,0.0,118.0,347.0,2.0,13.457142857142857,0.0,0.0,3.7142857142857144,30.714285714285715,0.0,16.857142857142858,49.57142857142857,13.457142857142857
1533,Josh Jacobs,LV,RB,L 14-26,16.8,Det,Away,11.0,10-31-23,8,False,0,90,18,10,0,16.2,0.0,0.0,3.6,30.0,0.0,17.6,60.0,0.6,111.0,0.0,0.0,28.0,242.0,0.0,133.0,408.0,3.0,13.875,0.0,0.0,3.5,30.25,0.0,16.625,51.0,13.875
595,Josh Jacobs,LV,RB,W 30-6,21.8,NYG,Home,3.0,11-07-23,9,False,0,90,18,23,1,14.98,0.0,0.0,2.0,13.8,0.0,19.4,68.0,0.8,132.8,0.0,0.0,28.0,242.0,0.0,159.0,506.0,5.0,14.755555555555556,0.0,0.0,3.111111111111111,26.88888888888889,0.0,17.666666666666668,56.22222222222222,14.755555555555556
915,Josh Jacobs,LV,RB,W 16-12,12.7,NYJ,Home,21.0,11-14-23,10,False,0,90,18,24,1,13.540000000000001,0.0,0.0,1.4,12.0,0.0,20.8,77.4,0.6,145.5,0.0,0.0,30.0,253.0,0.0,186.0,622.0,5.0,14.55,0.0,0.0,3.0,25.3,0.0,18.6,62.2,14.55
455,Josh Jacobs,LV,RB,L 13-20,6.1,Mia,Away,36.5,11-21-23,11,False,0,90,18,19,0,12.500000000000002,0.0,0.0,1.2,11.2,0.0,18.6,69.8,0.6,151.6,0.0,0.0,31.0,265.0,0.0,200.0,661.0,5.0,13.781818181818181,0.0,0.0,2.8181818181818183,24.09090909090909,0.0,18.181818181818183,60.09090909090909,13.781818181818181
994,Josh Jacobs,LV,RB,L 17-31,22.5,KC,Home,5.0,11-28-23,12,False,0,90,18,15,1,15.98,0.0,0.0,1.8,13.0,0.0,20.4,84.8,0.8,174.1,0.0,0.0,35.0,280.0,0.0,220.0,771.0,6.0,14.508333333333333,0.0,0.0,2.9166666666666665,23.333333333333332,0.0,18.333333333333332,64.25,14.508333333333333
727,Josh Jacobs,LV,RB,L 0-3,7.0,Min,Home,42.0,12-12-23,14,False,0,90,18,20,1,14.02,0.0,0.0,1.8,10.8,0.0,20.0,79.4,0.6,181.1,0.0,0.0,37.0,296.0,0.0,233.0,805.0,6.0,13.930769230769231,0.0,0.0,2.8461538461538463,22.76923076923077,0.0,17.923076923076923,61.92307692307692,13.930769230769231
1278,Joshua Kelley,LAC,RB,L 9-16,0.2,Den,Away,79.5,01-02-24,17,False,0,91,16,9,0,0.2,0.0,0.0,0.0,0.0,0.0,2.0,2.0,0.0,0.2,0.0,0.0,0.0,0.0,0.0,2.0,2.0,0.0,0.2,0.0,0.0,0.0,0.0,0.0,2.0,2.0,0.2
859,Joshua Kelley,LAC,RB,L 12-13,0.1,KC,Home,72.0,01-09-24,18,False,0,91,16,15,1,0.15000000000000002,0.0,0.0,0.0,0.0,0.0,2.0,1.5,0.0,0.30000000000000004,0.0,0.0,0.0,0.0,0.0,4.0,3.0,0.0,0.15000000000000002,0.0,0.0,0.0,0.0,0.0,2.0,1.5,0.15000000000000002
119,Joshua Kelley,LAC,RB,L 34-36,15.1,Mia,Home,12.0,09-12-23,1,False,0,91,16,19,1,5.133333333333334,0.0,0.0,0.0,0.0,0.0,6.666666666666667,31.333333333333332,0.3333333333333333,15.4,0.0,0.0,0.0,0.0,0.0,20.0,94.0,1.0,5.133333333333334,0.0,0.0,0.0,0.0,0.0,6.666666666666667,31.333333333333332,5.133333333333334
1354,Joshua Kelley,LAC,RB,L 24-27,3.9,Ten,Away,51.5,09-19-23,2,False,0,91,16,30,0,4.825,0.0,0.0,0.0,0.0,0.0,8.25,33.25,0.25,19.3,0.0,0.0,0.0,0.0,0.0,33.0,133.0,1.0,4.825,0.0,0.0,0.0,0.0,0.0,8.25,33.25,4.825
282,Joshua Kelley,LAC,RB,W 28-24,2.7,Min,Away,64.5,09-26-23,3,False,0,91,16,20,0,4.4,0.0,0.0,0.2,1.0,0.0,8.8,29.0,0.2,22.0,0.0,0.0,1.0,5.0,0.0,44.0,145.0,1.0,4.4,0.0,0.0,0.2,1.0,0.0,8.8,29.0,4.4
36,Joshua Kelley,LAC,RB,W 24-17,6.5,LV,Home,37.0,10-03-23,4,False,0,91,16,18,1,5.66,0.0,0.0,0.2,1.0,0.0,11.8,41.6,0.2,28.5,0.0,0.0,1.0,5.0,0.0,61.0,210.0,1.0,4.75,0.0,0.0,0.16666666666666666,0.8333333333333334,0.0,10.166666666666666,35.0,4.75
1795,Joshua Kelley,LAC,RB,L 17-20,1.4,Dal,Home,69.0,10-17-23,6,False,0,91,16,8,1,5.92,0.0,0.0,0.4,1.4,0.0,11.6,41.8,0.2,29.9,0.0,0.0,2.0,7.0,0.0,62.0,212.0,1.0,4.271428571428571,0.0,0.0,0.2857142857142857,1.0,0.0,8.857142857142858,30.285714285714285,4.271428571428571
1652,Joshua Kelley,LAC,RB,L 17-31,13.5,KC,Away,18.0,10-24-23,7,False,0,91,16,15,0,5.6,0.0,0.0,0.4,1.4,0.0,9.8,38.6,0.2,43.4,0.0,0.0,2.0,7.0,0.0,69.0,287.0,2.0,5.425,0.0,0.0,0.25,0.875,0.0,8.625,35.875,5.425
1588,Joshua Kelley,LAC,RB,W 30-13,2.1,Chi,Home,65.5,10-31-23,8,False,0,91,16,5,1,5.24,0.0,0.0,0.4,1.4,0.0,8.4,35.0,0.2,45.5,0.0,0.0,2.0,7.0,0.0,75.0,308.0,2.0,5.055555555555555,0.0,0.0,0.2222222222222222,0.7777777777777778,0.0,8.333333333333334,34.22222222222222,5.055555555555555
640,Joshua Kelley,LAC,RB,W 27-6,3.2,NYJ,Away,47.5,11-07-23,9,False,0,91,16,24,0,5.34,0.0,0.0,0.4,1.2,0.0,6.8,36.2,0.2,48.7,0.0,0.0,3.0,11.0,0.0,78.0,326.0,2.0,4.87,0.0,0.0,0.3,1.1,0.0,7.8,32.6,4.87
951,Joshua Kelley,LAC,RB,L 38-41,1.6,Det,Home,57.0,11-14-23,10,False,0,91,16,10,1,4.360000000000001,0.0,0.0,0.4,1.2,0.0,4.4,26.4,0.2,50.3,0.0,0.0,3.0,11.0,0.0,83.0,342.0,2.0,4.572727272727272,0.0,0.0,0.2727272727272727,1.0,0.0,7.545454545454546,31.09090909090909,4.572727272727272
486,Joshua Kelley,LAC,RB,L 20-23,1.3,GB,Away,66.5,11-21-23,11,False,0,91,16,11,0,4.34,0.0,0.0,0.2,0.8,0.0,5.4,28.6,0.2,51.6,0.0,0.0,3.0,11.0,0.0,89.0,355.0,2.0,4.3,0.0,0.0,0.25,0.9166666666666666,0.0,7.416666666666667,29.583333333333332,4.3
1041,Joshua Kelley,LAC,RB,L 10-20,3.4,Bal,Home,52.0,11-28-23,12,False,0,91,16,2,1,2.3200000000000003,0.0,0.0,0.6,2.0,0.0,4.6,15.2,0.0,55.0,0.0,0.0,5.0,17.0,0.0,92.0,363.0,2.0,4.230769230769231,0.0,0.0,0.38461538461538464,1.3076923076923077,0.0,7.076923076923077,27.923076923076923,4.230769230769231
547,Joshua Kelley,LAC,RB,W 6-0,4.5,NE,Away,35.0,12-05-23,13,False,0,91,16,21,0,2.8,0.0,0.0,1.0,3.8,0.0,4.6,14.2,0.0,59.5,0.0,0.0,7.0,26.0,0.0,98.0,379.0,2.0,4.25,0.0,0.0,0.5,1.8571428571428572,0.0,7.0,27.071428571428573,4.25
760,Joshua Kelley,LAC,RB,L 7-24,0.6,Den,Home,74.5,12-12-23,14,False,0,91,16,9,1,2.2800000000000002,0.0,0.0,0.8,3.0,0.0,4.6,11.8,0.0,60.1,0.0,0.0,7.0,26.0,0.0,101.0,385.0,2.0,4.006666666666667,0.0,0.0,0.4666666666666667,1.7333333333333334,0.0,6.733333333333333,25.666666666666668,4.006666666666667
1480,Joshua Kelley,LAC,RB,L 21-63,1.8,LV,Away,68.0,12-19-23,15,False,0,91,16,18,0,2.32,0.0,0.0,1.0,4.2,0.0,4.6,13.0,0.0,61.9,0.0,0.0,8.0,32.0,0.0,106.0,407.0,2.0,3.86875,0.0,0.0,0.5,2.0,0.0,6.625,25.4375,3.86875
1198,Joshua Kelley,LAC,RB,L 22-24,-0.2,Buf,Home,107.0,12-26-23,16,False,0,91,16,3,1,2.02,0.0,0.0,1.0,4.2,0.0,3.6,10.0,0.0,61.7,0.0,0.0,8.0,32.0,0.0,107.0,405.0,2.0,3.6294117647058823,0.0,0.0,0.47058823529411764,1.8823529411764706,0.0,6.294117647058823,23.823529411764707,3.6294117647058823
200,Julius Chestnut,Ten,RB,L 15-16,0.0,NO,Away,96.0,09-12-23,1,False,0,92,30,22,0,0.0,0.0,0.0,0.0,0.0,0.0,0.0,0.0,0.0,0.0,0.0,0.0,0.0,0.0,0.0,0.0,0.0,0.0,0.0,0.0,0.0,0.0,0.0,0.0,0.0,0.0,0.0
1394,Julius Chestnut,Ten,RB,W 27-24,0.0,LAC,Home,96.0,09-19-23,2,False,0,92,30,16,1,0.0,0.0,0.0,0.0,0.0,0.0,0.0,0.0,0.0,0.0,0.0,0.0,0.0,0.0,0.0,0.0,0.0,0.0,0.0,0.0,0.0,0.0,0.0,0.0,0.0,0.0,0.0
310,Julius Chestnut,Ten,RB,L 3-27,0.0,Cle,Away,95.5,09-26-23,3,False,0,92,30,7,0,0.0,0.0,0.0,0.0,0.0,0.0,0.0,0.0,0.0,0.0,0.0,0.0,0.0,0.0,0.0,0.0,0.0,0.0,0.0,0.0,0.0,0.0,0.0,0.0,0.0,0.0,0.0
1208,Justice Hill,Bal,RB,W 56-19,22.2,Mia,Home,9.0,01-02-24,17,False,0,93,2,19,1,22.2,0.0,0.0,5.0,64.0,1.0,3.0,48.0,0.0,22.2,0.0,0.0,5.0,64.0,1.0,3.0,48.0,0.0,22.2,0.0,0.0,5.0,64.0,1.0,3.0,48.0,22.2
830,Justice Hill,Bal,RB,L 10-17,5.6,Pit,Home,43.0,01-09-24,18,False,0,93,2,26,1,13.899999999999999,0.0,0.0,4.0,45.0,0.5,1.5,24.0,0.0,27.799999999999997,0.0,0.0,8.0,90.0,1.0,3.0,48.0,0.0,13.899999999999999,0.0,0.0,4.0,45.0,0.5,1.5,24.0,13.899999999999999
126,Justice Hill,Bal,RB,W 25-9,12.9,Hou,Home,19.0,09-12-23,1,False,0,93,2,12,1,13.566666666666668,0.0,0.0,2.6666666666666665,30.0,0.3333333333333333,3.6666666666666665,19.0,0.6666666666666666,40.7,0.0,0.0,8.0,90.0,1.0,11.0,57.0,2.0,13.566666666666668,0.0,0.0,2.6666666666666665,30.0,0.3333333333333333,3.6666666666666665,19.0,13.566666666666668
1331,Justice Hill,Bal,RB,W 27-24,8.3,Cin,Away,27.5,09-19-23,2,False,0,93,2,6,0,12.25,0.0,0.0,2.75,25.5,0.25,5.5,24.5,0.5,49.0,0.0,0.0,11.0,102.0,1.0,22.0,98.0,2.0,12.25,0.0,0.0,2.75,25.5,0.25,5.5,24.5,12.25
53,Justice Hill,Bal,RB,W 28-3,3.3,Cle,Away,55.0,10-03-23,4,False,0,93,2,7,0,10.459999999999999,0.0,0.0,2.2,20.4,0.2,5.0,26.2,0.4,52.3,0.0,0.0,11.0,102.0,1.0,25.0,131.0,2.0,10.459999999999999,0.0,0.0,2.2,20.4,0.2,5.0,26.2,10.459999999999999
348,Justice Hill,Bal,RB,L 10-17,12.5,Pit,Away,21.0,10-10-23,5,False,0,93,2,26,0,8.52,0.0,0.0,2.0,10.2,0.0,5.8,23.0,0.6,64.8,0.0,0.0,15.0,115.0,1.0,32.0,163.0,3.0,10.799999999999999,0.0,0.0,2.5,19.166666666666668,0.16666666666666666,5.333333333333333,27.166666666666668,10.799999999999999
1762,Justice Hill,Bal,RB,W 24-16,6.5,Ten,Away,36.0,10-17-23,6,False,0,93,2,30,0,8.7,0.0,0.0,2.0,5.0,0.0,7.4,30.0,0.6,71.3,0.0,0.0,18.0,115.0,1.0,40.0,198.0,3.0,10.185714285714285,0.0,0.0,2.5714285714285716,16.428571428571427,0.14285714285714285,5.714285714285714,28.285714285714285,10.185714285714285
1670,Justice Hill,Bal,RB,W 38-6,5.8,Det,Home,36.5,10-24-23,7,False,0,93,2,10,1,7.279999999999999,0.0,0.0,2.2,5.4,0.0,6.6,37.4,0.2,77.1,0.0,0.0,19.0,117.0,1.0,44.0,244.0,3.0,9.6375,0.0,0.0,2.375,14.625,0.125,5.5,30.5,9.6375
1549,Justice Hill,Bal,RB,W 31-24,9.5,Ari,Away,26.5,10-31-23,8,False,0,93,2,0,0,7.5200000000000005,0.0,0.0,2.4,11.0,0.0,5.2,32.2,0.2,86.6,0.0,0.0,23.0,157.0,1.0,48.0,259.0,3.0,9.622222222222222,0.0,0.0,2.5555555555555554,17.444444444444443,0.1111111111111111,5.333333333333333,28.77777777777778,9.622222222222222
637,Justice Hill,Bal,RB,W 37-3,4.0,Sea,Home,45.0,11-07-23,9,False,0,93,2,28,1,7.660000000000001,0.0,0.0,2.4,11.0,0.0,7.2,33.6,0.2,90.6,0.0,0.0,23.0,157.0,1.0,61.0,299.0,3.0,9.059999999999999,0.0,0.0,2.3,15.7,0.1,6.1,29.9,9.059999999999999
957,Justice Hill,Bal,RB,L 31-33,0.7,Cle,Home,63.0,11-14-23,10,False,0,93,2,7,1,5.3,0.0,0.0,1.6,8.4,0.0,6.2,28.6,0.0,91.3,0.0,0.0,23.0,157.0,1.0,63.0,306.0,3.0,8.299999999999999,0.0,0.0,2.090909090909091,14.272727272727273,0.09090909090909091,5.7272727272727275,27.818181818181817,8.299999999999999
479,Justice Hill,Bal,RB,W 34-20,1.7,Cin,Home,60.0,11-21-23,11,False,0,93,2,6,1,4.34,0.0,0.0,1.2,9.6,0.0,4.8,21.8,0.0,93.0,0.0,0.0,24.0,163.0,1.0,64.0,307.0,3.0,7.75,0.0,0.0,2.0,13.583333333333334,0.08333333333333333,5.333333333333333,25.583333333333332,7.75
1042,Justice Hill,Bal,RB,W 20-10,3.1,LAC,Away,53.0,11-28-23,12,False,0,93,2,16,0,3.8,0.0,0.0,1.0,9.2,0.0,5.0,18.8,0.0,96.1,0.0,0.0,24.0,163.0,1.0,69.0,338.0,3.0,7.392307692307692,0.0,0.0,1.8461538461538463,12.538461538461538,0.07692307692307693,5.3076923076923075,26.0,7.392307692307692
741,Justice Hill,Bal,RB,W 37-31,2.2,LAR,Home,56.0,12-12-23,14,False,0,93,2,17,1,2.34,0.0,0.0,0.4,3.6,0.0,4.2,15.8,0.0,98.3,0.0,0.0,25.0,175.0,1.0,69.0,338.0,3.0,7.021428571428571,0.0,0.0,1.7857142857142858,12.5,0.07142857142857142,4.928571428571429,24.142857142857142,7.021428571428571
1474,Justice Hill,Bal,RB,W 23-7,2.3,Jax,Away,62.0,12-19-23,15,False,0,93,2,14,0,2.0,0.0,0.0,0.4,3.6,0.0,2.6,12.4,0.0,100.6,0.0,0.0,25.0,175.0,1.0,74.0,361.0,3.0,6.706666666666666,0.0,0.0,1.6666666666666667,11.666666666666666,0.06666666666666667,4.933333333333334,24.066666666666666,6.706666666666666
1127,Justice Hill,Bal,RB,W 33-19,8.7,SF,Away,36.0,12-26-23,16,False,0,93,2,27,0,3.6,0.0,0.0,1.0,9.8,0.0,4.2,16.2,0.0,109.3,0.0,0.0,28.0,206.0,1.0,84.0,387.0,3.0,6.83125,0.0,0.0,1.75,12.875,0.0625,5.25,24.1875,6.83125
1233,Kareem Hunt,Cle,RB,W 37-20,9.1,NYJ,Home,33.5,01-02-24,17,False,0,94,7,24,1,9.1,0.0,0.0,0.0,0.0,0.0,10.0,31.0,1.0,9.1,0.0,0.0,0.0,0.0,0.0,10.0,31.0,1.0,9.1,0.0,0.0,0.0,0.0,0.0,10.0,31.0,9.1
852,Kareem Hunt,Cle,RB,L 14-31,1.5,Cin,Away,65.0,01-09-24,18,False,0,94,7,6,0,5.3,0.0,0.0,0.5,2.5,0.0,5.0,15.5,0.5,10.6,0.0,0.0,1.0,5.0,0.0,10.0,31.0,1.0,5.3,0.0,0.0,0.5,2.5,0.0,5.0,15.5,5.3
265,Kareem Hunt,Cle,RB,W 27-3,5.5,Ten,Home,46.5,09-26-23,3,False,0,94,7,30,1,5.366666666666667,0.0,0.0,1.0,9.0,0.0,5.0,14.666666666666666,0.3333333333333333,16.1,0.0,0.0,3.0,27.0,0.0,15.0,44.0,1.0,5.366666666666667,0.0,0.0,1.0,9.0,0.0,5.0,14.666666666666666,5.366666666666667
71,Kareem Hunt,Cle,RB,L 3-28,1.2,Bal,Home,72.0,10-03-23,4,False,0,94,7,2,1,4.325,0.0,0.0,0.75,6.75,0.0,5.0,14.0,0.25,17.3,0.0,0.0,3.0,27.0,0.0,20.0,56.0,1.0,4.325,0.0,0.0,0.75,6.75,0.0,5.0,14.0,4.325
1738,Kareem Hunt,Cle,RB,W 19-17,16.1,SF,Home,12.0,10-17-23,6,False,0,94,7,27,1,6.6800000000000015,0.0,0.0,1.2,10.2,0.0,6.4,20.6,0.4,33.400000000000006,0.0,0.0,6.0,51.0,0.0,32.0,103.0,2.0,6.6800000000000015,0.0,0.0,1.2,10.2,0.0,6.4,20.6,6.6800000000000015
1648,Kareem Hunt,Cle,RB,W 39-38,15.1,Ind,Away,14.0,10-24-23,7,False,0,94,7,13,0,7.88,0.0,0.0,1.2,10.2,0.0,6.4,20.6,0.6,48.5,0.0,0.0,6.0,51.0,0.0,42.0,134.0,4.0,8.083333333333334,0.0,0.0,1.0,8.5,0.0,7.0,22.333333333333332,8.083333333333334
1538,Kareem Hunt,Cle,RB,L 20-24,13.7,Sea,Away,16.0,10-31-23,8,False,0,94,7,28,0,10.32,0.0,0.0,1.2,11.6,0.0,9.2,31.6,0.8,62.2,0.0,0.0,7.0,63.0,0.0,56.0,189.0,5.0,8.885714285714286,0.0,0.0,1.0,9.0,0.0,8.0,27.0,8.885714285714286
616,Kareem Hunt,Cle,RB,W 27-0,9.8,Ari,Home,24.0,11-07-23,9,False,0,94,7,0,1,11.18,0.0,0.0,0.8,7.2,0.0,11.0,36.6,1.0,72.0,0.0,0.0,7.0,63.0,0.0,70.0,227.0,6.0,9.0,0.0,0.0,0.875,7.875,0.0,8.75,28.375,9.0
927,Kareem Hunt,Cle,RB,W 33-31,9.2,Bal,Away,33.0,11-14-23,10,False,0,94,7,2,0,12.780000000000001,0.0,0.0,0.8,7.2,0.0,12.0,40.6,1.2,81.2,0.0,0.0,7.0,63.0,0.0,80.0,259.0,7.0,9.022222222222222,0.0,0.0,0.7777777777777778,7.0,0.0,8.88888888888889,28.77777777777778,9.022222222222222
451,Kareem Hunt,Cle,RB,W 13-10,6.7,Pit,Home,32.0,11-21-23,11,False,0,94,7,26,1,10.899999999999999,0.0,0.0,0.8,2.6,0.0,12.0,38.4,1.0,87.9,0.0,0.0,10.0,64.0,0.0,92.0,295.0,7.0,8.790000000000001,0.0,0.0,1.0,6.4,0.0,9.2,29.5,8.790000000000001
1050,Kareem Hunt,Cle,RB,L 12-29,2.2,Den,Away,61.0,11-28-23,12,False,0,94,7,9,0,8.32,0.0,0.0,0.8,2.6,0.0,11.4,36.6,0.6,90.1,0.0,0.0,10.0,64.0,0.0,99.0,317.0,7.0,8.19090909090909,0.0,0.0,0.9090909090909091,5.818181818181818,0.0,9.0,28.818181818181817,8.19090909090909
543,Kareem Hunt,Cle,RB,L 19-36,5.8,LAR,Away,31.0,12-05-23,13,False,0,94,7,17,0,6.739999999999999,0.0,0.0,0.8,0.2,0.0,11.0,35.2,0.4,95.9,0.0,0.0,11.0,64.0,0.0,111.0,365.0,7.0,7.991666666666667,0.0,0.0,0.9166666666666666,5.333333333333333,0.0,9.25,30.416666666666668,7.991666666666667
712,Kareem Hunt,Cle,RB,W 31-27,10.0,Jax,Home,27.0,12-12-23,14,False,0,94,7,14,1,6.780000000000001,0.0,0.0,1.0,0.8,0.0,10.2,33.0,0.4,105.9,0.0,0.0,12.0,67.0,0.0,121.0,392.0,8.0,8.146153846153847,0.0,0.0,0.9230769230769231,5.153846153846154,0.0,9.307692307692308,30.153846153846153,8.146153846153847
1472,Kareem Hunt,Cle,RB,W 20-17,3.0,Chi,Home,60.0,12-19-23,15,False,0,94,7,5,1,5.54,0.0,0.0,1.2,3.2,0.0,9.6,28.2,0.2,108.9,0.0,0.0,13.0,79.0,0.0,128.0,400.0,8.0,7.778571428571429,0.0,0.0,0.9285714285714286,5.642857142857143,0.0,9.142857142857142,28.571428571428573,7.778571428571429
1123,Kareem Hunt,Cle,RB,W 36-22,9.6,Hou,Away,32.0,12-26-23,16,False,0,94,7,12,0,6.12,0.0,0.0,1.0,4.0,0.0,8.6,23.2,0.4,118.5,0.0,0.0,15.0,84.0,0.0,135.0,411.0,9.0,7.9,0.0,0.0,1.0,5.6,0.0,9.0,27.4,7.9
307,Ke'Shawn Vaughn,TB,RB,L 11-25,0.0,Phi,Home,95.5,09-26-23,3,False,0,95,29,25,1,0.0,0.0,0.0,0.0,0.0,0.0,0.0,0.0,0.0,0.0,0.0,0.0,0.0,0.0,0.0,0.0,0.0,0.0,0.0,0.0,0.0,0.0,0.0,0.0,0.0,0.0,0.0
57,Ke'Shawn Vaughn,TB,RB,W 26-9,2.9,NO,Away,58.0,10-03-23,4,False,0,95,29,22,0,1.45,0.0,0.0,0.5,1.5,0.0,4.5,8.0,0.0,2.9,0.0,0.0,1.0,3.0,0.0,9.0,16.0,0.0,1.45,0.0,0.0,0.5,1.5,0.0,4.5,8.0,1.45
1802,Ke'Shawn Vaughn,TB,RB,L 6-20,0.9,Det,Home,76.5,10-17-23,6,False,0,95,29,10,1,1.2666666666666666,0.0,0.0,0.3333333333333333,1.0,0.0,5.0,8.333333333333334,0.0,3.8,0.0,0.0,1.0,3.0,0.0,15.0,25.0,0.0,1.2666666666666666,0.0,0.0,0.3333333333333333,1.0,0.0,5.0,8.333333333333334,1.2666666666666666
1692,Ke'Shawn Vaughn,TB,RB,L 13-16,0.7,Atl,Home,58.0,10-24-23,7,False,0,95,29,1,1,1.125,0.0,0.0,0.25,0.75,0.0,4.75,8.0,0.0,4.5,0.0,0.0,1.0,3.0,0.0,19.0,32.0,0.0,1.125,0.0,0.0,0.25,0.75,0.0,4.75,8.0,1.125
1604,Ke'Shawn Vaughn,TB,RB,L 18-24,0.1,Buf,Away,82.0,10-31-23,8,False,0,95,29,3,0,0.9199999999999999,0.0,0.0,0.2,0.6,0.0,4.0,6.6,0.0,4.6,0.0,0.0,1.0,3.0,0.0,20.0,33.0,0.0,0.9199999999999999,0.0,0.0,0.2,0.6,0.0,4.0,6.6,0.9199999999999999
652,Ke'Shawn Vaughn,TB,RB,L 37-39,1.8,Hou,Away,59.5,11-07-23,9,False,0,95,29,12,0,1.28,0.0,0.0,0.4,0.4,0.0,4.8,8.4,0.0,6.4,0.0,0.0,2.0,2.0,0.0,24.0,42.0,0.0,1.0666666666666667,0.0,0.0,0.3333333333333333,0.3333333333333333,0.0,4.0,7.0,1.0666666666666667
217,Keaontay Ingram,Ari,RB,L 16-20,-0.4,Wsh,Away,110.5,09-12-23,1,False,0,96,0,31,0,-0.4,0.0,0.0,0.0,0.0,0.0,5.0,-4.0,0.0,-0.4,0.0,0.0,0.0,0.0,0.0,5.0,-4.0,0.0,-0.4,0.0,0.0,0.0,0.0,0.0,5.0,-4.0,-0.4
1374,Keaontay Ingram,Ari,RB,L 28-31,0.6,NYG,Home,71.0,09-19-23,2,False,0,96,0,23,1,0.09999999999999998,0.0,0.0,0.0,0.0,0.0,3.5,1.0,0.0,0.19999999999999996,0.0,0.0,0.0,0.0,0.0,7.0,2.0,0.0,0.09999999999999998,0.0,0.0,0.0,0.0,0.0,3.5,1.0,0.09999999999999998
278,Keaontay Ingram,Ari,RB,W 28-16,3.1,Dal,Home,61.5,09-26-23,3,False,0,96,0,8,1,1.0999999999999999,0.0,0.0,0.3333333333333333,2.6666666666666665,0.0,4.0,5.0,0.0,3.3,0.0,0.0,1.0,8.0,0.0,12.0,15.0,0.0,1.0999999999999999,0.0,0.0,0.3333333333333333,2.6666666666666665,0.0,4.0,5.0,1.0999999999999999
1760,Keaontay Ingram,Ari,RB,L 9-26,7.1,LAR,Away,33.5,10-17-23,6,False,0,96,0,17,0,2.5999999999999996,0.0,0.0,0.75,4.75,0.0,5.5,13.75,0.0,10.399999999999999,0.0,0.0,3.0,19.0,0.0,22.0,55.0,0.0,2.5999999999999996,0.0,0.0,0.75,4.75,0.0,5.5,13.75,2.5999999999999996
1700,Keaontay Ingram,Ari,RB,L 10-20,0.0,Sea,Away,76.0,10-24-23,7,False,0,96,0,28,0,2.0799999999999996,0.0,0.0,0.6,3.8,0.0,4.4,11.0,0.0,10.399999999999999,0.0,0.0,3.0,19.0,0.0,22.0,55.0,0.0,2.0799999999999996,0.0,0.0,0.6,3.8,0.0,4.4,11.0,2.0799999999999996
1585,Keaontay Ingram,Ari,RB,L 24-31,2.6,Bal,Home,63.5,10-31-23,8,False,0,96,0,2,1,2.68,0.0,0.0,0.8,5.2,0.0,3.8,13.6,0.0,13.0,0.0,0.0,4.0,26.0,0.0,24.0,64.0,0.0,2.1666666666666665,0.0,0.0,0.6666666666666666,4.333333333333333,0.0,4.0,10.666666666666666,2.1666666666666665
661,Keaontay Ingram,Ari,RB,L 0-27,0.8,Cle,Away,68.0,11-07-23,9,False,0,96,0,7,0,2.7199999999999998,0.0,0.0,0.8,5.2,0.0,5.2,14.0,0.0,13.799999999999999,0.0,0.0,4.0,26.0,0.0,33.0,72.0,0.0,1.9714285714285713,0.0,0.0,0.5714285714285714,3.7142857142857144,0.0,4.714285714285714,10.285714285714286,1.9714285714285713
963,Keaontay Ingram,Ari,RB,W 25-23,0.2,Atl,Home,69.0,11-14-23,10,False,0,96,0,1,1,2.14,0.0,0.0,0.6,3.6,0.0,4.6,11.8,0.0,14.0,0.0,0.0,4.0,26.0,0.0,35.0,74.0,0.0,1.75,0.0,0.0,0.5,3.25,0.0,4.375,9.25,1.75
1809,Keaton Mitchell,Bal,RB,W 24-16,0.0,Ten,Away,93.0,10-17-23,6,False,0,97,2,30,0,0.0,0.0,0.0,0.0,0.0,0.0,0.0,0.0,0.0,0.0,0.0,0.0,0.0,0.0,0.0,0.0,0.0,0.0,0.0,0.0,0.0,0.0,0.0,0.0,0.0,0.0,0.0
1686,Keaton Mitchell,Bal,RB,W 38-6,1.9,Det,Home,51.5,10-24-23,7,False,0,97,2,10,1,0.95,0.0,0.0,0.5,4.5,0.0,0.0,0.0,0.0,1.9,0.0,0.0,1.0,9.0,0.0,0.0,0.0,0.0,0.95,0.0,0.0,0.5,4.5,0.0,0.0,0.0,0.95
597,Keaton Mitchell,Bal,RB,W 37-3,20.4,Sea,Home,5.0,11-07-23,9,False,0,97,2,28,1,7.433333333333333,0.0,0.0,0.6666666666666666,1.6666666666666667,0.0,3.0,46.0,0.3333333333333333,22.299999999999997,0.0,0.0,2.0,5.0,0.0,9.0,138.0,1.0,7.433333333333333,0.0,0.0,0.6666666666666666,1.6666666666666667,0.0,3.0,46.0,7.433333333333333
913,Keaton Mitchell,Bal,RB,L 31-33,13.6,Cle,Home,19.0,11-14-23,10,False,0,97,2,7,1,8.975,0.0,0.0,0.75,9.25,0.0,3.0,43.0,0.5,35.9,0.0,0.0,3.0,37.0,0.0,12.0,172.0,2.0,8.975,0.0,0.0,0.75,9.25,0.0,3.0,43.0,8.975
458,Keaton Mitchell,Bal,RB,W 34-20,5.1,Cin,Home,39.0,11-21-23,11,False,0,97,2,6,1,8.2,0.0,0.0,0.8,9.0,0.0,4.0,41.0,0.4,41.0,0.0,0.0,4.0,45.0,0.0,20.0,205.0,2.0,8.2,0.0,0.0,0.8,9.0,0.0,4.0,41.0,8.2
1015,Keaton Mitchell,Bal,RB,W 20-10,10.9,LAC,Away,26.0,11-28-23,12,False,0,97,2,16,0,10.379999999999999,0.0,0.0,1.2,14.0,0.0,5.8,53.8,0.4,51.9,0.0,0.0,6.0,70.0,0.0,29.0,269.0,2.0,8.65,0.0,0.0,1.0,11.666666666666666,0.0,4.833333333333333,44.833333333333336,8.65
725,Keaton Mitchell,Bal,RB,W 37-31,7.2,LAR,Home,40.0,12-12-23,14,False,0,97,2,17,1,11.44,0.0,0.0,1.2,13.8,0.0,7.6,64.6,0.4,59.099999999999994,0.0,0.0,7.0,78.0,0.0,38.0,323.0,2.0,8.442857142857141,0.0,0.0,1.0,11.142857142857142,0.0,5.428571428571429,46.142857142857146,8.442857142857141
1434,Keaton Mitchell,Bal,RB,W 23-7,10.8,Jax,Away,22.0,12-19-23,15,False,0,97,2,14,0,9.52,0.0,0.0,1.4,17.6,0.0,7.6,51.6,0.2,69.9,0.0,0.0,9.0,93.0,0.0,47.0,396.0,2.0,8.7375,0.0,0.0,1.125,11.625,0.0,5.875,49.5,8.7375
210,Keith Smith,Atl,RB,W 24-10,0.0,Car,Home,96.0,09-12-23,1,False,0,98,1,4,1,0.0,0.0,0.0,0.0,0.0,0.0,0.0,0.0,0.0,0.0,0.0,0.0,0.0,0.0,0.0,0.0,0.0,0.0,0.0,0.0,0.0,0.0,0.0,0.0,0.0,0.0,0.0
1404,Keith Smith,Atl,RB,W 25-24,0.0,GB,Home,96.0,09-19-23,2,False,0,98,1,11,1,0.0,0.0,0.0,0.0,0.0,0.0,0.0,0.0,0.0,0.0,0.0,0.0,0.0,0.0,0.0,0.0,0.0,0.0,0.0,0.0,0.0,0.0,0.0,0.0,0.0,0.0,0.0
320,Keith Smith,Atl,RB,L 6-20,0.0,Det,Away,95.5,09-26-23,3,False,0,98,1,10,0,0.0,0.0,0.0,0.0,0.0,0.0,0.0,0.0,0.0,0.0,0.0,0.0,0.0,0.0,0.0,0.0,0.0,0.0,0.0,0.0,0.0,0.0,0.0,0.0,0.0,0.0,0.0
99,Keith Smith,Atl,RB,L 7-23,0.0,Jax,Away,93.5,10-03-23,4,False,0,98,1,14,0,0.0,0.0,0.0,0.0,0.0,0.0,0.0,0.0,0.0,0.0,0.0,0.0,0.0,0.0,0.0,0.0,0.0,0.0,0.0,0.0,0.0,0.0,0.0,0.0,0.0,0.0,0.0
370,Keith Smith,Atl,RB,W 21-19,3.8,Hou,Home,43.5,10-10-23,5,False,0,98,1,12,1,0.76,0.0,0.0,0.2,5.6,0.0,0.0,0.0,0.0,3.8,0.0,0.0,1.0,28.0,0.0,0.0,0.0,0.0,0.76,0.0,0.0,0.2,5.6,0.0,0.0,0.0,0.76
1823,Keith Smith,Atl,RB,L 16-24,0.0,Wsh,Home,93.0,10-17-23,6,False,0,98,1,31,1,0.76,0.0,0.0,0.2,5.6,0.0,0.0,0.0,0.0,3.8,0.0,0.0,1.0,28.0,0.0,0.0,0.0,0.0,0.6333333333333333,0.0,0.0,0.16666666666666666,4.666666666666667,0.0,0.0,0.0,0.6333333333333333
1691,Keith Smith,Atl,RB,W 16-13,0.9,TB,Away,57.0,10-24-23,7,False,0,98,1,29,0,0.9400000000000001,0.0,0.0,0.4,5.4,0.0,0.0,0.0,0.0,4.7,0.0,0.0,2.0,27.0,0.0,0.0,0.0,0.0,0.6714285714285715,0.0,0.0,0.2857142857142857,3.857142857142857,0.0,0.0,0.0,0.6714285714285715
1624,Keith Smith,Atl,RB,L 23-28,0.0,Ten,Away,97.0,10-31-23,8,False,0,98,1,30,0,0.9400000000000001,0.0,0.0,0.4,5.4,0.0,0.0,0.0,0.0,4.7,0.0,0.0,2.0,27.0,0.0,0.0,0.0,0.0,0.5875,0.0,0.0,0.25,3.375,0.0,0.0,0.0,0.5875
985,Keith Smith,Atl,RB,L 23-25,0.0,Ari,Away,83.0,11-14-23,10,False,0,98,1,0,0,0.9400000000000001,0.0,0.0,0.4,5.4,0.0,0.0,0.0,0.0,4.7,0.0,0.0,2.0,27.0,0.0,0.0,0.0,0.0,0.5222222222222223,0.0,0.0,0.2222222222222222,3.0,0.0,0.0,0.0,0.5222222222222223
1056,Keith Smith,Atl,RB,W 24-15,1.6,NO,Home,67.0,11-28-23,12,False,0,98,1,22,1,0.5,0.0,0.0,0.4,1.0,0.0,0.0,0.0,0.0,6.3,0.0,0.0,3.0,33.0,0.0,0.0,0.0,0.0,0.63,0.0,0.0,0.3,3.3,0.0,0.0,0.0,0.63
588,Keith Smith,Atl,RB,W 13-8,0.0,NYJ,Away,72.0,12-05-23,13,False,0,98,1,24,0,0.5,0.0,0.0,0.4,1.0,0.0,0.0,0.0,0.0,6.3,0.0,0.0,3.0,33.0,0.0,0.0,0.0,0.0,0.5727272727272728,0.0,0.0,0.2727272727272727,3.0,0.0,0.0,0.0,0.5727272727272728
780,Keith Smith,Atl,RB,L 25-29,0.0,TB,Home,89.5,12-12-23,14,False,0,98,1,29,1,0.32,0.0,0.0,0.2,1.2,0.0,0.0,0.0,0.0,6.3,0.0,0.0,3.0,33.0,0.0,0.0,0.0,0.0,0.525,0.0,0.0,0.25,2.75,0.0,0.0,0.0,0.525
1512,Keith Smith,Atl,RB,L 7-9,0.0,Car,Away,94.0,12-19-23,15,False,0,98,1,4,0,0.32,0.0,0.0,0.2,1.2,0.0,0.0,0.0,0.0,6.3,0.0,0.0,3.0,33.0,0.0,0.0,0.0,0.0,0.4846153846153846,0.0,0.0,0.23076923076923078,2.5384615384615383,0.0,0.0,0.0,0.4846153846153846
800,Kendre Miller,NO,RB,W 48-17,14.9,Atl,Home,13.0,01-09-24,18,False,0,99,22,1,1,14.9,0.0,0.0,1.0,6.0,0.0,13.0,73.0,1.0,14.9,0.0,0.0,1.0,6.0,0.0,13.0,73.0,1.0,14.9,0.0,0.0,1.0,6.0,0.0,13.0,73.0,14.9
270,Kendre Miller,NO,RB,L 17-18,4.4,GB,Away,51.5,09-26-23,3,False,0,99,22,11,0,9.65,0.0,0.0,1.0,3.0,0.0,11.0,53.5,0.5,19.3,0.0,0.0,2.0,6.0,0.0,22.0,107.0,1.0,9.65,0.0,0.0,1.0,3.0,0.0,11.0,53.5,9.65
68,Kendre Miller,NO,RB,L 9-26,1.8,TB,Home,69.0,10-03-23,4,False,0,99,22,29,1,7.033333333333334,0.0,0.0,1.0,3.6666666666666665,0.0,7.666666666666667,36.666666666666664,0.3333333333333333,21.1,0.0,0.0,3.0,11.0,0.0,23.0,110.0,1.0,7.033333333333334,0.0,0.0,1.0,3.6666666666666665,0.0,7.666666666666667,36.666666666666664,7.033333333333334
343,Kendre Miller,NO,RB,W 34-0,13.0,NE,Away,16.0,10-10-23,5,False,0,99,22,21,0,8.525,0.0,0.0,1.75,16.0,0.0,8.75,36.75,0.25,34.1,0.0,0.0,7.0,64.0,0.0,35.0,147.0,1.0,8.525,0.0,0.0,1.75,16.0,0.0,8.75,36.75,8.525
1787,Kendre Miller,NO,RB,L 13-20,2.2,Hou,Away,61.5,10-17-23,6,False,0,99,22,12,0,7.260000000000001,0.0,0.0,1.6,15.4,0.0,7.4,29.2,0.2,36.300000000000004,0.0,0.0,8.0,77.0,0.0,37.0,146.0,1.0,7.260000000000001,0.0,0.0,1.6,15.4,0.0,7.4,29.2,7.260000000000001
1699,Kendre Miller,NO,RB,L 24-31,0.0,Jax,Home,76.0,10-24-23,7,False,0,99,22,14,1,4.28,0.0,0.0,1.4,14.2,0.0,4.8,14.6,0.0,36.300000000000004,0.0,0.0,8.0,77.0,0.0,37.0,146.0,1.0,6.050000000000001,0.0,0.0,1.3333333333333333,12.833333333333334,0.0,6.166666666666667,24.333333333333332,6.050000000000001
1583,Kendre Miller,NO,RB,W 38-27,2.9,Ind,Away,60.5,10-31-23,8,False,0,99,22,13,0,3.9800000000000004,0.0,0.0,1.4,16.0,0.0,3.6,9.8,0.0,39.2,0.0,0.0,9.0,86.0,0.0,40.0,156.0,1.0,5.6000000000000005,0.0,0.0,1.2857142857142858,12.285714285714286,0.0,5.714285714285714,22.285714285714285,5.6000000000000005
635,Kendre Miller,NO,RB,W 24-17,4.1,Chi,Home,43.5,11-07-23,9,False,0,99,22,5,1,4.4399999999999995,0.0,0.0,1.4,21.2,0.0,3.6,9.2,0.0,43.3,0.0,0.0,10.0,117.0,0.0,41.0,156.0,1.0,5.4125,0.0,0.0,1.25,14.625,0.0,5.125,19.5,5.4125
1288,Kene Nwangwu,Min,RB,L 10-33,0.0,GB,Home,92.5,01-02-24,17,False,0,100,20,11,1,0.0,0.0,0.0,0.0,0.0,0.0,0.0,0.0,0.0,0.0,0.0,0.0,0.0,0.0,0.0,0.0,0.0,0.0,0.0,0.0,0.0,0.0,0.0,0.0,0.0,0.0,0.0
866,Kene Nwangwu,Min,RB,L 20-30,0.0,Det,Away,88.5,01-09-24,18,False,0,100,20,10,0,0.0,0.0,0.0,0.0,0.0,0.0,0.0,0.0,0.0,0.0,0.0,0.0,0.0,0.0,0.0,0.0,0.0,0.0,0.0,0.0,0.0,0.0,0.0,0.0,0.0,0.0,0.0
1708,Kene Nwangwu,Min,RB,W 22-17,0.0,SF,Home,76.0,10-24-23,7,False,0,100,20,27,1,0.0,0.0,0.0,0.0,0.0,0.0,0.0,0.0,0.0,0.0,0.0,0.0,0.0,0.0,0.0,0.0,0.0,0.0,0.0,0.0,0.0,0.0,0.0,0.0,0.0,0.0,0.0
956,Kene Nwangwu,Min,RB,W 27-19,0.9,NO,Home,62.0,11-14-23,10,False,0,100,20,22,1,0.225,0.0,0.0,0.0,0.0,0.0,0.5,2.25,0.0,0.9,0.0,0.0,0.0,0.0,0.0,2.0,9.0,0.0,0.225,0.0,0.0,0.0,0.0,0.0,0.5,2.25,0.225
489,Kene Nwangwu,Min,RB,L 20-21,0.0,Den,Away,80.0,11-21-23,11,False,0,100,20,9,0,0.18,0.0,0.0,0.0,0.0,0.0,0.4,1.8,0.0,0.9,0.0,0.0,0.0,0.0,0.0,2.0,9.0,0.0,0.18,0.0,0.0,0.0,0.0,0.0,0.4,1.8,0.18
1070,Kene Nwangwu,Min,RB,L 10-12,0.0,Chi,Home,90.0,11-28-23,12,False,0,100,20,5,1,0.18,0.0,0.0,0.0,0.0,0.0,0.4,1.8,0.0,0.9,0.0,0.0,0.0,0.0,0.0,2.0,9.0,0.0,0.15,0.0,0.0,0.0,0.0,0.0,0.3333333333333333,1.5,0.15
761,Kene Nwangwu,Min,RB,W 3-0,0.3,LV,Away,76.5,12-12-23,14,False,0,100,20,18,0,0.24,0.0,0.0,0.0,0.0,0.0,0.8,2.4,0.0,1.2,0.0,0.0,0.0,0.0,0.0,4.0,12.0,0.0,0.17142857142857143,0.0,0.0,0.0,0.0,0.0,0.5714285714285714,1.7142857142857142,0.17142857142857143
1492,Kene Nwangwu,Min,RB,L 24-27,0.1,Cin,Away,80.0,12-19-23,15,False,0,100,20,6,0,0.26,0.0,0.0,0.0,0.0,0.0,1.0,2.6,0.0,1.3,0.0,0.0,0.0,0.0,0.0,5.0,13.0,0.0,0.1625,0.0,0.0,0.0,0.0,0.0,0.625,1.625,0.1625
1178,Kene Nwangwu,Min,RB,L 24-30,0.0,Det,Home,92.0,12-26-23,16,False,0,100,20,10,1,0.08,0.0,0.0,0.0,0.0,0.0,0.6,0.8,0.0,1.3,0.0,0.0,0.0,0.0,0.0,5.0,13.0,0.0,0.14444444444444446,0.0,0.0,0.0,0.0,0.0,0.5555555555555556,1.4444444444444444,0.14444444444444446
1243,Kenneth Gainwell,Phi,RB,L 31-35,6.68,Ari,Home,44.0,01-02-24,17,False,0,101,25,0,1,6.68,17.0,0.0,4.0,15.0,0.0,2.0,5.0,0.0,6.68,17.0,0.0,4.0,15.0,0.0,2.0,5.0,0.0,6.68,17.0,0.0,4.0,15.0,0.0,2.0,5.0,6.68
826,Kenneth Gainwell,Phi,RB,L 10-27,6.2,NYG,Away,39.0,01-09-24,18,False,0,101,25,23,0,6.4399999999999995,8.5,0.0,2.0,7.5,0.0,4.5,33.5,0.0,12.879999999999999,17.0,0.0,4.0,15.0,0.0,9.0,67.0,0.0,6.4399999999999995,8.5,0.0,2.0,7.5,0.0,4.5,33.5,6.4399999999999995
132,Kenneth Gainwell,Phi,RB,W 25-20,11.4,NE,Away,24.5,09-12-23,1,False,0,101,25,21,0,8.093333333333334,5.666666666666667,0.0,2.6666666666666665,11.666666666666666,0.0,7.666666666666667,40.333333333333336,0.0,24.28,17.0,0.0,8.0,35.0,0.0,23.0,121.0,0.0,8.093333333333334,5.666666666666667,0.0,2.6666666666666665,11.666666666666666,0.0,7.666666666666667,40.333333333333336,8.093333333333334
262,Kenneth Gainwell,Phi,RB,W 25-11,5.8,TB,Away,44.0,09-26-23,3,False,0,101,25,29,0,7.5200000000000005,4.25,0.0,2.25,10.0,0.0,9.25,41.0,0.0,30.080000000000002,17.0,0.0,9.0,40.0,0.0,37.0,164.0,0.0,7.5200000000000005,4.25,0.0,2.25,10.0,0.0,9.25,41.0,7.5200000000000005
39,Kenneth Gainwell,Phi,RB,W 34-31,6.1,Wsh,Home,40.0,10-03-23,4,False,0,101,25,31,1,7.236,3.4,0.0,2.2,9.4,0.0,8.2,35.6,0.0,36.18,17.0,0.0,11.0,47.0,0.0,41.0,178.0,0.0,7.236,3.4,0.0,2.2,9.4,0.0,8.2,35.6,7.236
373,Kenneth Gainwell,Phi,RB,W 23-14,3.4,LAR,Away,46.5,10-10-23,5,False,0,101,25,17,0,6.58,0.0,0.0,1.6,7.8,0.0,9.2,38.0,0.0,39.58,17.0,0.0,12.0,54.0,0.0,48.0,195.0,0.0,6.596666666666667,2.8333333333333335,0.0,2.0,9.0,0.0,8.0,32.5,6.596666666666667
1777,Kenneth Gainwell,Phi,RB,L 14-20,2.7,NYJ,Away,51.5,10-17-23,6,False,0,101,25,24,0,5.880000000000001,0.0,0.0,1.8,8.6,0.0,8.2,28.2,0.0,42.28,17.0,0.0,13.0,58.0,0.0,50.0,208.0,0.0,6.04,2.4285714285714284,0.0,1.8571428571428572,8.285714285714286,0.0,7.142857142857143,29.714285714285715,6.04
1663,Kenneth Gainwell,Phi,RB,W 31-17,7.6,Mia,Home,29.0,10-24-23,7,False,0,101,25,19,1,5.12,0.0,0.0,1.0,4.6,0.0,7.0,20.6,0.2,49.88,17.0,0.0,13.0,58.0,0.0,58.0,224.0,1.0,6.235,2.125,0.0,1.625,7.25,0.0,7.25,28.0,6.235
1570,Kenneth Gainwell,Phi,RB,W 38-31,5.6,Wsh,Away,48.0,10-31-23,8,False,0,101,25,31,0,5.08,0.0,0.0,1.8,9.6,0.0,4.6,11.2,0.2,55.480000000000004,17.0,0.0,18.0,88.0,0.0,60.0,220.0,1.0,6.164444444444445,1.8888888888888888,0.0,2.0,9.777777777777779,0.0,6.666666666666667,24.444444444444443,6.164444444444445
619,Kenneth Gainwell,Phi,RB,W 28-23,9.3,Dal,Home,26.5,11-07-23,9,False,0,101,25,8,1,5.720000000000001,0.0,0.0,1.6,8.4,0.0,4.4,12.8,0.4,64.78,17.0,0.0,19.0,89.0,0.0,63.0,242.0,2.0,6.478,1.7,0.0,1.9,8.9,0.0,6.3,24.2,6.478
481,Kenneth Gainwell,Phi,RB,W 21-17,1.5,KC,Away,62.5,11-21-23,11,False,0,101,25,15,0,5.34,0.0,0.0,1.6,7.8,0.0,3.2,9.6,0.4,66.28,17.0,0.0,20.0,93.0,0.0,64.0,243.0,2.0,6.025454545454545,1.5454545454545454,0.0,1.8181818181818181,8.454545454545455,0.0,5.818181818181818,22.09090909090909,6.025454545454545
1036,Kenneth Gainwell,Phi,RB,W 37-34,5.6,Buf,Home,47.0,11-28-23,12,False,0,101,25,3,1,5.92,0.0,0.0,1.8,9.0,0.0,3.2,12.2,0.4,71.88,17.0,0.0,22.0,103.0,0.0,66.0,269.0,2.0,5.989999999999999,1.4166666666666667,0.0,1.8333333333333333,8.583333333333334,0.0,5.5,22.416666666666668,5.989999999999999
538,Kenneth Gainwell,Phi,RB,L 19-42,9.7,SF,Home,25.0,12-05-23,13,False,0,101,25,27,1,6.339999999999999,0.0,0.0,2.8,17.4,0.0,2.0,10.0,0.2,81.58,17.0,0.0,27.0,145.0,0.0,68.0,274.0,2.0,6.275384615384615,1.3076923076923077,0.0,2.076923076923077,11.153846153846153,0.0,5.230769230769231,21.076923076923077,6.275384615384615
739,Kenneth Gainwell,Phi,RB,L 13-33,2.8,Dal,Away,54.0,12-12-23,14,False,0,101,25,8,0,5.779999999999999,0.0,0.0,1.8,11.4,0.0,2.4,16.4,0.2,84.38,17.0,0.0,27.0,145.0,0.0,72.0,302.0,2.0,6.027142857142857,1.2142857142857142,0.0,1.9285714285714286,10.357142857142858,0.0,5.142857142857143,21.571428571428573,6.027142857142857
1478,Kenneth Gainwell,Phi,RB,L 17-20,2.1,Sea,Away,66.0,12-19-23,15,False,0,101,25,28,0,4.34,0.0,0.0,1.6,11.2,0.0,3.0,16.2,0.0,86.48,17.0,0.0,27.0,145.0,0.0,78.0,323.0,2.0,5.765333333333333,1.1333333333333333,0.0,1.8,9.666666666666666,0.0,5.2,21.533333333333335,5.765333333333333
1117,Kenneth Gainwell,Phi,RB,W 33-25,10.9,NYG,Home,25.5,12-26-23,16,False,0,101,25,23,1,6.220000000000001,0.0,0.0,2.0,18.0,0.0,4.0,24.2,0.0,97.38,17.0,0.0,30.0,183.0,0.0,84.0,364.0,2.0,6.08625,1.0625,0.0,1.875,11.4375,0.0,5.25,22.75,6.08625
1213,Kenneth Walker III,Sea,RB,L 23-30,16.5,Pit,Home,14.0,01-02-24,17,False,0,102,28,26,1,16.5,0.0,0.0,3.0,22.0,0.0,10.0,53.0,1.0,16.5,0.0,0.0,3.0,22.0,0.0,10.0,53.0,1.0,16.5,0.0,0.0,3.0,22.0,0.0,10.0,53.0,16.5
816,Kenneth Walker III,Sea,RB,W 21-20,9.1,Ari,Away,29.0,01-09-24,18,False,0,102,28,0,0,12.8,0.0,0.0,2.0,12.5,0.0,13.5,65.5,0.5,25.6,0.0,0.0,4.0,25.0,0.0,27.0,131.0,1.0,12.8,0.0,0.0,2.0,12.5,0.0,13.5,65.5,12.8
133,Kenneth Walker III,Sea,RB,L 13-30,10.7,LAR,Home,26.0,09-12-23,1,False,0,102,28,17,1,12.1,0.0,0.0,2.6666666666666665,9.333333333333334,0.0,13.0,65.0,0.3333333333333333,36.3,0.0,0.0,8.0,28.0,0.0,39.0,195.0,1.0,12.1,0.0,0.0,2.6666666666666665,9.333333333333334,0.0,13.0,65.0,12.1
1317,Kenneth Walker III,Sea,RB,W 37-31,18.4,Det,Away,14.0,09-19-23,2,False,0,102,28,10,0,13.674999999999999,0.0,0.0,2.25,9.75,0.0,14.0,59.5,0.75,54.699999999999996,0.0,0.0,9.0,39.0,0.0,56.0,238.0,3.0,13.674999999999999,0.0,0.0,2.25,9.75,0.0,14.0,59.5,13.674999999999999
221,Kenneth Walker III,Sea,RB,W 37-27,30.6,Car,Home,3.0,09-26-23,3,False,0,102,28,4,1,17.06,0.0,0.0,2.4,19.6,0.0,14.8,67.0,1.0,85.3,0.0,0.0,12.0,98.0,0.0,74.0,335.0,5.0,17.06,0.0,0.0,2.4,19.6,0.0,14.8,67.0,17.06
13,Kenneth Walker III,Sea,RB,W 24-3,13.9,NYG,Away,14.0,10-03-23,4,False,0,102,28,23,0,16.54,0.0,0.0,1.8,15.2,0.0,16.2,72.2,1.0,99.2,0.0,0.0,12.0,98.0,0.0,91.0,414.0,6.0,16.533333333333335,0.0,0.0,2.0,16.333333333333332,0.0,15.166666666666666,69.0,16.533333333333335
1733,Kenneth Walker III,Sea,RB,L 13-17,17.9,Cin,Away,7.5,10-17-23,6,False,0,102,28,6,0,18.3,0.0,0.0,2.2,20.0,0.0,16.6,69.0,1.2,117.1,0.0,0.0,15.0,125.0,0.0,110.0,476.0,7.0,16.728571428571428,0.0,0.0,2.142857142857143,17.857142857142858,0.0,15.714285714285714,68.0,16.728571428571428
1653,Kenneth Walker III,Sea,RB,W 20-10,13.1,Ari,Home,19.0,10-24-23,7,False,0,102,28,0,1,18.779999999999998,0.0,0.0,1.8,20.6,0.0,19.4,77.2,1.2,130.2,0.0,0.0,17.0,131.0,0.0,136.0,581.0,7.0,16.275,0.0,0.0,2.125,16.375,0.0,17.0,72.625,16.275
1556,Kenneth Walker III,Sea,RB,W 24-20,8.0,Cle,Home,34.0,10-31-23,8,False,0,102,28,7,1,16.7,0.0,0.0,1.8,19.2,0.0,17.6,81.8,0.8,138.2,0.0,0.0,18.0,135.0,0.0,144.0,647.0,7.0,15.355555555555554,0.0,0.0,2.0,15.0,0.0,16.0,71.88888888888889,15.355555555555554
643,Kenneth Walker III,Sea,RB,L 3-37,2.7,Bal,Away,51.5,11-07-23,9,False,0,102,28,2,0,11.12,0.0,0.0,1.4,7.6,0.0,15.8,65.6,0.4,140.9,0.0,0.0,19.0,136.0,0.0,153.0,663.0,7.0,14.09,0.0,0.0,1.9,13.6,0.0,15.3,66.3,14.09
901,Kenneth Walker III,Sea,RB,W 29-26,19.7,Wsh,Home,7.0,11-14-23,10,False,0,102,28,31,1,12.28,0.0,0.0,1.6,20.4,0.2,16.2,62.4,0.2,160.6,0.0,0.0,20.0,200.0,1.0,172.0,726.0,7.0,14.6,0.0,0.0,1.8181818181818181,18.181818181818183,0.09090909090909091,15.636363636363637,66.0,14.6
471,Kenneth Walker III,Sea,RB,L 16-17,2.6,LAR,Away,52.5,11-21-23,11,False,0,102,28,17,0,9.22,0.0,0.0,1.2,14.6,0.2,13.2,53.6,0.0,163.2,0.0,0.0,21.0,198.0,1.0,176.0,744.0,7.0,13.6,0.0,0.0,1.75,16.5,0.08333333333333333,14.666666666666666,62.0,13.6
716,Kenneth Walker III,Sea,RB,L 16-28,9.4,SF,Away,31.5,12-12-23,14,False,0,102,28,27,0,8.48,0.0,0.0,1.6,20.0,0.2,9.6,36.8,0.0,172.6,0.0,0.0,25.0,231.0,1.0,184.0,765.0,7.0,13.276923076923076,0.0,0.0,1.9230769230769231,17.76923076923077,0.07692307692307693,14.153846153846153,58.84615384615385,13.276923076923076
1420,Kenneth Walker III,Sea,RB,W 20-17,20.2,Phi,Home,8.0,12-19-23,15,False,0,102,28,25,1,10.919999999999998,0.0,0.0,2.0,24.4,0.2,11.8,40.8,0.2,192.79999999999998,0.0,0.0,28.0,257.0,1.0,203.0,851.0,8.0,13.77142857142857,0.0,0.0,2.0,18.357142857142858,0.07142857142857142,14.5,60.785714285714285,13.77142857142857
1136,Kenneth Walker III,Sea,RB,W 20-17,6.6,Ten,Away,45.0,12-26-23,16,False,0,102,28,30,0,11.7,0.0,0.0,2.0,24.6,0.2,13.2,48.4,0.2,199.4,0.0,0.0,29.0,259.0,1.0,219.0,905.0,8.0,13.293333333333333,0.0,0.0,1.9333333333333333,17.266666666666666,0.06666666666666667,14.6,60.333333333333336,13.293333333333333
1078,Kenny McIntosh,Sea,RB,L 13-31,0.0,SF,Home,90.0,11-28-23,12,False,0,103,28,27,1,0.0,0.0,0.0,0.0,0.0,0.0,0.0,0.0,0.0,0.0,0.0,0.0,0.0,0.0,0.0,0.0,0.0,0.0,0.0,0.0,0.0,0.0,0.0,0.0,0.0,0.0,0.0
585,Kenny McIntosh,Sea,RB,L 35-41,0.0,Dal,Away,72.0,12-05-23,13,False,0,103,28,8,0,0.0,0.0,0.0,0.0,0.0,0.0,0.0,0.0,0.0,0.0,0.0,0.0,0.0,0.0,0.0,0.0,0.0,0.0,0.0,0.0,0.0,0.0,0.0,0.0,0.0,0.0,0.0
772,Kenny McIntosh,Sea,RB,L 16-28,0.0,SF,Away,89.5,12-12-23,14,False,0,103,28,27,0,0.0,0.0,0.0,0.0,0.0,0.0,0.0,0.0,0.0,0.0,0.0,0.0,0.0,0.0,0.0,0.0,0.0,0.0,0.0,0.0,0.0,0.0,0.0,0.0,0.0,0.0,0.0
279,Kenyan Drake,Bal,RB,L 19-22,3.1,Ind,Home,61.5,09-26-23,3,False,0,104,2,13,1,3.1,0.0,0.0,2.0,31.0,0.0,1.0,0.0,0.0,3.1,0.0,0.0,2.0,31.0,0.0,1.0,0.0,0.0,3.1,0.0,0.0,2.0,31.0,0.0,1.0,0.0,3.1
401,Kenyan Drake,Bal,RB,L 10-17,0.0,Pit,Away,81.0,10-10-23,5,False,0,104,2,26,0,1.55,0.0,0.0,1.0,15.5,0.0,0.5,0.0,0.0,3.1,0.0,0.0,2.0,31.0,0.0,1.0,0.0,0.0,1.55,0.0,0.0,1.0,15.5,0.0,0.5,0.0,1.55
1234,Kevin Harris,NE,RB,L 21-27,8.9,Buf,Away,35.0,01-02-24,17,False,0,105,21,3,0,8.9,0.0,0.0,2.0,54.0,0.0,2.0,15.0,0.0,8.9,0.0,0.0,2.0,54.0,0.0,2.0,15.0,0.0,8.9,0.0,0.0,2.0,54.0,0.0,2.0,15.0,8.9
848,Kevin Harris,NE,RB,L 3-17,1.8,NYJ,Home,60.5,01-09-24,18,False,0,105,21,24,1,5.3500000000000005,0.0,0.0,1.5,29.0,0.0,2.5,9.5,0.0,10.700000000000001,0.0,0.0,3.0,58.0,0.0,5.0,19.0,0.0,5.3500000000000005,0.0,0.0,1.5,29.0,0.0,2.5,9.5,5.3500000000000005
1444,Kevin Harris,NE,RB,L 17-27,8.5,KC,Home,32.0,12-19-23,15,False,0,105,21,15,1,6.400000000000001,0.0,0.0,1.0,19.333333333333332,0.0,3.0,14.666666666666666,0.3333333333333333,19.200000000000003,0.0,0.0,3.0,58.0,0.0,9.0,44.0,1.0,6.400000000000001,0.0,0.0,1.0,19.333333333333332,0.0,3.0,14.666666666666666,6.400000000000001
1151,Kevin Harris,NE,RB,W 26-23,2.1,Den,Away,60.5,12-26-23,16,False,0,105,21,9,0,5.325,0.0,0.0,0.75,14.5,0.0,4.0,16.25,0.25,21.3,0.0,0.0,3.0,58.0,0.0,16.0,65.0,1.0,5.325,0.0,0.0,0.75,14.5,0.0,4.0,16.25,5.325
1209,Khalil Herbert,Chi,RB,W 37-17,20.9,Atl,Home,10.0,01-02-24,17,False,0,106,5,1,1,20.9,0.0,0.0,2.0,5.0,0.0,18.0,124.0,1.0,20.9,0.0,0.0,2.0,5.0,0.0,18.0,124.0,1.0,20.9,0.0,0.0,2.0,5.0,0.0,18.0,124.0,20.9
827,Khalil Herbert,Chi,RB,L 9-17,6.1,GB,Away,40.0,01-09-24,18,False,0,106,5,11,0,13.5,0.0,0.0,2.0,9.0,0.0,15.0,76.0,0.5,27.0,0.0,0.0,4.0,18.0,0.0,30.0,152.0,1.0,13.5,0.0,0.0,2.0,9.0,0.0,15.0,76.0,13.5
131,Khalil Herbert,Chi,RB,L 20-38,11.4,GB,Home,24.5,09-12-23,1,False,0,106,5,11,1,12.799999999999999,0.0,0.0,2.3333333333333335,18.333333333333332,0.0,13.0,59.666666666666664,0.3333333333333333,38.4,0.0,0.0,7.0,55.0,0.0,39.0,179.0,1.0,12.799999999999999,0.0,0.0,2.3333333333333335,18.333333333333332,0.0,13.0,59.666666666666664,12.799999999999999
1338,Khalil Herbert,Chi,RB,L 17-27,6.8,TB,Away,35.0,09-19-23,2,False,0,106,5,29,0,11.299999999999999,0.0,0.0,2.0,19.5,0.0,11.5,53.5,0.25,45.199999999999996,0.0,0.0,8.0,78.0,0.0,46.0,214.0,1.0,11.299999999999999,0.0,0.0,2.0,19.5,0.0,11.5,53.5,11.299999999999999
274,Khalil Herbert,Chi,RB,L 10-41,3.5,KC,Away,56.0,09-26-23,3,False,0,106,5,15,0,9.739999999999998,0.0,0.0,2.0,16.4,0.0,10.6,49.0,0.2,48.699999999999996,0.0,0.0,10.0,82.0,0.0,53.0,245.0,1.0,9.739999999999998,0.0,0.0,2.0,16.4,0.0,10.6,49.0,9.739999999999998
7,Khalil Herbert,Chi,RB,L 28-31,22.2,Den,Home,8.0,10-03-23,4,False,0,106,5,9,1,10.0,0.0,0.0,2.4,19.2,0.2,10.6,44.8,0.0,70.9,0.0,0.0,14.0,101.0,1.0,71.0,348.0,1.0,11.816666666666668,0.0,0.0,2.3333333333333335,16.833333333333332,0.16666666666666666,11.833333333333334,58.0,11.816666666666668
360,Khalil Herbert,Chi,RB,W 40-20,7.6,Wsh,Away,33.0,10-10-23,5,False,0,106,5,31,0,10.3,0.0,0.0,2.0,16.6,0.2,10.2,54.4,0.0,78.5,0.0,0.0,14.0,101.0,1.0,81.0,424.0,1.0,11.214285714285714,0.0,0.0,2.0,14.428571428571429,0.14285714285714285,11.571428571428571,60.57142857142857,11.214285714285714
456,Khalil Herbert,Chi,RB,L 26-31,6.1,Det,Away,36.5,11-21-23,11,False,0,106,5,10,0,9.24,0.0,0.0,1.8,10.4,0.2,11.6,56.0,0.0,84.6,0.0,0.0,16.0,107.0,1.0,97.0,459.0,1.0,10.575,0.0,0.0,2.0,13.375,0.125,12.125,57.375,10.575
1035,Khalil Herbert,Chi,RB,W 12-10,5.8,Min,Away,46.0,11-28-23,12,False,0,106,5,20,0,9.040000000000001,0.0,0.0,2.0,8.6,0.2,11.4,53.8,0.0,90.39999999999999,0.0,0.0,18.0,121.0,1.0,103.0,483.0,1.0,10.044444444444444,0.0,0.0,2.0,13.444444444444445,0.1111111111111111,11.444444444444445,53.666666666666664,10.044444444444444
753,Khalil Herbert,Chi,RB,W 28-13,0.8,Det,Home,69.0,12-12-23,14,False,0,106,5,10,1,8.5,0.0,0.0,1.6,7.8,0.2,10.6,49.2,0.0,91.2,0.0,0.0,18.0,121.0,1.0,106.0,491.0,1.0,9.120000000000001,0.0,0.0,1.8,12.1,0.1,10.6,49.1,9.120000000000001
1475,Khalil Herbert,Chi,RB,L 17-20,2.2,Cle,Away,64.0,12-19-23,15,False,0,106,5,7,0,4.5,0.0,0.0,1.0,4.8,0.0,8.2,30.2,0.0,93.39999999999999,0.0,0.0,19.0,125.0,1.0,112.0,499.0,1.0,8.49090909090909,0.0,0.0,1.7272727272727273,11.363636363636363,0.09090909090909091,10.181818181818182,45.36363636363637,8.49090909090909
1102,Khalil Herbert,Chi,RB,W 27-16,19.1,Ari,Home,11.0,12-26-23,16,False,0,106,5,0,1,6.8,0.0,0.0,1.2,6.6,0.0,10.2,37.4,0.2,112.5,0.0,0.0,20.0,134.0,1.0,132.0,611.0,2.0,9.375,0.0,0.0,1.6666666666666667,11.166666666666666,0.08333333333333333,11.0,50.916666666666664,9.375
1298,Khari Blasingame,Chi,RB,W 37-17,0.0,Atl,Home,92.5,01-02-24,17,False,0,107,5,1,1,0.0,0.0,0.0,0.0,0.0,0.0,0.0,0.0,0.0,0.0,0.0,0.0,0.0,0.0,0.0,0.0,0.0,0.0,0.0,0.0,0.0,0.0,0.0,0.0,0.0,0.0,0.0
880,Khari Blasingame,Chi,RB,L 9-17,0.0,GB,Away,88.5,01-09-24,18,False,0,107,5,11,0,0.0,0.0,0.0,0.0,0.0,0.0,0.0,0.0,0.0,0.0,0.0,0.0,0.0,0.0,0.0,0.0,0.0,0.0,0.0,0.0,0.0,0.0,0.0,0.0,0.0,0.0,0.0
213,Khari Blasingame,Chi,RB,L 20-38,0.0,GB,Home,96.0,09-12-23,1,False,0,107,5,11,1,0.0,0.0,0.0,0.0,0.0,0.0,0.0,0.0,0.0,0.0,0.0,0.0,0.0,0.0,0.0,0.0,0.0,0.0,0.0,0.0,0.0,0.0,0.0,0.0,0.0,0.0,0.0
1406,Khari Blasingame,Chi,RB,L 17-27,0.0,TB,Away,96.0,09-19-23,2,False,0,107,5,29,0,0.0,0.0,0.0,0.0,0.0,0.0,0.0,0.0,0.0,0.0,0.0,0.0,0.0,0.0,0.0,0.0,0.0,0.0,0.0,0.0,0.0,0.0,0.0,0.0,0.0,0.0,0.0
322,Khari Blasingame,Chi,RB,L 10-41,0.0,KC,Away,95.5,09-26-23,3,False,0,107,5,15,0,0.0,0.0,0.0,0.0,0.0,0.0,0.0,0.0,0.0,0.0,0.0,0.0,0.0,0.0,0.0,0.0,0.0,0.0,0.0,0.0,0.0,0.0,0.0,0.0,0.0,0.0,0.0
102,Khari Blasingame,Chi,RB,L 28-31,0.0,Den,Home,93.5,10-03-23,4,False,0,107,5,9,1,0.0,0.0,0.0,0.0,0.0,0.0,0.0,0.0,0.0,0.0,0.0,0.0,0.0,0.0,0.0,0.0,0.0,0.0,0.0,0.0,0.0,0.0,0.0,0.0,0.0,0.0,0.0
376,Khari Blasingame,Chi,RB,W 40-20,2.6,Wsh,Away,49.0,10-10-23,5,False,0,107,5,31,0,0.52,0.0,0.0,0.0,0.0,0.0,1.6,5.2,0.0,2.6,0.0,0.0,0.0,0.0,0.0,8.0,26.0,0.0,0.37142857142857144,0.0,0.0,0.0,0.0,0.0,1.1428571428571428,3.7142857142857144,0.37142857142857144
1800,Khari Blasingame,Chi,RB,L 13-19,1.1,Min,Home,73.5,10-17-23,6,False,0,107,5,20,1,0.74,0.0,0.0,0.2,0.2,0.0,1.6,5.2,0.0,3.7,0.0,0.0,1.0,1.0,0.0,8.0,26.0,0.0,0.4625,0.0,0.0,0.125,0.125,0.0,1.0,3.25,0.4625
1689,Khari Blasingame,Chi,RB,W 30-12,1.4,LV,Home,54.0,10-24-23,7,False,0,107,5,18,1,1.02,0.0,0.0,0.4,1.0,0.0,1.6,5.2,0.0,5.1,0.0,0.0,2.0,5.0,0.0,8.0,26.0,0.0,0.5666666666666667,0.0,0.0,0.2222222222222222,0.5555555555555556,0.0,0.8888888888888888,2.888888888888889,0.5666666666666667
1623,Khari Blasingame,Chi,RB,L 13-30,0.0,LAC,Away,97.0,10-31-23,8,False,0,107,5,16,0,1.02,0.0,0.0,0.4,1.0,0.0,1.6,5.2,0.0,5.1,0.0,0.0,2.0,5.0,0.0,8.0,26.0,0.0,0.51,0.0,0.0,0.2,0.5,0.0,0.8,2.6,0.51
679,Khari Blasingame,Chi,RB,L 17-24,0.0,NO,Away,82.5,11-07-23,9,False,0,107,5,22,0,1.02,0.0,0.0,0.4,1.0,0.0,1.6,5.2,0.0,5.1,0.0,0.0,2.0,5.0,0.0,8.0,26.0,0.0,0.4636363636363636,0.0,0.0,0.18181818181818182,0.45454545454545453,0.0,0.7272727272727273,2.3636363636363638,0.4636363636363636
506,Khari Blasingame,Chi,RB,L 26-31,0.0,Det,Away,80.0,11-21-23,11,False,0,107,5,10,0,0.5,0.0,0.0,0.4,1.0,0.0,0.0,0.0,0.0,5.1,0.0,0.0,2.0,5.0,0.0,8.0,26.0,0.0,0.425,0.0,0.0,0.16666666666666666,0.4166666666666667,0.0,0.6666666666666666,2.1666666666666665,0.425
1088,Khari Blasingame,Chi,RB,W 12-10,0.0,Min,Away,90.0,11-28-23,12,False,0,107,5,20,0,0.27999999999999997,0.0,0.0,0.2,0.8,0.0,0.0,0.0,0.0,5.1,0.0,0.0,2.0,5.0,0.0,8.0,26.0,0.0,0.3923076923076923,0.0,0.0,0.15384615384615385,0.38461538461538464,0.0,0.6153846153846154,2.0,0.3923076923076923
758,Khari Blasingame,Chi,RB,W 28-13,0.7,Det,Home,72.0,12-12-23,14,False,0,107,5,10,1,0.13999999999999999,0.0,0.0,0.2,-0.6,0.0,0.0,0.0,0.0,5.8,0.0,0.0,3.0,2.0,0.0,8.0,26.0,0.0,0.41428571428571426,0.0,0.0,0.21428571428571427,0.14285714285714285,0.0,0.5714285714285714,1.8571428571428572,0.41428571428571426
1511,Khari Blasingame,Chi,RB,L 17-20,0.0,Cle,Away,94.0,12-19-23,15,False,0,107,5,7,0,0.13999999999999999,0.0,0.0,0.2,-0.6,0.0,0.0,0.0,0.0,5.8,0.0,0.0,3.0,2.0,0.0,8.0,26.0,0.0,0.38666666666666666,0.0,0.0,0.2,0.13333333333333333,0.0,0.5333333333333333,1.7333333333333334,0.38666666666666666
1187,Khari Blasingame,Chi,RB,W 27-16,0.0,Ari,Home,92.0,12-26-23,16,False,0,107,5,0,1,0.13999999999999999,0.0,0.0,0.2,-0.6,0.0,0.0,0.0,0.0,5.8,0.0,0.0,3.0,2.0,0.0,8.0,26.0,0.0,0.3625,0.0,0.0,0.1875,0.125,0.0,0.5,1.625,0.3625
1249,Kyle Juszczyk,SF,RB,W 27-10,5.3,Wsh,Away,50.5,01-02-24,17,False,0,108,27,31,0,5.3,0.0,0.0,3.0,23.0,0.0,0.0,0.0,0.0,5.3,0.0,0.0,3.0,23.0,0.0,0.0,0.0,0.0,5.3,0.0,0.0,3.0,23.0,0.0,0.0,0.0,5.3
867,Kyle Juszczyk,SF,RB,L 20-21,0.0,LAR,Home,88.5,01-09-24,18,False,0,108,27,17,1,2.65,0.0,0.0,1.5,11.5,0.0,0.0,0.0,0.0,5.3,0.0,0.0,3.0,23.0,0.0,0.0,0.0,0.0,2.65,0.0,0.0,1.5,11.5,0.0,0.0,0.0,2.65
198,Kyle Juszczyk,SF,RB,W 30-7,0.0,Pit,Away,96.0,09-12-23,1,False,0,108,27,26,0,1.7666666666666666,0.0,0.0,1.0,7.666666666666667,0.0,0.0,0.0,0.0,5.3,0.0,0.0,3.0,23.0,0.0,0.0,0.0,0.0,1.7666666666666666,0.0,0.0,1.0,7.666666666666667,0.0,0.0,0.0,1.7666666666666666
1390,Kyle Juszczyk,SF,RB,W 30-23,0.0,LAR,Away,96.0,09-19-23,2,False,0,108,27,17,0,1.325,0.0,0.0,0.75,5.75,0.0,0.0,0.0,0.0,5.3,0.0,0.0,3.0,23.0,0.0,0.0,0.0,0.0,1.325,0.0,0.0,0.75,5.75,0.0,0.0,0.0,1.325
297,Kyle Juszczyk,SF,RB,W 30-12,0.3,NYG,Home,79.0,09-26-23,3,False,0,108,27,23,1,1.1199999999999999,0.0,0.0,0.6,4.6,0.0,0.2,0.6,0.0,5.6,0.0,0.0,3.0,23.0,0.0,1.0,3.0,0.0,1.1199999999999999,0.0,0.0,0.6,4.6,0.0,0.2,0.6,1.1199999999999999
69,Kyle Juszczyk,SF,RB,W 35-16,1.7,Ari,Home,70.0,10-03-23,4,False,0,108,27,0,1,0.4,0.0,0.0,0.2,0.8,0.0,0.6,1.2,0.0,7.3,0.0,0.0,4.0,27.0,0.0,3.0,6.0,0.0,1.2166666666666666,0.0,0.0,0.6666666666666666,4.5,0.0,0.5,1.0,1.2166666666666666
347,Kyle Juszczyk,SF,RB,W 42-10,12.6,Dal,Home,19.5,10-10-23,5,False,0,108,27,8,1,2.92,0.0,0.0,1.0,6.0,0.2,0.6,1.2,0.0,19.9,0.0,0.0,8.0,53.0,1.0,3.0,6.0,0.0,2.8428571428571425,0.0,0.0,1.1428571428571428,7.571428571428571,0.14285714285714285,0.42857142857142855,0.8571428571428571,2.8428571428571425
1790,Kyle Juszczyk,SF,RB,L 17-19,1.9,Cle,Away,64.0,10-17-23,6,False,0,108,27,7,0,3.3,0.0,0.0,1.2,7.8,0.2,0.6,1.2,0.0,21.8,0.0,0.0,9.0,62.0,1.0,3.0,6.0,0.0,2.725,0.0,0.0,1.125,7.75,0.125,0.375,0.75,2.725
1704,Kyle Juszczyk,SF,RB,L 17-22,0.0,Min,Away,76.0,10-24-23,7,False,0,108,27,20,0,3.3,0.0,0.0,1.2,7.8,0.2,0.6,1.2,0.0,21.8,0.0,0.0,9.0,62.0,1.0,3.0,6.0,0.0,2.4222222222222225,0.0,0.0,1.0,6.888888888888889,0.1111111111111111,0.3333333333333333,0.6666666666666666,2.4222222222222225
1611,Kyle Juszczyk,SF,RB,L 17-31,0.0,Cin,Home,97.0,10-31-23,8,False,0,108,27,6,1,3.2399999999999998,0.0,0.0,1.2,7.8,0.2,0.8,0.6,0.0,21.8,0.0,0.0,9.0,62.0,1.0,5.0,6.0,0.0,2.18,0.0,0.0,0.9,6.2,0.1,0.5,0.6,2.18
920,Kyle Juszczyk,SF,RB,W 34-3,10.6,Jax,Away,26.0,11-14-23,10,False,0,108,27,14,0,5.0200000000000005,0.0,0.0,1.4,12.2,0.4,0.4,0.0,0.0,32.4,0.0,0.0,11.0,88.0,2.0,5.0,6.0,0.0,2.9454545454545453,0.0,0.0,1.0,8.0,0.18181818181818182,0.45454545454545453,0.5454545454545454,2.9454545454545453
493,Kyle Juszczyk,SF,RB,W 27-14,0.0,TB,Home,80.0,11-21-23,11,False,0,108,27,29,1,2.5,0.0,0.0,0.6,7.0,0.2,0.4,0.0,0.0,32.4,0.0,0.0,11.0,88.0,2.0,5.0,6.0,0.0,2.6999999999999997,0.0,0.0,0.9166666666666666,7.333333333333333,0.16666666666666666,0.4166666666666667,0.5,2.6999999999999997
1075,Kyle Juszczyk,SF,RB,W 31-13,0.0,Sea,Away,90.0,11-28-23,12,False,0,108,27,28,0,2.12,0.0,0.0,0.4,5.2,0.2,0.4,0.0,0.0,32.4,0.0,0.0,11.0,88.0,2.0,5.0,6.0,0.0,2.4923076923076923,0.0,0.0,0.8461538461538461,6.769230769230769,0.15384615384615385,0.38461538461538464,0.46153846153846156,2.4923076923076923
583,Kyle Juszczyk,SF,RB,W 42-19,0.0,Phi,Away,72.0,12-05-23,13,False,0,108,27,25,0,2.12,0.0,0.0,0.4,5.2,0.2,0.4,0.0,0.0,32.4,0.0,0.0,11.0,88.0,2.0,5.0,6.0,0.0,2.314285714285714,0.0,0.0,0.7857142857142857,6.285714285714286,0.14285714285714285,0.35714285714285715,0.42857142857142855,2.314285714285714
769,Kyle Juszczyk,SF,RB,W 28-16,0.0,Sea,Home,89.5,12-12-23,14,False,0,108,27,28,1,2.12,0.0,0.0,0.4,5.2,0.2,0.0,0.0,0.0,32.4,0.0,0.0,11.0,88.0,2.0,5.0,6.0,0.0,2.1599999999999997,0.0,0.0,0.7333333333333333,5.866666666666666,0.13333333333333333,0.3333333333333333,0.4,2.1599999999999997
1461,Kyle Juszczyk,SF,RB,W 45-29,4.6,Ari,Away,49.0,12-19-23,15,False,0,108,27,0,0,0.9199999999999999,0.0,0.0,0.4,5.2,0.0,0.0,0.0,0.0,37.0,0.0,0.0,13.0,114.0,2.0,5.0,6.0,0.0,2.3125,0.0,0.0,0.8125,7.125,0.125,0.3125,0.375,2.3125
1160,Kyle Juszczyk,SF,RB,L 19-33,1.5,Bal,Home,68.5,12-26-23,16,False,0,108,27,2,1,1.22,0.0,0.0,0.6,6.2,0.0,0.0,0.0,0.0,38.5,0.0,0.0,14.0,119.0,2.0,5.0,6.0,0.0,2.264705882352941,0.0,0.0,0.8235294117647058,7.0,0.11764705882352941,0.29411764705882354,0.35294117647058826,2.264705882352941
1200,Kyren Williams,LAR,RB,W 26-25,30.1,NYG,Away,1.0,01-02-24,17,False,0,109,17,23,0,30.1,0.0,0.0,2.0,14.0,0.0,20.0,87.0,3.0,30.1,0.0,0.0,2.0,14.0,0.0,20.0,87.0,3.0,30.1,0.0,0.0,2.0,14.0,0.0,20.0,87.0,30.1
116,Kyren Williams,LAR,RB,W 30-13,17.4,Sea,Away,9.0,09-12-23,1,False,0,109,17,28,0,23.75,0.0,0.0,1.0,8.0,0.0,17.5,69.5,2.5,47.5,0.0,0.0,2.0,16.0,0.0,35.0,139.0,5.0,23.75,0.0,0.0,1.0,8.0,0.0,17.5,69.5,23.75
1305,Kyren Williams,LAR,RB,L 23-30,28.0,SF,Home,2.0,09-19-23,2,False,0,109,17,27,1,25.166666666666668,0.0,0.0,2.6666666666666665,21.333333333333332,0.3333333333333333,16.333333333333332,63.666666666666664,2.0,75.5,0.0,0.0,8.0,64.0,1.0,49.0,191.0,6.0,25.166666666666668,0.0,0.0,2.6666666666666665,21.333333333333332,0.3333333333333333,16.333333333333332,63.666666666666664,25.166666666666668
245,Kyren Williams,LAR,RB,L 16-19,8.5,Cin,Away,27.5,09-26-23,3,False,0,109,17,6,0,21.0,0.0,0.0,2.5,22.75,0.25,14.75,57.25,1.5,84.0,0.0,0.0,10.0,91.0,1.0,59.0,229.0,6.0,21.0,0.0,0.0,2.5,22.75,0.25,14.75,57.25,21.0
3,Kyren Williams,LAR,RB,W 29-23,27.7,Ind,Away,4.0,10-03-23,4,False,0,109,17,13,0,22.34,0.0,0.0,2.6,23.0,0.2,16.8,66.4,1.6,111.7,0.0,0.0,13.0,115.0,1.0,84.0,332.0,8.0,22.34,0.0,0.0,2.6,23.0,0.2,16.8,66.4,22.34
359,Kyren Williams,LAR,RB,L 14-23,7.7,Phi,Home,32.0,10-10-23,5,False,0,109,17,25,1,17.86,0.0,0.0,2.6,21.0,0.2,15.4,59.6,1.0,119.4,0.0,0.0,15.0,119.0,1.0,97.0,385.0,8.0,19.900000000000002,0.0,0.0,2.5,19.833333333333332,0.16666666666666666,16.166666666666668,64.16666666666667,19.900000000000002
1729,Kyren Williams,LAR,RB,W 26-9,21.8,Ari,Home,3.0,10-17-23,6,False,0,109,17,0,1,18.740000000000002,0.0,0.0,2.6,20.6,0.2,16.4,80.8,0.8,141.2,0.0,0.0,15.0,119.0,1.0,117.0,543.0,9.0,20.17142857142857,0.0,0.0,2.142857142857143,17.0,0.14285714285714285,16.714285714285715,77.57142857142857,20.17142857142857
990,Kyren Williams,LAR,RB,W 37-14,38.4,Ari,Away,1.0,11-28-23,12,False,0,109,17,0,0,20.82,0.0,0.0,2.6,23.2,0.4,16.8,99.0,0.6,179.6,0.0,0.0,21.0,180.0,3.0,133.0,686.0,9.0,22.45,0.0,0.0,2.625,22.5,0.375,16.625,85.75,22.45
521,Kyren Williams,LAR,RB,W 36-19,20.2,Cle,Home,9.0,12-05-23,13,False,0,109,17,7,1,23.16,0.0,0.0,2.8,22.6,0.4,19.0,109.0,0.8,199.79999999999998,0.0,0.0,24.0,204.0,3.0,154.0,774.0,10.0,22.2,0.0,0.0,2.6666666666666665,22.666666666666668,0.3333333333333333,17.11111111111111,86.0,22.2
703,Kyren Williams,LAR,RB,L 31-37,14.3,Bal,Away,18.0,12-12-23,14,False,0,109,17,2,0,20.479999999999997,0.0,0.0,2.8,17.6,0.4,19.0,111.2,0.4,214.1,0.0,0.0,27.0,203.0,3.0,179.0,888.0,10.0,21.41,0.0,0.0,2.7,20.3,0.3,17.9,88.8,21.41
1417,Kyren Williams,LAR,RB,W 28-20,24.5,Wsh,Home,5.0,12-19-23,15,False,0,109,17,31,1,23.839999999999996,0.0,0.0,3.4,17.4,0.4,21.8,131.0,0.6,238.6,0.0,0.0,32.0,206.0,3.0,206.0,1040.0,11.0,21.69090909090909,0.0,0.0,2.909090909090909,18.727272727272727,0.2727272727272727,18.727272727272727,94.54545454545455,21.69090909090909
1103,Kyren Williams,LAR,RB,W 30-22,16.4,NO,Home,12.0,12-26-23,16,False,0,109,17,22,1,22.759999999999998,0.0,0.0,3.4,17.4,0.4,22.2,120.2,0.6,255.0,0.0,0.0,32.0,206.0,3.0,228.0,1144.0,12.0,21.25,0.0,0.0,2.6666666666666665,17.166666666666668,0.25,19.0,95.33333333333333,21.25
1286,La'Mical Perine,KC,RB,W 25-17,0.0,Cin,Home,92.5,01-02-24,17,False,0,110,15,6,1,0.0,0.0,0.0,0.0,0.0,0.0,0.0,0.0,0.0,0.0,0.0,0.0,0.0,0.0,0.0,0.0,0.0,0.0,0.0,0.0,0.0,0.0,0.0,0.0,0.0,0.0,0.0
802,La'Mical Perine,KC,RB,W 13-12,13.9,LAC,Away,15.0,01-09-24,18,False,0,110,15,16,0,6.95,0.0,0.0,1.5,16.5,0.0,10.5,38.0,0.0,13.9,0.0,0.0,3.0,33.0,0.0,21.0,76.0,0.0,6.95,0.0,0.0,1.5,16.5,0.0,10.5,38.0,6.95
1177,La'Mical Perine,KC,RB,L 14-20,0.0,LV,Home,92.0,12-26-23,16,False,0,110,15,18,1,4.633333333333334,0.0,0.0,1.0,11.0,0.0,7.0,25.333333333333332,0.0,13.9,0.0,0.0,3.0,33.0,0.0,21.0,76.0,0.0,4.633333333333334,0.0,0.0,1.0,11.0,0.0,7.0,25.333333333333332,4.633333333333334
1280,Latavius Murray,Buf,RB,W 27-21,0.0,NE,Home,92.5,01-02-24,17,False,0,111,3,21,1,0.0,0.0,0.0,0.0,0.0,0.0,1.0,0.0,0.0,0.0,0.0,0.0,0.0,0.0,0.0,1.0,0.0,0.0,0.0,0.0,0.0,0.0,0.0,0.0,1.0,0.0,0.0
166,Latavius Murray,Buf,RB,L 16-22,2.7,NYJ,Away,59.5,09-12-23,1,False,0,111,3,24,0,1.35,0.0,0.0,0.5,4.5,0.0,1.5,4.0,0.0,2.7,0.0,0.0,1.0,9.0,0.0,3.0,8.0,0.0,1.35,0.0,0.0,0.5,4.5,0.0,1.5,4.0,1.35
1326,Latavius Murray,Buf,RB,W 38-10,11.1,LV,Home,23.0,09-19-23,2,False,0,111,3,18,1,4.6000000000000005,0.0,0.0,1.0,6.0,0.0,3.0,10.0,0.3333333333333333,13.8,0.0,0.0,3.0,18.0,0.0,9.0,30.0,1.0,4.6000000000000005,0.0,0.0,1.0,6.0,0.0,3.0,10.0,4.6000000000000005
244,Latavius Murray,Buf,RB,W 37-3,9.1,Wsh,Away,26.0,09-26-23,3,False,0,111,3,31,0,5.725,0.0,0.0,1.0,6.0,0.0,3.5,11.25,0.5,22.9,0.0,0.0,4.0,24.0,0.0,14.0,45.0,2.0,5.725,0.0,0.0,1.0,6.0,0.0,3.5,11.25,5.725
31,Latavius Murray,Buf,RB,W 48-20,7.6,Mia,Home,32.0,10-03-23,4,False,0,111,3,19,1,6.1,0.0,0.0,1.2,9.6,0.0,3.6,15.4,0.4,30.5,0.0,0.0,6.0,48.0,0.0,18.0,77.0,2.0,6.1,0.0,0.0,1.2,9.6,0.0,3.6,15.4,6.1
385,Latavius Murray,Buf,RB,L 20-25,1.7,Jax,Home,58.5,10-10-23,5,False,0,111,3,14,1,6.4399999999999995,0.0,0.0,1.4,9.8,0.0,3.8,16.6,0.4,32.199999999999996,0.0,0.0,7.0,49.0,0.0,20.0,83.0,2.0,5.366666666666666,0.0,0.0,1.1666666666666667,8.166666666666666,0.0,3.3333333333333335,13.833333333333334,5.366666666666666
1769,Latavius Murray,Buf,RB,W 14-9,4.5,NYG,Home,43.0,10-17-23,6,False,0,111,3,23,1,6.8,0.0,0.0,1.2,8.0,0.0,5.8,24.0,0.4,36.699999999999996,0.0,0.0,7.0,49.0,0.0,32.0,128.0,2.0,5.242857142857142,0.0,0.0,1.0,7.0,0.0,4.571428571428571,18.285714285714285,5.242857142857142
1678,Latavius Murray,Buf,RB,L 25-29,4.8,NE,Away,44.0,10-24-23,7,False,0,111,3,21,0,5.539999999999999,0.0,0.0,1.2,10.2,0.0,5.4,21.2,0.2,41.5,0.0,0.0,9.0,69.0,0.0,36.0,136.0,2.0,5.1875,0.0,0.0,1.125,8.625,0.0,4.5,17.0,5.1875
1587,Latavius Murray,Buf,RB,W 24-18,2.1,TB,Home,65.5,10-31-23,8,False,0,111,3,29,1,4.139999999999999,0.0,0.0,1.2,9.8,0.0,5.4,19.6,0.0,43.6,0.0,0.0,10.0,73.0,0.0,41.0,143.0,2.0,4.844444444444445,0.0,0.0,1.1111111111111112,8.11111111111111,0.0,4.555555555555555,15.88888888888889,4.844444444444445
650,Latavius Murray,Buf,RB,L 18-24,2.0,Cin,Away,58.0,11-07-23,9,False,0,111,3,6,0,3.0199999999999996,0.0,0.0,1.0,6.2,0.0,5.0,14.0,0.0,45.6,0.0,0.0,11.0,79.0,0.0,43.0,147.0,2.0,4.5600000000000005,0.0,0.0,1.1,7.9,0.0,4.3,14.7,4.5600000000000005
910,Latavius Murray,Buf,RB,L 22-24,14.9,Den,Home,16.0,11-14-23,10,False,0,111,3,9,1,5.659999999999999,0.0,0.0,1.2,6.2,0.0,6.4,26.4,0.2,60.5,0.0,0.0,13.0,80.0,0.0,52.0,215.0,3.0,5.5,0.0,0.0,1.1818181818181819,7.2727272727272725,0.0,4.7272727272727275,19.545454545454547,5.5
465,Latavius Murray,Buf,RB,W 32-6,3.5,NYJ,Home,45.5,11-21-23,11,False,0,111,3,24,1,5.459999999999999,0.0,0.0,1.2,6.2,0.0,6.0,24.4,0.2,64.0,0.0,0.0,13.0,80.0,0.0,62.0,250.0,3.0,5.333333333333333,0.0,0.0,1.0833333333333333,6.666666666666667,0.0,5.166666666666667,20.833333333333332,5.333333333333333
1026,Latavius Murray,Buf,RB,L 34-37,7.8,Phi,Away,37.0,11-28-23,12,False,0,111,3,25,0,6.06,0.0,0.0,1.4,5.8,0.0,7.0,28.8,0.2,71.8,0.0,0.0,16.0,98.0,0.0,71.0,280.0,3.0,5.523076923076923,0.0,0.0,1.2307692307692308,7.538461538461538,0.0,5.461538461538462,21.53846153846154,5.523076923076923
735,Latavius Murray,Buf,RB,W 20-17,4.0,KC,Away,49.5,12-12-23,14,False,0,111,3,15,0,6.4399999999999995,0.0,0.0,1.4,9.2,0.0,6.6,29.2,0.2,75.8,0.0,0.0,17.0,119.0,0.0,74.0,289.0,3.0,5.414285714285714,0.0,0.0,1.2142857142857142,8.5,0.0,5.285714285714286,20.642857142857142,5.414285714285714
1450,Latavius Murray,Buf,RB,W 31-10,7.1,Dal,Home,37.5,12-19-23,15,False,0,111,3,8,1,7.459999999999999,0.0,0.0,1.2,8.0,0.0,7.2,30.6,0.4,82.89999999999999,0.0,0.0,17.0,119.0,0.0,79.0,300.0,4.0,5.526666666666666,0.0,0.0,1.1333333333333333,7.933333333333334,0.0,5.266666666666667,20.0,5.526666666666666
1170,Latavius Murray,Buf,RB,W 24-22,0.0,LAC,Away,92.0,12-26-23,16,False,0,111,3,16,0,4.4799999999999995,0.0,0.0,0.8,7.8,0.0,5.4,17.0,0.2,82.89999999999999,0.0,0.0,17.0,119.0,0.0,79.0,300.0,4.0,5.1812499999999995,0.0,0.0,1.0625,7.4375,0.0,4.9375,18.75,5.1812499999999995
845,Leonard Fournette,Buf,RB,W 21-14,2.0,Mia,Away,57.0,01-09-24,18,False,0,112,3,19,0,2.0,0.0,0.0,0.0,0.0,0.0,7.0,20.0,0.0,2.0,0.0,0.0,0.0,0.0,0.0,7.0,20.0,0.0,2.0,0.0,0.0,0.0,0.0,0.0,7.0,20.0,2.0
1153,Leonard Fournette,Buf,RB,W 24-22,2.0,LAC,Away,63.5,12-26-23,16,False,0,112,3,16,0,2.0,0.0,0.0,0.0,0.0,0.0,6.0,20.0,0.0,4.0,0.0,0.0,0.0,0.0,0.0,12.0,40.0,0.0,2.0,0.0,0.0,0.0,0.0,0.0,6.0,20.0,2.0
1816,Malik Davis,Dal,RB,W 20-17,0.0,LAC,Away,93.0,10-17-23,6,False,0,113,8,16,0,0.0,0.0,0.0,0.0,0.0,0.0,0.0,0.0,0.0,0.0,0.0,0.0,0.0,0.0,0.0,0.0,0.0,0.0,0.0,0.0,0.0,0.0,0.0,0.0,0.0,0.0,0.0
1500,Malik Davis,Dal,RB,L 10-31,0.0,Buf,Away,94.0,12-19-23,15,False,0,113,8,3,0,0.0,0.0,0.0,0.0,0.0,0.0,0.0,0.0,0.0,0.0,0.0,0.0,0.0,0.0,0.0,0.0,0.0,0.0,0.0,0.0,0.0,0.0,0.0,0.0,0.0,0.0,0.0
1179,Malik Davis,Dal,RB,L 20-22,0.0,Mia,Away,92.0,12-26-23,16,False,0,113,8,19,0,0.0,0.0,0.0,0.0,0.0,0.0,0.0,0.0,0.0,0.0,0.0,0.0,0.0,0.0,0.0,0.0,0.0,0.0,0.0,0.0,0.0,0.0,0.0,0.0,0.0,0.0,0.0
1282,Matt Breida,NYG,RB,L 25-26,0.0,LAR,Home,92.5,01-02-24,17,False,0,114,23,17,1,0.0,0.0,0.0,0.0,0.0,0.0,0.0,0.0,0.0,0.0,0.0,0.0,0.0,0.0,0.0,0.0,0.0,0.0,0.0,0.0,0.0,0.0,0.0,0.0,0.0,0.0,0.0
862,Matt Breida,NYG,RB,W 27-10,0.0,Phi,Home,88.5,01-09-24,18,False,0,114,23,25,1,0.0,0.0,0.0,0.0,0.0,0.0,0.0,0.0,0.0,0.0,0.0,0.0,0.0,0.0,0.0,0.0,0.0,0.0,0.0,0.0,0.0,0.0,0.0,0.0,0.0,0.0,0.0
176,Matt Breida,NYG,RB,L 0-40,1.6,Dal,Home,68.5,09-12-23,1,False,0,114,23,8,1,0.5333333333333333,0.0,0.0,0.3333333333333333,-1.0,0.0,0.6666666666666666,3.0,0.0,1.6,0.0,0.0,1.0,-3.0,0.0,2.0,9.0,0.0,0.5333333333333333,0.0,0.0,0.3333333333333333,-1.0,0.0,0.6666666666666666,3.0,0.5333333333333333
1375,Matt Breida,NYG,RB,W 31-28,0.5,Ari,Away,72.5,09-19-23,2,False,0,114,23,0,0,0.525,0.0,0.0,0.25,-0.75,0.0,0.75,3.5,0.0,2.1,0.0,0.0,1.0,-3.0,0.0,3.0,14.0,0.0,0.525,0.0,0.0,0.25,-0.75,0.0,0.75,3.5,0.525
239,Matt Breida,NYG,RB,L 12-30,10.8,SF,Away,21.0,09-26-23,3,False,0,114,23,27,0,2.58,0.0,0.0,0.8,-0.4,0.0,1.4,6.2,0.2,12.9,0.0,0.0,4.0,-2.0,0.0,7.0,31.0,1.0,2.58,0.0,0.0,0.8,-0.4,0.0,1.4,6.2,2.58
15,Matt Breida,NYG,RB,L 3-24,12.8,Sea,Home,16.0,10-03-23,4,False,0,114,23,28,1,5.140000000000001,0.0,0.0,1.8,9.2,0.0,4.2,12.2,0.2,25.700000000000003,0.0,0.0,9.0,46.0,0.0,21.0,61.0,1.0,4.283333333333334,0.0,0.0,1.5,7.666666666666667,0.0,3.5,10.166666666666666,4.283333333333334
374,Matt Breida,NYG,RB,L 16-31,3.4,Mia,Away,46.5,10-10-23,5,False,0,114,23,19,0,5.82,0.0,0.0,2.0,9.8,0.0,6.0,16.4,0.2,29.1,0.0,0.0,10.0,49.0,0.0,30.0,82.0,1.0,4.1571428571428575,0.0,0.0,1.4285714285714286,7.0,0.0,4.285714285714286,11.714285714285714,4.1571428571428575
1796,Matt Breida,NYG,RB,L 9-14,1.3,Buf,Away,70.5,10-17-23,6,False,0,114,23,3,0,5.76,0.0,0.0,1.8,10.4,0.0,6.4,17.2,0.2,30.400000000000002,0.0,0.0,10.0,49.0,0.0,34.0,95.0,1.0,3.8000000000000003,0.0,0.0,1.25,6.125,0.0,4.25,11.875,3.8000000000000003
1685,Matt Breida,NYG,RB,W 14-7,1.9,Wsh,Home,51.5,10-24-23,7,False,0,114,23,31,1,6.04,0.0,0.0,2.0,11.4,0.0,6.8,17.0,0.2,32.300000000000004,0.0,0.0,11.0,54.0,0.0,37.0,99.0,1.0,3.5888888888888895,0.0,0.0,1.2222222222222223,6.0,0.0,4.111111111111111,11.0,3.5888888888888895
1584,Matt Breida,NYG,RB,L 10-13,2.7,NYJ,Home,62.0,10-31-23,8,False,0,114,23,24,1,4.42,0.0,0.0,1.6,12.0,0.0,7.0,16.2,0.0,35.0,0.0,0.0,12.0,58.0,0.0,42.0,112.0,1.0,3.5,0.0,0.0,1.2,5.8,0.0,4.2,11.2,3.5
649,Matt Breida,NYG,RB,L 6-30,2.1,LV,Away,57.0,11-07-23,9,False,0,114,23,18,0,2.2800000000000002,0.0,0.0,0.8,3.6,0.0,4.6,11.2,0.0,37.1,0.0,0.0,13.0,64.0,0.0,44.0,117.0,1.0,3.372727272727273,0.0,0.0,1.1818181818181819,5.818181818181818,0.0,4.0,10.636363636363637,3.372727272727273
961,Matt Breida,NYG,RB,L 17-49,0.3,Dal,Away,67.0,11-14-23,10,False,0,114,23,8,0,1.6599999999999997,0.0,0.0,0.6,3.0,0.0,3.0,7.6,0.0,37.4,0.0,0.0,13.0,64.0,0.0,45.0,120.0,1.0,3.1166666666666667,0.0,0.0,1.0833333333333333,5.333333333333333,0.0,3.75,10.0,3.1166666666666667
511,Matt Breida,NYG,RB,W 31-19,-0.1,Wsh,Away,92.0,11-21-23,11,False,0,114,23,31,0,1.38,0.0,0.0,0.6,3.0,0.0,2.8,4.8,0.0,37.300000000000004,0.0,0.0,13.0,64.0,0.0,48.0,119.0,1.0,2.8692307692307697,0.0,0.0,1.0,4.923076923076923,0.0,3.6923076923076925,9.153846153846153,2.8692307692307697
1046,Matt Breida,NYG,RB,W 10-7,2.6,NE,Home,57.0,11-28-23,12,False,0,114,23,21,1,1.52,0.0,0.0,0.6,4.0,0.0,2.6,5.2,0.0,39.9,0.0,0.0,14.0,74.0,0.0,50.0,125.0,1.0,2.85,0.0,0.0,1.0,5.285714285714286,0.0,3.5714285714285716,8.928571428571429,2.85
746,Matt Breida,NYG,RB,W 24-22,1.6,GB,Home,61.0,12-12-23,14,False,0,114,23,11,1,1.3,0.0,0.0,0.4,3.2,0.0,2.0,5.8,0.0,41.5,0.0,0.0,14.0,74.0,0.0,52.0,141.0,1.0,2.7666666666666666,0.0,0.0,0.9333333333333333,4.933333333333334,0.0,3.466666666666667,9.4,2.7666666666666666
1462,Matt Breida,NYG,RB,L 6-24,4.1,NO,Away,50.0,12-19-23,15,False,0,114,23,22,0,1.7,0.0,0.0,0.6,4.2,0.0,2.2,6.8,0.0,45.6,0.0,0.0,16.0,85.0,0.0,55.0,151.0,1.0,2.85,0.0,0.0,1.0,5.3125,0.0,3.4375,9.4375,2.85
1162,Matt Breida,NYG,RB,L 25-33,1.3,Phi,Away,71.5,12-26-23,16,False,0,114,23,25,0,1.9,0.0,0.0,0.8,4.8,0.0,2.0,6.2,0.0,46.9,0.0,0.0,17.0,88.0,0.0,55.0,151.0,1.0,2.7588235294117647,0.0,0.0,1.0,5.176470588235294,0.0,3.235294117647059,8.882352941176471,2.7588235294117647
1240,Melvin Gordon III,Bal,RB,W 56-19,7.0,Mia,Home,41.0,01-02-24,17,False,0,115,2,19,1,7.0,0.0,0.0,0.0,0.0,0.0,6.0,10.0,1.0,7.0,0.0,0.0,0.0,0.0,0.0,6.0,10.0,1.0,7.0,0.0,0.0,0.0,0.0,0.0,6.0,10.0,7.0
893,Melvin Gordon III,Bal,RB,L 10-17,-0.2,Pit,Home,106.5,01-09-24,18,False,0,115,2,26,1,3.4,0.0,0.0,0.0,0.0,0.0,6.5,14.0,0.5,6.8,0.0,0.0,0.0,0.0,0.0,13.0,28.0,1.0,3.4,0.0,0.0,0.0,0.0,0.0,6.5,14.0,3.4
248,Melvin Gordon III,Bal,RB,L 19-22,7.5,Ind,Home,30.0,09-26-23,3,False,0,115,2,13,1,4.766666666666667,0.0,0.0,0.6666666666666666,7.666666666666667,0.0,7.666666666666667,20.0,0.3333333333333333,14.3,0.0,0.0,2.0,23.0,0.0,23.0,60.0,1.0,4.766666666666667,0.0,0.0,0.6666666666666666,7.666666666666667,0.0,7.666666666666667,20.0,4.766666666666667
43,Melvin Gordon III,Bal,RB,W 28-3,5.4,Cle,Away,44.5,10-03-23,4,False,0,115,2,7,0,4.925,0.0,0.0,0.75,11.5,0.0,6.5,20.25,0.25,19.7,0.0,0.0,3.0,46.0,0.0,26.0,81.0,1.0,4.925,0.0,0.0,0.75,11.5,0.0,6.5,20.25,4.925
1295,Michael Burton,Den,RB,W 16-9,0.0,LAC,Home,92.5,01-02-24,17,False,0,116,9,16,1,0.0,0.0,0.0,0.0,0.0,0.0,0.0,0.0,0.0,0.0,0.0,0.0,0.0,0.0,0.0,0.0,0.0,0.0,0.0,0.0,0.0,0.0,0.0,0.0,0.0,0.0,0.0
877,Michael Burton,Den,RB,L 14-27,0.0,LV,Away,88.5,01-09-24,18,False,0,116,9,18,0,0.0,0.0,0.0,0.0,0.0,0.0,0.0,0.0,0.0,0.0,0.0,0.0,0.0,0.0,0.0,0.0,0.0,0.0,0.0,0.0,0.0,0.0,0.0,0.0,0.0,0.0,0.0
179,Michael Burton,Den,RB,L 16-17,1.3,LV,Home,71.5,09-12-23,1,False,0,116,9,18,1,0.43333333333333335,0.0,0.0,0.3333333333333333,1.0,0.0,0.0,0.0,0.0,1.3,0.0,0.0,1.0,3.0,0.0,0.0,0.0,0.0,0.43333333333333335,0.0,0.0,0.3333333333333333,1.0,0.0,0.0,0.0,0.43333333333333335
1380,Michael Burton,Den,RB,L 33-35,0.3,Wsh,Home,76.0,09-19-23,2,False,0,116,9,31,1,0.4,0.0,0.0,0.25,0.75,0.0,0.25,0.75,0.0,1.6,0.0,0.0,1.0,3.0,0.0,1.0,3.0,0.0,0.4,0.0,0.0,0.25,0.75,0.0,0.25,0.75,0.4
317,Michael Burton,Den,RB,L 20-70,0.0,Mia,Away,95.5,09-26-23,3,False,0,116,9,19,0,0.32,0.0,0.0,0.2,0.6,0.0,0.2,0.6,0.0,1.6,0.0,0.0,1.0,3.0,0.0,1.0,3.0,0.0,0.32,0.0,0.0,0.2,0.6,0.0,0.2,0.6,0.32
98,Michael Burton,Den,RB,W 31-28,0.0,Chi,Away,93.5,10-03-23,4,False,0,116,9,5,0,0.32,0.0,0.0,0.2,0.6,0.0,0.2,0.6,0.0,1.6,0.0,0.0,1.0,3.0,0.0,1.0,3.0,0.0,0.26666666666666666,0.0,0.0,0.16666666666666666,0.5,0.0,0.16666666666666666,0.5,0.26666666666666666
381,Michael Burton,Den,RB,L 21-31,2.0,NYJ,Home,54.0,10-10-23,5,False,0,116,9,24,1,0.72,0.0,0.0,0.2,0.6,0.0,0.2,0.6,0.0,3.6,0.0,0.0,1.0,3.0,0.0,1.0,3.0,0.0,0.5142857142857143,0.0,0.0,0.14285714285714285,0.42857142857142855,0.0,0.14285714285714285,0.42857142857142855,0.5142857142857143
1807,Michael Burton,Den,RB,L 8-19,0.2,KC,Away,80.0,10-17-23,6,False,0,116,9,15,0,0.5,0.0,0.0,0.0,0.0,0.0,0.6,1.0,0.0,3.8000000000000003,0.0,0.0,1.0,3.0,0.0,3.0,5.0,0.0,0.47500000000000003,0.0,0.0,0.125,0.375,0.0,0.375,0.625,0.47500000000000003
1725,Michael Burton,Den,RB,W 19-17,-0.2,GB,Home,91.0,10-24-23,7,False,0,116,9,11,1,0.4,0.0,0.0,0.0,0.0,0.0,0.6,0.0,0.0,3.6,0.0,0.0,1.0,3.0,0.0,4.0,3.0,0.0,0.4,0.0,0.0,0.1111111111111111,0.3333333333333333,0.0,0.4444444444444444,0.3333333333333333,0.4
1622,Michael Burton,Den,RB,W 24-9,0.0,KC,Home,97.0,10-31-23,8,False,0,116,9,15,1,0.4,0.0,0.0,0.0,0.0,0.0,0.6,0.0,0.0,3.6,0.0,0.0,1.0,3.0,0.0,4.0,3.0,0.0,0.36,0.0,0.0,0.1,0.3,0.0,0.4,0.3,0.36
983,Michael Burton,Den,RB,W 24-22,0.0,Buf,Away,83.0,11-14-23,10,False,0,116,9,3,0,0.4,0.0,0.0,0.0,0.0,0.0,0.6,0.0,0.0,3.6,0.0,0.0,1.0,3.0,0.0,4.0,3.0,0.0,0.32727272727272727,0.0,0.0,0.09090909090909091,0.2727272727272727,0.0,0.36363636363636365,0.2727272727272727,0.32727272727272727
503,Michael Burton,Den,RB,W 21-20,0.0,Min,Home,80.0,11-21-23,11,False,0,116,9,20,1,0.0,0.0,0.0,0.0,0.0,0.0,0.6,0.0,0.0,3.6,0.0,0.0,1.0,3.0,0.0,4.0,3.0,0.0,0.3,0.0,0.0,0.08333333333333333,0.25,0.0,0.3333333333333333,0.25,0.3
1085,Michael Burton,Den,RB,W 29-12,0.0,Cle,Home,90.0,11-28-23,12,False,0,116,9,7,1,-0.04,0.0,0.0,0.0,0.0,0.0,0.2,-0.4,0.0,3.6,0.0,0.0,1.0,3.0,0.0,4.0,3.0,0.0,0.27692307692307694,0.0,0.0,0.07692307692307693,0.23076923076923078,0.0,0.3076923076923077,0.23076923076923078,0.27692307692307694
575,Michael Burton,Den,RB,L 17-22,0.4,Hou,Away,63.0,12-05-23,13,False,0,116,9,12,0,0.08,0.0,0.0,0.0,0.0,0.0,0.2,0.8,0.0,4.0,0.0,0.0,1.0,3.0,0.0,5.0,7.0,0.0,0.2857142857142857,0.0,0.0,0.07142857142857142,0.21428571428571427,0.0,0.35714285714285715,0.5,0.2857142857142857
749,Michael Burton,Den,RB,W 24-7,1.3,LAC,Away,63.5,12-12-23,14,False,0,116,9,16,0,0.34,0.0,0.0,0.2,0.2,0.0,0.4,1.2,0.0,5.300000000000001,0.0,0.0,2.0,4.0,0.0,6.0,9.0,0.0,0.3533333333333334,0.0,0.0,0.13333333333333333,0.26666666666666666,0.0,0.4,0.6,0.3533333333333334
1507,Michael Burton,Den,RB,L 17-42,0.0,Det,Away,94.0,12-19-23,15,False,0,116,9,10,0,0.33999999999999997,0.0,0.0,0.2,0.2,0.0,0.4,1.2,0.0,5.300000000000001,0.0,0.0,2.0,4.0,0.0,6.0,9.0,0.0,0.33125000000000004,0.0,0.0,0.125,0.25,0.0,0.375,0.5625,0.33125000000000004
1161,Michael Burton,Den,RB,L 23-26,1.4,NE,Home,70.0,12-26-23,16,False,0,116,9,21,1,0.6199999999999999,0.0,0.0,0.4,1.0,0.0,0.6,1.2,0.0,6.7,0.0,0.0,3.0,8.0,0.0,7.0,9.0,0.0,0.3941176470588235,0.0,0.0,0.17647058823529413,0.47058823529411764,0.0,0.4117647058823529,0.5294117647058824,0.3941176470588235
1219,Michael Carter,Ari,RB,W 35-31,13.7,Phi,Away,20.0,01-02-24,17,False,0,117,0,25,0,13.7,0.0,0.0,1.0,6.0,1.0,7.0,61.0,0.0,13.7,0.0,0.0,1.0,6.0,1.0,7.0,61.0,0.0,13.7,0.0,0.0,1.0,6.0,1.0,7.0,61.0,13.7
838,Michael Carter,Ari,RB,L 20-21,2.9,Sea,Home,51.0,01-09-24,18,False,0,117,0,28,1,8.299999999999999,0.0,0.0,1.0,4.0,0.5,5.5,39.0,0.0,16.599999999999998,0.0,0.0,2.0,8.0,1.0,11.0,78.0,0.0,8.299999999999999,0.0,0.0,1.0,4.0,0.5,5.5,39.0,8.299999999999999
160,Michael Carter,NYJ,RB,W 22-16,3.8,Buf,Home,52.5,09-12-23,1,False,0,117,24,3,1,6.8,0.0,0.0,1.3333333333333333,6.666666666666667,0.3333333333333333,4.0,28.0,0.0,20.4,0.0,0.0,4.0,20.0,1.0,12.0,84.0,0.0,6.8,0.0,0.0,1.3333333333333333,6.666666666666667,0.3333333333333333,4.0,28.0,6.8
1364,Michael Carter,NYJ,RB,L 10-30,2.1,Dal,Away,61.0,09-19-23,2,False,0,117,24,8,0,5.625,0.0,0.0,1.25,5.75,0.25,3.5,23.0,0.0,22.5,0.0,0.0,5.0,23.0,1.0,14.0,92.0,0.0,5.625,0.0,0.0,1.25,5.75,0.25,3.5,23.0,5.625
292,Michael Carter,NYJ,RB,L 10-15,1.3,NE,Home,74.5,09-26-23,3,False,0,117,24,21,1,4.76,0.0,0.0,1.2,5.2,0.2,2.8,18.4,0.0,23.8,0.0,0.0,6.0,26.0,1.0,14.0,92.0,0.0,4.76,0.0,0.0,1.2,5.2,0.2,2.8,18.4,4.76
49,Michael Carter,NYJ,RB,L 20-23,4.1,KC,Home,50.0,10-03-23,4,False,0,117,24,15,1,2.84,0.0,0.0,1.4,6.4,0.0,1.6,8.0,0.0,27.9,0.0,0.0,8.0,38.0,1.0,15.0,101.0,0.0,4.6499999999999995,0.0,0.0,1.3333333333333333,6.333333333333333,0.16666666666666666,2.5,16.833333333333332,4.6499999999999995
362,Michael Carter,NYJ,RB,W 31-21,5.2,Den,Away,35.0,10-10-23,5,False,0,117,24,9,0,3.3,0.0,0.0,1.8,8.8,0.0,1.0,6.2,0.0,33.1,0.0,0.0,11.0,52.0,1.0,16.0,109.0,0.0,4.728571428571429,0.0,0.0,1.5714285714285714,7.428571428571429,0.14285714285714285,2.2857142857142856,15.571428571428571,4.728571428571429
1804,Michael Carter,NYJ,RB,W 20-14,0.5,Phi,Home,78.0,10-17-23,6,False,0,117,24,25,1,2.6399999999999997,0.0,0.0,1.4,6.4,0.0,1.0,6.0,0.0,33.6,0.0,0.0,11.0,52.0,1.0,17.0,114.0,0.0,4.2,0.0,0.0,1.375,6.5,0.125,2.125,14.25,4.2
1603,Michael Carter,NYJ,RB,W 13-10,0.2,NYG,Away,80.5,10-31-23,8,False,0,117,24,23,0,2.26,0.0,0.0,1.2,5.8,0.0,1.0,4.8,0.0,33.8,0.0,0.0,11.0,52.0,1.0,19.0,116.0,0.0,3.755555555555555,0.0,0.0,1.2222222222222223,5.777777777777778,0.1111111111111111,2.111111111111111,12.88888888888889,3.755555555555555
621,Michael Carter,Ari,RB,L 0-27,8.4,Cle,Away,29.0,11-07-23,9,False,0,117,0,7,0,3.6799999999999997,0.0,0.0,2.2,10.0,0.0,1.0,4.8,0.0,42.2,0.0,0.0,17.0,76.0,1.0,19.0,116.0,0.0,4.220000000000001,0.0,0.0,1.7,7.6,0.1,1.9,11.6,4.220000000000001
967,Michael Carter,Ari,RB,W 25-23,0.0,Atl,Home,83.0,11-14-23,10,False,0,117,0,1,1,2.8600000000000003,0.0,0.0,1.8,7.6,0.0,0.8,3.0,0.0,42.2,0.0,0.0,17.0,76.0,1.0,19.0,116.0,0.0,3.8363636363636364,0.0,0.0,1.5454545454545454,6.909090909090909,0.09090909090909091,1.7272727272727273,10.545454545454545,3.8363636363636364
1027,Michael Carter,Ari,RB,L 14-37,7.4,LAR,Home,38.0,11-28-23,12,False,0,117,0,17,1,3.3,0.0,0.0,2.0,7.8,0.0,1.4,5.2,0.0,49.6,0.0,0.0,21.0,91.0,1.0,23.0,135.0,0.0,4.133333333333334,0.0,0.0,1.75,7.583333333333333,0.08333333333333333,1.9166666666666667,11.25,4.133333333333334
561,Michael Carter,Ari,RB,W 24-10,2.5,Pit,Away,49.5,12-05-23,13,False,0,117,0,26,0,3.7,0.0,0.0,2.0,7.8,0.0,2.0,9.2,0.0,52.1,0.0,0.0,21.0,91.0,1.0,27.0,160.0,0.0,4.007692307692308,0.0,0.0,1.6153846153846154,7.0,0.07692307692307693,2.076923076923077,12.307692307692308,4.007692307692308
1453,Michael Carter,Ari,RB,L 29-45,6.7,SF,Home,41.0,12-19-23,15,False,0,117,0,27,1,5.000000000000001,0.0,0.0,2.6,9.8,0.0,2.2,14.2,0.0,58.8,0.0,0.0,24.0,101.0,1.0,30.0,187.0,0.0,4.2,0.0,0.0,1.7142857142857142,7.214285714285714,0.07142857142857142,2.142857142857143,13.357142857142858,4.2
1175,Michael Carter,Ari,RB,L 16-27,0.0,Chi,Away,92.0,12-26-23,16,False,0,117,0,5,0,3.3200000000000003,0.0,0.0,1.4,5.0,0.0,2.2,14.2,0.0,58.8,0.0,0.0,24.0,101.0,1.0,30.0,187.0,0.0,3.92,0.0,0.0,1.6,6.733333333333333,0.06666666666666667,2.0,12.466666666666667,3.92
154,Mike Boone,Hou,RB,L 9-25,4.8,Bal,Away,47.0,09-12-23,1,False,0,118,12,2,0,4.8,0.0,0.0,3.0,18.0,0.0,0.0,0.0,0.0,4.8,0.0,0.0,3.0,18.0,0.0,0.0,0.0,0.0,4.8,0.0,0.0,3.0,18.0,0.0,0.0,0.0,4.8
314,Mike Boone,Hou,RB,W 37-17,0.0,Jax,Away,95.5,09-26-23,3,False,0,118,12,14,0,2.4,0.0,0.0,1.5,9.0,0.0,0.0,0.0,0.0,4.8,0.0,0.0,3.0,18.0,0.0,0.0,0.0,0.0,2.4,0.0,0.0,1.5,9.0,0.0,0.0,0.0,2.4
78,Mike Boone,Hou,RB,W 30-6,0.4,Pit,Home,78.5,10-03-23,4,False,0,118,12,26,1,1.7333333333333334,0.0,0.0,1.0,6.0,0.0,0.3333333333333333,1.3333333333333333,0.0,5.2,0.0,0.0,3.0,18.0,0.0,1.0,4.0,0.0,1.7333333333333334,0.0,0.0,1.0,6.0,0.0,0.3333333333333333,1.3333333333333333,1.7333333333333334
411,Mike Boone,Hou,RB,L 19-21,0.0,Atl,Away,81.0,10-10-23,5,False,0,118,12,1,0,1.3,0.0,0.0,0.75,4.5,0.0,0.25,1.0,0.0,5.2,0.0,0.0,3.0,18.0,0.0,1.0,4.0,0.0,1.3,0.0,0.0,0.75,4.5,0.0,0.25,1.0,1.3
1799,Mike Boone,Hou,RB,W 20-13,1.1,NO,Home,73.5,10-17-23,6,False,0,118,12,22,1,1.26,0.0,0.0,0.6,3.6,0.0,0.4,3.0,0.0,6.3,0.0,0.0,3.0,18.0,0.0,2.0,15.0,0.0,1.26,0.0,0.0,0.6,3.6,0.0,0.4,3.0,1.26
1586,Mike Boone,Hou,RB,L 13-15,2.6,Car,Away,63.5,10-31-23,8,False,0,118,12,4,0,0.82,0.0,0.0,0.2,2.2,0.0,0.6,4.0,0.0,8.9,0.0,0.0,4.0,29.0,0.0,3.0,20.0,0.0,1.4833333333333334,0.0,0.0,0.6666666666666666,4.833333333333333,0.0,0.5,3.3333333333333335,1.4833333333333334
663,Mike Boone,Hou,RB,W 39-37,0.3,TB,Home,71.0,11-07-23,9,False,0,118,12,29,1,0.8800000000000001,0.0,0.0,0.2,2.2,0.0,0.8,4.6,0.0,9.2,0.0,0.0,4.0,29.0,0.0,4.0,23.0,0.0,1.3142857142857143,0.0,0.0,0.5714285714285714,4.142857142857143,0.0,0.5714285714285714,3.2857142857142856,1.3142857142857143
945,Mike Boone,Hou,RB,W 30-27,2.6,Cin,Away,50.5,11-14-23,10,False,0,118,12,6,0,1.3199999999999998,0.0,0.0,0.6,3.4,0.0,0.6,3.8,0.0,11.8,0.0,0.0,6.0,35.0,0.0,4.0,23.0,0.0,1.475,0.0,0.0,0.75,4.375,0.0,0.5,2.875,1.475
482,Mike Boone,Hou,RB,W 21-16,1.5,Ari,Home,62.5,11-21-23,11,False,0,118,12,0,1,1.6199999999999999,0.0,0.0,0.8,4.4,0.0,0.8,3.8,0.0,13.3,0.0,0.0,7.0,40.0,0.0,5.0,23.0,0.0,1.4777777777777779,0.0,0.0,0.7777777777777778,4.444444444444445,0.0,0.5555555555555556,2.5555555555555554,1.4777777777777779
1496,Mike Boone,Car,RB,W 9-7,0.0,Atl,Home,94.0,12-19-23,15,False,0,118,4,1,1,1.4,0.0,0.0,0.8,4.4,0.0,0.6,1.6,0.0,13.3,0.0,0.0,7.0,40.0,0.0,5.0,23.0,0.0,1.33,0.0,0.0,0.7,4.0,0.0,0.5,2.3,1.33
1256,Miles Sanders,Car,RB,L 0-26,4.2,Jax,Away,56.5,01-02-24,17,False,0,119,4,14,0,4.2,0.0,0.0,2.0,12.0,0.0,2.0,10.0,0.0,4.2,0.0,0.0,2.0,12.0,0.0,2.0,10.0,0.0,4.2,0.0,0.0,2.0,12.0,0.0,2.0,10.0,4.2
847,Miles Sanders,Car,RB,L 0-9,1.8,TB,Home,60.5,01-09-24,18,False,0,119,4,29,1,3.0,0.0,0.0,1.0,6.0,0.0,2.5,14.0,0.0,6.0,0.0,0.0,2.0,12.0,0.0,5.0,28.0,0.0,3.0,0.0,0.0,1.0,6.0,0.0,2.5,14.0,3.0
128,Miles Sanders,Car,RB,L 10-24,11.8,Atl,Away,21.5,09-12-23,1,False,0,119,4,1,0,5.933333333333334,0.0,0.0,2.0,12.666666666666666,0.0,7.666666666666667,33.333333333333336,0.0,17.8,0.0,0.0,6.0,38.0,0.0,23.0,100.0,0.0,5.933333333333334,0.0,0.0,2.0,12.666666666666666,0.0,7.666666666666667,33.333333333333336,5.933333333333334
1334,Miles Sanders,Car,RB,L 17-20,7.7,NO,Home,31.0,09-19-23,2,False,0,119,4,22,1,6.375,0.0,0.0,2.25,10.5,0.0,9.25,35.75,0.0,25.5,0.0,0.0,9.0,42.0,0.0,37.0,143.0,0.0,6.375,0.0,0.0,2.25,10.5,0.0,9.25,35.75,6.375
229,Miles Sanders,Car,RB,L 27-37,17.2,Sea,Away,11.0,09-26-23,3,False,0,119,4,28,0,8.540000000000001,0.0,0.0,2.8,16.0,0.0,9.2,33.4,0.2,42.7,0.0,0.0,14.0,80.0,0.0,46.0,167.0,1.0,8.540000000000001,0.0,0.0,2.8,16.0,0.0,9.2,33.4,8.540000000000001
38,Miles Sanders,Car,RB,L 13-21,6.2,Min,Home,39.0,10-03-23,4,False,0,119,4,20,1,8.94,0.0,0.0,3.0,16.2,0.0,11.4,35.2,0.2,48.9,0.0,0.0,17.0,93.0,0.0,59.0,186.0,1.0,8.15,0.0,0.0,2.8333333333333335,15.5,0.0,9.833333333333334,31.0,8.15
391,Miles Sanders,Car,RB,L 24-42,1.2,Det,Away,64.5,10-10-23,5,False,0,119,4,10,0,8.82,0.0,0.0,3.0,16.2,0.0,12.2,38.0,0.2,50.1,0.0,0.0,17.0,93.0,0.0,66.0,218.0,1.0,7.1571428571428575,0.0,0.0,2.4285714285714284,13.285714285714286,0.0,9.428571428571429,31.142857142857142,7.1571428571428575
1605,Miles Sanders,Car,RB,W 15-13,0.0,Hou,Home,97.0,10-31-23,8,False,0,119,4,12,1,6.459999999999999,0.0,0.0,2.2,11.0,0.0,9.0,23.6,0.2,50.1,0.0,0.0,17.0,93.0,0.0,68.0,218.0,1.0,6.2625,0.0,0.0,2.125,11.625,0.0,8.5,27.25,6.2625
620,Miles Sanders,Car,RB,L 13-27,9.1,Ind,Home,28.0,11-07-23,9,False,0,119,4,13,1,6.74,0.0,0.0,2.2,14.6,0.0,7.4,22.8,0.2,59.2,0.0,0.0,20.0,115.0,0.0,74.0,257.0,1.0,6.577777777777778,0.0,0.0,2.2222222222222223,12.777777777777779,0.0,8.222222222222221,28.555555555555557,6.577777777777778
943,Miles Sanders,Car,RB,L 13-16,3.0,Chi,Away,48.5,11-14-23,10,False,0,119,4,5,0,3.9,0.0,0.0,1.6,10.0,0.0,6.0,17.0,0.0,62.2,0.0,0.0,22.0,130.0,0.0,76.0,252.0,1.0,6.220000000000001,0.0,0.0,2.2,13.0,0.0,7.6,25.2,6.220000000000001
454,Miles Sanders,Car,RB,L 10-33,6.2,Dal,Home,35.0,11-21-23,11,False,0,119,4,8,1,3.9,0.0,0.0,1.2,7.8,0.0,5.6,23.2,0.0,68.4,0.0,0.0,23.0,132.0,0.0,87.0,302.0,1.0,6.218181818181819,0.0,0.0,2.090909090909091,12.0,0.0,7.909090909090909,27.454545454545453,6.218181818181819
1045,Miles Sanders,Car,RB,L 10-17,2.8,Ten,Away,55.5,11-28-23,12,False,0,119,4,30,0,4.220000000000001,0.0,0.0,1.2,7.8,0.0,7.2,22.4,0.0,71.2,0.0,0.0,23.0,132.0,0.0,102.0,330.0,1.0,5.933333333333334,0.0,0.0,1.9166666666666667,11.0,0.0,8.5,27.5,5.933333333333334
550,Miles Sanders,Car,RB,L 18-21,3.9,TB,Away,38.5,12-05-23,13,False,0,119,4,29,0,5.0,0.0,0.0,1.4,9.0,0.0,8.4,27.0,0.0,75.1,0.0,0.0,24.0,138.0,0.0,110.0,353.0,1.0,5.776923076923077,0.0,0.0,1.8461538461538463,10.615384615384615,0.0,8.461538461538462,27.153846153846153,5.776923076923077
723,Miles Sanders,Car,RB,L 6-28,7.4,NO,Away,38.0,12-12-23,14,False,0,119,4,22,0,4.66,0.0,0.0,0.8,4.6,0.0,9.2,34.0,0.0,82.5,0.0,0.0,24.0,138.0,0.0,120.0,427.0,1.0,5.892857142857143,0.0,0.0,1.7142857142857142,9.857142857142858,0.0,8.571428571428571,30.5,5.892857142857143
1469,Miles Sanders,Car,RB,W 9-7,3.3,Atl,Home,57.0,12-19-23,15,False,0,119,4,1,1,4.720000000000001,0.0,0.0,0.8,3.8,0.0,10.0,35.4,0.0,85.8,0.0,0.0,26.0,149.0,0.0,126.0,429.0,1.0,5.72,0.0,0.0,1.7333333333333334,9.933333333333334,0.0,8.4,28.6,5.72
1157,Miles Sanders,Car,RB,L 30-33,1.8,GB,Home,66.0,12-26-23,16,False,0,119,4,11,1,3.8400000000000007,0.0,0.0,0.8,4.4,0.0,8.4,26.0,0.0,87.6,0.0,0.0,27.0,154.0,0.0,129.0,432.0,1.0,5.475,0.0,0.0,1.6875,9.625,0.0,8.0625,27.0,5.475
1717,Mohamed Ibrahim,Det,RB,L 6-38,0.0,Bal,Away,76.0,10-24-23,7,False,0,120,10,2,0,0.0,0.0,0.0,0.0,0.0,0.0,0.0,0.0,0.0,0.0,0.0,0.0,0.0,0.0,0.0,0.0,0.0,0.0,0.0,0.0,0.0,0.0,0.0,0.0,0.0,0.0,0.0
1610,Myles Gaskin,LAR,RB,L 20-43,0.0,Dal,Away,97.0,10-31-23,8,False,0,121,17,8,0,0.0,0.0,0.0,0.0,0.0,0.0,0.0,0.0,0.0,0.0,0.0,0.0,0.0,0.0,0.0,0.0,0.0,0.0,0.0,0.0,0.0,0.0,0.0,0.0,0.0,0.0,0.0
1502,Myles Gaskin,Min,RB,L 24-27,0.0,Cin,Away,94.0,12-19-23,15,False,0,121,20,6,0,0.0,0.0,0.0,0.0,0.0,0.0,0.0,0.0,0.0,0.0,0.0,0.0,0.0,0.0,0.0,0.0,0.0,0.0,0.0,0.0,0.0,0.0,0.0,0.0,0.0,0.0,0.0
1206,Najee Harris,Pit,RB,W 30-23,24.2,Sea,Away,7.0,01-02-24,17,False,0,122,26,28,0,24.2,0.0,0.0,0.0,0.0,0.0,27.0,122.0,2.0,24.2,0.0,0.0,0.0,0.0,0.0,27.0,122.0,2.0,24.2,0.0,0.0,0.0,0.0,0.0,27.0,122.0,24.2
793,Najee Harris,Pit,RB,W 17-10,24.3,Bal,Away,6.0,01-09-24,18,False,0,122,26,2,0,24.25,0.0,0.0,2.5,10.5,0.0,26.5,117.0,1.5,48.5,0.0,0.0,5.0,21.0,0.0,53.0,234.0,3.0,24.25,0.0,0.0,2.5,10.5,0.0,26.5,117.0,24.25
151,Najee Harris,Pit,RB,L 7-30,5.3,SF,Home,44.5,09-12-23,1,False,0,122,26,27,1,17.933333333333334,0.0,0.0,2.3333333333333335,7.666666666666667,0.0,19.666666666666668,88.33333333333333,1.0,53.8,0.0,0.0,7.0,23.0,0.0,59.0,265.0,3.0,17.933333333333334,0.0,0.0,2.3333333333333335,7.666666666666667,0.0,19.666666666666668,88.33333333333333,17.933333333333334
1348,Najee Harris,Pit,RB,W 26-22,5.3,Cle,Home,44.5,09-19-23,2,False,0,122,26,7,1,14.775,0.0,0.0,2.0,5.75,0.0,17.25,77.0,0.75,59.1,0.0,0.0,8.0,23.0,0.0,69.0,308.0,3.0,14.775,0.0,0.0,2.0,5.75,0.0,17.25,77.0,14.775
257,Najee Harris,Pit,RB,W 23-18,6.5,LV,Away,38.5,09-26-23,3,False,0,122,26,18,0,13.12,0.0,0.0,1.6,4.6,0.0,17.6,74.6,0.6,65.6,0.0,0.0,8.0,23.0,0.0,88.0,373.0,3.0,13.12,0.0,0.0,1.6,4.6,0.0,17.6,74.6,13.12
18,Najee Harris,Pit,RB,L 6-30,11.3,Hou,Away,19.0,10-03-23,4,False,0,122,26,12,0,10.54,0.0,0.0,1.8,11.0,0.0,15.0,64.4,0.2,76.9,0.0,0.0,9.0,55.0,0.0,102.0,444.0,3.0,12.816666666666668,0.0,0.0,1.5,9.166666666666666,0.0,17.0,74.0,12.816666666666668
364,Najee Harris,Pit,RB,W 17-10,5.0,Bal,Home,37.0,10-10-23,5,False,0,122,26,2,1,6.68,0.0,0.0,1.0,7.4,0.0,12.6,49.4,0.0,81.9,0.0,0.0,10.0,58.0,0.0,116.0,481.0,3.0,11.700000000000001,0.0,0.0,1.4285714285714286,8.285714285714286,0.0,16.571428571428573,68.71428571428571,11.700000000000001
1647,Najee Harris,Pit,RB,W 24-17,15.8,LAR,Away,13.0,10-24-23,7,False,0,122,26,17,0,8.78,0.0,0.0,1.2,10.0,0.0,14.2,53.8,0.2,97.7,0.0,0.0,13.0,73.0,0.0,130.0,534.0,4.0,12.2125,0.0,0.0,1.625,9.125,0.0,16.25,66.75,12.2125
1544,Najee Harris,Pit,RB,L 10-20,10.5,Jax,Home,22.0,10-31-23,8,False,0,122,26,14,1,9.82,0.0,0.0,2.0,18.4,0.0,13.6,47.8,0.2,108.2,0.0,0.0,18.0,115.0,0.0,137.0,547.0,4.0,12.022222222222222,0.0,0.0,2.0,12.777777777777779,0.0,15.222222222222221,60.77777777777778,12.022222222222222
604,Najee Harris,Pit,RB,W 20-16,15.6,Ten,Home,12.0,11-07-23,9,False,0,122,26,30,1,11.64,0.0,0.0,2.4,19.8,0.0,13.0,48.6,0.4,123.8,0.0,0.0,20.0,122.0,0.0,153.0,616.0,5.0,12.379999999999999,0.0,0.0,2.0,12.2,0.0,15.3,61.6,12.379999999999999
903,Najee Harris,Pit,RB,W 23-19,18.6,GB,Home,9.0,11-14-23,10,False,0,122,26,11,1,13.1,0.0,0.0,2.8,16.2,0.0,13.4,50.8,0.6,142.4,0.0,0.0,23.0,136.0,0.0,169.0,698.0,6.0,12.945454545454545,0.0,0.0,2.090909090909091,12.363636363636363,0.0,15.363636363636363,63.45454545454545,12.945454545454545
460,Najee Harris,Pit,RB,L 10-13,4.6,Cle,Away,41.0,11-21-23,11,False,0,122,26,7,0,13.02,0.0,0.0,2.8,15.8,0.0,13.0,50.4,0.6,147.0,0.0,0.0,24.0,137.0,0.0,181.0,733.0,6.0,12.25,0.0,0.0,2.0,11.416666666666666,0.0,15.083333333333334,61.083333333333336,12.25
1003,Najee Harris,Pit,RB,W 16-10,15.9,Cin,Away,13.5,11-28-23,12,False,0,122,26,6,0,13.040000000000001,0.0,0.0,2.2,12.8,0.0,13.2,59.6,0.6,162.9,0.0,0.0,24.0,137.0,0.0,196.0,832.0,7.0,12.53076923076923,0.0,0.0,1.8461538461538463,10.538461538461538,0.0,15.076923076923077,64.0,12.53076923076923
536,Najee Harris,Pit,RB,L 10-24,9.7,Ari,Home,25.0,12-05-23,13,False,0,122,26,0,1,12.88,0.0,0.0,1.6,7.2,0.0,15.0,69.6,0.6,172.6,0.0,0.0,26.0,151.0,0.0,212.0,895.0,7.0,12.328571428571427,0.0,0.0,1.8571428571428572,10.785714285714286,0.0,15.142857142857142,63.92857142857143,12.328571428571427
721,Najee Harris,Pit,RB,L 18-21,7.8,NE,Home,36.5,12-12-23,14,False,0,122,26,21,1,11.32,0.0,0.0,1.8,9.6,0.0,14.2,61.6,0.4,180.4,0.0,0.0,29.0,170.0,0.0,224.0,924.0,7.0,12.026666666666667,0.0,0.0,1.9333333333333333,11.333333333333334,0.0,14.933333333333334,61.6,12.026666666666667
1485,Najee Harris,Pit,RB,L 13-30,1.3,Ind,Away,73.5,12-19-23,15,False,0,122,26,13,0,7.859999999999999,0.0,0.0,1.2,6.8,0.0,13.4,51.8,0.2,181.7,0.0,0.0,29.0,170.0,0.0,236.0,957.0,7.0,11.35625,0.0,0.0,1.8125,10.625,0.0,14.75,59.8125,11.35625
1110,Najee Harris,Pit,RB,W 34-11,13.8,Cin,Home,19.0,12-26-23,16,False,0,122,26,6,1,9.7,0.0,0.0,1.0,6.6,0.0,14.8,60.4,0.4,195.5,0.0,0.0,29.0,170.0,0.0,255.0,1035.0,8.0,11.5,0.0,0.0,1.7058823529411764,10.0,0.0,15.0,60.88235294117647,11.5
1270,Nick Bawden,NYJ,RB,L 20-37,1.8,Cle,Away,70.5,01-02-24,17,False,0,123,24,7,0,1.8,0.0,0.0,1.0,8.0,0.0,0.0,0.0,0.0,1.8,0.0,0.0,1.0,8.0,0.0,0.0,0.0,0.0,1.8,0.0,0.0,1.0,8.0,0.0,0.0,0.0,1.8
882,Nick Bawden,NYJ,RB,W 17-3,0.0,NE,Away,88.5,01-09-24,18,False,0,123,24,21,0,0.9,0.0,0.0,0.5,4.0,0.0,0.0,0.0,0.0,1.8,0.0,0.0,1.0,8.0,0.0,0.0,0.0,0.0,0.9,0.0,0.0,0.5,4.0,0.0,0.0,0.0,0.9
215,Nick Bawden,NYJ,RB,W 22-16,0.0,Buf,Home,96.0,09-12-23,1,False,0,123,24,3,1,0.6,0.0,0.0,0.3333333333333333,2.6666666666666665,0.0,0.0,0.0,0.0,1.8,0.0,0.0,1.0,8.0,0.0,0.0,0.0,0.0,0.6,0.0,0.0,0.3333333333333333,2.6666666666666665,0.0,0.0,0.0,0.6
1408,Nick Bawden,NYJ,RB,L 10-30,0.0,Dal,Away,96.0,09-19-23,2,False,0,123,24,8,0,0.45,0.0,0.0,0.25,2.0,0.0,0.0,0.0,0.0,1.8,0.0,0.0,1.0,8.0,0.0,0.0,0.0,0.0,0.45,0.0,0.0,0.25,2.0,0.0,0.0,0.0,0.45
258,Nick Bawden,NYJ,RB,L 10-15,6.1,NE,Home,40.0,09-26-23,3,False,0,123,24,21,1,1.5799999999999998,0.0,0.0,0.2,1.6,0.0,0.2,0.2,0.2,7.8999999999999995,0.0,0.0,1.0,8.0,0.0,1.0,1.0,1.0,1.5799999999999998,0.0,0.0,0.2,1.6,0.0,0.2,0.2,1.5799999999999998
103,Nick Bawden,NYJ,RB,L 20-23,0.0,KC,Home,93.5,10-03-23,4,False,0,123,24,15,1,1.22,0.0,0.0,0.0,0.0,0.0,0.2,0.2,0.2,7.8999999999999995,0.0,0.0,1.0,8.0,0.0,1.0,1.0,1.0,1.3166666666666667,0.0,0.0,0.16666666666666666,1.3333333333333333,0.0,0.16666666666666666,0.16666666666666666,1.3166666666666667
417,Nick Bawden,NYJ,RB,W 31-21,0.0,Den,Away,81.0,10-10-23,5,False,0,123,24,9,0,1.22,0.0,0.0,0.0,0.0,0.0,0.2,0.2,0.2,7.8999999999999995,0.0,0.0,1.0,8.0,0.0,1.0,1.0,1.0,1.1285714285714286,0.0,0.0,0.14285714285714285,1.1428571428571428,0.0,0.14285714285714285,0.14285714285714285,1.1285714285714286
1827,Nick Bawden,NYJ,RB,W 20-14,0.0,Phi,Home,93.0,10-17-23,6,False,0,123,24,25,1,1.22,0.0,0.0,0.0,0.0,0.0,0.2,0.2,0.2,7.8999999999999995,0.0,0.0,1.0,8.0,0.0,1.0,1.0,1.0,0.9874999999999999,0.0,0.0,0.125,1.0,0.0,0.125,0.125,0.9874999999999999
1627,Nick Bawden,NYJ,RB,W 13-10,0.0,NYG,Away,97.0,10-31-23,8,False,0,123,24,23,0,1.22,0.0,0.0,0.0,0.0,0.0,0.2,0.2,0.2,7.8999999999999995,0.0,0.0,1.0,8.0,0.0,1.0,1.0,1.0,0.8777777777777778,0.0,0.0,0.1111111111111111,0.8888888888888888,0.0,0.1111111111111111,0.1111111111111111,0.8777777777777778
653,Nick Bawden,NYJ,RB,L 6-27,1.7,LAC,Home,61.0,11-07-23,9,False,0,123,24,16,1,0.33999999999999997,0.0,0.0,0.2,1.4,0.0,0.0,0.0,0.0,9.6,0.0,0.0,2.0,15.0,0.0,1.0,1.0,1.0,0.96,0.0,0.0,0.2,1.5,0.0,0.1,0.1,0.96
986,Nick Bawden,NYJ,RB,L 12-16,0.0,LV,Away,83.0,11-14-23,10,False,0,123,24,18,0,0.33999999999999997,0.0,0.0,0.2,1.4,0.0,0.0,0.0,0.0,9.6,0.0,0.0,2.0,15.0,0.0,1.0,1.0,1.0,0.8727272727272727,0.0,0.0,0.18181818181818182,1.3636363636363635,0.0,0.09090909090909091,0.09090909090909091,0.8727272727272727
508,Nick Bawden,NYJ,RB,L 6-32,0.0,Buf,Away,80.0,11-21-23,11,False,0,123,24,3,0,0.33999999999999997,0.0,0.0,0.2,1.4,0.0,0.0,0.0,0.0,9.6,0.0,0.0,2.0,15.0,0.0,1.0,1.0,1.0,0.7999999999999999,0.0,0.0,0.16666666666666666,1.25,0.0,0.08333333333333333,0.08333333333333333,0.7999999999999999
1057,Nick Bawden,NYJ,RB,L 13-34,1.6,Mia,Home,67.0,11-28-23,12,False,0,123,24,19,1,0.6599999999999999,0.0,0.0,0.4,2.6,0.0,0.0,0.0,0.0,11.2,0.0,0.0,3.0,21.0,0.0,1.0,1.0,1.0,0.8615384615384615,0.0,0.0,0.23076923076923078,1.6153846153846154,0.0,0.07692307692307693,0.07692307692307693,0.8615384615384615
589,Nick Bawden,NYJ,RB,L 8-13,0.0,Atl,Home,72.0,12-05-23,13,False,0,123,24,1,1,0.6599999999999999,0.0,0.0,0.4,2.6,0.0,0.0,0.0,0.0,11.2,0.0,0.0,3.0,21.0,0.0,1.0,1.0,1.0,0.7999999999999999,0.0,0.0,0.21428571428571427,1.5,0.0,0.07142857142857142,0.07142857142857142,0.7999999999999999
762,Nick Bawden,NYJ,RB,W 30-6,0.3,Hou,Home,76.5,12-12-23,14,False,0,123,24,12,1,0.38,0.0,0.0,0.2,1.2,0.0,0.2,0.6,0.0,11.5,0.0,0.0,3.0,21.0,0.0,2.0,4.0,1.0,0.7666666666666667,0.0,0.0,0.2,1.4,0.0,0.13333333333333333,0.26666666666666666,0.7666666666666667
1513,Nick Bawden,NYJ,RB,L 0-30,0.0,Mia,Away,94.0,12-19-23,15,False,0,123,24,19,0,0.38,0.0,0.0,0.2,1.2,0.0,0.2,0.6,0.0,11.5,0.0,0.0,3.0,21.0,0.0,2.0,4.0,1.0,0.71875,0.0,0.0,0.1875,1.3125,0.0,0.125,0.25,0.71875
1299,Nick Bellore,Sea,RB,L 23-30,0.0,Pit,Home,92.5,01-02-24,17,False,0,124,28,26,1,0.0,0.0,0.0,0.0,0.0,0.0,0.0,0.0,0.0,0.0,0.0,0.0,0.0,0.0,0.0,0.0,0.0,0.0,0.0,0.0,0.0,0.0,0.0,0.0,0.0,0.0,0.0
883,Nick Bellore,Sea,RB,W 21-20,0.0,Ari,Away,88.5,01-09-24,18,False,0,124,28,0,0,0.0,0.0,0.0,0.0,0.0,0.0,0.0,0.0,0.0,0.0,0.0,0.0,0.0,0.0,0.0,0.0,0.0,0.0,0.0,0.0,0.0,0.0,0.0,0.0,0.0,0.0,0.0
214,Nick Bellore,Sea,RB,L 13-30,0.0,LAR,Home,96.0,09-12-23,1,False,0,124,28,17,1,0.0,0.0,0.0,0.0,0.0,0.0,0.0,0.0,0.0,0.0,0.0,0.0,0.0,0.0,0.0,0.0,0.0,0.0,0.0,0.0,0.0,0.0,0.0,0.0,0.0,0.0,0.0
1407,Nick Bellore,Sea,RB,W 37-31,0.0,Det,Away,96.0,09-19-23,2,False,0,124,28,10,0,0.0,0.0,0.0,0.0,0.0,0.0,0.0,0.0,0.0,0.0,0.0,0.0,0.0,0.0,0.0,0.0,0.0,0.0,0.0,0.0,0.0,0.0,0.0,0.0,0.0,0.0,0.0
323,Nick Bellore,Sea,RB,W 37-27,0.0,Car,Home,95.5,09-26-23,3,False,0,124,28,4,1,0.0,0.0,0.0,0.0,0.0,0.0,0.0,0.0,0.0,0.0,0.0,0.0,0.0,0.0,0.0,0.0,0.0,0.0,0.0,0.0,0.0,0.0,0.0,0.0,0.0,0.0,0.0
1826,Nick Bellore,Sea,RB,L 13-17,0.0,Cin,Away,93.0,10-17-23,6,False,0,124,28,6,0,0.0,0.0,0.0,0.0,0.0,0.0,0.0,0.0,0.0,0.0,0.0,0.0,0.0,0.0,0.0,0.0,0.0,0.0,0.0,0.0,0.0,0.0,0.0,0.0,0.0,0.0,0.0
1720,Nick Bellore,Sea,RB,W 20-10,0.0,Ari,Home,76.0,10-24-23,7,False,0,124,28,0,1,0.0,0.0,0.0,0.0,0.0,0.0,0.0,0.0,0.0,0.0,0.0,0.0,0.0,0.0,0.0,0.0,0.0,0.0,0.0,0.0,0.0,0.0,0.0,0.0,0.0,0.0,0.0
1628,Nick Bellore,Sea,RB,W 24-20,0.0,Cle,Home,97.0,10-31-23,8,False,0,124,28,7,1,0.0,0.0,0.0,0.0,0.0,0.0,0.0,0.0,0.0,0.0,0.0,0.0,0.0,0.0,0.0,0.0,0.0,0.0,0.0,0.0,0.0,0.0,0.0,0.0,0.0,0.0,0.0
682,Nick Bellore,Sea,RB,L 3-37,0.0,Bal,Away,82.5,11-07-23,9,False,0,124,28,2,0,0.0,0.0,0.0,0.0,0.0,0.0,0.0,0.0,0.0,0.0,0.0,0.0,0.0,0.0,0.0,0.0,0.0,0.0,0.0,0.0,0.0,0.0,0.0,0.0,0.0,0.0,0.0
987,Nick Bellore,Sea,RB,W 29-26,0.0,Wsh,Home,83.0,11-14-23,10,False,0,124,28,31,1,0.0,0.0,0.0,0.0,0.0,0.0,0.0,0.0,0.0,0.0,0.0,0.0,0.0,0.0,0.0,0.0,0.0,0.0,0.0,0.0,0.0,0.0,0.0,0.0,0.0,0.0,0.0
507,Nick Bellore,Sea,RB,L 16-17,0.0,LAR,Away,80.0,11-21-23,11,False,0,124,28,17,0,0.0,0.0,0.0,0.0,0.0,0.0,0.0,0.0,0.0,0.0,0.0,0.0,0.0,0.0,0.0,0.0,0.0,0.0,0.0,0.0,0.0,0.0,0.0,0.0,0.0,0.0,0.0
1090,Nick Bellore,Sea,RB,L 13-31,0.0,SF,Home,90.0,11-28-23,12,False,0,124,28,27,1,0.0,0.0,0.0,0.0,0.0,0.0,0.0,0.0,0.0,0.0,0.0,0.0,0.0,0.0,0.0,0.0,0.0,0.0,0.0,0.0,0.0,0.0,0.0,0.0,0.0,0.0,0.0
590,Nick Bellore,Sea,RB,L 35-41,0.0,Dal,Away,72.0,12-05-23,13,False,0,124,28,8,0,0.0,0.0,0.0,0.0,0.0,0.0,0.0,0.0,0.0,0.0,0.0,0.0,0.0,0.0,0.0,0.0,0.0,0.0,0.0,0.0,0.0,0.0,0.0,0.0,0.0,0.0,0.0
781,Nick Bellore,Sea,RB,L 16-28,0.0,SF,Away,89.5,12-12-23,14,False,0,124,28,27,0,0.0,0.0,0.0,0.0,0.0,0.0,0.0,0.0,0.0,0.0,0.0,0.0,0.0,0.0,0.0,0.0,0.0,0.0,0.0,0.0,0.0,0.0,0.0,0.0,0.0,0.0,0.0
1514,Nick Bellore,Sea,RB,W 20-17,0.0,Phi,Home,94.0,12-19-23,15,False,0,124,28,25,1,0.0,0.0,0.0,0.0,0.0,0.0,0.0,0.0,0.0,0.0,0.0,0.0,0.0,0.0,0.0,0.0,0.0,0.0,0.0,0.0,0.0,0.0,0.0,0.0,0.0,0.0,0.0
1188,Nick Bellore,Sea,RB,W 20-17,0.0,Ten,Away,92.0,12-26-23,16,False,0,124,28,30,0,0.0,0.0,0.0,0.0,0.0,0.0,0.0,0.0,0.0,0.0,0.0,0.0,0.0,0.0,0.0,0.0,0.0,0.0,0.0,0.0,0.0,0.0,0.0,0.0,0.0,0.0,0.0
117,Nick Chubb,Cle,RB,W 24-3,16.7,Cin,Home,10.0,09-12-23,1,False,0,125,7,6,1,16.7,0.0,0.0,4.0,21.0,0.0,18.0,106.0,0.0,16.7,0.0,0.0,4.0,21.0,0.0,18.0,106.0,0.0,16.7,0.0,0.0,4.0,21.0,0.0,18.0,106.0,16.7
1340,Nick Chubb,Cle,RB,L 22-26,6.4,Pit,Away,37.0,09-19-23,2,False,0,125,7,26,0,11.55,0.0,0.0,2.0,10.5,0.0,14.0,85.0,0.0,23.1,0.0,0.0,4.0,21.0,0.0,28.0,170.0,0.0,11.55,0.0,0.0,2.0,10.5,0.0,14.0,85.0,11.55
1239,Patrick Ricard,Bal,RB,W 56-19,7.4,Mia,Home,40.0,01-02-24,17,False,0,126,2,19,1,7.4,0.0,0.0,1.0,4.0,1.0,0.0,0.0,0.0,7.4,0.0,0.0,1.0,4.0,1.0,0.0,0.0,0.0,7.4,0.0,0.0,1.0,4.0,1.0,0.0,0.0,7.4
873,Patrick Ricard,Bal,RB,L 10-17,0.0,Pit,Home,88.5,01-09-24,18,False,0,126,2,26,1,3.7,0.0,0.0,0.5,2.0,0.5,0.0,0.0,0.0,7.4,0.0,0.0,1.0,4.0,1.0,0.0,0.0,0.0,3.7,0.0,0.0,0.5,2.0,0.5,0.0,0.0,3.7
205,Patrick Ricard,Bal,RB,W 25-9,0.0,Hou,Home,96.0,09-12-23,1,False,0,126,2,12,1,2.466666666666667,0.0,0.0,0.3333333333333333,1.3333333333333333,0.3333333333333333,0.0,0.0,0.0,7.4,0.0,0.0,1.0,4.0,1.0,0.0,0.0,0.0,2.466666666666667,0.0,0.0,0.3333333333333333,1.3333333333333333,0.3333333333333333,0.0,0.0,2.466666666666667
1400,Patrick Ricard,Bal,RB,W 27-24,0.0,Cin,Away,96.0,09-19-23,2,False,0,126,2,6,0,1.85,0.0,0.0,0.25,1.0,0.25,0.0,0.0,0.0,7.4,0.0,0.0,1.0,4.0,1.0,0.0,0.0,0.0,1.85,0.0,0.0,0.25,1.0,0.25,0.0,0.0,1.85
315,Patrick Ricard,Bal,RB,L 19-22,0.0,Ind,Home,95.5,09-26-23,3,False,0,126,2,13,1,1.48,0.0,0.0,0.2,0.8,0.2,0.0,0.0,0.0,7.4,0.0,0.0,1.0,4.0,1.0,0.0,0.0,0.0,1.48,0.0,0.0,0.2,0.8,0.2,0.0,0.0,1.48
62,Patrick Ricard,Bal,RB,W 28-3,2.4,Cle,Away,63.5,10-03-23,4,False,0,126,2,7,0,0.48,0.0,0.0,0.2,2.8,0.0,0.0,0.0,0.0,9.8,0.0,0.0,2.0,18.0,1.0,0.0,0.0,0.0,1.6333333333333335,0.0,0.0,0.3333333333333333,3.0,0.16666666666666666,0.0,0.0,1.6333333333333335
412,Patrick Ricard,Bal,RB,L 10-17,0.0,Pit,Away,81.0,10-10-23,5,False,0,126,2,26,0,0.48,0.0,0.0,0.2,2.8,0.0,0.0,0.0,0.0,9.8,0.0,0.0,2.0,18.0,1.0,0.0,0.0,0.0,1.4000000000000001,0.0,0.0,0.2857142857142857,2.5714285714285716,0.14285714285714285,0.0,0.0,1.4000000000000001
1797,Patrick Ricard,Bal,RB,W 24-16,1.3,Ten,Away,70.5,10-17-23,6,False,0,126,2,30,0,0.74,0.0,0.0,0.4,3.4,0.0,0.0,0.0,0.0,11.1,0.0,0.0,3.0,21.0,1.0,0.0,0.0,0.0,1.3875,0.0,0.0,0.375,2.625,0.125,0.0,0.0,1.3875
1677,Patrick Ricard,Bal,RB,W 38-6,5.1,Det,Home,42.0,10-24-23,7,False,0,126,2,10,1,1.7600000000000002,0.0,0.0,0.8,9.6,0.0,0.0,0.0,0.0,16.2,0.0,0.0,5.0,52.0,1.0,0.0,0.0,0.0,1.7999999999999998,0.0,0.0,0.5555555555555556,5.777777777777778,0.1111111111111111,0.0,0.0,1.7999999999999998
1620,Patrick Ricard,Bal,RB,W 31-24,0.0,Ari,Away,97.0,10-31-23,8,False,0,126,2,0,0,1.7600000000000002,0.0,0.0,0.8,9.6,0.0,0.0,0.0,0.0,16.2,0.0,0.0,5.0,52.0,1.0,0.0,0.0,0.0,1.6199999999999999,0.0,0.0,0.5,5.2,0.1,0.0,0.0,1.6199999999999999
674,Patrick Ricard,Bal,RB,W 37-3,0.0,Sea,Home,82.5,11-07-23,9,False,0,126,2,28,1,1.2799999999999998,0.0,0.0,0.6,6.8,0.0,0.0,0.0,0.0,16.2,0.0,0.0,5.0,52.0,1.0,0.0,0.0,0.0,1.4727272727272727,0.0,0.0,0.45454545454545453,4.7272727272727275,0.09090909090909091,0.0,0.0,1.4727272727272727
979,Patrick Ricard,Bal,RB,L 31-33,0.0,Cle,Home,83.0,11-14-23,10,False,0,126,2,7,1,1.28,0.0,0.0,0.6,6.8,0.0,0.0,0.0,0.0,16.2,0.0,0.0,5.0,52.0,1.0,0.0,0.0,0.0,1.3499999999999999,0.0,0.0,0.4166666666666667,4.333333333333333,0.08333333333333333,0.0,0.0,1.3499999999999999
500,Patrick Ricard,Bal,RB,W 34-20,0.0,Cin,Home,80.0,11-21-23,11,False,0,126,2,6,1,1.02,0.0,0.0,0.4,6.2,0.0,0.0,0.0,0.0,16.2,0.0,0.0,5.0,52.0,1.0,0.0,0.0,0.0,1.2461538461538462,0.0,0.0,0.38461538461538464,4.0,0.07692307692307693,0.0,0.0,1.2461538461538462
1083,Patrick Ricard,Bal,RB,W 20-10,0.0,LAC,Away,90.0,11-28-23,12,False,0,126,2,16,0,0.0,0.0,0.0,0.0,0.0,0.0,0.0,0.0,0.0,16.2,0.0,0.0,5.0,52.0,1.0,0.0,0.0,0.0,1.157142857142857,0.0,0.0,0.35714285714285715,3.7142857142857144,0.07142857142857142,0.0,0.0,1.157142857142857
774,Patrick Ricard,Bal,RB,W 37-31,0.0,LAR,Home,89.5,12-12-23,14,False,0,126,2,17,1,0.0,0.0,0.0,0.0,0.0,0.0,0.0,0.0,0.0,16.2,0.0,0.0,5.0,52.0,1.0,0.0,0.0,0.0,1.0799999999999998,0.0,0.0,0.3333333333333333,3.466666666666667,0.06666666666666667,0.0,0.0,1.0799999999999998
1506,Patrick Ricard,Bal,RB,W 23-7,0.0,Jax,Away,94.0,12-19-23,15,False,0,126,2,14,0,0.0,0.0,0.0,0.0,0.0,0.0,0.0,0.0,0.0,16.2,0.0,0.0,5.0,52.0,1.0,0.0,0.0,0.0,1.0125,0.0,0.0,0.3125,3.25,0.0625,0.0,0.0,1.0125
1183,Patrick Ricard,Bal,RB,W 33-19,0.0,SF,Away,92.0,12-26-23,16,False,0,126,2,27,0,0.0,0.0,0.0,0.0,0.0,0.0,0.0,0.0,0.0,16.2,0.0,0.0,5.0,52.0,1.0,0.0,0.0,0.0,0.9529411764705882,0.0,0.0,0.29411764705882354,3.0588235294117645,0.058823529411764705,0.0,0.0,0.9529411764705882
1261,Patrick Taylor,GB,RB,W 33-10,3.0,Min,Away,62.0,01-02-24,17,False,0,127,11,20,0,3.0,0.0,0.0,0.0,0.0,0.0,8.0,30.0,0.0,3.0,0.0,0.0,0.0,0.0,0.0,8.0,30.0,0.0,3.0,0.0,0.0,0.0,0.0,0.0,8.0,30.0,3.0
864,Patrick Taylor,GB,RB,W 17-9,0.0,Chi,Home,88.5,01-09-24,18,False,0,127,11,5,1,1.5,0.0,0.0,0.0,0.0,0.0,4.0,15.0,0.0,3.0,0.0,0.0,0.0,0.0,0.0,8.0,30.0,0.0,1.5,0.0,0.0,0.0,0.0,0.0,4.0,15.0,1.5
169,Patrick Taylor,GB,RB,W 38-20,2.2,Chi,Away,62.0,09-12-23,1,False,0,127,11,5,0,1.7333333333333334,0.0,0.0,0.0,0.0,0.0,4.333333333333333,17.333333333333332,0.0,5.2,0.0,0.0,0.0,0.0,0.0,13.0,52.0,0.0,1.7333333333333334,0.0,0.0,0.0,0.0,0.0,4.333333333333333,17.333333333333332,1.7333333333333334
1385,Patrick Taylor,GB,RB,L 24-25,0.1,Atl,Away,82.0,09-19-23,2,False,0,127,11,1,0,1.325,0.0,0.0,0.0,0.0,0.0,3.5,13.25,0.0,5.3,0.0,0.0,0.0,0.0,0.0,14.0,53.0,0.0,1.325,0.0,0.0,0.0,0.0,0.0,3.5,13.25,1.325
261,Patrick Taylor,GB,RB,W 18-17,5.9,NO,Home,42.5,09-26-23,3,False,0,127,11,22,1,2.2399999999999998,0.0,0.0,0.6,4.6,0.0,3.4,11.8,0.0,11.2,0.0,0.0,3.0,23.0,0.0,17.0,59.0,0.0,2.2399999999999998,0.0,0.0,0.6,4.6,0.0,3.4,11.8,2.2399999999999998
375,Patrick Taylor,GB,RB,L 13-17,2.7,LV,Away,48.0,10-10-23,5,False,0,127,11,18,0,2.18,0.0,0.0,1.0,5.6,0.0,2.2,6.2,0.0,13.9,0.0,0.0,5.0,28.0,0.0,19.0,61.0,0.0,2.316666666666667,0.0,0.0,0.8333333333333334,4.666666666666667,0.0,3.1666666666666665,10.166666666666666,2.316666666666667
1047,Patrick Taylor,GB,RB,W 29-22,2.5,Det,Away,58.0,11-28-23,12,False,0,127,11,10,0,2.68,0.0,0.0,1.2,6.4,0.0,2.8,8.4,0.0,16.4,0.0,0.0,6.0,32.0,0.0,22.0,72.0,0.0,2.3428571428571425,0.0,0.0,0.8571428571428571,4.571428571428571,0.0,3.142857142857143,10.285714285714286,2.3428571428571425
556,Patrick Taylor,GB,RB,W 27-19,2.9,KC,Home,43.0,12-05-23,13,False,0,127,11,15,1,2.82,0.0,0.0,1.2,6.4,0.0,2.2,9.8,0.0,19.3,0.0,0.0,6.0,32.0,0.0,24.0,101.0,0.0,2.4125,0.0,0.0,0.75,4.0,0.0,3.0,12.625,2.4125
726,Patrick Taylor,GB,RB,L 22-24,7.2,NYG,Away,40.0,12-12-23,14,False,0,127,11,23,0,4.24,0.0,0.0,1.6,10.8,0.0,2.8,15.6,0.0,26.5,0.0,0.0,8.0,54.0,0.0,28.0,131.0,0.0,2.9444444444444446,0.0,0.0,0.8888888888888888,6.0,0.0,3.111111111111111,14.555555555555555,2.9444444444444446
1476,Patrick Taylor,GB,RB,L 20-34,2.2,TB,Home,64.0,12-19-23,15,False,0,127,11,29,1,3.5,0.0,0.0,1.4,5.4,0.0,2.4,15.6,0.0,28.7,0.0,0.0,10.0,50.0,0.0,29.0,137.0,0.0,2.87,0.0,0.0,1.0,5.0,0.0,2.9,13.7,2.87
1163,Patrick Taylor,GB,RB,W 33-30,1.3,Car,Away,71.5,12-26-23,16,False,0,127,11,4,0,3.22,0.0,0.0,1.2,4.2,0.0,2.6,16.0,0.0,30.0,0.0,0.0,11.0,49.0,0.0,32.0,141.0,0.0,2.727272727272727,0.0,0.0,1.0,4.454545454545454,0.0,2.909090909090909,12.818181818181818,2.727272727272727
1274,Pierre Strong Jr.,Cle,RB,W 37-20,0.9,NYJ,Home,75.0,01-02-24,17,False,0,128,7,24,1,0.9,0.0,0.0,0.0,0.0,0.0,4.0,29.0,0.0,0.9,0.0,0.0,0.0,0.0,0.0,4.0,29.0,0.0,0.9,0.0,0.0,0.0,0.0,0.0,4.0,29.0,0.9
823,Pierre Strong Jr.,Cle,RB,L 14-31,6.5,Cin,Away,36.0,01-09-24,18,False,0,128,7,6,0,3.7,0.0,0.0,0.0,0.0,0.0,9.0,47.0,0.0,7.4,0.0,0.0,0.0,0.0,0.0,18.0,94.0,0.0,3.7,0.0,0.0,0.0,0.0,0.0,9.0,47.0,3.7
193,Pierre Strong Jr.,Cle,RB,W 24-3,0.0,Cin,Home,96.0,09-12-23,1,False,0,128,7,6,1,2.466666666666667,0.0,0.0,0.0,0.0,0.0,6.0,31.333333333333332,0.0,7.4,0.0,0.0,0.0,0.0,0.0,18.0,94.0,0.0,2.466666666666667,0.0,0.0,0.0,0.0,0.0,6.0,31.333333333333332,2.466666666666667
1344,Pierre Strong Jr.,Cle,RB,L 22-26,6.1,Pit,Away,41.0,09-19-23,2,False,0,128,7,26,0,3.375,0.0,0.0,0.0,0.0,0.0,5.0,23.75,0.25,13.5,0.0,0.0,0.0,0.0,0.0,20.0,95.0,1.0,3.375,0.0,0.0,0.0,0.0,0.0,5.0,23.75,3.375
283,Pierre Strong Jr.,Cle,RB,W 27-3,2.7,Ten,Home,64.5,09-26-23,3,False,0,128,7,30,1,3.2399999999999998,0.0,0.0,0.0,0.0,0.0,5.2,24.4,0.2,16.2,0.0,0.0,0.0,0.0,0.0,26.0,122.0,1.0,3.2399999999999998,0.0,0.0,0.0,0.0,0.0,5.2,24.4,3.2399999999999998
46,Pierre Strong Jr.,Cle,RB,L 3-28,4.9,Bal,Home,47.0,10-03-23,4,False,0,128,7,2,1,4.04,0.0,0.0,0.0,0.0,0.0,5.4,28.4,0.2,21.1,0.0,0.0,0.0,0.0,0.0,31.0,171.0,1.0,3.516666666666667,0.0,0.0,0.0,0.0,0.0,5.166666666666667,28.5,3.516666666666667
1813,Pierre Strong Jr.,Cle,RB,W 19-17,0.0,SF,Home,93.0,10-17-23,6,False,0,128,7,27,1,2.7399999999999998,0.0,0.0,0.0,0.0,0.0,2.6,15.4,0.2,21.1,0.0,0.0,0.0,0.0,0.0,31.0,171.0,1.0,3.0142857142857147,0.0,0.0,0.0,0.0,0.0,4.428571428571429,24.428571428571427,3.0142857142857147
1683,Pierre Strong Jr.,Cle,RB,W 39-38,2.5,Ind,Away,49.0,10-24-23,7,False,0,128,7,13,0,3.2399999999999998,0.0,0.0,0.0,0.0,0.0,4.2,20.4,0.2,23.6,0.0,0.0,0.0,0.0,0.0,39.0,196.0,1.0,2.95,0.0,0.0,0.0,0.0,0.0,4.875,24.5,2.95
1550,Pierre Strong Jr.,Cle,RB,L 20-24,9.2,Sea,Away,28.5,10-31-23,8,False,0,128,7,28,0,3.8599999999999994,0.0,0.0,0.2,8.2,0.0,5.8,28.4,0.0,32.8,0.0,0.0,1.0,41.0,0.0,49.0,237.0,1.0,3.644444444444444,0.0,0.0,0.1111111111111111,4.555555555555555,0.0,5.444444444444445,26.333333333333332,3.644444444444444
657,Pierre Strong Jr.,Cle,RB,W 27-0,1.2,Ari,Home,65.0,11-07-23,9,False,0,128,7,0,1,3.56,0.0,0.0,0.4,6.8,0.0,5.2,24.8,0.0,34.0,0.0,0.0,2.0,34.0,0.0,52.0,246.0,1.0,3.4,0.0,0.0,0.2,3.4,0.0,5.2,24.6,3.4
968,Pierre Strong Jr.,Cle,RB,W 33-31,0.0,Bal,Away,83.0,11-14-23,10,False,0,128,7,2,0,2.579999999999999,0.0,0.0,0.4,6.8,0.0,4.2,15.0,0.0,34.0,0.0,0.0,2.0,34.0,0.0,52.0,246.0,1.0,3.090909090909091,0.0,0.0,0.18181818181818182,3.090909090909091,0.0,4.7272727272727275,22.363636363636363,3.090909090909091
483,Pierre Strong Jr.,Cle,RB,W 13-10,1.5,Pit,Home,62.5,11-21-23,11,False,0,128,7,26,1,2.88,0.0,0.0,0.6,7.6,0.0,4.4,15.2,0.0,35.5,0.0,0.0,3.0,38.0,0.0,53.0,247.0,1.0,2.9583333333333335,0.0,0.0,0.25,3.1666666666666665,0.0,4.416666666666667,20.583333333333332,2.9583333333333335
1073,Pierre Strong Jr.,Cle,RB,L 12-29,0.0,Den,Away,90.0,11-28-23,12,False,0,128,7,9,0,2.38,0.0,0.0,0.6,7.6,0.0,2.8,10.2,0.0,35.5,0.0,0.0,3.0,38.0,0.0,53.0,247.0,1.0,2.730769230769231,0.0,0.0,0.23076923076923078,2.923076923076923,0.0,4.076923076923077,19.0,2.730769230769231
564,Pierre Strong Jr.,Cle,RB,L 19-36,2.0,LAR,Away,52.0,12-05-23,13,False,0,128,7,17,0,0.9400000000000001,0.0,0.0,0.4,-0.6,0.0,1.2,6.0,0.0,37.5,0.0,0.0,3.0,38.0,0.0,55.0,267.0,1.0,2.6785714285714284,0.0,0.0,0.21428571428571427,2.7142857142857144,0.0,3.9285714285714284,19.071428571428573,2.6785714285714284
764,Pierre Strong Jr.,Cle,RB,W 31-27,0.0,Jax,Home,89.5,12-12-23,14,False,0,128,7,14,1,0.7,0.0,0.0,0.2,0.8,0.0,0.8,4.2,0.0,37.5,0.0,0.0,3.0,38.0,0.0,56.0,267.0,1.0,2.5,0.0,0.0,0.2,2.533333333333333,0.0,3.7333333333333334,17.8,2.5
1471,Pierre Strong Jr.,Cle,RB,W 20-17,3.1,Chi,Home,59.0,12-19-23,15,False,0,128,7,5,1,1.3199999999999998,0.0,0.0,0.6,2.6,0.0,1.2,4.6,0.0,40.6,0.0,0.0,5.0,47.0,0.0,58.0,269.0,1.0,2.5375,0.0,0.0,0.3125,2.9375,0.0,3.625,16.8125,2.5375
1149,Pierre Strong Jr.,Cle,RB,W 36-22,2.2,Hou,Away,58.5,12-26-23,16,False,0,128,7,12,0,1.4600000000000002,0.0,0.0,0.4,1.8,0.0,2.0,8.8,0.0,42.800000000000004,0.0,0.0,5.0,47.0,0.0,63.0,291.0,1.0,2.51764705882353,0.0,0.0,0.29411764705882354,2.764705882352941,0.0,3.7058823529411766,17.11764705882353,2.51764705882353
1412,Qadree Ollison,Pit,RB,W 26-22,0.0,Cle,Home,96.0,09-19-23,2,False,0,129,26,7,1,0.0,0.0,0.0,0.0,0.0,0.0,0.0,0.0,0.0,0.0,0.0,0.0,0.0,0.0,0.0,0.0,0.0,0.0,0.0,0.0,0.0,0.0,0.0,0.0,0.0,0.0,0.0
326,Qadree Ollison,Pit,RB,W 23-18,0.0,LV,Away,95.5,09-26-23,3,False,0,129,26,18,0,0.0,0.0,0.0,0.0,0.0,0.0,0.0,0.0,0.0,0.0,0.0,0.0,0.0,0.0,0.0,0.0,0.0,0.0,0.0,0.0,0.0,0.0,0.0,0.0,0.0,0.0,0.0
1237,Rachaad White,TB,RB,L 13-23,8.6,NO,Home,38.0,01-02-24,17,False,0,130,29,22,1,8.6,0.0,0.0,4.0,24.0,0.0,11.0,42.0,0.0,8.6,0.0,0.0,4.0,24.0,0.0,11.0,42.0,0.0,8.6,0.0,0.0,4.0,24.0,0.0,11.0,42.0,8.6
805,Rachaad White,TB,RB,W 9-0,13.3,Car,Away,18.0,01-09-24,18,False,0,130,29,4,0,10.95,0.0,0.0,4.0,21.0,0.0,15.0,58.5,0.0,21.9,0.0,0.0,8.0,42.0,0.0,30.0,117.0,0.0,10.95,0.0,0.0,4.0,21.0,0.0,15.0,58.5,10.95
146,Rachaad White,TB,RB,W 20-17,6.9,Min,Away,39.0,09-12-23,1,False,0,130,29,20,0,9.6,0.0,0.0,3.3333333333333335,17.333333333333332,0.0,15.666666666666666,52.0,0.0,28.8,0.0,0.0,10.0,52.0,0.0,47.0,156.0,0.0,9.6,0.0,0.0,3.3333333333333335,17.333333333333332,0.0,15.666666666666666,52.0,9.6
1311,Rachaad White,TB,RB,W 27-17,21.3,Chi,Home,8.0,09-19-23,2,False,0,130,29,5,1,12.525,0.0,0.0,3.75,20.5,0.0,16.0,57.25,0.25,50.1,0.0,0.0,15.0,82.0,0.0,64.0,229.0,1.0,12.525,0.0,0.0,3.75,20.5,0.0,16.0,57.25,12.525
250,Rachaad White,TB,RB,L 11-25,7.2,Phi,Home,32.5,09-26-23,3,False,0,130,29,25,1,11.46,0.0,0.0,3.6,21.2,0.0,15.6,53.4,0.2,57.300000000000004,0.0,0.0,18.0,106.0,0.0,78.0,267.0,1.0,11.46,0.0,0.0,3.6,21.2,0.0,15.6,53.4,11.46
20,Rachaad White,TB,RB,W 26-9,10.8,NO,Away,20.5,10-03-23,4,False,0,130,29,22,0,11.9,0.0,0.0,3.4,20.8,0.0,16.4,56.2,0.2,68.1,0.0,0.0,21.0,128.0,0.0,93.0,323.0,1.0,11.35,0.0,0.0,3.5,21.333333333333332,0.0,15.5,53.833333333333336,11.35
1761,Rachaad White,TB,RB,L 6-20,6.8,Det,Home,35.0,10-17-23,6,False,0,130,29,10,1,10.6,0.0,0.0,3.2,19.6,0.0,14.0,46.4,0.2,74.9,0.0,0.0,24.0,140.0,0.0,100.0,349.0,1.0,10.700000000000001,0.0,0.0,3.4285714285714284,20.0,0.0,14.285714285714286,49.857142857142854,10.700000000000001
1646,Rachaad White,TB,RB,L 13-16,15.9,Atl,Home,12.0,10-24-23,7,False,0,130,29,1,1,12.4,0.0,0.0,4.0,30.6,0.0,13.2,45.4,0.2,90.8,0.0,0.0,30.0,205.0,0.0,113.0,383.0,1.0,11.35,0.0,0.0,3.75,25.625,0.0,14.125,47.875,11.35
1532,Rachaad White,TB,RB,L 18-24,17.9,Buf,Away,10.0,10-31-23,8,False,0,130,29,3,0,11.719999999999999,0.0,0.0,4.4,38.6,0.0,11.6,38.6,0.0,108.7,0.0,0.0,37.0,275.0,0.0,122.0,422.0,1.0,12.077777777777778,0.0,0.0,4.111111111111111,30.555555555555557,0.0,13.555555555555555,46.888888888888886,12.077777777777778
593,Rachaad White,TB,RB,L 37-39,27.9,Hou,Away,1.0,11-07-23,9,False,0,130,29,12,0,15.86,0.0,0.0,4.6,43.0,0.0,12.8,45.6,0.4,136.6,0.0,0.0,41.0,321.0,0.0,142.0,495.0,3.0,13.66,0.0,0.0,4.1,32.1,0.0,14.2,49.5,13.66
905,Rachaad White,TB,RB,W 20-6,17.8,Ten,Home,11.0,11-14-23,10,False,0,130,29,30,1,17.259999999999998,0.0,0.0,4.4,48.0,0.2,13.8,44.6,0.4,154.4,0.0,0.0,43.0,368.0,1.0,162.0,546.0,3.0,14.036363636363637,0.0,0.0,3.909090909090909,33.45454545454545,0.09090909090909091,14.727272727272727,49.63636363636363,14.036363636363637
432,Rachaad White,TB,RB,L 14-27,17.8,SF,Away,13.5,11-21-23,11,False,0,130,29,27,0,19.46,0.0,0.0,5.0,51.2,0.2,14.2,45.4,0.6,172.2,0.0,0.0,49.0,396.0,1.0,171.0,576.0,4.0,14.35,0.0,0.0,4.083333333333333,33.0,0.08333333333333333,14.25,48.0,14.35
1008,Rachaad White,TB,RB,L 20-27,13.0,Ind,Away,19.0,11-28-23,12,False,0,130,29,13,0,18.88,0.0,0.0,4.2,40.2,0.2,14.6,58.6,0.6,185.2,0.0,0.0,51.0,406.0,1.0,186.0,676.0,4.0,14.246153846153845,0.0,0.0,3.923076923076923,31.23076923076923,0.07692307692307693,14.307692307692308,52.0,14.246153846153845
522,Rachaad White,TB,RB,W 21-18,19.6,Car,Home,10.0,12-05-23,13,False,0,130,29,4,1,19.220000000000002,0.0,0.0,3.4,30.6,0.2,16.8,67.6,0.8,204.8,0.0,0.0,54.0,428.0,1.0,206.0,760.0,5.0,14.62857142857143,0.0,0.0,3.857142857142857,30.571428571428573,0.07142857142857142,14.714285714285714,54.285714285714285,14.62857142857143
692,Rachaad White,TB,RB,W 29-25,21.5,Atl,Away,6.5,12-12-23,14,False,0,130,29,1,0,17.94,0.0,0.0,3.0,28.0,0.4,17.8,73.4,0.4,226.3,0.0,0.0,56.0,461.0,2.0,231.0,862.0,5.0,15.086666666666668,0.0,0.0,3.7333333333333334,30.733333333333334,0.13333333333333333,15.4,57.46666666666667,15.086666666666668
1418,Rachaad White,TB,RB,W 34-20,21.9,GB,Away,6.0,12-19-23,15,False,0,130,29,11,0,18.759999999999998,0.0,0.0,3.0,28.6,0.4,18.0,81.0,0.4,248.2,0.0,0.0,58.0,511.0,3.0,252.0,951.0,5.0,15.5125,0.0,0.0,3.625,31.9375,0.1875,15.75,59.4375,15.5125
1098,Rachaad White,TB,RB,W 30-12,19.7,Jax,Home,7.0,12-26-23,16,False,0,130,29,14,1,19.14,0.0,0.0,3.0,30.6,0.4,20.2,82.8,0.4,267.9,0.0,0.0,64.0,549.0,3.0,272.0,990.0,6.0,15.758823529411764,0.0,0.0,3.764705882352941,32.294117647058826,0.17647058823529413,16.0,58.23529411764706,15.758823529411764
1289,Raheem Blackshear,Car,RB,L 0-26,0.0,Jax,Away,92.5,01-02-24,17,False,0,131,4,14,0,0.0,0.0,0.0,0.0,0.0,0.0,0.0,0.0,0.0,0.0,0.0,0.0,0.0,0.0,0.0,0.0,0.0,0.0,0.0,0.0,0.0,0.0,0.0,0.0,0.0,0.0,0.0
854,Raheem Blackshear,Car,RB,L 0-9,0.6,TB,Home,67.0,01-09-24,18,False,0,131,4,29,1,0.3,0.0,0.0,0.0,0.0,0.0,0.5,3.0,0.0,0.6,0.0,0.0,0.0,0.0,0.0,1.0,6.0,0.0,0.3,0.0,0.0,0.0,0.0,0.0,0.5,3.0,0.3
196,Raheem Blackshear,Car,RB,L 10-24,0.0,Atl,Away,96.0,09-12-23,1,False,0,131,4,1,0,0.19999999999999998,0.0,0.0,0.0,0.0,0.0,0.3333333333333333,2.0,0.0,0.6,0.0,0.0,0.0,0.0,0.0,1.0,6.0,0.0,0.19999999999999998,0.0,0.0,0.0,0.0,0.0,0.3333333333333333,2.0,0.19999999999999998
1389,Raheem Blackshear,Car,RB,L 17-20,0.0,NO,Home,96.0,09-19-23,2,False,0,131,4,22,1,0.15,0.0,0.0,0.0,0.0,0.0,0.25,1.5,0.0,0.6,0.0,0.0,0.0,0.0,0.0,1.0,6.0,0.0,0.15,0.0,0.0,0.0,0.0,0.0,0.25,1.5,0.15
406,Raheem Blackshear,Car,RB,L 24-42,0.0,Det,Away,81.0,10-10-23,5,False,0,131,4,10,0,0.12,0.0,0.0,0.0,0.0,0.0,0.2,1.2,0.0,0.6,0.0,0.0,0.0,0.0,0.0,1.0,6.0,0.0,0.12,0.0,0.0,0.0,0.0,0.0,0.2,1.2,0.12
1774,Raheem Blackshear,Car,RB,L 21-42,3.2,Mia,Away,48.0,10-17-23,6,False,0,131,4,19,0,0.76,0.0,0.0,0.2,0.8,0.0,1.2,4.8,0.0,3.8000000000000003,0.0,0.0,1.0,4.0,0.0,6.0,24.0,0.0,0.6333333333333334,0.0,0.0,0.16666666666666666,0.6666666666666666,0.0,1.0,4.0,0.6333333333333334
1571,Raheem Blackshear,Car,RB,W 15-13,5.1,Hou,Home,49.0,10-31-23,8,False,0,131,4,12,1,1.6600000000000001,0.0,0.0,0.6,6.0,0.0,1.6,4.6,0.0,8.9,0.0,0.0,3.0,30.0,0.0,9.0,29.0,0.0,1.2714285714285716,0.0,0.0,0.42857142857142855,4.285714285714286,0.0,1.2857142857142858,4.142857142857143,1.2714285714285716
654,Raheem Blackshear,Car,RB,L 13-27,1.5,Ind,Home,62.0,11-07-23,9,False,0,131,4,13,1,1.9600000000000002,0.0,0.0,0.8,7.0,0.0,1.8,4.6,0.0,10.4,0.0,0.0,4.0,35.0,0.0,10.0,29.0,0.0,1.3,0.0,0.0,0.5,4.375,0.0,1.25,3.625,1.3
947,Raheem Blackshear,Car,RB,L 13-16,2.3,Chi,Away,52.5,11-14-23,10,False,0,131,4,5,0,2.42,0.0,0.0,1.0,8.2,0.0,2.2,6.0,0.0,12.7,0.0,0.0,5.0,41.0,0.0,12.0,36.0,0.0,1.411111111111111,0.0,0.0,0.5555555555555556,4.555555555555555,0.0,1.3333333333333333,4.0,1.411111111111111
492,Raheem Blackshear,Car,RB,L 10-33,0.0,Dal,Home,80.0,11-21-23,11,False,0,131,4,8,1,2.42,0.0,0.0,1.0,8.2,0.0,2.2,6.0,0.0,12.7,0.0,0.0,5.0,41.0,0.0,12.0,36.0,0.0,1.27,0.0,0.0,0.5,4.1,0.0,1.2,3.6,1.27
574,Raheem Blackshear,Car,RB,L 18-21,0.6,TB,Away,61.5,12-05-23,13,False,0,131,4,29,0,1.8999999999999997,0.0,0.0,0.8,7.4,0.0,1.4,3.6,0.0,13.3,0.0,0.0,5.0,41.0,0.0,13.0,42.0,0.0,1.2090909090909092,0.0,0.0,0.45454545454545453,3.727272727272727,0.0,1.1818181818181819,3.8181818181818183,1.2090909090909092
744,Raheem Blackshear,Car,RB,L 6-28,1.8,NO,Away,59.0,12-12-23,14,False,0,131,4,22,0,1.2399999999999998,0.0,0.0,0.6,3.0,0.0,1.0,3.4,0.0,15.1,0.0,0.0,6.0,45.0,0.0,14.0,46.0,0.0,1.2583333333333333,0.0,0.0,0.5,3.75,0.0,1.1666666666666667,3.8333333333333335,1.2583333333333333
1497,Raheem Blackshear,Car,RB,W 9-7,0.0,Atl,Home,94.0,12-19-23,15,False,0,131,4,1,1,0.9399999999999998,0.0,0.0,0.4,2.0,0.0,0.8,3.4,0.0,15.1,0.0,0.0,6.0,45.0,0.0,14.0,46.0,0.0,1.1615384615384614,0.0,0.0,0.46153846153846156,3.4615384615384617,0.0,1.0769230769230769,3.5384615384615383,1.1615384615384614
1155,Raheem Blackshear,Car,RB,L 30-33,2.0,GB,Home,63.5,12-26-23,16,False,0,131,4,11,1,0.8800000000000001,0.0,0.0,0.2,0.8,0.0,0.4,2.0,0.0,17.1,0.0,0.0,6.0,45.0,0.0,14.0,46.0,0.0,1.2214285714285715,0.0,0.0,0.42857142857142855,3.2142857142857144,0.0,1.0,3.2857142857142856,1.2214285714285715
125,Raheem Mostert,Mia,RB,W 36-34,13.0,LAC,Away,18.0,09-12-23,1,False,0,132,19,16,0,13.0,0.0,0.0,2.0,13.0,0.0,10.0,37.0,1.0,13.0,0.0,0.0,2.0,13.0,0.0,10.0,37.0,1.0,13.0,0.0,0.0,2.0,13.0,0.0,10.0,37.0,13.0
1308,Raheem Mostert,Mia,RB,W 24-17,25.7,NE,Away,5.0,09-19-23,2,False,0,132,19,21,0,19.35,0.0,0.0,1.5,9.5,0.0,14.0,79.0,1.5,38.7,0.0,0.0,3.0,19.0,0.0,28.0,158.0,3.0,19.35,0.0,0.0,1.5,9.5,0.0,14.0,79.0,19.35
220,Raheem Mostert,Mia,RB,W 70-20,45.2,Den,Home,2.0,09-26-23,3,False,0,132,19,9,1,27.96666666666667,0.0,0.0,3.3333333333333335,26.333333333333332,0.3333333333333333,13.666666666666666,80.0,2.0,83.9,0.0,0.0,10.0,79.0,1.0,41.0,240.0,6.0,27.96666666666667,0.0,0.0,3.3333333333333335,26.333333333333332,0.3333333333333333,13.666666666666666,80.0,27.96666666666667
41,Raheem Mostert,Mia,RB,L 20-48,5.5,Buf,Away,42.5,10-03-23,4,False,0,132,19,3,0,22.35,0.0,0.0,3.25,28.75,0.25,12.0,62.25,1.5,89.4,0.0,0.0,13.0,115.0,1.0,48.0,249.0,6.0,22.35,0.0,0.0,3.25,28.75,0.25,12.0,62.25,22.35
338,Raheem Mostert,Mia,RB,W 31-16,15.8,NYG,Home,11.0,10-10-23,5,False,0,132,19,23,1,21.04,0.0,0.0,3.0,25.6,0.2,11.6,62.8,1.4,105.2,0.0,0.0,15.0,128.0,1.0,58.0,314.0,7.0,21.04,0.0,0.0,3.0,25.6,0.2,11.6,62.8,21.04
1727,Raheem Mostert,Mia,RB,W 42-21,34.2,Car,Home,1.0,10-17-23,6,False,0,132,19,4,1,25.28,0.0,0.0,3.2,26.4,0.4,13.0,78.4,1.6,139.4,0.0,0.0,18.0,145.0,2.0,75.0,429.0,9.0,23.233333333333334,0.0,0.0,3.0,24.166666666666668,0.3333333333333333,12.5,71.5,23.233333333333334
1669,Raheem Mostert,Mia,RB,L 17-31,6.1,Phi,Away,35.0,10-24-23,7,False,0,132,19,25,0,21.36,0.0,0.0,3.2,26.4,0.4,11.2,63.2,1.2,145.5,0.0,0.0,19.0,151.0,2.0,84.0,474.0,9.0,20.785714285714285,0.0,0.0,2.7142857142857144,21.571428571428573,0.2857142857142857,12.0,67.71428571428571,20.785714285714285
1543,Raheem Mostert,Mia,RB,W 31-17,10.6,NE,Home,21.0,10-31-23,8,False,0,132,19,21,1,14.440000000000001,0.0,0.0,1.8,14.4,0.2,11.2,56.0,0.8,156.1,0.0,0.0,19.0,151.0,2.0,97.0,520.0,10.0,19.5125,0.0,0.0,2.375,18.875,0.25,12.125,65.0,19.5125
605,Raheem Mostert,Mia,RB,L 14-21,14.5,KC,Away,13.0,11-07-23,9,False,0,132,19,15,0,16.240000000000002,0.0,0.0,1.2,7.2,0.2,12.2,71.2,1.0,170.6,0.0,0.0,19.0,151.0,2.0,109.0,605.0,11.0,18.955555555555556,0.0,0.0,2.111111111111111,16.77777777777778,0.2222222222222222,12.11111111111111,67.22222222222223,18.955555555555556
440,Raheem Mostert,Mia,RB,W 20-13,10.3,LV,Home,21.0,11-21-23,11,False,0,132,19,18,1,15.14,0.0,0.0,1.0,6.0,0.2,14.6,75.4,0.8,180.9,0.0,0.0,20.0,158.0,2.0,131.0,691.0,11.0,18.09,0.0,0.0,2.0,15.8,0.2,13.1,69.1,18.09
997,Raheem Mostert,Mia,RB,W 34-13,21.4,NYJ,Away,8.0,11-28-23,12,False,0,132,19,24,0,12.58,0.0,0.0,0.4,2.6,0.0,15.2,71.2,0.8,202.3,0.0,0.0,20.0,158.0,2.0,151.0,785.0,13.0,18.39090909090909,0.0,0.0,1.8181818181818181,14.363636363636363,0.18181818181818182,13.727272727272727,71.36363636363636,18.39090909090909
530,Raheem Mostert,Mia,RB,W 45-15,12.1,Wsh,Away,18.0,12-05-23,13,False,0,132,19,31,0,13.779999999999998,0.0,0.0,0.4,3.0,0.0,15.6,70.8,1.0,214.4,0.0,0.0,21.0,166.0,2.0,162.0,828.0,14.0,17.866666666666667,0.0,0.0,1.75,13.833333333333334,0.16666666666666666,13.5,69.0,17.866666666666667
690,Raheem Mostert,Mia,RB,L 27-28,23.0,Ten,Home,5.0,12-12-23,14,False,0,132,19,30,1,16.26,0.0,0.0,0.6,3.8,0.0,17.2,80.8,1.2,237.4,0.0,0.0,22.0,170.0,2.0,183.0,924.0,16.0,18.26153846153846,0.0,0.0,1.6923076923076923,13.076923076923077,0.15384615384615385,14.076923076923077,71.07692307692308,18.26153846153846
1422,Raheem Mostert,Mia,RB,W 30-0,18.3,NYJ,Home,10.0,12-19-23,15,False,0,132,19,24,1,17.020000000000003,0.0,0.0,1.0,4.0,0.0,17.8,72.2,1.4,255.70000000000002,0.0,0.0,24.0,171.0,2.0,198.0,966.0,18.0,18.264285714285716,0.0,0.0,1.7142857142857142,12.214285714285714,0.14285714285714285,14.142857142857142,69.0,18.264285714285716
1112,Raheem Mostert,Mia,RB,W 22-20,12.0,Dal,Home,21.5,12-26-23,16,False,0,132,19,8,1,17.360000000000003,0.0,0.0,1.0,3.4,0.2,15.6,64.2,1.4,267.7,0.0,0.0,25.0,175.0,3.0,209.0,1012.0,18.0,17.846666666666668,0.0,0.0,1.6666666666666667,11.666666666666666,0.2,13.933333333333334,67.46666666666667,17.846666666666668
850,Rashaad Penny,Phi,RB,L 10-27,1.6,NYG,Away,63.5,01-09-24,18,False,0,133,25,23,0,1.6,0.0,0.0,0.0,0.0,0.0,6.0,16.0,0.0,1.6,0.0,0.0,0.0,0.0,0.0,6.0,16.0,0.0,1.6,0.0,0.0,0.0,0.0,0.0,6.0,16.0,1.6
1362,Rashaad Penny,Phi,RB,W 34-28,2.4,Min,Home,59.5,09-19-23,2,False,0,133,25,20,1,2.0,0.0,0.0,0.5,2.5,0.0,4.5,12.5,0.0,4.0,0.0,0.0,1.0,5.0,0.0,9.0,25.0,0.0,2.0,0.0,0.0,0.5,2.5,0.0,4.5,12.5,2.0
659,Rashaad Penny,Phi,RB,W 28-23,0.8,Dal,Home,68.0,11-07-23,9,False,0,133,25,8,1,1.5999999999999999,0.0,0.0,0.3333333333333333,1.6666666666666667,0.0,3.6666666666666665,11.0,0.0,4.8,0.0,0.0,1.0,5.0,0.0,11.0,33.0,0.0,1.5999999999999999,0.0,0.0,0.3333333333333333,1.6666666666666667,0.0,3.6666666666666665,11.0,1.5999999999999999
1297,Reggie Gilliam,Buf,RB,W 27-21,0.0,NE,Home,92.5,01-02-24,17,False,0,134,3,21,1,0.0,0.0,0.0,0.0,0.0,0.0,0.0,0.0,0.0,0.0,0.0,0.0,0.0,0.0,0.0,0.0,0.0,0.0,0.0,0.0,0.0,0.0,0.0,0.0,0.0,0.0,0.0
879,Reggie Gilliam,Buf,RB,W 21-14,0.0,Mia,Away,88.5,01-09-24,18,False,0,134,3,19,0,0.0,0.0,0.0,0.0,0.0,0.0,0.0,0.0,0.0,0.0,0.0,0.0,0.0,0.0,0.0,0.0,0.0,0.0,0.0,0.0,0.0,0.0,0.0,0.0,0.0,0.0,0.0
206,Reggie Gilliam,Buf,RB,L 16-22,0.0,NYJ,Away,96.0,09-12-23,1,False,0,134,3,24,0,0.0,0.0,0.0,0.0,0.0,0.0,0.0,0.0,0.0,0.0,0.0,0.0,0.0,0.0,0.0,0.0,0.0,0.0,0.0,0.0,0.0,0.0,0.0,0.0,0.0,0.0,0.0
1370,Reggie Gilliam,Buf,RB,W 38-10,1.3,LV,Home,66.5,09-19-23,2,False,0,134,3,18,1,0.325,0.0,0.0,0.25,0.75,0.0,0.0,0.0,0.0,1.3,0.0,0.0,1.0,3.0,0.0,0.0,0.0,0.0,0.325,0.0,0.0,0.25,0.75,0.0,0.0,0.0,0.325
316,Reggie Gilliam,Buf,RB,W 37-3,0.0,Wsh,Away,95.5,09-26-23,3,False,0,134,3,31,0,0.26,0.0,0.0,0.2,0.6,0.0,0.0,0.0,0.0,1.3,0.0,0.0,1.0,3.0,0.0,0.0,0.0,0.0,0.26,0.0,0.0,0.2,0.6,0.0,0.0,0.0,0.26
96,Reggie Gilliam,Buf,RB,W 48-20,0.0,Mia,Home,93.5,10-03-23,4,False,0,134,3,19,1,0.26,0.0,0.0,0.2,0.6,0.0,0.0,0.0,0.0,1.3,0.0,0.0,1.0,3.0,0.0,0.0,0.0,0.0,0.21666666666666667,0.0,0.0,0.16666666666666666,0.5,0.0,0.0,0.0,0.21666666666666667
413,Reggie Gilliam,Buf,RB,L 20-25,0.0,Jax,Home,81.0,10-10-23,5,False,0,134,3,14,1,0.26,0.0,0.0,0.2,0.6,0.0,0.0,0.0,0.0,1.3,0.0,0.0,1.0,3.0,0.0,0.0,0.0,0.0,0.18571428571428572,0.0,0.0,0.14285714285714285,0.42857142857142855,0.0,0.0,0.0,0.18571428571428572
1821,Reggie Gilliam,Buf,RB,W 14-9,0.0,NYG,Home,93.0,10-17-23,6,False,0,134,3,23,1,0.26,0.0,0.0,0.2,0.6,0.0,0.0,0.0,0.0,1.3,0.0,0.0,1.0,3.0,0.0,0.0,0.0,0.0,0.1625,0.0,0.0,0.125,0.375,0.0,0.0,0.0,0.1625
1716,Reggie Gilliam,Buf,RB,L 25-29,0.0,NE,Away,76.0,10-24-23,7,False,0,134,3,21,0,0.0,0.0,0.0,0.0,0.0,0.0,0.0,0.0,0.0,1.3,0.0,0.0,1.0,3.0,0.0,0.0,0.0,0.0,0.14444444444444446,0.0,0.0,0.1111111111111111,0.3333333333333333,0.0,0.0,0.0,0.14444444444444446
1621,Reggie Gilliam,Buf,RB,W 24-18,0.0,TB,Home,97.0,10-31-23,8,False,0,134,3,29,1,0.0,0.0,0.0,0.0,0.0,0.0,0.0,0.0,0.0,1.3,0.0,0.0,1.0,3.0,0.0,0.0,0.0,0.0,0.13,0.0,0.0,0.1,0.3,0.0,0.0,0.0,0.13
677,Reggie Gilliam,Buf,RB,L 18-24,0.0,Cin,Away,82.5,11-07-23,9,False,0,134,3,6,0,0.0,0.0,0.0,0.0,0.0,0.0,0.0,0.0,0.0,1.3,0.0,0.0,1.0,3.0,0.0,0.0,0.0,0.0,0.11818181818181818,0.0,0.0,0.09090909090909091,0.2727272727272727,0.0,0.0,0.0,0.11818181818181818
982,Reggie Gilliam,Buf,RB,L 22-24,0.0,Den,Home,83.0,11-14-23,10,False,0,134,3,9,1,0.0,0.0,0.0,0.0,0.0,0.0,0.0,0.0,0.0,1.3,0.0,0.0,1.0,3.0,0.0,0.0,0.0,0.0,0.10833333333333334,0.0,0.0,0.08333333333333333,0.25,0.0,0.0,0.0,0.10833333333333334
502,Reggie Gilliam,Buf,RB,W 32-6,0.0,NYJ,Home,80.0,11-21-23,11,False,0,134,3,24,1,0.0,0.0,0.0,0.0,0.0,0.0,0.0,0.0,0.0,1.3,0.0,0.0,1.0,3.0,0.0,0.0,0.0,0.0,0.1,0.0,0.0,0.07692307692307693,0.23076923076923078,0.0,0.0,0.0,0.1
1086,Reggie Gilliam,Buf,RB,L 34-37,0.0,Phi,Away,90.0,11-28-23,12,False,0,134,3,25,0,0.0,0.0,0.0,0.0,0.0,0.0,0.0,0.0,0.0,1.3,0.0,0.0,1.0,3.0,0.0,0.0,0.0,0.0,0.09285714285714286,0.0,0.0,0.07142857142857142,0.21428571428571427,0.0,0.0,0.0,0.09285714285714286
779,Reggie Gilliam,Buf,RB,W 20-17,0.0,KC,Away,89.5,12-12-23,14,False,0,134,3,15,0,0.0,0.0,0.0,0.0,0.0,0.0,0.0,0.0,0.0,1.3,0.0,0.0,1.0,3.0,0.0,0.0,0.0,0.0,0.08666666666666667,0.0,0.0,0.06666666666666667,0.2,0.0,0.0,0.0,0.08666666666666667
1510,Reggie Gilliam,Buf,RB,W 31-10,0.0,Dal,Home,94.0,12-19-23,15,False,0,134,3,8,1,0.0,0.0,0.0,0.0,0.0,0.0,0.0,0.0,0.0,1.3,0.0,0.0,1.0,3.0,0.0,0.0,0.0,0.0,0.08125,0.0,0.0,0.0625,0.1875,0.0,0.0,0.0,0.08125
1186,Reggie Gilliam,Buf,RB,W 24-22,0.0,LAC,Away,92.0,12-26-23,16,False,0,134,3,16,0,0.0,0.0,0.0,0.0,0.0,0.0,0.0,0.0,0.0,1.3,0.0,0.0,1.0,3.0,0.0,0.0,0.0,0.0,0.07647058823529412,0.0,0.0,0.058823529411764705,0.17647058823529413,0.0,0.0,0.0,0.07647058823529412
120,Rhamondre Stevenson,NE,RB,L 20-25,14.9,Phi,Home,13.0,09-12-23,1,False,0,135,21,25,1,14.9,0.0,0.0,6.0,64.0,0.0,12.0,25.0,0.0,14.9,0.0,0.0,6.0,64.0,0.0,12.0,25.0,0.0,14.9,0.0,0.0,6.0,64.0,0.0,12.0,25.0,14.9
1320,Rhamondre Stevenson,NE,RB,L 17-24,15.0,Mia,Home,17.0,09-19-23,2,False,0,135,21,19,1,14.95,0.0,0.0,4.5,37.0,0.0,13.5,37.5,0.5,29.9,0.0,0.0,9.0,74.0,0.0,27.0,75.0,1.0,14.95,0.0,0.0,4.5,37.0,0.0,13.5,37.5,14.95
251,Rhamondre Stevenson,NE,RB,W 15-10,7.2,NYJ,Away,32.5,09-26-23,3,False,0,135,21,24,0,12.366666666666667,0.0,0.0,3.3333333333333335,25.666666666666668,0.0,15.333333333333334,44.666666666666664,0.3333333333333333,37.1,0.0,0.0,10.0,77.0,0.0,46.0,134.0,1.0,12.366666666666667,0.0,0.0,3.3333333333333335,25.666666666666668,0.0,15.333333333333334,44.666666666666664,12.366666666666667
40,Rhamondre Stevenson,NE,RB,L 3-38,6.0,Dal,Away,41.0,10-03-23,4,False,0,135,21,8,0,10.775,0.0,0.0,3.0,21.75,0.0,15.0,41.0,0.25,43.1,0.0,0.0,12.0,87.0,0.0,60.0,164.0,1.0,10.775,0.0,0.0,3.0,21.75,0.0,15.0,41.0,10.775
378,Rhamondre Stevenson,NE,RB,L 0-34,2.4,NO,Home,51.0,10-10-23,5,False,0,135,21,22,1,9.1,0.0,0.0,2.4,17.4,0.0,13.6,37.6,0.2,45.5,0.0,0.0,12.0,87.0,0.0,68.0,188.0,1.0,9.1,0.0,0.0,2.4,17.4,0.0,13.6,37.6,9.1
1732,Rhamondre Stevenson,NE,RB,L 17-21,18.0,LV,Away,6.0,10-17-23,6,False,0,135,21,18,0,9.72,0.0,0.0,2.2,9.4,0.0,13.2,41.8,0.4,63.5,0.0,0.0,17.0,111.0,0.0,78.0,234.0,2.0,10.583333333333334,0.0,0.0,2.8333333333333335,18.5,0.0,13.0,39.0,10.583333333333334
1649,Rhamondre Stevenson,NE,RB,W 29-25,14.5,Buf,Home,15.0,10-24-23,7,False,0,135,21,3,1,9.620000000000001,0.0,0.0,2.8,17.6,0.0,12.0,38.6,0.2,78.0,0.0,0.0,23.0,162.0,0.0,87.0,268.0,2.0,11.142857142857142,0.0,0.0,3.2857142857142856,23.142857142857142,0.0,12.428571428571429,38.285714285714285,11.142857142857142
1560,Rhamondre Stevenson,NE,RB,L 17-31,7.0,Mia,Away,38.0,10-31-23,8,False,0,135,21,19,0,9.58,0.0,0.0,3.0,19.2,0.0,10.2,34.6,0.2,85.0,0.0,0.0,25.0,173.0,0.0,97.0,307.0,2.0,10.625,0.0,0.0,3.125,21.625,0.0,12.125,38.375,10.625
594,Rhamondre Stevenson,NE,RB,L 17-20,22.9,Wsh,Home,2.0,11-07-23,9,False,0,135,21,31,1,12.959999999999999,0.0,0.0,3.4,25.6,0.0,9.2,46.0,0.4,107.9,0.0,0.0,29.0,215.0,0.0,106.0,394.0,3.0,11.988888888888889,0.0,0.0,3.2222222222222223,23.88888888888889,0.0,11.777777777777779,43.77777777777778,11.988888888888889
914,Rhamondre Stevenson,NE,RB,L 6-10,13.2,Ind,Home,20.0,11-14-23,10,False,0,135,21,13,1,15.12,0.0,0.0,4.0,28.4,0.0,11.6,58.8,0.4,121.1,0.0,0.0,32.0,229.0,0.0,126.0,482.0,3.0,12.11,0.0,0.0,3.2,22.9,0.0,12.6,48.2,12.11
996,Rhamondre Stevenson,NE,RB,L 7-10,21.7,NYG,Away,7.0,11-28-23,12,False,0,135,21,23,0,15.86,0.0,0.0,4.0,25.4,0.0,13.8,69.2,0.4,142.8,0.0,0.0,37.0,238.0,0.0,147.0,580.0,4.0,12.981818181818182,0.0,0.0,3.3636363636363638,21.636363636363637,0.0,13.363636363636363,52.72727272727273,12.981818181818182
554,Rhamondre Stevenson,NE,RB,L 0-6,2.9,LAC,Home,43.0,12-05-23,13,False,0,135,21,16,1,13.540000000000001,0.0,0.0,3.0,15.2,0.0,13.8,70.2,0.4,145.7,0.0,0.0,38.0,238.0,0.0,156.0,619.0,4.0,12.141666666666666,0.0,0.0,3.1666666666666665,19.833333333333332,0.0,13.0,51.583333333333336,12.141666666666666
809,Rico Dowdle,Dal,RB,W 38-10,13.0,Wsh,Away,22.0,01-09-24,18,False,0,136,8,31,0,13.0,0.0,0.0,3.0,54.0,0.0,9.0,46.0,0.0,13.0,0.0,0.0,3.0,54.0,0.0,9.0,46.0,0.0,13.0,0.0,0.0,3.0,54.0,0.0,9.0,46.0,13.0
168,Rico Dowdle,Dal,RB,W 40-0,2.4,NYG,Away,61.0,09-12-23,1,False,0,136,8,23,0,7.7,0.0,0.0,1.5,27.0,0.0,7.5,35.0,0.0,15.4,0.0,0.0,3.0,54.0,0.0,15.0,70.0,0.0,7.7,0.0,0.0,1.5,27.0,0.0,7.5,35.0,7.7
1347,Rico Dowdle,Dal,RB,W 30-10,5.3,NYJ,Home,44.5,09-19-23,2,False,0,136,8,24,1,6.8999999999999995,0.0,0.0,1.3333333333333333,23.666666666666668,0.0,7.333333333333333,32.0,0.0,20.7,0.0,0.0,4.0,71.0,0.0,22.0,96.0,0.0,6.8999999999999995,0.0,0.0,1.3333333333333333,23.666666666666668,0.0,7.333333333333333,32.0,6.8999999999999995
235,Rico Dowdle,Dal,RB,L 16-28,13.6,Ari,Away,17.0,09-26-23,3,False,0,136,8,0,0,8.575,0.0,0.0,1.75,24.0,0.25,6.5,29.25,0.0,34.3,0.0,0.0,7.0,96.0,1.0,26.0,117.0,0.0,8.575,0.0,0.0,1.75,24.0,0.25,6.5,29.25,8.575
60,Rico Dowdle,Dal,RB,W 38-3,2.7,NE,Home,61.0,10-03-23,4,False,0,136,8,21,1,7.4,0.0,0.0,1.6,20.8,0.2,5.8,25.2,0.0,37.0,0.0,0.0,8.0,104.0,1.0,29.0,126.0,0.0,7.4,0.0,0.0,1.6,20.8,0.2,5.8,25.2,7.4
387,Rico Dowdle,Dal,RB,L 10-42,1.5,SF,Away,61.0,10-10-23,5,False,0,136,8,27,0,5.1,0.0,0.0,1.0,10.0,0.2,5.0,19.0,0.0,38.5,0.0,0.0,8.0,104.0,1.0,34.0,141.0,0.0,6.416666666666667,0.0,0.0,1.3333333333333333,17.333333333333332,0.16666666666666666,5.666666666666667,23.5,6.416666666666667
1798,Rico Dowdle,Dal,RB,W 20-17,1.2,LAC,Away,72.0,10-17-23,6,False,0,136,8,16,0,4.86,0.0,0.0,1.0,10.0,0.2,4.4,16.6,0.0,39.699999999999996,0.0,0.0,8.0,104.0,1.0,37.0,153.0,0.0,5.671428571428571,0.0,0.0,1.1428571428571428,14.857142857142858,0.14285714285714285,5.285714285714286,21.857142857142858,5.671428571428571
1576,Rico Dowdle,Dal,RB,W 43-20,4.5,LAR,Home,54.0,10-31-23,8,False,0,136,8,17,1,4.7,0.0,0.0,1.2,8.0,0.2,4.0,15.0,0.0,44.2,0.0,0.0,10.0,111.0,1.0,42.0,171.0,0.0,5.525,0.0,0.0,1.25,13.875,0.125,5.25,21.375,5.525
660,Rico Dowdle,Dal,RB,L 23-28,0.8,Phi,Away,68.0,11-07-23,9,False,0,136,8,25,0,2.14,0.0,0.0,0.6,3.0,0.0,3.6,12.4,0.0,45.0,0.0,0.0,10.0,111.0,1.0,44.0,179.0,0.0,5.0,0.0,0.0,1.1111111111111112,12.333333333333334,0.1111111111111111,4.888888888888889,19.88888888888889,5.0
912,Rico Dowdle,Dal,RB,W 49-17,13.9,NYG,Home,18.0,11-14-23,10,False,0,136,8,23,1,4.38,0.0,0.0,0.4,1.4,0.0,5.4,26.4,0.2,58.9,0.0,0.0,10.0,111.0,1.0,56.0,258.0,1.0,5.89,0.0,0.0,1.0,11.1,0.1,5.6,25.8,5.89
462,Rico Dowdle,Dal,RB,W 33-10,4.0,Car,Away,43.0,11-21-23,11,False,0,136,8,4,0,4.88,0.0,0.0,0.8,0.8,0.0,6.0,28.0,0.2,62.9,0.0,0.0,12.0,108.0,1.0,64.0,281.0,1.0,5.718181818181818,0.0,0.0,1.0909090909090908,9.818181818181818,0.09090909090909091,5.818181818181818,25.545454545454547,5.718181818181818
1019,Rico Dowdle,Dal,RB,W 45-10,9.6,Wsh,Home,30.0,11-28-23,12,False,0,136,8,31,1,6.56,0.0,0.0,1.0,3.8,0.2,6.0,27.8,0.2,72.5,0.0,0.0,13.0,123.0,2.0,67.0,292.0,1.0,6.041666666666667,0.0,0.0,1.0833333333333333,10.25,0.16666666666666666,5.583333333333333,24.333333333333332,6.041666666666667
552,Rico Dowdle,Dal,RB,W 41-35,3.2,Sea,Home,40.0,12-05-23,13,False,0,136,8,28,1,6.3,0.0,0.0,0.8,3.8,0.2,6.0,27.2,0.2,75.7,0.0,0.0,14.0,130.0,2.0,72.0,307.0,1.0,5.823076923076924,0.0,0.0,1.0769230769230769,10.0,0.15384615384615385,5.538461538461538,23.615384615384617,5.823076923076924
708,Rico Dowdle,Dal,RB,W 33-13,12.2,Phi,Home,23.0,12-12-23,14,False,0,136,8,25,1,8.58,0.0,0.0,1.0,5.0,0.2,8.0,34.8,0.4,87.9,0.0,0.0,15.0,136.0,2.0,84.0,353.0,2.0,6.278571428571429,0.0,0.0,1.0714285714285714,9.714285714285714,0.14285714285714285,6.0,25.214285714285715,6.278571428571429
1470,Rico Dowdle,Dal,RB,L 10-31,3.2,Buf,Away,58.0,12-19-23,15,False,0,136,8,3,0,6.44,0.0,0.0,1.4,6.6,0.2,6.2,19.8,0.2,91.1,0.0,0.0,17.0,144.0,2.0,87.0,357.0,2.0,6.073333333333333,0.0,0.0,1.1333333333333333,9.6,0.13333333333333333,5.8,23.8,6.073333333333333
1166,Rico Dowdle,Dal,RB,L 20-22,0.4,Mia,Away,75.0,12-26-23,16,False,0,136,8,19,0,5.720000000000001,0.0,0.0,1.0,7.2,0.2,5.0,16.0,0.2,91.5,0.0,0.0,17.0,144.0,2.0,89.0,361.0,2.0,5.71875,0.0,0.0,1.0625,9.0,0.125,5.5625,22.5625,5.71875
1271,Ronnie Rivers,LAR,RB,W 26-25,1.4,NYG,Away,72.0,01-02-24,17,False,0,137,17,23,0,1.4,0.0,0.0,1.0,4.0,0.0,0.0,0.0,0.0,1.4,0.0,0.0,1.0,4.0,0.0,0.0,0.0,0.0,1.4,0.0,0.0,1.0,4.0,0.0,0.0,0.0,1.4
832,Ronnie Rivers,LAR,RB,W 21-20,5.2,SF,Away,44.5,01-09-24,18,False,0,137,17,27,0,3.3,0.0,0.0,0.5,2.0,0.0,6.5,26.0,0.0,6.6,0.0,0.0,1.0,4.0,0.0,13.0,52.0,0.0,3.3,0.0,0.0,0.5,2.0,0.0,6.5,26.0,3.3
191,Ronnie Rivers,LAR,RB,W 30-13,0.0,Sea,Away,96.0,09-12-23,1,False,0,137,17,28,0,2.2,0.0,0.0,0.3333333333333333,1.3333333333333333,0.0,4.333333333333333,17.333333333333332,0.0,6.6000000000000005,0.0,0.0,1.0,4.0,0.0,13.0,52.0,0.0,2.2,0.0,0.0,0.3333333333333333,1.3333333333333333,0.0,4.333333333333333,17.333333333333332,2.2
1368,Ronnie Rivers,LAR,RB,L 23-30,1.4,SF,Home,65.0,09-19-23,2,False,0,137,17,27,1,2.0,0.0,0.0,0.5,2.0,0.0,3.25,13.0,0.0,8.0,0.0,0.0,2.0,8.0,0.0,13.0,52.0,0.0,2.0,0.0,0.0,0.5,2.0,0.0,3.25,13.0,2.0
302,Ronnie Rivers,LAR,RB,L 16-19,0.0,Cin,Away,95.5,09-26-23,3,False,0,137,17,6,0,1.6,0.0,0.0,0.4,1.6,0.0,2.6,10.4,0.0,8.0,0.0,0.0,2.0,8.0,0.0,13.0,52.0,0.0,1.6,0.0,0.0,0.4,1.6,0.0,2.6,10.4,1.6
30,Ronnie Rivers,LAR,RB,W 29-23,7.7,Ind,Away,31.0,10-03-23,4,False,0,137,17,13,0,2.8600000000000003,0.0,0.0,0.6,2.8,0.0,4.4,19.8,0.0,15.700000000000001,0.0,0.0,4.0,18.0,0.0,22.0,99.0,0.0,2.6166666666666667,0.0,0.0,0.6666666666666666,3.0,0.0,3.6666666666666665,16.5,2.6166666666666667
396,Ronnie Rivers,LAR,RB,L 14-23,0.1,Phi,Home,69.0,10-10-23,5,False,0,137,17,25,1,1.8400000000000003,0.0,0.0,0.6,2.8,0.0,2.0,9.6,0.0,15.8,0.0,0.0,4.0,18.0,0.0,23.0,100.0,0.0,2.257142857142857,0.0,0.0,0.5714285714285714,2.5714285714285716,0.0,3.2857142857142856,14.285714285714286,2.257142857142857
1785,Ronnie Rivers,LAR,RB,W 26-9,2.3,Ari,Home,58.5,10-17-23,6,False,0,137,17,0,1,2.3000000000000003,0.0,0.0,0.8,3.6,0.0,2.6,11.4,0.0,18.1,0.0,0.0,5.0,22.0,0.0,26.0,109.0,0.0,2.2625,0.0,0.0,0.625,2.75,0.0,3.25,13.625,2.2625
1154,Ronnie Rivers,LAR,RB,W 30-22,2.0,NO,Home,63.5,12-26-23,16,False,0,137,17,22,1,2.4200000000000004,0.0,0.0,0.6,2.8,0.0,3.8,15.4,0.0,20.1,0.0,0.0,5.0,22.0,0.0,32.0,129.0,0.0,2.2333333333333334,0.0,0.0,0.5555555555555556,2.4444444444444446,0.0,3.5555555555555554,14.333333333333334,2.2333333333333334
1216,Roschon Johnson,Chi,RB,W 37-17,14.9,Atl,Home,17.0,01-02-24,17,False,0,138,5,1,1,14.9,0.0,0.0,3.0,38.0,0.0,7.0,21.0,1.0,14.9,0.0,0.0,3.0,38.0,0.0,7.0,21.0,1.0,14.9,0.0,0.0,3.0,38.0,0.0,7.0,21.0,14.9
843,Roschon Johnson,Chi,RB,L 9-17,2.0,GB,Away,57.0,01-09-24,18,False,0,138,5,11,0,8.45,0.0,0.0,1.5,19.0,0.0,6.0,20.5,0.5,16.9,0.0,0.0,3.0,38.0,0.0,12.0,41.0,1.0,8.45,0.0,0.0,1.5,19.0,0.0,6.0,20.5,8.45
115,Roschon Johnson,Chi,RB,L 20-38,17.5,GB,Home,8.0,09-12-23,1,False,0,138,5,11,1,11.466666666666667,0.0,0.0,3.0,24.333333333333332,0.0,5.666666666666667,20.333333333333332,0.6666666666666666,34.4,0.0,0.0,9.0,73.0,0.0,17.0,61.0,2.0,11.466666666666667,0.0,0.0,3.0,24.333333333333332,0.0,5.666666666666667,20.333333333333332,11.466666666666667
1342,Roschon Johnson,Chi,RB,L 17-27,6.2,TB,Away,39.0,09-19-23,2,False,0,138,5,29,0,10.15,0.0,0.0,2.75,20.75,0.0,5.25,23.25,0.5,40.6,0.0,0.0,11.0,83.0,0.0,21.0,93.0,2.0,10.15,0.0,0.0,2.75,20.75,0.0,5.25,23.25,10.15
254,Roschon Johnson,Chi,RB,L 10-41,6.9,KC,Away,36.0,09-26-23,3,False,0,138,5,15,0,9.5,0.0,0.0,2.6,18.8,0.0,5.8,26.2,0.4,47.5,0.0,0.0,13.0,94.0,0.0,29.0,131.0,2.0,9.5,0.0,0.0,2.6,18.8,0.0,5.8,26.2,9.5
61,Roschon Johnson,Chi,RB,L 28-31,2.5,Den,Home,62.0,10-03-23,4,False,0,138,5,9,1,7.0200000000000005,0.0,0.0,2.2,11.6,0.0,5.4,24.6,0.2,50.0,0.0,0.0,14.0,96.0,0.0,34.0,144.0,2.0,8.333333333333334,0.0,0.0,2.3333333333333335,16.0,0.0,5.666666666666667,24.0,8.333333333333334
382,Roschon Johnson,Chi,RB,W 40-20,1.9,Wsh,Away,55.0,10-10-23,5,False,0,138,5,31,0,7.0,0.0,0.0,2.2,11.6,0.0,5.0,24.4,0.2,51.9,0.0,0.0,14.0,96.0,0.0,37.0,163.0,2.0,7.414285714285714,0.0,0.0,2.0,13.714285714285714,0.0,5.285714285714286,23.285714285714285,7.414285714285714
1565,Roschon Johnson,Chi,RB,L 13-30,6.1,LAC,Away,43.0,10-31-23,8,False,0,138,5,16,0,4.720000000000001,0.0,0.0,1.6,6.6,0.0,5.2,24.6,0.0,58.0,0.0,0.0,17.0,106.0,0.0,43.0,184.0,2.0,7.25,0.0,0.0,2.125,13.25,0.0,5.375,23.0,7.25
646,Roschon Johnson,Chi,RB,L 17-24,2.5,NO,Away,54.5,11-07-23,9,False,0,138,5,22,0,3.9799999999999995,0.0,0.0,1.4,6.4,0.0,4.8,19.4,0.0,60.5,0.0,0.0,18.0,115.0,0.0,45.0,190.0,2.0,6.722222222222222,0.0,0.0,2.0,12.777777777777779,0.0,5.0,21.11111111111111,6.722222222222222
931,Roschon Johnson,Chi,RB,W 16-13,7.2,Car,Home,37.0,11-14-23,10,False,0,138,5,4,1,4.04,0.0,0.0,1.8,7.0,0.0,4.2,15.4,0.0,67.7,0.0,0.0,22.0,129.0,0.0,50.0,208.0,2.0,6.7700000000000005,0.0,0.0,2.2,12.9,0.0,5.0,20.8,6.7700000000000005
468,Roschon Johnson,Chi,RB,L 26-31,3.0,Det,Away,49.0,11-21-23,11,False,0,138,5,10,0,4.14,0.0,0.0,1.6,6.6,0.0,4.4,18.8,0.0,70.7,0.0,0.0,22.0,129.0,0.0,56.0,238.0,2.0,6.427272727272728,0.0,0.0,2.0,11.727272727272727,0.0,5.090909090909091,21.636363636363637,6.427272727272728
1010,Roschon Johnson,Chi,RB,W 12-10,12.5,Min,Away,21.0,11-28-23,12,False,0,138,5,20,0,6.26,0.0,0.0,2.6,14.6,0.0,5.8,22.0,0.0,83.2,0.0,0.0,27.0,169.0,0.0,66.0,273.0,2.0,6.933333333333334,0.0,0.0,2.25,14.083333333333334,0.0,5.5,22.75,6.933333333333334
759,Roschon Johnson,Chi,RB,W 28-13,0.6,Det,Home,74.5,12-12-23,14,False,0,138,5,10,1,5.160000000000001,0.0,0.0,2.0,12.6,0.0,4.8,19.0,0.0,83.8,0.0,0.0,27.0,169.0,0.0,67.0,279.0,2.0,6.446153846153846,0.0,0.0,2.076923076923077,13.0,0.0,5.153846153846154,21.46153846153846,6.446153846153846
1436,Roschon Johnson,Chi,RB,L 17-20,10.0,Cle,Away,24.0,12-19-23,15,False,0,138,5,7,0,6.660000000000001,0.0,0.0,2.6,15.6,0.0,5.4,25.0,0.0,93.8,0.0,0.0,31.0,193.0,0.0,72.0,315.0,2.0,6.7,0.0,0.0,2.2142857142857144,13.785714285714286,0.0,5.142857142857143,22.5,6.7
1131,Roschon Johnson,Chi,RB,W 27-16,8.3,Ari,Home,40.0,12-26-23,16,False,0,138,5,0,1,6.88,0.0,0.0,2.4,16.0,0.0,6.2,28.8,0.0,102.1,0.0,0.0,34.0,209.0,0.0,81.0,352.0,2.0,6.806666666666667,0.0,0.0,2.2666666666666666,13.933333333333334,0.0,5.4,23.466666666666665,6.806666666666667
1281,Royce Freeman,LAR,RB,W 26-25,0.0,NYG,Away,92.5,01-02-24,17,False,0,139,17,23,0,0.0,0.0,0.0,0.0,0.0,0.0,0.0,0.0,0.0,0.0,0.0,0.0,0.0,0.0,0.0,0.0,0.0,0.0,0.0,0.0,0.0,0.0,0.0,0.0,0.0,0.0,0.0
840,Royce Freeman,LAR,RB,W 21-20,2.5,SF,Away,53.0,01-09-24,18,False,0,139,17,27,0,1.25,0.0,0.0,0.5,6.5,0.0,2.0,1.0,0.0,2.5,0.0,0.0,1.0,13.0,0.0,4.0,2.0,0.0,1.25,0.0,0.0,0.5,6.5,0.0,2.0,1.0,1.25
1411,Royce Freeman,LAR,RB,L 23-30,0.0,SF,Home,96.0,09-19-23,2,False,0,139,17,27,1,0.8333333333333334,0.0,0.0,0.3333333333333333,4.333333333333333,0.0,1.3333333333333333,0.6666666666666666,0.0,2.5,0.0,0.0,1.0,13.0,0.0,4.0,2.0,0.0,0.8333333333333334,0.0,0.0,0.3333333333333333,4.333333333333333,0.0,1.3333333333333333,0.6666666666666666,0.8333333333333334
325,Royce Freeman,LAR,RB,L 16-19,0.0,Cin,Away,95.5,09-26-23,3,False,0,139,17,6,0,0.625,0.0,0.0,0.25,3.25,0.0,1.0,0.5,0.0,2.5,0.0,0.0,1.0,13.0,0.0,4.0,2.0,0.0,0.625,0.0,0.0,0.25,3.25,0.0,1.0,0.5,0.625
105,Royce Freeman,LAR,RB,W 29-23,0.0,Ind,Away,93.5,10-03-23,4,False,0,139,17,13,0,0.5,0.0,0.0,0.2,2.6,0.0,0.8,0.4,0.0,2.5,0.0,0.0,1.0,13.0,0.0,4.0,2.0,0.0,0.5,0.0,0.0,0.2,2.6,0.0,0.8,0.4,0.5
1666,Royce Freeman,LAR,RB,L 17-24,6.6,Pit,Home,32.0,10-24-23,7,False,0,139,17,26,1,1.8199999999999998,0.0,0.0,0.2,2.6,0.0,3.2,13.6,0.0,9.1,0.0,0.0,1.0,13.0,0.0,16.0,68.0,0.0,1.5166666666666666,0.0,0.0,0.16666666666666666,2.1666666666666665,0.0,2.6666666666666665,11.333333333333334,1.5166666666666666
1545,Royce Freeman,LAR,RB,L 20-43,10.4,Dal,Away,23.0,10-31-23,8,False,0,139,17,8,0,3.4,0.0,0.0,0.0,0.0,0.0,4.2,22.0,0.2,19.5,0.0,0.0,1.0,13.0,0.0,25.0,112.0,1.0,2.7857142857142856,0.0,0.0,0.14285714285714285,1.8571428571428572,0.0,3.5714285714285716,16.0,2.7857142857142856
639,Royce Freeman,LAR,RB,L 3-20,3.2,GB,Away,47.5,11-07-23,9,False,0,139,17,11,0,4.04,0.0,0.0,0.0,0.0,0.0,6.6,28.4,0.2,22.7,0.0,0.0,1.0,13.0,0.0,37.0,144.0,1.0,2.8375,0.0,0.0,0.125,1.625,0.0,4.625,18.0,2.8375
448,Royce Freeman,LAR,RB,W 17-16,7.3,Sea,Home,28.5,11-21-23,11,False,0,139,17,28,1,5.5,0.0,0.0,0.0,0.0,0.0,10.0,43.0,0.2,30.0,0.0,0.0,1.0,13.0,0.0,54.0,217.0,1.0,3.3333333333333335,0.0,0.0,0.1111111111111111,1.4444444444444444,0.0,6.0,24.11111111111111,3.3333333333333335
1005,Royce Freeman,LAR,RB,W 37-14,13.7,Ari,Away,16.0,11-28-23,12,False,0,139,17,0,0,8.24,0.0,0.0,0.0,0.0,0.0,12.6,58.4,0.4,43.7,0.0,0.0,1.0,13.0,0.0,67.0,294.0,2.0,4.37,0.0,0.0,0.1,1.3,0.0,6.7,29.4,4.37
576,Royce Freeman,LAR,RB,W 36-19,0.0,Cle,Home,72.0,12-05-23,13,False,0,139,17,7,1,6.919999999999999,0.0,0.0,0.0,0.0,0.0,10.4,45.2,0.4,43.7,0.0,0.0,1.0,13.0,0.0,68.0,294.0,2.0,3.972727272727273,0.0,0.0,0.09090909090909091,1.1818181818181819,0.0,6.181818181818182,26.727272727272727,3.972727272727273
750,Royce Freeman,LAR,RB,L 31-37,0.9,Bal,Away,66.0,12-12-23,14,False,0,139,17,2,0,5.02,0.0,0.0,0.0,0.0,0.0,9.2,38.2,0.2,44.6,0.0,0.0,1.0,13.0,0.0,71.0,303.0,2.0,3.716666666666667,0.0,0.0,0.08333333333333333,1.0833333333333333,0.0,5.916666666666667,25.25,3.716666666666667
1484,Royce Freeman,LAR,RB,W 28-20,1.6,Wsh,Home,71.0,12-19-23,15,False,0,139,17,31,1,4.7,0.0,0.0,0.0,0.0,0.0,8.0,35.0,0.2,46.2,0.0,0.0,1.0,13.0,0.0,77.0,319.0,2.0,3.553846153846154,0.0,0.0,0.07692307692307693,1.0,0.0,5.923076923076923,24.53846153846154,3.553846153846154
1172,Royce Freeman,LAR,RB,W 30-22,0.0,NO,Home,92.0,12-26-23,16,False,0,139,17,22,1,3.2399999999999998,0.0,0.0,0.0,0.0,0.0,4.6,20.4,0.2,46.2,0.0,0.0,1.0,13.0,0.0,77.0,319.0,2.0,3.3000000000000003,0.0,0.0,0.07142857142857142,0.9285714285714286,0.0,5.5,22.785714285714285,3.3000000000000003
181,Salvon Ahmed,Mia,RB,W 36-34,1.1,LAC,Away,73.5,09-12-23,1,False,0,140,19,16,0,1.1,0.0,0.0,0.0,0.0,0.0,3.0,11.0,0.0,1.1,0.0,0.0,0.0,0.0,0.0,3.0,11.0,0.0,1.1,0.0,0.0,0.0,0.0,0.0,3.0,11.0,1.1
1337,Salvon Ahmed,Mia,RB,W 24-17,7.1,NE,Away,34.0,09-19-23,2,False,0,140,19,21,0,4.1,0.0,0.0,1.5,14.0,0.0,3.0,12.0,0.0,8.2,0.0,0.0,3.0,28.0,0.0,6.0,24.0,0.0,4.1,0.0,0.0,1.5,14.0,0.0,3.0,12.0,4.1
85,Salvon Ahmed,Mia,RB,L 20-48,0.0,Buf,Away,93.5,10-03-23,4,False,0,140,19,3,0,2.733333333333333,0.0,0.0,1.0,9.333333333333334,0.0,2.0,8.0,0.0,8.2,0.0,0.0,3.0,28.0,0.0,6.0,24.0,0.0,2.733333333333333,0.0,0.0,1.0,9.333333333333334,0.0,2.0,8.0,2.733333333333333
405,Salvon Ahmed,Mia,RB,W 31-16,0.0,NYG,Home,81.0,10-10-23,5,False,0,140,19,23,1,2.05,0.0,0.0,0.75,7.0,0.0,1.5,6.0,0.0,8.2,0.0,0.0,3.0,28.0,0.0,6.0,24.0,0.0,2.05,0.0,0.0,0.75,7.0,0.0,1.5,6.0,2.05
1745,Salvon Ahmed,Mia,RB,W 42-21,12.4,Car,Home,19.0,10-17-23,6,False,0,140,19,4,1,4.12,0.0,0.0,1.2,7.8,0.0,2.4,9.4,0.2,20.6,0.0,0.0,6.0,39.0,0.0,12.0,47.0,1.0,4.12,0.0,0.0,1.2,7.8,0.0,2.4,9.4,4.12
1690,Salvon Ahmed,Mia,RB,L 17-31,1.3,Phi,Away,56.0,10-24-23,7,False,0,140,19,25,0,4.159999999999999,0.0,0.0,1.4,7.8,0.0,2.2,7.8,0.2,21.9,0.0,0.0,7.0,39.0,0.0,14.0,50.0,1.0,3.65,0.0,0.0,1.1666666666666667,6.5,0.0,2.3333333333333335,8.333333333333334,3.65
1569,Salvon Ahmed,Mia,RB,W 31-17,5.7,NE,Home,46.5,10-31-23,8,False,0,140,19,21,1,3.88,0.0,0.0,1.6,5.4,0.0,2.0,5.4,0.2,27.6,0.0,0.0,11.0,55.0,0.0,16.0,51.0,1.0,3.942857142857143,0.0,0.0,1.5714285714285714,7.857142857142857,0.0,2.2857142857142856,7.285714285714286,3.942857142857143
641,Salvon Ahmed,Mia,RB,L 14-21,3.2,KC,Away,47.5,11-07-23,9,False,0,140,19,15,0,4.5200000000000005,0.0,0.0,2.0,7.0,0.0,2.6,6.2,0.2,30.8,0.0,0.0,13.0,63.0,0.0,19.0,55.0,1.0,3.85,0.0,0.0,1.625,7.875,0.0,2.375,6.875,3.85
438,Salvon Ahmed,Mia,RB,W 20-13,12.1,LV,Home,19.0,11-21-23,11,False,0,140,19,18,1,6.94,0.0,0.0,2.6,12.0,0.2,3.2,7.4,0.2,42.9,0.0,0.0,16.0,88.0,1.0,22.0,61.0,1.0,4.766666666666667,0.0,0.0,1.7777777777777777,9.777777777777779,0.1111111111111111,2.4444444444444446,6.777777777777778,4.766666666666667
1254,Samaje Perine,Den,RB,W 16-9,4.6,LAC,Home,55.0,01-02-24,17,False,0,141,9,16,1,4.6,0.0,0.0,2.0,16.0,0.0,4.0,10.0,0.0,4.6,0.0,0.0,2.0,16.0,0.0,4.0,10.0,0.0,4.6,0.0,0.0,2.0,16.0,0.0,4.0,10.0,4.6
828,Samaje Perine,Den,RB,L 14-27,6.0,LV,Away,41.0,01-09-24,18,False,0,141,9,18,0,5.3,0.0,0.0,2.5,19.5,0.0,3.5,8.5,0.0,10.6,0.0,0.0,5.0,39.0,0.0,7.0,17.0,0.0,5.3,0.0,0.0,2.5,19.5,0.0,3.5,8.5,5.3
129,Samaje Perine,Den,RB,L 16-17,11.8,LV,Home,21.5,09-12-23,1,False,0,141,9,18,1,7.466666666666666,0.0,0.0,3.0,25.333333333333332,0.0,5.0,19.333333333333332,0.0,22.4,0.0,0.0,9.0,76.0,0.0,15.0,58.0,0.0,7.466666666666666,0.0,0.0,3.0,25.333333333333332,0.0,5.0,19.333333333333332,7.466666666666666
1346,Samaje Perine,Den,RB,L 33-35,5.4,Wsh,Home,43.0,09-19-23,2,False,0,141,9,31,1,6.95,0.0,0.0,3.0,24.0,0.0,4.0,15.5,0.0,27.8,0.0,0.0,12.0,96.0,0.0,16.0,62.0,0.0,6.95,0.0,0.0,3.0,24.0,0.0,4.0,15.5,6.95
269,Samaje Perine,Den,RB,L 20-70,4.4,Mia,Away,51.5,09-26-23,3,False,0,141,9,19,0,6.44,0.0,0.0,2.8,22.2,0.0,3.8,14.2,0.0,32.2,0.0,0.0,14.0,111.0,0.0,19.0,71.0,0.0,6.44,0.0,0.0,2.8,22.2,0.0,3.8,14.2,6.44
42,Samaje Perine,Den,RB,W 31-28,5.5,Chi,Away,42.5,10-03-23,4,False,0,141,9,5,0,6.62,0.0,0.0,2.8,23.6,0.0,4.2,14.6,0.0,37.7,0.0,0.0,16.0,134.0,0.0,25.0,83.0,0.0,6.283333333333334,0.0,0.0,2.6666666666666665,22.333333333333332,0.0,4.166666666666667,13.833333333333334,6.283333333333334
350,Samaje Perine,Den,RB,L 21-31,11.5,NYJ,Home,23.0,10-10-23,5,False,0,141,9,24,1,7.720000000000001,0.0,0.0,3.0,33.6,0.0,4.8,17.6,0.0,49.2,0.0,0.0,20.0,207.0,0.0,31.0,105.0,0.0,7.028571428571429,0.0,0.0,2.857142857142857,29.571428571428573,0.0,4.428571428571429,15.0,7.028571428571429
1793,Samaje Perine,Den,RB,L 8-19,1.6,KC,Away,67.5,10-17-23,6,False,0,141,9,15,0,5.680000000000001,0.0,0.0,2.6,29.4,0.0,3.2,9.4,0.0,50.800000000000004,0.0,0.0,22.0,223.0,0.0,31.0,105.0,0.0,6.3500000000000005,0.0,0.0,2.75,27.875,0.0,3.875,13.125,6.3500000000000005
1665,Samaje Perine,Den,RB,W 19-17,7.1,GB,Home,31.0,10-24-23,7,False,0,141,9,11,1,6.0200000000000005,0.0,0.0,2.6,31.6,0.0,3.4,10.6,0.0,57.9,0.0,0.0,25.0,254.0,0.0,33.0,115.0,0.0,6.433333333333334,0.0,0.0,2.7777777777777777,28.22222222222222,0.0,3.6666666666666665,12.777777777777779,6.433333333333334
1578,Samaje Perine,Den,RB,W 24-9,4.1,KC,Home,56.5,10-31-23,8,False,0,141,9,15,1,5.96,0.0,0.0,2.6,31.8,0.0,3.0,9.8,0.0,62.0,0.0,0.0,27.0,270.0,0.0,34.0,120.0,0.0,6.2,0.0,0.0,2.7,27.0,0.0,3.4,12.0,6.2
930,Samaje Perine,Den,RB,W 24-22,7.3,Buf,Away,35.5,11-14-23,10,False,0,141,9,3,0,6.319999999999999,0.0,0.0,2.8,34.2,0.0,2.0,9.0,0.0,69.3,0.0,0.0,30.0,305.0,0.0,35.0,128.0,0.0,6.3,0.0,0.0,2.727272727272727,27.727272727272727,0.0,3.1818181818181817,11.636363636363637,6.3
436,Samaje Perine,Den,RB,W 21-20,13.7,Min,Home,17.0,11-21-23,11,False,0,141,9,20,1,6.76,0.0,0.0,3.4,31.6,0.0,1.0,6.0,0.0,83.0,0.0,0.0,37.0,365.0,0.0,36.0,135.0,0.0,6.916666666666667,0.0,0.0,3.0833333333333335,30.416666666666668,0.0,3.0,11.25,6.916666666666667
1006,Samaje Perine,Den,RB,W 29-12,13.6,Cle,Home,17.0,11-28-23,12,False,0,141,9,7,1,9.16,0.0,0.0,3.2,30.6,0.0,2.4,17.0,0.2,96.6,0.0,0.0,38.0,376.0,0.0,43.0,190.0,1.0,7.43076923076923,0.0,0.0,2.923076923076923,28.923076923076923,0.0,3.3076923076923075,14.615384615384615,7.43076923076923
559,Samaje Perine,Den,RB,L 17-22,2.6,Hou,Away,47.0,12-05-23,13,False,0,141,9,12,0,8.26,0.0,0.0,3.0,25.4,0.0,2.2,15.2,0.2,99.2,0.0,0.0,40.0,381.0,0.0,44.0,191.0,1.0,7.085714285714286,0.0,0.0,2.857142857142857,27.214285714285715,0.0,3.142857142857143,13.642857142857142,7.085714285714286
717,Samaje Perine,Den,RB,W 24-7,9.4,LAC,Away,31.5,12-12-23,14,False,0,141,9,16,0,9.32,0.0,0.0,3.6,29.4,0.0,2.4,15.8,0.2,108.6,0.0,0.0,45.0,417.0,0.0,46.0,199.0,1.0,7.239999999999999,0.0,0.0,3.0,27.8,0.0,3.066666666666667,13.266666666666667,7.239999999999999
1456,Samaje Perine,Den,RB,L 17-42,5.8,Det,Away,44.0,12-19-23,15,False,0,141,9,10,0,9.02,0.0,0.0,3.2,24.6,0.0,3.4,21.6,0.2,114.4,0.0,0.0,46.0,428.0,0.0,52.0,236.0,1.0,7.15,0.0,0.0,2.875,26.75,0.0,3.25,14.75,7.15
1135,Samaje Perine,Den,RB,L 23-26,6.9,NE,Home,44.0,12-26-23,16,False,0,141,9,21,1,7.659999999999999,0.0,0.0,2.6,18.0,0.0,3.4,20.6,0.2,121.3,0.0,0.0,50.0,455.0,0.0,53.0,238.0,1.0,7.135294117647058,0.0,0.0,2.9411764705882355,26.764705882352942,0.0,3.1176470588235294,14.0,7.135294117647058
1235,Saquon Barkley,NYG,RB,L 25-26,8.8,LAR,Home,36.5,01-02-24,17,False,0,142,23,17,1,8.8,0.0,0.0,3.0,19.0,0.0,12.0,39.0,0.0,8.8,0.0,0.0,3.0,19.0,0.0,12.0,39.0,0.0,8.8,0.0,0.0,3.0,19.0,0.0,12.0,39.0,8.8
794,Saquon Barkley,NYG,RB,W 27-10,23.7,Phi,Home,7.0,01-09-24,18,False,0,142,23,25,1,16.25,0.0,0.0,2.5,35.0,0.0,15.0,42.5,1.0,32.5,0.0,0.0,5.0,70.0,0.0,30.0,85.0,2.0,16.25,0.0,0.0,2.5,35.0,0.0,15.0,42.5,16.25
138,Saquon Barkley,NYG,RB,L 0-40,9.3,Dal,Home,31.0,09-12-23,1,False,0,142,23,8,1,13.933333333333332,0.0,0.0,2.6666666666666665,27.333333333333332,0.0,14.0,45.333333333333336,0.6666666666666666,41.8,0.0,0.0,8.0,82.0,0.0,42.0,136.0,2.0,13.933333333333332,0.0,0.0,2.6666666666666665,27.333333333333332,0.0,14.0,45.333333333333336,13.933333333333332
1306,Saquon Barkley,NYG,RB,W 31-28,27.2,Ari,Away,3.0,09-19-23,2,False,0,142,23,0,0,17.25,0.0,0.0,3.5,27.75,0.25,14.75,49.75,0.75,69.0,0.0,0.0,14.0,111.0,1.0,59.0,199.0,3.0,17.25,0.0,0.0,3.5,27.75,0.25,14.75,49.75,17.25
1742,Saquon Barkley,NYG,RB,L 9-14,13.8,Buf,Away,16.0,10-17-23,6,False,0,142,23,3,0,16.56,0.0,0.0,3.6,23.2,0.2,16.6,58.4,0.6,82.8,0.0,0.0,18.0,116.0,1.0,83.0,292.0,3.0,16.56,0.0,0.0,3.6,23.2,0.2,16.6,58.4,16.56
1643,Saquon Barkley,NYG,RB,W 14-7,18.8,Wsh,Home,9.0,10-24-23,7,False,0,142,23,31,1,18.560000000000002,0.0,0.0,3.6,27.6,0.4,18.4,66.0,0.6,101.6,0.0,0.0,21.0,157.0,2.0,104.0,369.0,3.0,16.933333333333334,0.0,0.0,3.5,26.166666666666668,0.3333333333333333,17.333333333333332,61.5,16.933333333333334
1535,Saquon Barkley,NYG,RB,L 10-13,15.8,NYJ,Home,13.0,10-31-23,8,False,0,142,23,24,1,16.98,0.0,0.0,3.8,17.4,0.4,22.0,82.4,0.2,117.4,0.0,0.0,24.0,157.0,2.0,140.0,497.0,3.0,16.771428571428572,0.0,0.0,3.4285714285714284,22.428571428571427,0.2857142857142857,20.0,71.0,16.771428571428572
606,Saquon Barkley,NYG,RB,L 6-30,14.3,LV,Away,14.5,11-07-23,9,False,0,142,23,18,0,17.98,0.0,0.0,3.8,19.6,0.4,22.8,90.2,0.2,131.7,0.0,0.0,27.0,180.0,2.0,156.0,587.0,3.0,16.4625,0.0,0.0,3.375,22.5,0.25,19.5,73.375,16.4625
932,Saquon Barkley,NYG,RB,L 17-49,7.1,Dal,Away,38.0,11-14-23,10,False,0,142,23,8,0,13.959999999999999,0.0,0.0,2.8,12.8,0.2,22.0,90.8,0.0,138.8,0.0,0.0,28.0,175.0,2.0,169.0,653.0,3.0,15.422222222222224,0.0,0.0,3.111111111111111,19.444444444444443,0.2222222222222222,18.77777777777778,72.55555555555556,15.422222222222224
420,Saquon Barkley,NYG,RB,W 31-19,30.0,Wsh,Away,1.0,11-21-23,11,False,0,142,23,31,0,17.2,0.0,0.0,2.8,23.2,0.6,20.0,88.8,0.0,168.8,0.0,0.0,32.0,232.0,4.0,183.0,736.0,3.0,16.880000000000003,0.0,0.0,3.2,23.2,0.4,18.3,73.6,16.880000000000003
1034,Saquon Barkley,NYG,RB,W 10-7,6.2,NE,Home,45.0,11-28-23,12,False,0,142,23,21,1,14.679999999999998,0.0,0.0,2.4,16.2,0.4,18.2,82.6,0.0,175.0,0.0,0.0,33.0,238.0,4.0,195.0,782.0,3.0,15.909090909090908,0.0,0.0,3.0,21.636363636363637,0.36363636363636365,17.727272727272727,71.0909090909091,15.909090909090908
689,Saquon Barkley,NYG,RB,W 24-22,23.1,GB,Home,4.0,12-12-23,14,False,0,142,23,11,1,16.14,0.0,0.0,2.4,19.2,0.4,15.0,74.2,0.4,198.1,0.0,0.0,36.0,253.0,4.0,215.0,868.0,5.0,16.508333333333333,0.0,0.0,3.0,21.083333333333332,0.3333333333333333,17.916666666666668,72.33333333333333,16.508333333333333
1457,Saquon Barkley,NYG,RB,L 6-24,5.7,NO,Away,45.0,12-19-23,15,False,0,142,23,22,0,14.420000000000002,0.0,0.0,2.2,19.2,0.4,13.6,59.0,0.4,203.8,0.0,0.0,38.0,276.0,4.0,224.0,882.0,5.0,15.676923076923078,0.0,0.0,2.923076923076923,21.23076923076923,0.3076923076923077,17.23076923076923,67.84615384615384,15.676923076923078
1100,Saquon Barkley,NYG,RB,L 25-33,19.4,Phi,Away,9.0,12-26-23,16,False,0,142,23,25,0,16.880000000000003,0.0,0.0,2.6,21.0,0.4,15.6,61.8,0.6,223.2,0.0,0.0,41.0,280.0,4.0,247.0,962.0,6.0,15.942857142857141,0.0,0.0,2.9285714285714284,20.0,0.2857142857142857,17.642857142857142,68.71428571428571,15.942857142857141
156,Sean Tucker,TB,RB,W 20-17,4.4,Min,Away,48.5,09-12-23,1,False,0,143,29,20,0,4.4,0.0,0.0,2.0,9.0,0.0,5.0,15.0,0.0,4.4,0.0,0.0,2.0,9.0,0.0,5.0,15.0,0.0,4.4,0.0,0.0,2.0,9.0,0.0,5.0,15.0,4.4
1373,Sean Tucker,TB,RB,W 27-17,0.7,Chi,Home,70.0,09-19-23,2,False,0,143,29,5,1,2.5500000000000003,0.0,0.0,1.0,4.5,0.0,6.5,11.0,0.0,5.1000000000000005,0.0,0.0,2.0,9.0,0.0,13.0,22.0,0.0,2.5500000000000003,0.0,0.0,1.0,4.5,0.0,6.5,11.0,2.5500000000000003
299,Sean Tucker,TB,RB,L 11-25,0.1,Phi,Home,81.0,09-26-23,3,False,0,143,29,25,1,1.7333333333333334,0.0,0.0,0.6666666666666666,3.0,0.0,5.0,7.666666666666667,0.0,5.2,0.0,0.0,2.0,9.0,0.0,15.0,23.0,0.0,1.7333333333333334,0.0,0.0,0.6666666666666666,3.0,0.0,5.0,7.666666666666667,1.7333333333333334
83,Sean Tucker,TB,RB,W 26-9,0.0,NO,Away,93.5,10-03-23,4,False,0,143,29,22,0,1.3,0.0,0.0,0.5,2.25,0.0,3.75,5.75,0.0,5.2,0.0,0.0,2.0,9.0,0.0,15.0,23.0,0.0,1.3,0.0,0.0,0.5,2.25,0.0,3.75,5.75,1.3
1814,Sean Tucker,TB,RB,L 6-20,0.0,Det,Home,93.0,10-17-23,6,False,0,143,29,10,1,1.04,0.0,0.0,0.4,1.8,0.0,3.0,4.6,0.0,5.2,0.0,0.0,2.0,9.0,0.0,15.0,23.0,0.0,1.04,0.0,0.0,0.4,1.8,0.0,3.0,4.6,1.04
1705,Sean Tucker,TB,RB,L 13-16,0.0,Atl,Home,76.0,10-24-23,7,False,0,143,29,1,1,0.15999999999999998,0.0,0.0,0.0,0.0,0.0,2.0,1.6,0.0,5.2,0.0,0.0,2.0,9.0,0.0,15.0,23.0,0.0,0.8666666666666667,0.0,0.0,0.3333333333333333,1.5,0.0,2.5,3.8333333333333335,0.8666666666666667
970,Sean Tucker,TB,RB,W 20-6,0.0,Ten,Home,83.0,11-14-23,10,False,0,143,29,30,1,0.02,0.0,0.0,0.0,0.0,0.0,0.4,0.2,0.0,5.2,0.0,0.0,2.0,9.0,0.0,15.0,23.0,0.0,0.7428571428571429,0.0,0.0,0.2857142857142857,1.2857142857142858,0.0,2.142857142857143,3.2857142857142856,0.7428571428571429
494,Sean Tucker,TB,RB,L 14-27,0.0,SF,Away,80.0,11-21-23,11,False,0,143,29,27,0,0.0,0.0,0.0,0.0,0.0,0.0,0.0,0.0,0.0,5.2,0.0,0.0,2.0,9.0,0.0,15.0,23.0,0.0,0.65,0.0,0.0,0.25,1.125,0.0,1.875,2.875,0.65
1077,Sean Tucker,TB,RB,L 20-27,0.0,Ind,Away,90.0,11-28-23,12,False,0,143,29,13,0,0.0,0.0,0.0,0.0,0.0,0.0,0.0,0.0,0.0,5.2,0.0,0.0,2.0,9.0,0.0,15.0,23.0,0.0,0.5777777777777778,0.0,0.0,0.2222222222222222,1.0,0.0,1.6666666666666667,2.5555555555555554,0.5777777777777778
584,Sean Tucker,TB,RB,W 21-18,0.0,Car,Home,72.0,12-05-23,13,False,0,143,29,4,1,0.0,0.0,0.0,0.0,0.0,0.0,0.0,0.0,0.0,5.2,0.0,0.0,2.0,9.0,0.0,15.0,23.0,0.0,0.52,0.0,0.0,0.2,0.9,0.0,1.5,2.3,0.52
770,Sean Tucker,TB,RB,W 29-25,0.0,Atl,Away,89.5,12-12-23,14,False,0,143,29,1,0,0.0,0.0,0.0,0.0,0.0,0.0,0.0,0.0,0.0,5.2,0.0,0.0,2.0,9.0,0.0,15.0,23.0,0.0,0.4727272727272727,0.0,0.0,0.18181818181818182,0.8181818181818182,0.0,1.3636363636363635,2.090909090909091,0.4727272727272727
1258,Tank Bigsby,Jax,RB,W 26-0,3.2,Car,Home,59.5,01-02-24,17,False,0,144,14,4,1,3.2,0.0,0.0,0.0,0.0,0.0,10.0,32.0,0.0,3.2,0.0,0.0,0.0,0.0,0.0,10.0,32.0,0.0,3.2,0.0,0.0,0.0,0.0,0.0,10.0,32.0,3.2
851,Tank Bigsby,Jax,RB,L 20-28,1.6,Ten,Away,63.5,01-09-24,18,False,0,144,14,30,0,2.4000000000000004,0.0,0.0,0.0,0.0,0.0,6.5,24.0,0.0,4.800000000000001,0.0,0.0,0.0,0.0,0.0,13.0,48.0,0.0,2.4000000000000004,0.0,0.0,0.0,0.0,0.0,6.5,24.0,2.4000000000000004
152,Tank Bigsby,Jax,RB,W 31-21,5.3,Ind,Away,44.5,09-12-23,1,False,0,144,14,13,0,3.3666666666666667,0.0,0.0,0.0,0.0,0.0,6.666666666666667,20.333333333333332,0.3333333333333333,10.1,0.0,0.0,0.0,0.0,0.0,20.0,61.0,1.0,3.3666666666666667,0.0,0.0,0.0,0.0,0.0,6.666666666666667,20.333333333333332,3.3666666666666667
1386,Tank Bigsby,Jax,RB,L 9-17,0.0,KC,Home,96.0,09-19-23,2,False,0,144,14,15,1,2.525,0.0,0.0,0.0,0.0,0.0,5.0,15.25,0.25,10.1,0.0,0.0,0.0,0.0,0.0,20.0,61.0,1.0,2.525,0.0,0.0,0.0,0.0,0.0,5.0,15.25,2.525
253,Tank Bigsby,Jax,RB,L 17-37,7.0,Hou,Home,34.5,09-26-23,3,False,0,144,14,12,1,3.4200000000000004,0.0,0.0,0.0,0.0,0.0,4.4,14.2,0.4,17.1,0.0,0.0,0.0,0.0,0.0,22.0,71.0,2.0,3.4200000000000004,0.0,0.0,0.0,0.0,0.0,4.4,14.2,3.4200000000000004
73,Tank Bigsby,Jax,RB,W 23-7,1.0,Atl,Home,74.0,10-03-23,4,False,0,144,14,1,1,2.98,0.0,0.0,0.0,0.0,0.0,3.0,9.8,0.4,18.1,0.0,0.0,0.0,0.0,0.0,25.0,81.0,2.0,3.016666666666667,0.0,0.0,0.0,0.0,0.0,4.166666666666667,13.5,3.016666666666667
393,Tank Bigsby,Jax,RB,W 25-20,0.8,Buf,Away,66.0,10-10-23,5,False,0,144,14,3,0,2.82,0.0,0.0,0.0,0.0,0.0,3.0,8.2,0.4,18.9,0.0,0.0,0.0,0.0,0.0,28.0,89.0,2.0,2.6999999999999997,0.0,0.0,0.0,0.0,0.0,4.0,12.714285714285714,2.6999999999999997
1792,Tank Bigsby,Jax,RB,W 37-20,1.8,Ind,Home,66.0,10-17-23,6,False,0,144,14,13,1,2.12,0.0,0.0,0.2,1.2,0.0,2.2,6.0,0.2,20.7,0.0,0.0,1.0,6.0,0.0,31.0,91.0,2.0,2.5875,0.0,0.0,0.125,0.75,0.0,3.875,11.375,2.5875
1695,Tank Bigsby,Jax,RB,W 31-24,0.2,NO,Away,61.5,10-24-23,7,False,0,144,14,22,0,2.16,0.0,0.0,0.2,1.2,0.0,2.6,6.4,0.2,20.9,0.0,0.0,1.0,6.0,0.0,33.0,93.0,2.0,2.322222222222222,0.0,0.0,0.1111111111111111,0.6666666666666666,0.0,3.6666666666666665,10.333333333333334,2.322222222222222
1634,Tank Bigsby,Jax,RB,W 20-10,-1.1,Pit,Away,112.0,10-31-23,8,False,0,144,14,26,0,0.54,0.0,0.0,0.2,1.2,0.0,2.8,6.2,0.0,19.8,0.0,0.0,1.0,6.0,0.0,36.0,102.0,2.0,1.98,0.0,0.0,0.1,0.6,0.0,3.6,10.2,1.98
958,Tank Bigsby,Jax,RB,L 3-34,0.5,SF,Home,65.0,11-14-23,10,False,0,144,14,27,1,0.44000000000000006,0.0,0.0,0.2,1.2,0.0,2.8,5.2,0.0,20.3,0.0,0.0,1.0,6.0,0.0,39.0,107.0,2.0,1.8454545454545455,0.0,0.0,0.09090909090909091,0.5454545454545454,0.0,3.5454545454545454,9.727272727272727,1.8454545454545455
476,Tank Bigsby,Jax,RB,W 34-14,2.1,Ten,Home,57.0,11-21-23,11,False,0,144,14,30,1,0.7,0.0,0.0,0.2,1.2,0.0,4.0,7.8,0.0,22.4,0.0,0.0,1.0,6.0,0.0,48.0,128.0,2.0,1.8666666666666665,0.0,0.0,0.08333333333333333,0.5,0.0,4.0,10.666666666666666,1.8666666666666665
1062,Tank Bigsby,Jax,RB,W 24-21,0.6,Hou,Away,73.5,11-28-23,12,False,0,144,14,12,0,0.45999999999999996,0.0,0.0,0.0,0.0,0.0,3.6,8.6,0.0,23.0,0.0,0.0,1.0,6.0,0.0,49.0,134.0,2.0,1.7692307692307692,0.0,0.0,0.07692307692307693,0.46153846153846156,0.0,3.769230769230769,10.307692307692308,1.7692307692307692
578,Tank Bigsby,Jax,RB,L 31-34,0.0,Cin,Home,72.0,12-05-23,13,False,0,144,14,6,1,0.41999999999999993,0.0,0.0,0.0,0.0,0.0,3.2,8.2,0.0,23.0,0.0,0.0,1.0,6.0,0.0,49.0,134.0,2.0,1.6428571428571428,0.0,0.0,0.07142857142857142,0.42857142857142855,0.0,3.5,9.571428571428571,1.6428571428571428
765,Tank Bigsby,Jax,RB,L 27-31,0.0,Cle,Away,89.5,12-12-23,14,False,0,144,14,7,0,0.64,0.0,0.0,0.0,0.0,0.0,2.6,6.4,0.0,23.0,0.0,0.0,1.0,6.0,0.0,49.0,134.0,2.0,1.5333333333333334,0.0,0.0,0.06666666666666667,0.4,0.0,3.2666666666666666,8.933333333333334,1.5333333333333334
1520,Tank Bigsby,Jax,RB,L 7-23,-0.2,Bal,Home,108.5,12-19-23,15,False,0,144,14,2,1,0.5000000000000001,0.0,0.0,0.0,0.0,0.0,2.2,5.0,0.0,22.8,0.0,0.0,1.0,6.0,0.0,50.0,132.0,2.0,1.425,0.0,0.0,0.0625,0.375,0.0,3.125,8.25,1.425
1173,Tank Bigsby,Jax,RB,L 12-30,0.0,TB,Away,92.0,12-26-23,16,False,0,144,14,29,0,0.07999999999999995,0.0,0.0,0.0,0.0,0.0,0.4,0.8,0.0,22.8,0.0,0.0,1.0,6.0,0.0,50.0,132.0,2.0,1.3411764705882354,0.0,0.0,0.058823529411764705,0.35294117647058826,0.0,2.9411764705882355,7.764705882352941,1.3411764705882354
188,Tony Jones Jr.,Ari,RB,L 16-20,0.5,Wsh,Away,81.0,09-12-23,1,False,0,145,0,31,0,0.5,0.0,0.0,0.0,0.0,0.0,1.0,5.0,0.0,0.5,0.0,0.0,0.0,0.0,0.0,1.0,5.0,0.0,0.5,0.0,0.0,0.0,0.0,0.0,1.0,5.0,0.5
1319,Tony Jones Jr.,Ari,RB,L 28-31,15.4,NYG,Home,16.0,09-19-23,2,False,0,145,0,23,1,7.95,0.0,0.0,0.0,0.0,0.0,6.5,19.5,1.0,15.9,0.0,0.0,0.0,0.0,0.0,13.0,39.0,2.0,7.95,0.0,0.0,0.0,0.0,0.0,6.5,19.5,7.95
243,Tony Jones Jr.,Ari,RB,W 28-16,9.2,Dal,Home,24.5,09-26-23,3,False,0,145,0,8,1,8.366666666666667,0.0,0.0,1.3333333333333333,7.0,0.0,7.0,23.333333333333332,0.6666666666666666,25.1,0.0,0.0,4.0,21.0,0.0,21.0,70.0,2.0,8.366666666666667,0.0,0.0,1.3333333333333333,7.0,0.0,7.0,23.333333333333332,8.366666666666667
81,Tony Jones Jr.,Ari,RB,L 16-35,0.0,SF,Away,93.5,10-03-23,4,False,0,145,0,27,0,6.275,0.0,0.0,1.0,5.25,0.0,5.25,17.5,0.5,25.1,0.0,0.0,4.0,21.0,0.0,21.0,70.0,2.0,6.275,0.0,0.0,1.0,5.25,0.0,5.25,17.5,6.275
644,Tony Jones Jr.,Ari,RB,L 0-27,2.7,Cle,Away,51.5,11-07-23,9,False,0,145,0,7,0,5.5600000000000005,0.0,0.0,1.2,5.2,0.0,4.8,14.4,0.4,27.8,0.0,0.0,6.0,26.0,0.0,24.0,72.0,2.0,5.5600000000000005,0.0,0.0,1.2,5.2,0.0,4.8,14.4,5.5600000000000005
953,Tony Jones Jr.,Ari,RB,W 25-23,1.3,Atl,Home,59.5,11-14-23,10,False,0,145,0,1,1,5.720000000000001,0.0,0.0,1.2,5.2,0.0,4.8,16.0,0.4,29.1,0.0,0.0,6.0,26.0,0.0,25.0,85.0,2.0,4.8500000000000005,0.0,0.0,1.0,4.333333333333333,0.0,4.166666666666667,14.166666666666666,4.8500000000000005
466,Tony Jones Jr.,Ari,RB,L 16-21,3.1,Hou,Away,47.5,11-21-23,11,False,0,145,0,12,0,3.2600000000000002,0.0,0.0,1.4,7.4,0.0,2.6,11.2,0.0,32.2,0.0,0.0,7.0,37.0,0.0,26.0,95.0,2.0,4.6000000000000005,0.0,0.0,1.0,5.285714285714286,0.0,3.7142857142857144,13.571428571428571,4.6000000000000005
1246,Tony Pollard,Dal,RB,W 20-19,5.9,Det,Home,47.0,01-02-24,17,False,0,146,8,10,1,5.9,0.0,0.0,1.0,0.0,0.0,16.0,49.0,0.0,5.9,0.0,0.0,1.0,0.0,0.0,16.0,49.0,0.0,5.9,0.0,0.0,1.0,0.0,0.0,16.0,49.0,5.9
799,Tony Pollard,Dal,RB,W 38-10,16.6,Wsh,Away,12.0,01-09-24,18,False,0,146,8,31,0,11.25,0.0,0.0,1.5,8.0,0.0,16.5,59.5,0.5,22.5,0.0,0.0,3.0,16.0,0.0,33.0,119.0,1.0,11.25,0.0,0.0,1.5,8.0,0.0,16.5,59.5,11.25
112,Tony Pollard,Dal,RB,W 40-0,22.2,NYG,Away,5.0,09-12-23,1,False,0,146,8,23,0,14.9,0.0,0.0,1.6666666666666667,9.333333333333334,0.0,15.666666666666666,63.0,1.0,44.7,0.0,0.0,5.0,28.0,0.0,47.0,189.0,3.0,14.9,0.0,0.0,1.6666666666666667,9.333333333333334,0.0,15.666666666666666,63.0,14.9
1314,Tony Pollard,Dal,RB,W 30-10,19.9,NYJ,Home,11.5,09-19-23,2,False,0,146,8,24,1,16.15,0.0,0.0,3.0,16.25,0.0,18.0,65.25,0.75,64.6,0.0,0.0,12.0,65.0,0.0,72.0,261.0,3.0,16.15,0.0,0.0,3.0,16.25,0.0,18.0,65.25,16.15
231,Tony Pollard,Dal,RB,L 16-28,15.1,Ari,Away,13.0,09-26-23,3,False,0,146,8,0,0,15.940000000000001,0.0,0.0,3.0,12.8,0.0,19.0,76.6,0.6,79.7,0.0,0.0,15.0,64.0,0.0,95.0,383.0,3.0,15.940000000000001,0.0,0.0,3.0,12.8,0.0,19.0,76.6,15.940000000000001
25,Tony Pollard,Dal,RB,W 38-3,9.0,NE,Home,26.5,10-03-23,4,False,0,146,8,21,1,16.56,0.0,0.0,3.4,15.4,0.0,18.0,76.2,0.6,88.7,0.0,0.0,18.0,77.0,0.0,106.0,430.0,3.0,14.783333333333333,0.0,0.0,3.0,12.833333333333334,0.0,17.666666666666668,71.66666666666667,14.783333333333333
356,Tony Pollard,Dal,RB,L 10-42,8.4,SF,Away,29.0,10-10-23,5,False,0,146,8,27,0,14.919999999999998,0.0,0.0,3.8,19.2,0.0,16.2,68.0,0.4,97.1,0.0,0.0,22.0,112.0,0.0,114.0,459.0,3.0,13.87142857142857,0.0,0.0,3.142857142857143,16.0,0.0,16.285714285714285,65.57142857142857,13.87142857142857
1737,Tony Pollard,Dal,RB,W 20-17,17.0,LAC,Away,11.0,10-17-23,6,False,0,146,8,16,0,13.879999999999999,0.0,0.0,4.6,32.8,0.0,16.4,60.0,0.0,114.1,0.0,0.0,28.0,192.0,0.0,129.0,489.0,3.0,14.2625,0.0,0.0,3.5,24.0,0.0,16.125,61.125,14.2625
1563,Tony Pollard,Dal,RB,W 43-20,6.5,LAR,Home,41.0,10-31-23,8,False,0,146,8,17,1,11.2,0.0,0.0,3.4,25.8,0.0,13.8,56.2,0.0,120.6,0.0,0.0,29.0,194.0,0.0,141.0,542.0,3.0,13.399999999999999,0.0,0.0,3.2222222222222223,21.555555555555557,0.0,15.666666666666666,60.22222222222222,13.399999999999999
618,Tony Pollard,Dal,RB,L 23-28,9.3,Phi,Away,26.5,11-07-23,9,False,0,146,8,25,0,10.040000000000001,0.0,0.0,3.4,28.4,0.0,11.6,42.0,0.0,129.9,0.0,0.0,32.0,206.0,0.0,153.0,593.0,3.0,12.99,0.0,0.0,3.2,20.6,0.0,15.3,59.3,12.99
936,Tony Pollard,Dal,RB,W 49-17,5.5,NYG,Home,42.0,11-14-23,10,False,0,146,8,23,1,9.34,0.0,0.0,2.8,25.8,0.0,12.4,43.6,0.0,135.4,0.0,0.0,32.0,206.0,0.0,168.0,648.0,3.0,12.30909090909091,0.0,0.0,2.909090909090909,18.727272727272727,0.0,15.272727272727273,58.90909090909091,12.30909090909091
431,Tony Pollard,Dal,RB,W 33-10,18.0,Car,Away,12.0,11-21-23,11,False,0,146,8,4,0,11.26,0.0,0.0,2.8,22.6,0.0,13.2,50.0,0.2,153.4,0.0,0.0,36.0,225.0,0.0,180.0,709.0,4.0,12.783333333333333,0.0,0.0,3.0,18.75,0.0,15.0,59.083333333333336,12.783333333333333
995,Tony Pollard,Dal,RB,W 45-10,22.3,Wsh,Home,6.0,11-28-23,12,False,0,146,8,31,1,12.319999999999999,0.0,0.0,2.8,11.4,0.0,12.8,59.8,0.4,175.7,0.0,0.0,42.0,249.0,0.0,193.0,788.0,5.0,13.515384615384615,0.0,0.0,3.230769230769231,19.153846153846153,0.0,14.846153846153847,60.61538461538461,13.515384615384615
524,Tony Pollard,Dal,RB,W 41-35,17.3,Sea,Home,12.0,12-05-23,13,False,0,146,8,28,1,14.48,0.0,0.0,3.2,14.0,0.0,14.4,62.8,0.6,193.0,0.0,0.0,45.0,264.0,0.0,213.0,856.0,6.0,13.785714285714286,0.0,0.0,3.2142857142857144,18.857142857142858,0.0,15.214285714285714,61.142857142857146,13.785714285714286
701,Tony Pollard,Dal,RB,W 33-13,16.6,Phi,Home,16.0,12-12-23,14,False,0,146,8,25,1,15.940000000000001,0.0,0.0,4.0,19.0,0.0,15.2,64.4,0.6,209.6,0.0,0.0,52.0,301.0,0.0,229.0,915.0,6.0,13.973333333333333,0.0,0.0,3.466666666666667,20.066666666666666,0.0,15.266666666666667,61.0,13.973333333333333
1448,Tony Pollard,Dal,RB,L 10-31,7.7,Buf,Away,36.0,12-19-23,15,False,0,146,8,3,0,16.380000000000003,0.0,0.0,4.4,20.0,0.0,14.4,63.8,0.6,217.3,0.0,0.0,54.0,306.0,0.0,240.0,967.0,6.0,13.58125,0.0,0.0,3.375,19.125,0.0,15.0,60.4375,13.58125
1138,Tony Pollard,Dal,RB,L 20-22,5.3,Mia,Away,47.5,12-26-23,16,False,0,146,8,19,0,13.84,0.0,0.0,3.8,17.2,0.0,14.4,59.2,0.4,222.6,0.0,0.0,55.0,311.0,0.0,252.0,1005.0,6.0,13.094117647058823,0.0,0.0,3.235294117647059,18.294117647058822,0.0,14.823529411764707,59.11764705882353,13.094117647058823
1205,Travis Etienne Jr.,Jax,RB,W 26-0,25.8,Car,Home,6.0,01-02-24,17,False,0,147,14,4,1,25.8,0.0,0.0,2.0,16.0,0.0,16.0,102.0,2.0,25.8,0.0,0.0,2.0,16.0,0.0,16.0,102.0,2.0,25.8,0.0,0.0,2.0,16.0,0.0,16.0,102.0,25.8
803,Travis Etienne Jr.,Jax,RB,L 20-28,13.7,Ten,Away,16.0,01-09-24,18,False,0,147,14,30,0,19.75,0.0,0.0,3.5,23.0,0.0,16.0,79.5,1.0,39.5,0.0,0.0,7.0,46.0,0.0,32.0,159.0,2.0,19.75,0.0,0.0,3.5,23.0,0.0,16.0,79.5,19.75
113,Travis Etienne Jr.,Jax,RB,W 31-21,21.4,Ind,Away,6.0,09-12-23,1,False,0,147,14,13,0,20.3,0.0,0.0,4.0,24.333333333333332,0.0,16.666666666666668,78.66666666666667,1.0,60.9,0.0,0.0,12.0,73.0,0.0,50.0,236.0,3.0,20.3,0.0,0.0,4.0,24.333333333333332,0.0,16.666666666666668,78.66666666666667,20.3
1341,Travis Etienne Jr.,Jax,RB,L 9-17,6.2,KC,Home,39.0,09-19-23,2,False,0,147,14,15,1,16.775,0.0,0.0,3.5,18.75,0.0,15.5,69.0,0.75,67.1,0.0,0.0,14.0,75.0,0.0,62.0,276.0,3.0,16.775,0.0,0.0,3.5,18.75,0.0,15.5,69.0,16.775
226,Travis Etienne Jr.,Jax,RB,L 17-37,17.8,Hou,Home,8.5,09-26-23,3,False,0,147,14,12,1,16.98,0.0,0.0,3.6,25.0,0.0,16.2,72.8,0.6,84.9,0.0,0.0,18.0,125.0,0.0,81.0,364.0,3.0,16.98,0.0,0.0,3.6,25.0,0.0,16.2,72.8,16.98
21,Travis Etienne Jr.,Jax,RB,W 23-7,10.2,Atl,Home,22.0,10-03-23,4,False,0,147,14,1,1,13.86,0.0,0.0,3.8,25.2,0.0,17.0,63.4,0.2,95.1,0.0,0.0,21.0,142.0,0.0,101.0,419.0,3.0,15.85,0.0,0.0,3.5,23.666666666666668,0.0,16.833333333333332,69.83333333333333,15.85
328,Travis Etienne Jr.,Jax,RB,W 25-20,36.4,Buf,Away,1.0,10-10-23,5,False,0,147,14,3,0,18.4,0.0,0.0,3.6,28.8,0.0,19.0,79.2,0.6,131.5,0.0,0.0,25.0,190.0,0.0,127.0,555.0,5.0,18.785714285714285,0.0,0.0,3.5714285714285716,27.142857142857142,0.0,18.142857142857142,79.28571428571429,18.785714285714285
1728,Travis Etienne Jr.,Jax,RB,W 37-20,23.3,Ind,Home,2.0,10-17-23,6,False,0,147,14,13,1,18.779999999999998,0.0,0.0,3.2,29.0,0.0,19.0,74.8,0.8,154.8,0.0,0.0,28.0,218.0,0.0,145.0,610.0,7.0,19.35,0.0,0.0,3.5,27.25,0.0,18.125,76.25,19.35
1638,Travis Etienne Jr.,Jax,RB,W 31-24,22.7,NO,Away,4.0,10-24-23,7,False,0,147,14,22,0,22.080000000000002,0.0,0.0,3.4,33.4,0.0,19.4,77.4,1.2,177.5,0.0,0.0,31.0,242.0,0.0,159.0,663.0,9.0,19.72222222222222,0.0,0.0,3.4444444444444446,26.88888888888889,0.0,17.666666666666668,73.66666666666667,19.72222222222222
1527,Travis Etienne Jr.,Jax,RB,W 20-10,25.9,Pit,Away,5.0,10-31-23,8,False,0,147,14,26,0,23.7,0.0,0.0,3.2,37.4,0.2,20.4,75.6,1.2,203.4,0.0,0.0,34.0,312.0,1.0,183.0,742.0,9.0,20.34,0.0,0.0,3.4,31.2,0.1,18.3,74.2,20.34
933,Travis Etienne Jr.,Jax,RB,L 3-34,6.4,SF,Home,39.0,11-14-23,10,False,0,147,14,27,1,22.94,0.0,0.0,3.0,35.8,0.2,18.2,71.6,1.2,209.8,0.0,0.0,36.0,321.0,1.0,192.0,777.0,9.0,19.072727272727274,0.0,0.0,3.272727272727273,29.181818181818183,0.09090909090909091,17.454545454545453,70.63636363636364,19.072727272727274
443,Travis Etienne Jr.,Jax,RB,W 34-14,8.9,Ten,Home,24.0,11-21-23,11,False,0,147,14,30,1,17.44,0.0,0.0,2.8,27.6,0.2,15.8,54.8,0.8,218.7,0.0,0.0,39.0,328.0,1.0,206.0,829.0,9.0,18.224999999999998,0.0,0.0,3.25,27.333333333333332,0.08333333333333333,17.166666666666668,69.08333333333333,18.224999999999998
1009,Travis Etienne Jr.,Jax,RB,W 24-21,12.6,Hou,Away,20.0,11-28-23,12,False,0,147,14,12,0,15.3,0.0,0.0,3.0,28.0,0.2,16.2,55.0,0.4,231.3,0.0,0.0,43.0,358.0,1.0,226.0,885.0,9.0,17.792307692307695,0.0,0.0,3.3076923076923075,27.53846153846154,0.07692307692307693,17.384615384615383,68.07692307692308,17.792307692307695
523,Travis Etienne Jr.,Jax,RB,L 31-34,17.9,Cin,Home,11.0,12-05-23,13,False,0,147,14,6,1,14.339999999999998,0.0,0.0,3.2,30.0,0.2,15.6,53.4,0.2,249.2,0.0,0.0,47.0,392.0,1.0,237.0,930.0,10.0,17.8,0.0,0.0,3.357142857142857,28.0,0.07142857142857142,16.928571428571427,66.42857142857143,17.8
700,Travis Etienne Jr.,Jax,RB,L 27-31,17.2,Cle,Away,14.5,12-12-23,14,False,0,147,14,7,0,12.6,0.0,0.0,3.4,23.4,0.0,13.6,44.6,0.4,266.4,0.0,0.0,51.0,429.0,1.0,251.0,965.0,11.0,17.759999999999998,0.0,0.0,3.4,28.6,0.06666666666666667,16.733333333333334,64.33333333333333,17.759999999999998
1437,Travis Etienne Jr.,Jax,RB,L 7-23,9.9,Bal,Home,25.5,12-19-23,15,False,0,147,14,2,1,13.3,0.0,0.0,3.8,27.2,0.0,13.8,43.8,0.4,276.3,0.0,0.0,55.0,457.0,1.0,261.0,996.0,11.0,17.26875,0.0,0.0,3.4375,28.5625,0.0625,16.3125,62.25,17.26875
1137,Travis Etienne Jr.,Jax,RB,L 12-30,6.1,TB,Away,46.0,12-26-23,16,False,0,147,14,29,0,12.739999999999998,0.0,0.0,3.8,29.6,0.0,12.2,35.8,0.4,282.4,0.0,0.0,58.0,476.0,1.0,267.0,1008.0,11.0,16.61176470588235,0.0,0.0,3.411764705882353,28.0,0.058823529411764705,15.705882352941176,59.294117647058826,16.61176470588235
1293,Travis Homer,Chi,RB,W 37-17,0.0,Atl,Home,92.5,01-02-24,17,False,0,148,5,1,1,0.0,0.0,0.0,0.0,0.0,0.0,0.0,0.0,0.0,0.0,0.0,0.0,0.0,0.0,0.0,0.0,0.0,0.0,0.0,0.0,0.0,0.0,0.0,0.0,0.0,0.0,0.0
872,Travis Homer,Chi,RB,L 9-17,0.0,GB,Away,88.5,01-09-24,18,False,0,148,5,11,0,0.0,0.0,0.0,0.0,0.0,0.0,0.0,0.0,0.0,0.0,0.0,0.0,0.0,0.0,0.0,0.0,0.0,0.0,0.0,0.0,0.0,0.0,0.0,0.0,0.0,0.0,0.0
204,Travis Homer,Chi,RB,L 20-38,0.0,GB,Home,96.0,09-12-23,1,False,0,148,5,11,1,0.0,0.0,0.0,0.0,0.0,0.0,0.0,0.0,0.0,0.0,0.0,0.0,0.0,0.0,0.0,0.0,0.0,0.0,0.0,0.0,0.0,0.0,0.0,0.0,0.0,0.0,0.0
1399,Travis Homer,Chi,RB,L 17-27,0.0,TB,Away,96.0,09-19-23,2,False,0,148,5,29,0,0.0,0.0,0.0,0.0,0.0,0.0,0.0,0.0,0.0,0.0,0.0,0.0,0.0,0.0,0.0,0.0,0.0,0.0,0.0,0.0,0.0,0.0,0.0,0.0,0.0,0.0,0.0
313,Travis Homer,Chi,RB,L 10-41,0.0,KC,Away,95.5,09-26-23,3,False,0,148,5,15,0,0.0,0.0,0.0,0.0,0.0,0.0,0.0,0.0,0.0,0.0,0.0,0.0,0.0,0.0,0.0,0.0,0.0,0.0,0.0,0.0,0.0,0.0,0.0,0.0,0.0,0.0,0.0
95,Travis Homer,Chi,RB,L 28-31,0.0,Den,Home,93.5,10-03-23,4,False,0,148,5,9,1,0.0,0.0,0.0,0.0,0.0,0.0,0.0,0.0,0.0,0.0,0.0,0.0,0.0,0.0,0.0,0.0,0.0,0.0,0.0,0.0,0.0,0.0,0.0,0.0,0.0,0.0,0.0
410,Travis Homer,Chi,RB,W 40-20,0.0,Wsh,Away,81.0,10-10-23,5,False,0,148,5,31,0,0.0,0.0,0.0,0.0,0.0,0.0,0.0,0.0,0.0,0.0,0.0,0.0,0.0,0.0,0.0,0.0,0.0,0.0,0.0,0.0,0.0,0.0,0.0,0.0,0.0,0.0,0.0
1710,Travis Homer,Chi,RB,W 30-12,0.0,LV,Home,76.0,10-24-23,7,False,0,148,5,18,1,0.0,0.0,0.0,0.0,0.0,0.0,0.0,0.0,0.0,0.0,0.0,0.0,0.0,0.0,0.0,0.0,0.0,0.0,0.0,0.0,0.0,0.0,0.0,0.0,0.0,0.0,0.0
1616,Travis Homer,Chi,RB,L 13-30,0.0,LAC,Away,97.0,10-31-23,8,False,0,148,5,16,0,0.0,0.0,0.0,0.0,0.0,0.0,0.0,0.0,0.0,0.0,0.0,0.0,0.0,0.0,0.0,0.0,0.0,0.0,0.0,0.0,0.0,0.0,0.0,0.0,0.0,0.0,0.0
671,Travis Homer,Chi,RB,L 17-24,0.0,NO,Away,82.5,11-07-23,9,False,0,148,5,22,0,0.0,0.0,0.0,0.0,0.0,0.0,0.0,0.0,0.0,0.0,0.0,0.0,0.0,0.0,0.0,0.0,0.0,0.0,0.0,0.0,0.0,0.0,0.0,0.0,0.0,0.0,0.0
977,Travis Homer,Chi,RB,W 16-13,0.0,Car,Home,83.0,11-14-23,10,False,0,148,5,4,1,0.0,0.0,0.0,0.0,0.0,0.0,0.0,0.0,0.0,0.0,0.0,0.0,0.0,0.0,0.0,0.0,0.0,0.0,0.0,0.0,0.0,0.0,0.0,0.0,0.0,0.0,0.0
498,Travis Homer,Chi,RB,L 26-31,0.0,Det,Away,80.0,11-21-23,11,False,0,148,5,10,0,0.0,0.0,0.0,0.0,0.0,0.0,0.0,0.0,0.0,0.0,0.0,0.0,0.0,0.0,0.0,0.0,0.0,0.0,0.0,0.0,0.0,0.0,0.0,0.0,0.0,0.0,0.0
1082,Travis Homer,Chi,RB,W 12-10,0.0,Min,Away,90.0,11-28-23,12,False,0,148,5,20,0,0.0,0.0,0.0,0.0,0.0,0.0,0.0,0.0,0.0,0.0,0.0,0.0,0.0,0.0,0.0,0.0,0.0,0.0,0.0,0.0,0.0,0.0,0.0,0.0,0.0,0.0,0.0
773,Travis Homer,Chi,RB,W 28-13,0.0,Det,Home,89.5,12-12-23,14,False,0,148,5,10,1,0.0,0.0,0.0,0.0,0.0,0.0,0.0,0.0,0.0,0.0,0.0,0.0,0.0,0.0,0.0,0.0,0.0,0.0,0.0,0.0,0.0,0.0,0.0,0.0,0.0,0.0,0.0
1505,Travis Homer,Chi,RB,L 17-20,0.0,Cle,Away,94.0,12-19-23,15,False,0,148,5,7,0,0.0,0.0,0.0,0.0,0.0,0.0,0.0,0.0,0.0,0.0,0.0,0.0,0.0,0.0,0.0,0.0,0.0,0.0,0.0,0.0,0.0,0.0,0.0,0.0,0.0,0.0,0.0
1182,Travis Homer,Chi,RB,W 27-16,0.0,Ari,Home,92.0,12-26-23,16,False,0,148,5,0,1,0.0,0.0,0.0,0.0,0.0,0.0,0.0,0.0,0.0,0.0,0.0,0.0,0.0,0.0,0.0,0.0,0.0,0.0,0.0,0.0,0.0,0.0,0.0,0.0,0.0,0.0,0.0
1279,Trayveon Williams,Cin,RB,L 17-25,0.2,KC,Away,79.5,01-02-24,17,False,0,149,6,15,0,0.2,0.0,0.0,0.0,0.0,0.0,1.0,2.0,0.0,0.2,0.0,0.0,0.0,0.0,0.0,1.0,2.0,0.0,0.2,0.0,0.0,0.0,0.0,0.0,1.0,2.0,0.2
894,Trayveon Williams,Cin,RB,W 31-14,-0.2,Cle,Home,106.5,01-09-24,18,False,0,149,6,7,1,0.0,0.0,0.0,0.0,0.0,0.0,1.0,0.0,0.0,0.0,0.0,0.0,0.0,0.0,0.0,2.0,0.0,0.0,0.0,0.0,0.0,0.0,0.0,0.0,1.0,0.0,0.0
186,Trayveon Williams,Cin,RB,L 3-24,0.7,Cle,Away,79.5,09-12-23,1,False,0,149,6,7,0,0.2333333333333333,0.0,0.0,0.0,0.0,0.0,1.3333333333333333,2.3333333333333335,0.0,0.7,0.0,0.0,0.0,0.0,0.0,4.0,7.0,0.0,0.2333333333333333,0.0,0.0,0.0,0.0,0.0,1.3333333333333333,2.3333333333333335,0.2333333333333333
1363,Trayveon Williams,Cin,RB,L 24-27,2.4,Bal,Home,59.5,09-19-23,2,False,0,149,6,2,1,0.7749999999999999,0.0,0.0,0.5,1.0,0.0,1.0,1.75,0.0,3.0999999999999996,0.0,0.0,2.0,4.0,0.0,4.0,7.0,0.0,0.7749999999999999,0.0,0.0,0.5,1.0,0.0,1.0,1.75,0.7749999999999999
296,Trayveon Williams,Cin,RB,W 19-16,0.4,LAR,Home,78.0,09-26-23,3,False,0,149,6,17,1,0.7,0.0,0.0,0.4,0.8,0.0,1.0,2.2,0.0,3.5,0.0,0.0,2.0,4.0,0.0,5.0,11.0,0.0,0.7,0.0,0.0,0.4,0.8,0.0,1.0,2.2,0.7
77,Trayveon Williams,Cin,RB,L 3-27,0.4,Ten,Away,78.5,10-03-23,4,False,0,149,6,30,0,0.74,0.0,0.0,0.4,0.8,0.0,1.0,2.6,0.0,3.9000000000000004,0.0,0.0,2.0,4.0,0.0,6.0,15.0,0.0,0.65,0.0,0.0,0.3333333333333333,0.6666666666666666,0.0,1.0,2.5,0.65
394,Trayveon Williams,Cin,RB,W 34-20,0.5,Ari,Away,67.0,10-10-23,5,False,0,149,6,0,0,0.8800000000000001,0.0,0.0,0.4,0.8,0.0,1.0,4.0,0.0,4.4,0.0,0.0,2.0,4.0,0.0,7.0,20.0,0.0,0.6285714285714287,0.0,0.0,0.2857142857142857,0.5714285714285714,0.0,1.0,2.857142857142857,0.6285714285714287
1784,Trayveon Williams,Cin,RB,W 17-13,2.3,Sea,Home,58.5,10-17-23,6,False,0,149,6,28,1,1.2,0.0,0.0,0.8,1.4,0.0,0.6,2.6,0.0,6.7,0.0,0.0,4.0,7.0,0.0,7.0,20.0,0.0,0.8375,0.0,0.0,0.5,0.875,0.0,0.875,2.5,0.8375
1599,Trayveon Williams,Cin,RB,W 31-17,0.6,SF,Away,77.0,10-31-23,8,False,0,149,6,27,0,0.8400000000000001,0.0,0.0,0.4,0.6,0.0,1.0,3.8,0.0,7.3,0.0,0.0,4.0,7.0,0.0,9.0,26.0,0.0,0.8111111111111111,0.0,0.0,0.4444444444444444,0.7777777777777778,0.0,1.0,2.888888888888889,0.8111111111111111
656,Trayveon Williams,Cin,RB,W 24-18,1.3,Buf,Home,63.5,11-07-23,9,False,0,149,6,3,1,1.02,0.0,0.0,0.4,0.6,0.0,1.4,5.6,0.0,8.6,0.0,0.0,4.0,7.0,0.0,12.0,39.0,0.0,0.86,0.0,0.0,0.4,0.7,0.0,1.2,3.9,0.86
955,Trayveon Williams,Cin,RB,L 27-30,1.2,Hou,Home,61.0,11-14-23,10,False,0,149,6,12,1,1.1800000000000002,0.0,0.0,0.6,1.0,0.0,1.2,4.8,0.0,9.8,0.0,0.0,5.0,9.0,0.0,12.0,39.0,0.0,0.890909090909091,0.0,0.0,0.45454545454545453,0.8181818181818182,0.0,1.0909090909090908,3.5454545454545454,0.890909090909091
478,Trayveon Williams,Cin,RB,L 20-34,2.0,Bal,Away,58.5,11-21-23,11,False,0,149,6,2,0,1.48,0.0,0.0,0.6,1.0,0.0,1.4,7.8,0.0,11.8,0.0,0.0,5.0,9.0,0.0,14.0,59.0,0.0,0.9833333333333334,0.0,0.0,0.4166666666666667,0.75,0.0,1.1666666666666667,4.916666666666667,0.9833333333333334
1071,Trayveon Williams,Cin,RB,L 10-16,0.0,Pit,Home,90.0,11-28-23,12,False,0,149,6,26,1,1.02,0.0,0.0,0.2,0.4,0.0,1.4,7.8,0.0,11.8,0.0,0.0,5.0,9.0,0.0,14.0,59.0,0.0,0.9076923076923078,0.0,0.0,0.38461538461538464,0.6923076923076923,0.0,1.0769230769230769,4.538461538461538,0.9076923076923078
582,Trayveon Williams,Cin,RB,W 34-31,0.0,Jax,Away,72.0,12-05-23,13,False,0,149,6,14,0,0.9000000000000001,0.0,0.0,0.2,0.4,0.0,1.0,6.6,0.0,11.8,0.0,0.0,5.0,9.0,0.0,14.0,59.0,0.0,0.8428571428571429,0.0,0.0,0.35714285714285715,0.6428571428571429,0.0,1.0,4.214285714285714,0.8428571428571429
751,Trayveon Williams,Cin,RB,W 34-14,0.9,Ind,Home,66.0,12-12-23,14,False,0,149,6,13,1,0.8200000000000001,0.0,0.0,0.4,0.2,0.0,0.4,4.0,0.0,12.7,0.0,0.0,6.0,8.0,0.0,14.0,59.0,0.0,0.8466666666666666,0.0,0.0,0.4,0.5333333333333333,0.0,0.9333333333333333,3.933333333333333,0.8466666666666666
1477,Trayveon Williams,Cin,RB,W 27-24,2.2,Min,Home,64.0,12-19-23,15,False,0,149,6,20,1,1.02,0.0,0.0,0.4,0.2,0.0,0.6,6.0,0.0,14.9,0.0,0.0,7.0,10.0,0.0,15.0,69.0,0.0,0.93125,0.0,0.0,0.4375,0.625,0.0,0.9375,4.3125,0.93125
1176,Trayveon Williams,Cin,RB,L 11-34,0.0,Pit,Away,92.0,12-26-23,16,False,0,149,6,26,0,0.6200000000000001,0.0,0.0,0.4,0.2,0.0,0.2,2.0,0.0,14.9,0.0,0.0,7.0,10.0,0.0,15.0,69.0,0.0,0.8764705882352941,0.0,0.0,0.4117647058823529,0.5882352941176471,0.0,0.8823529411764706,4.0588235294117645,0.8764705882352941
1245,Trey Sermon,Ind,RB,W 23-20,6.1,LV,Home,46.0,01-02-24,17,False,0,150,13,18,1,6.1,0.0,0.0,2.0,9.0,0.0,5.0,32.0,0.0,6.1,0.0,0.0,2.0,9.0,0.0,5.0,32.0,0.0,6.1,0.0,0.0,2.0,9.0,0.0,5.0,32.0,6.1
280,Trey Sermon,Ind,RB,W 22-19,3.1,Bal,Away,61.5,09-26-23,3,False,0,150,13,2,0,4.6,0.0,0.0,1.5,6.5,0.0,5.0,24.5,0.0,9.2,0.0,0.0,3.0,13.0,0.0,10.0,49.0,0.0,4.6,0.0,0.0,1.5,6.5,0.0,5.0,24.5,4.6
75,Trey Sermon,Ind,RB,L 23-29,0.7,LAR,Home,76.0,10-03-23,4,False,0,150,13,17,1,3.3000000000000003,0.0,0.0,1.0,4.333333333333333,0.0,4.333333333333333,18.666666666666668,0.0,9.9,0.0,0.0,3.0,13.0,0.0,13.0,56.0,0.0,3.3000000000000003,0.0,0.0,1.0,4.333333333333333,0.0,4.333333333333333,18.666666666666668,3.3000000000000003
403,Trey Sermon,Ind,RB,W 23-16,0.0,Ten,Home,81.0,10-10-23,5,False,0,150,13,30,1,2.475,0.0,0.0,0.75,3.25,0.0,3.25,14.0,0.0,9.9,0.0,0.0,3.0,13.0,0.0,13.0,56.0,0.0,2.475,0.0,0.0,0.75,3.25,0.0,3.25,14.0,2.475
1819,Trey Sermon,Ind,RB,L 20-37,0.0,Jax,Away,93.0,10-17-23,6,False,0,150,13,14,0,1.98,0.0,0.0,0.6,2.6,0.0,2.6,11.2,0.0,9.9,0.0,0.0,3.0,13.0,0.0,13.0,56.0,0.0,1.98,0.0,0.0,0.6,2.6,0.0,2.6,11.2,1.98
1712,Trey Sermon,Ind,RB,L 38-39,0.0,Cle,Home,76.0,10-24-23,7,False,0,150,13,7,1,0.76,0.0,0.0,0.2,0.8,0.0,1.6,4.8,0.0,9.9,0.0,0.0,3.0,13.0,0.0,13.0,56.0,0.0,1.6500000000000001,0.0,0.0,0.5,2.1666666666666665,0.0,2.1666666666666665,9.333333333333334,1.6500000000000001
1617,Trey Sermon,Ind,RB,L 27-38,0.0,NO,Home,97.0,10-31-23,8,False,0,150,13,22,1,0.13999999999999999,0.0,0.0,0.0,0.0,0.0,0.6,1.4,0.0,9.9,0.0,0.0,3.0,13.0,0.0,13.0,56.0,0.0,1.4142857142857144,0.0,0.0,0.42857142857142855,1.8571428571428572,0.0,1.8571428571428572,8.0,1.4142857142857144
676,Trey Sermon,Ind,RB,W 27-13,0.0,Car,Away,82.5,11-07-23,9,False,0,150,13,4,0,0.0,0.0,0.0,0.0,0.0,0.0,0.0,0.0,0.0,9.9,0.0,0.0,3.0,13.0,0.0,13.0,56.0,0.0,1.2375,0.0,0.0,0.375,1.625,0.0,1.625,7.0,1.2375
981,Trey Sermon,Ind,RB,W 10-6,0.0,NE,Away,83.0,11-14-23,10,False,0,150,13,21,0,0.0,0.0,0.0,0.0,0.0,0.0,0.0,0.0,0.0,9.9,0.0,0.0,3.0,13.0,0.0,13.0,56.0,0.0,1.1,0.0,0.0,0.3333333333333333,1.4444444444444444,0.0,1.4444444444444444,6.222222222222222,1.1
1068,Trey Sermon,Ind,RB,W 27-20,0.0,TB,Home,90.0,11-28-23,12,False,0,150,13,29,1,0.0,0.0,0.0,0.0,0.0,0.0,0.0,0.0,0.0,9.9,0.0,0.0,3.0,13.0,0.0,13.0,56.0,0.0,0.99,0.0,0.0,0.3,1.3,0.0,1.3,5.6,0.99
581,Trey Sermon,Ind,RB,W 31-28,0.0,Ten,Away,72.0,12-05-23,13,False,0,150,13,30,0,0.0,0.0,0.0,0.0,0.0,0.0,0.0,0.0,0.0,9.9,0.0,0.0,3.0,13.0,0.0,13.0,56.0,0.0,0.9,0.0,0.0,0.2727272727272727,1.1818181818181819,0.0,1.1818181818181819,5.090909090909091,0.9
748,Trey Sermon,Ind,RB,L 14-34,1.3,Cin,Away,63.5,12-12-23,14,False,0,150,13,6,0,0.26,0.0,0.0,0.0,0.0,0.0,0.6,2.6,0.0,11.2,0.0,0.0,3.0,13.0,0.0,16.0,69.0,0.0,0.9333333333333332,0.0,0.0,0.25,1.0833333333333333,0.0,1.3333333333333333,5.75,0.9333333333333332
1442,Trey Sermon,Ind,RB,W 30-13,8.8,Pit,Home,30.0,12-19-23,15,False,0,150,13,26,1,2.0200000000000005,0.0,0.0,0.0,0.0,0.0,4.0,20.2,0.0,20.0,0.0,0.0,3.0,13.0,0.0,33.0,157.0,0.0,1.5384615384615385,0.0,0.0,0.23076923076923078,1.0,0.0,2.5384615384615383,12.076923076923077,1.5384615384615385
1167,Trey Sermon,Ind,RB,L 10-29,0.3,Atl,Away,76.0,12-26-23,16,False,0,150,13,1,0,2.0800000000000005,0.0,0.0,0.0,0.0,0.0,4.4,20.8,0.0,20.3,0.0,0.0,3.0,13.0,0.0,35.0,160.0,0.0,1.45,0.0,0.0,0.21428571428571427,0.9285714285714286,0.0,2.5,11.428571428571429,1.45
1230,Ty Chandler,Min,RB,L 10-33,9.4,GB,Home,31.0,01-02-24,17,False,0,151,20,11,1,9.4,0.0,0.0,3.0,24.0,0.0,10.0,40.0,0.0,9.4,0.0,0.0,3.0,24.0,0.0,10.0,40.0,0.0,9.4,0.0,0.0,3.0,24.0,0.0,10.0,40.0,9.4
813,Ty Chandler,Min,RB,L 20-30,10.9,Det,Away,26.0,01-09-24,18,False,0,151,20,10,0,10.15,0.0,0.0,2.5,22.0,0.0,11.0,54.5,0.0,20.3,0.0,0.0,5.0,44.0,0.0,22.0,109.0,0.0,10.15,0.0,0.0,2.5,22.0,0.0,11.0,54.5,10.15
165,Ty Chandler,Min,RB,L 17-20,2.8,TB,Home,57.5,09-12-23,1,False,0,151,20,29,1,7.7,0.0,0.0,2.0,20.666666666666668,0.0,8.333333333333334,36.333333333333336,0.0,23.1,0.0,0.0,6.0,62.0,0.0,25.0,109.0,0.0,7.7,0.0,0.0,2.0,20.666666666666668,0.0,8.333333333333334,36.333333333333336,7.7
1359,Ty Chandler,Min,RB,L 28-34,2.9,Phi,Away,55.5,09-19-23,2,False,0,151,20,25,0,6.5,0.0,0.0,2.0,17.75,0.0,6.5,27.25,0.0,26.0,0.0,0.0,8.0,71.0,0.0,26.0,109.0,0.0,6.5,0.0,0.0,2.0,17.75,0.0,6.5,27.25,6.5
271,Ty Chandler,Min,RB,L 24-28,4.1,LAC,Home,53.0,09-26-23,3,False,0,151,20,16,1,6.0200000000000005,0.0,0.0,1.8,15.0,0.0,5.8,27.2,0.0,30.1,0.0,0.0,9.0,75.0,0.0,29.0,136.0,0.0,6.0200000000000005,0.0,0.0,1.8,15.0,0.0,5.8,27.2,6.0200000000000005
82,Ty Chandler,Min,RB,W 21-13,0.0,Car,Away,93.5,10-03-23,4,False,0,151,20,4,0,4.140000000000001,0.0,0.0,1.2,10.2,0.0,3.8,19.2,0.0,30.1,0.0,0.0,9.0,75.0,0.0,29.0,136.0,0.0,5.016666666666667,0.0,0.0,1.5,12.5,0.0,4.833333333333333,22.666666666666668,5.016666666666667
388,Ty Chandler,Min,RB,L 20-27,1.5,KC,Home,61.0,10-10-23,5,False,0,151,20,15,1,2.26,0.0,0.0,0.8,6.2,0.0,1.6,8.4,0.0,31.6,0.0,0.0,9.0,75.0,0.0,30.0,151.0,0.0,4.514285714285714,0.0,0.0,1.2857142857142858,10.714285714285714,0.0,4.285714285714286,21.571428571428573,4.514285714285714
1810,Ty Chandler,Min,RB,W 19-13,0.0,Chi,Away,93.0,10-17-23,6,False,0,151,20,5,0,1.7,0.0,0.0,0.6,2.6,0.0,1.0,8.4,0.0,31.6,0.0,0.0,9.0,75.0,0.0,30.0,151.0,0.0,3.95,0.0,0.0,1.125,9.375,0.0,3.75,18.875,3.95
1684,Ty Chandler,Min,RB,W 22-17,2.2,SF,Home,50.0,10-24-23,7,False,0,151,20,27,1,1.56,0.0,0.0,0.4,3.2,0.0,0.8,8.4,0.0,33.8,0.0,0.0,10.0,87.0,0.0,30.0,151.0,0.0,3.755555555555555,0.0,0.0,1.1111111111111112,9.666666666666666,0.0,3.3333333333333335,16.77777777777778,3.755555555555555
1607,Ty Chandler,Min,RB,W 24-10,0.0,GB,Away,97.0,10-31-23,8,False,0,151,20,11,0,0.74,0.0,0.0,0.2,2.4,0.0,0.2,3.0,0.0,33.8,0.0,0.0,10.0,87.0,0.0,30.0,151.0,0.0,3.38,0.0,0.0,1.0,8.7,0.0,3.0,15.1,3.38
665,Ty Chandler,Min,RB,W 31-28,0.0,Atl,Away,82.5,11-07-23,9,False,0,151,20,1,0,0.74,0.0,0.0,0.2,2.4,0.0,0.2,3.0,0.0,33.8,0.0,0.0,10.0,87.0,0.0,30.0,151.0,0.0,3.0727272727272723,0.0,0.0,0.9090909090909091,7.909090909090909,0.0,2.727272727272727,13.727272727272727,3.0727272727272723
922,Ty Chandler,Min,RB,W 27-19,10.5,NO,Home,27.5,11-14-23,10,False,0,151,20,22,1,2.54,0.0,0.0,0.2,2.4,0.0,3.0,9.0,0.2,44.3,0.0,0.0,10.0,87.0,0.0,45.0,196.0,1.0,3.6916666666666664,0.0,0.0,0.8333333333333334,7.25,0.0,3.75,16.333333333333332,3.6916666666666664
434,Ty Chandler,Min,RB,L 20-21,15.0,Den,Away,15.0,11-21-23,11,False,0,151,20,9,0,5.54,0.0,0.0,1.0,9.8,0.0,5.0,23.6,0.2,59.3,0.0,0.0,14.0,124.0,0.0,55.0,269.0,1.0,4.561538461538461,0.0,0.0,1.0769230769230769,9.538461538461538,0.0,4.230769230769231,20.692307692307693,4.561538461538461
1051,Ty Chandler,Min,RB,L 10-12,2.1,Chi,Home,62.5,11-28-23,12,False,0,151,20,5,1,5.5200000000000005,0.0,0.0,1.0,8.0,0.0,5.8,25.2,0.2,61.4,0.0,0.0,15.0,127.0,0.0,59.0,277.0,1.0,4.385714285714285,0.0,0.0,1.0714285714285714,9.071428571428571,0.0,4.214285714285714,19.785714285714285,4.385714285714285
724,Ty Chandler,Min,RB,W 3-0,7.2,LV,Away,40.0,12-12-23,14,False,0,151,20,18,0,6.959999999999999,0.0,0.0,1.6,9.4,0.0,8.2,32.2,0.2,68.6,0.0,0.0,18.0,134.0,0.0,71.0,312.0,1.0,4.573333333333333,0.0,0.0,1.2,8.933333333333334,0.0,4.733333333333333,20.8,4.573333333333333
1416,Ty Chandler,Min,RB,L 24-27,24.7,Cin,Away,4.0,12-19-23,15,False,0,151,20,6,0,11.9,0.0,0.0,2.2,14.4,0.0,12.8,58.6,0.4,93.3,0.0,0.0,21.0,159.0,0.0,94.0,444.0,2.0,5.83125,0.0,0.0,1.3125,9.9375,0.0,5.875,27.75,5.83125
1133,Ty Chandler,Min,RB,L 24-30,7.7,Det,Home,42.0,12-26-23,16,False,0,151,20,10,1,11.34,0.0,0.0,2.2,14.4,0.0,11.4,53.0,0.4,101.0,0.0,0.0,21.0,159.0,0.0,102.0,461.0,3.0,5.9411764705882355,0.0,0.0,1.2352941176470589,9.352941176470589,0.0,6.0,27.11764705882353,5.9411764705882355
1267,Ty Johnson,Buf,RB,W 27-21,2.2,NE,Home,67.5,01-02-24,17,False,0,152,3,21,1,2.2,0.0,0.0,0.0,0.0,0.0,5.0,22.0,0.0,2.2,0.0,0.0,0.0,0.0,0.0,5.0,22.0,0.0,2.2,0.0,0.0,0.0,0.0,0.0,5.0,22.0,2.2
841,Ty Johnson,Buf,RB,W 21-14,2.4,Mia,Away,54.0,01-09-24,18,False,0,152,3,19,0,2.3,0.0,0.0,0.5,4.5,0.0,3.0,13.5,0.0,4.6,0.0,0.0,1.0,9.0,0.0,6.0,27.0,0.0,2.3,0.0,0.0,0.5,4.5,0.0,3.0,13.5,2.3
1718,Ty Johnson,Buf,RB,L 25-29,0.0,NE,Away,76.0,10-24-23,7,False,0,152,3,21,0,1.5333333333333332,0.0,0.0,0.3333333333333333,3.0,0.0,2.0,9.0,0.0,4.6,0.0,0.0,1.0,9.0,0.0,6.0,27.0,0.0,1.5333333333333332,0.0,0.0,0.3333333333333333,3.0,0.0,2.0,9.0,1.5333333333333332
1625,Ty Johnson,Buf,RB,W 24-18,0.0,TB,Home,97.0,10-31-23,8,False,0,152,3,29,1,1.15,0.0,0.0,0.25,2.25,0.0,1.5,6.75,0.0,4.6,0.0,0.0,1.0,9.0,0.0,6.0,27.0,0.0,1.15,0.0,0.0,0.25,2.25,0.0,1.5,6.75,1.15
681,Ty Johnson,Buf,RB,L 18-24,0.0,Cin,Away,82.5,11-07-23,9,False,0,152,3,6,0,0.9199999999999999,0.0,0.0,0.2,1.8,0.0,1.2,5.4,0.0,4.6,0.0,0.0,1.0,9.0,0.0,6.0,27.0,0.0,0.9199999999999999,0.0,0.0,0.2,1.8,0.0,1.2,5.4,0.9199999999999999
964,Ty Johnson,Buf,RB,L 22-24,0.2,Den,Home,69.0,11-14-23,10,False,0,152,3,9,1,0.52,0.0,0.0,0.2,1.8,0.0,0.4,1.4,0.0,4.8,0.0,0.0,1.0,9.0,0.0,7.0,29.0,0.0,0.7999999999999999,0.0,0.0,0.16666666666666666,1.5,0.0,1.1666666666666667,4.833333333333333,0.7999999999999999
435,Ty Johnson,Buf,RB,W 32-6,14.8,NYJ,Home,16.0,11-21-23,11,False,0,152,3,24,1,3.0,0.0,0.0,0.6,9.4,0.2,0.8,2.6,0.0,19.6,0.0,0.0,4.0,56.0,1.0,10.0,40.0,0.0,2.8000000000000003,0.0,0.0,0.5714285714285714,8.0,0.14285714285714285,1.4285714285714286,5.714285714285714,2.8000000000000003
1053,Ty Johnson,Buf,RB,L 34-37,1.9,Phi,Away,64.0,11-28-23,12,False,0,152,3,25,0,3.38,0.0,0.0,0.6,9.4,0.2,2.0,6.4,0.0,21.5,0.0,0.0,4.0,56.0,1.0,16.0,59.0,0.0,2.6875,0.0,0.0,0.5,7.0,0.125,2.0,7.375,2.6875
733,Ty Johnson,Buf,RB,W 20-17,4.1,KC,Away,48.0,12-12-23,14,False,0,152,3,15,0,4.2,0.0,0.0,1.0,9.8,0.2,3.0,10.2,0.0,25.6,0.0,0.0,6.0,58.0,1.0,21.0,78.0,0.0,2.8444444444444446,0.0,0.0,0.6666666666666666,6.444444444444445,0.1111111111111111,2.3333333333333335,8.666666666666666,2.8444444444444446
1452,Ty Johnson,Buf,RB,W 31-10,6.8,Dal,Home,40.0,12-19-23,15,False,0,152,3,8,1,5.5600000000000005,0.0,0.0,1.2,10.6,0.2,4.8,21.0,0.0,32.4,0.0,0.0,7.0,62.0,1.0,30.0,132.0,0.0,3.2399999999999998,0.0,0.0,0.7,6.2,0.1,3.0,13.2,3.2399999999999998
161,Ty Montgomery II,NE,RB,L 20-25,3.6,Phi,Home,54.0,09-12-23,1,False,0,153,21,25,1,3.6,0.0,0.0,2.0,9.0,0.0,1.0,7.0,0.0,3.6,0.0,0.0,2.0,9.0,0.0,1.0,7.0,0.0,3.6,0.0,0.0,2.0,9.0,0.0,1.0,7.0,3.6
1391,Ty Montgomery II,NE,RB,L 17-24,0.0,Mia,Home,96.0,09-19-23,2,False,0,153,21,19,1,1.8,0.0,0.0,1.0,4.5,0.0,0.5,3.5,0.0,3.6,0.0,0.0,2.0,9.0,0.0,1.0,7.0,0.0,1.8,0.0,0.0,1.0,4.5,0.0,0.5,3.5,1.8
306,Ty Montgomery II,NE,RB,W 15-10,0.0,NYJ,Away,95.5,09-26-23,3,False,0,153,21,24,0,1.2,0.0,0.0,0.6666666666666666,3.0,0.0,0.3333333333333333,2.3333333333333335,0.0,3.6,0.0,0.0,2.0,9.0,0.0,1.0,7.0,0.0,1.2,0.0,0.0,0.6666666666666666,3.0,0.0,0.3333333333333333,2.3333333333333335,1.2
89,Ty Montgomery II,NE,RB,L 3-38,0.0,Dal,Away,93.5,10-03-23,4,False,0,153,21,8,0,0.9,0.0,0.0,0.5,2.25,0.0,0.25,1.75,0.0,3.6,0.0,0.0,2.0,9.0,0.0,1.0,7.0,0.0,0.9,0.0,0.0,0.5,2.25,0.0,0.25,1.75,0.9
389,Ty Montgomery II,NE,RB,L 0-34,1.5,NO,Home,61.0,10-10-23,5,False,0,153,21,22,1,1.02,0.0,0.0,0.6,2.8,0.0,0.4,1.4,0.0,5.1,0.0,0.0,3.0,14.0,0.0,2.0,7.0,0.0,1.02,0.0,0.0,0.6,2.8,0.0,0.4,1.4,1.02
1791,Ty Montgomery II,NE,RB,L 17-21,1.9,LV,Away,64.0,10-17-23,6,False,0,153,21,18,0,0.6799999999999999,0.0,0.0,0.4,2.8,0.0,0.2,0.0,0.0,7.0,0.0,0.0,4.0,23.0,0.0,2.0,7.0,0.0,1.1666666666666667,0.0,0.0,0.6666666666666666,3.8333333333333335,0.0,0.3333333333333333,1.1666666666666667,1.1666666666666667
1707,Ty Montgomery II,NE,RB,W 29-25,0.0,Buf,Home,76.0,10-24-23,7,False,0,153,21,3,1,0.6799999999999999,0.0,0.0,0.4,2.8,0.0,0.2,0.0,0.0,7.0,0.0,0.0,4.0,23.0,0.0,2.0,7.0,0.0,1.0,0.0,0.0,0.5714285714285714,3.2857142857142856,0.0,0.2857142857142857,1.0,1.0
1613,Ty Montgomery II,NE,RB,L 17-31,0.0,Mia,Away,97.0,10-31-23,8,False,0,153,21,19,0,0.6799999999999999,0.0,0.0,0.4,2.8,0.0,0.2,0.0,0.0,7.0,0.0,0.0,4.0,23.0,0.0,2.0,7.0,0.0,0.875,0.0,0.0,0.5,2.875,0.0,0.25,0.875,0.875
668,Ty Montgomery II,NE,RB,L 17-20,0.0,Wsh,Home,82.5,11-07-23,9,False,0,153,21,31,1,0.6799999999999999,0.0,0.0,0.4,2.8,0.0,0.2,0.0,0.0,7.0,0.0,0.0,4.0,23.0,0.0,2.0,7.0,0.0,0.7777777777777778,0.0,0.0,0.4444444444444444,2.5555555555555554,0.0,0.2222222222222222,0.7777777777777778,0.7777777777777778
971,Ty Montgomery II,NE,RB,L 6-10,0.0,Ind,Home,83.0,11-14-23,10,False,0,153,21,13,1,0.38,0.0,0.0,0.2,1.8,0.0,0.0,0.0,0.0,7.0,0.0,0.0,4.0,23.0,0.0,2.0,7.0,0.0,0.7,0.0,0.0,0.4,2.3,0.0,0.2,0.7,0.7
1076,Ty Montgomery II,NE,RB,L 7-10,0.0,NYG,Away,90.0,11-28-23,12,False,0,153,21,23,0,0.0,0.0,0.0,0.0,0.0,0.0,0.0,0.0,0.0,7.0,0.0,0.0,4.0,23.0,0.0,2.0,7.0,0.0,0.6363636363636364,0.0,0.0,0.36363636363636365,2.090909090909091,0.0,0.18181818181818182,0.6363636363636364,0.6363636363636364
1242,Tyjae Spears,Ten,RB,L 3-26,6.9,Hou,Away,42.5,01-02-24,17,False,0,154,30,12,0,6.9,0.0,0.0,4.0,29.0,0.0,6.0,0.0,0.0,6.9,0.0,0.0,4.0,29.0,0.0,6.0,0.0,0.0,6.9,0.0,0.0,4.0,29.0,0.0,6.0,0.0,6.9
795,Tyjae Spears,Ten,RB,W 28-20,21.6,Jax,Home,8.0,01-09-24,18,False,0,154,30,14,1,14.25,0.0,0.0,3.5,35.0,0.5,4.5,12.5,0.5,28.5,0.0,0.0,7.0,70.0,1.0,9.0,25.0,1.0,14.25,0.0,0.0,3.5,35.0,0.5,4.5,12.5,14.25
159,Tyjae Spears,Ten,RB,L 15-16,3.8,NO,Away,52.5,09-12-23,1,False,0,154,30,22,0,10.766666666666666,0.0,0.0,2.6666666666666665,23.666666666666668,0.3333333333333333,4.0,17.333333333333332,0.3333333333333333,32.3,0.0,0.0,8.0,71.0,1.0,12.0,52.0,1.0,10.766666666666666,0.0,0.0,2.6666666666666665,23.666666666666668,0.3333333333333333,4.0,17.333333333333332,10.766666666666666
1335,Tyjae Spears,Ten,RB,W 27-24,7.5,LAC,Home,32.0,09-19-23,2,False,0,154,30,16,1,9.95,0.0,0.0,2.5,19.25,0.25,5.0,25.25,0.25,39.8,0.0,0.0,10.0,77.0,1.0,20.0,101.0,1.0,9.95,0.0,0.0,2.5,19.25,0.25,5.0,25.25,9.95
268,Tyjae Spears,Ten,RB,L 3-27,4.9,Cle,Away,49.5,09-26-23,3,False,0,154,30,7,0,8.940000000000001,0.0,0.0,2.8,16.0,0.2,4.8,21.4,0.2,44.7,0.0,0.0,14.0,80.0,1.0,24.0,107.0,1.0,8.940000000000001,0.0,0.0,2.8,16.0,0.2,4.8,21.4,8.940000000000001
28,Tyjae Spears,Ten,RB,W 27-3,8.8,Cin,Home,29.0,10-03-23,4,False,0,154,30,6,1,9.32,0.0,0.0,2.6,13.8,0.2,4.6,29.4,0.2,53.5,0.0,0.0,17.0,98.0,1.0,29.0,147.0,1.0,8.916666666666666,0.0,0.0,2.8333333333333335,16.333333333333332,0.16666666666666666,4.833333333333333,24.5,8.916666666666666
336,Tyjae Spears,Ten,RB,L 16-23,16.9,Ind,Away,9.0,10-10-23,5,False,0,154,30,13,0,8.379999999999999,0.0,0.0,2.8,12.6,0.0,5.4,31.2,0.2,70.4,0.0,0.0,21.0,133.0,1.0,36.0,181.0,2.0,10.057142857142859,0.0,0.0,3.0,19.0,0.14285714285714285,5.142857142857143,25.857142857142858,10.057142857142859
1756,Tyjae Spears,Ten,RB,L 16-24,7.3,Bal,Home,30.0,10-17-23,6,False,0,154,30,2,1,9.08,0.0,0.0,2.8,22.0,0.0,5.6,28.8,0.2,77.7,0.0,0.0,22.0,181.0,1.0,40.0,196.0,2.0,9.7125,0.0,0.0,2.75,22.625,0.125,5.0,24.5,9.7125
1562,Tyjae Spears,Ten,RB,W 28-23,6.6,Atl,Home,40.0,10-31-23,8,False,0,154,30,1,1,8.9,0.0,0.0,3.0,22.6,0.0,4.6,24.4,0.2,84.3,0.0,0.0,25.0,190.0,1.0,43.0,223.0,2.0,9.366666666666667,0.0,0.0,2.7777777777777777,21.11111111111111,0.1111111111111111,4.777777777777778,24.77777777777778,9.366666666666667
628,Tyjae Spears,Ten,RB,L 16-20,6.2,Pit,Away,35.5,11-07-23,9,False,0,154,30,26,0,9.16,0.0,0.0,3.0,22.8,0.0,4.8,26.8,0.2,90.5,0.0,0.0,29.0,194.0,1.0,48.0,241.0,2.0,9.05,0.0,0.0,2.9,19.4,0.1,4.8,24.1,9.05
924,Tyjae Spears,Ten,RB,L 6-20,10.0,TB,Away,30.0,11-14-23,10,False,0,154,30,29,0,9.4,0.0,0.0,3.2,27.6,0.0,4.8,22.4,0.2,100.5,0.0,0.0,33.0,236.0,1.0,53.0,259.0,2.0,9.136363636363637,0.0,0.0,3.0,21.454545454545453,0.09090909090909091,4.818181818181818,23.545454545454547,9.136363636363637
459,Tyjae Spears,Ten,RB,L 14-34,4.6,Jax,Away,41.0,11-21-23,11,False,0,154,30,14,0,6.94,0.0,0.0,2.8,23.0,0.0,4.2,18.4,0.0,105.1,0.0,0.0,35.0,248.0,1.0,57.0,273.0,2.0,8.758333333333333,0.0,0.0,2.9166666666666665,20.666666666666668,0.08333333333333333,4.75,22.75,8.758333333333333
1054,Tyjae Spears,Ten,RB,W 17-10,1.7,Car,Home,65.0,11-28-23,12,False,0,154,30,4,1,5.819999999999999,0.0,0.0,2.8,13.6,0.0,3.8,16.6,0.0,106.8,0.0,0.0,36.0,249.0,1.0,59.0,279.0,2.0,8.215384615384615,0.0,0.0,2.769230769230769,19.153846153846153,0.07692307692307693,4.538461538461538,21.46153846153846,8.215384615384615
528,Tyjae Spears,Ten,RB,L 28-31,12.8,Ind,Home,16.0,12-05-23,13,False,0,154,30,13,1,7.06,0.0,0.0,3.0,14.4,0.0,6.4,26.2,0.0,119.6,0.0,0.0,40.0,262.0,1.0,75.0,354.0,2.0,8.542857142857143,0.0,0.0,2.857142857142857,18.714285714285715,0.07142857142857142,5.357142857142857,25.285714285714285,8.542857142857143
698,Tyjae Spears,Ten,RB,W 28-27,17.8,Mia,Away,13.0,12-12-23,14,False,0,154,30,19,0,9.379999999999999,0.0,0.0,3.4,31.4,0.0,6.8,28.4,0.0,137.4,0.0,0.0,46.0,351.0,1.0,82.0,383.0,2.0,9.16,0.0,0.0,3.066666666666667,23.4,0.06666666666666667,5.466666666666667,25.533333333333335,9.16
1460,Tyjae Spears,Ten,RB,L 16-19,4.7,Hou,Home,48.0,12-19-23,15,False,0,154,30,12,1,8.32,0.0,0.0,2.8,24.4,0.0,7.6,30.8,0.0,142.1,0.0,0.0,47.0,358.0,1.0,91.0,413.0,2.0,8.88125,0.0,0.0,2.9375,22.375,0.0625,5.6875,25.8125,8.88125
1114,Tyjae Spears,Ten,RB,L 17-20,11.7,Sea,Home,23.0,12-26-23,16,False,0,154,30,28,1,9.739999999999998,0.0,0.0,3.4,27.4,0.0,8.6,36.0,0.0,153.8,0.0,0.0,52.0,385.0,1.0,100.0,453.0,2.0,9.047058823529412,0.0,0.0,3.0588235294117645,22.647058823529413,0.058823529411764705,5.882352941176471,26.647058823529413,9.047058823529412
1214,Tyler Allgeier,Atl,RB,L 17-37,15.8,Chi,Away,15.0,01-02-24,17,False,0,155,1,5,0,15.8,0.0,0.0,1.0,75.0,1.0,5.0,13.0,0.0,15.8,0.0,0.0,1.0,75.0,1.0,5.0,13.0,0.0,15.8,0.0,0.0,1.0,75.0,1.0,5.0,13.0,15.8
824,Tyler Allgeier,Atl,RB,L 17-48,6.4,NO,Away,37.0,01-09-24,18,False,0,155,1,22,0,11.100000000000001,0.0,0.0,2.0,42.5,0.5,5.5,18.5,0.0,22.200000000000003,0.0,0.0,4.0,85.0,1.0,11.0,37.0,0.0,11.100000000000001,0.0,0.0,2.0,42.5,0.5,5.5,18.5,11.100000000000001
111,Tyler Allgeier,Atl,RB,W 24-10,24.4,Car,Home,4.0,09-12-23,1,False,0,155,1,4,1,15.533333333333333,0.0,0.0,2.3333333333333335,34.666666666666664,0.3333333333333333,8.666666666666666,37.333333333333336,0.6666666666666666,46.6,0.0,0.0,7.0,104.0,1.0,26.0,112.0,2.0,15.533333333333333,0.0,0.0,2.3333333333333335,34.666666666666664,0.3333333333333333,8.666666666666666,37.333333333333336,15.533333333333333
1352,Tyler Allgeier,Atl,RB,W 25-24,4.8,GB,Home,49.0,09-19-23,2,False,0,155,1,11,1,12.85,0.0,0.0,1.75,26.0,0.25,10.5,40.0,0.5,51.4,0.0,0.0,7.0,104.0,1.0,42.0,160.0,2.0,12.85,0.0,0.0,1.75,26.0,0.25,10.5,40.0,12.85
267,Tyler Allgeier,Atl,RB,L 6-20,4.9,Det,Away,49.5,09-26-23,3,False,0,155,1,10,0,11.260000000000002,0.0,0.0,1.8,24.2,0.2,9.8,34.4,0.4,56.300000000000004,0.0,0.0,9.0,121.0,1.0,49.0,172.0,2.0,11.260000000000002,0.0,0.0,1.8,24.2,0.2,9.8,34.4,11.260000000000002
65,Tyler Allgeier,Atl,RB,L 7-23,2.2,Jax,Away,66.5,10-03-23,4,False,0,155,1,14,0,8.54,0.0,0.0,1.8,8.4,0.0,10.2,35.0,0.4,58.5,0.0,0.0,10.0,117.0,1.0,56.0,188.0,2.0,9.75,0.0,0.0,1.6666666666666667,19.5,0.16666666666666666,9.333333333333334,31.333333333333332,9.75
361,Tyler Allgeier,Atl,RB,W 21-19,6.0,Hou,Home,34.0,10-10-23,5,False,0,155,1,12,1,8.459999999999999,0.0,0.0,1.2,6.4,0.0,12.4,38.2,0.4,64.5,0.0,0.0,10.0,117.0,1.0,73.0,228.0,2.0,9.214285714285714,0.0,0.0,1.4285714285714286,16.714285714285715,0.14285714285714285,10.428571428571429,32.57142857142857,9.214285714285714
1767,Tyler Allgeier,Atl,RB,L 16-24,5.1,Wsh,Home,41.0,10-17-23,6,False,0,155,1,31,1,4.6,0.0,0.0,0.6,2.6,0.0,12.0,33.4,0.0,69.6,0.0,0.0,10.0,117.0,1.0,86.0,279.0,2.0,8.7,0.0,0.0,1.25,14.625,0.125,10.75,34.875,8.7
1650,Tyler Allgeier,Atl,RB,W 16-13,14.2,TB,Away,16.0,10-24-23,7,False,0,155,1,29,0,6.4799999999999995,0.0,0.0,1.2,13.2,0.0,13.0,35.6,0.0,83.8,0.0,0.0,13.0,170.0,1.0,107.0,338.0,2.0,9.31111111111111,0.0,0.0,1.4444444444444444,18.88888888888889,0.1111111111111111,11.88888888888889,37.55555555555556,9.31111111111111
1581,Tyler Allgeier,Atl,RB,L 23-28,3.1,Ten,Away,59.0,10-31-23,8,False,0,155,1,30,0,6.12,0.0,0.0,0.8,9.8,0.0,13.2,39.4,0.0,86.9,0.0,0.0,13.0,170.0,1.0,115.0,369.0,2.0,8.690000000000001,0.0,0.0,1.3,17.0,0.1,11.5,36.9,8.690000000000001
612,Tyler Allgeier,Atl,RB,L 28-31,11.0,Min,Home,19.5,11-07-23,9,False,0,155,1,20,1,7.88,0.0,0.0,1.0,8.8,0.0,14.2,44.0,0.2,97.9,0.0,0.0,15.0,161.0,1.0,127.0,408.0,3.0,8.9,0.0,0.0,1.3636363636363635,14.636363636363637,0.09090909090909091,11.545454545454545,37.09090909090909,8.9
937,Tyler Allgeier,Atl,RB,L 23-25,4.8,Ari,Away,43.0,11-14-23,10,False,0,155,1,0,0,7.639999999999999,0.0,0.0,1.2,10.2,0.0,12.6,42.2,0.2,102.7,0.0,0.0,16.0,168.0,1.0,136.0,439.0,3.0,8.558333333333334,0.0,0.0,1.3333333333333333,14.0,0.08333333333333333,11.333333333333334,36.583333333333336,8.558333333333334
1033,Tyler Allgeier,Atl,RB,W 24-15,6.4,NO,Home,44.0,11-28-23,12,False,0,155,1,22,1,7.899999999999999,0.0,0.0,1.2,10.2,0.0,12.0,44.8,0.2,109.1,0.0,0.0,16.0,168.0,1.0,146.0,503.0,3.0,8.392307692307693,0.0,0.0,1.2307692307692308,12.923076923076923,0.07692307692307693,11.23076923076923,38.69230769230769,8.392307692307693
558,Tyler Allgeier,Atl,RB,W 13-8,2.6,NYJ,Away,47.0,12-05-23,13,False,0,155,1,24,0,5.58,0.0,0.0,0.6,-0.4,0.0,9.4,38.2,0.2,111.7,0.0,0.0,16.0,168.0,1.0,154.0,529.0,3.0,7.978571428571429,0.0,0.0,1.1428571428571428,12.0,0.07142857142857142,11.0,37.785714285714285,7.978571428571429
734,Tyler Allgeier,Atl,RB,L 25-29,4.0,TB,Home,49.5,12-12-23,14,False,0,155,1,29,1,5.76,0.0,0.0,0.6,-0.4,0.0,9.6,40.0,0.2,115.7,0.0,0.0,16.0,168.0,1.0,163.0,569.0,3.0,7.713333333333334,0.0,0.0,1.0666666666666667,11.2,0.06666666666666667,10.866666666666667,37.93333333333333,7.713333333333334
1455,Tyler Allgeier,Atl,RB,L 7-9,6.1,Car,Away,43.0,12-19-23,15,False,0,155,1,4,0,4.779999999999999,0.0,0.0,0.4,2.6,0.0,10.0,41.2,0.0,121.8,0.0,0.0,17.0,174.0,1.0,177.0,614.0,3.0,7.6125,0.0,0.0,1.0625,10.875,0.0625,11.0625,38.375,7.6125
1104,Tyler Allgeier,Atl,RB,W 29-10,15.8,Ind,Home,13.0,12-26-23,16,False,0,155,1,13,1,6.980000000000001,0.0,0.0,0.4,5.0,0.0,10.0,48.8,0.2,137.6,0.0,0.0,18.0,193.0,1.0,186.0,683.0,4.0,8.094117647058823,0.0,0.0,1.0588235294117647,11.352941176470589,0.058823529411764705,10.941176470588236,40.1764705882353,8.094117647058823
1277,Tyler Goodson,Ind,RB,W 23-20,0.3,LV,Home,77.5,01-02-24,17,False,0,156,13,18,1,0.3,0.0,0.0,0.0,0.0,0.0,1.0,3.0,0.0,0.3,0.0,0.0,0.0,0.0,0.0,1.0,3.0,0.0,0.3,0.0,0.0,0.0,0.0,0.0,1.0,3.0,0.3
871,Tyler Goodson,Ind,RB,L 19-23,0.0,Hou,Home,88.5,01-09-24,18,False,0,156,13,12,1,0.15,0.0,0.0,0.0,0.0,0.0,0.5,1.5,0.0,0.3,0.0,0.0,0.0,0.0,0.0,1.0,3.0,0.0,0.15,0.0,0.0,0.0,0.0,0.0,0.5,1.5,0.15
553,Tyler Goodson,Ind,RB,W 31-28,3.1,Ten,Away,41.0,12-05-23,13,False,0,156,13,30,0,1.1333333333333333,0.0,0.0,0.6666666666666666,3.6666666666666665,0.0,0.3333333333333333,1.0,0.0,3.4,0.0,0.0,2.0,11.0,0.0,1.0,3.0,0.0,1.1333333333333333,0.0,0.0,0.6666666666666666,3.6666666666666665,0.0,0.3333333333333333,1.0,1.1333333333333333
755,Tyler Goodson,Ind,RB,L 14-34,0.8,Cin,Away,69.0,12-12-23,14,False,0,156,13,6,0,1.05,0.0,0.0,0.75,2.25,0.0,0.25,0.75,0.0,4.2,0.0,0.0,3.0,9.0,0.0,1.0,3.0,0.0,1.05,0.0,0.0,0.75,2.25,0.0,0.25,0.75,1.05
1438,Tyler Goodson,Ind,RB,W 30-13,9.9,Pit,Home,25.5,12-19-23,15,False,0,156,13,26,1,2.8200000000000003,0.0,0.0,1.0,3.8,0.0,2.4,14.4,0.0,14.100000000000001,0.0,0.0,5.0,19.0,0.0,12.0,72.0,0.0,2.8200000000000003,0.0,0.0,1.0,3.8,0.0,2.4,14.4,2.8200000000000003
1144,Tyler Goodson,Ind,RB,L 10-29,4.0,Atl,Away,53.0,12-26-23,16,False,0,156,13,1,0,3.5599999999999996,0.0,0.0,1.2,6.8,0.0,2.4,16.8,0.0,18.1,0.0,0.0,6.0,34.0,0.0,13.0,87.0,0.0,3.016666666666667,0.0,0.0,1.0,5.666666666666667,0.0,2.1666666666666665,14.5,3.016666666666667
201,Tyrion Davis-Price,SF,RB,W 30-7,0.0,Pit,Away,96.0,09-12-23,1,False,0,157,27,26,0,0.0,0.0,0.0,0.0,0.0,0.0,0.0,0.0,0.0,0.0,0.0,0.0,0.0,0.0,0.0,0.0,0.0,0.0,0.0,0.0,0.0,0.0,0.0,0.0,0.0,0.0,0.0
380,Tyrion Davis-Price,SF,RB,W 42-10,2.1,Dal,Home,53.0,10-10-23,5,False,0,157,27,8,1,1.05,0.0,0.0,0.0,0.0,0.0,3.0,10.5,0.0,2.1,0.0,0.0,0.0,0.0,0.0,6.0,21.0,0.0,1.05,0.0,0.0,0.0,0.0,0.0,3.0,10.5,1.05
891,Xazavian Valladay,NYJ,RB,W 17-3,0.0,NE,Away,88.5,01-09-24,18,False,0,158,24,21,0,0.0,0.0,0.0,0.0,0.0,0.0,0.0,0.0,0.0,0.0,0.0,0.0,0.0,0.0,0.0,0.0,0.0,0.0,0.0,0.0,0.0,0.0,0.0,0.0,0.0,0.0,0.0
1232,Zach Charbonnet,Sea,RB,L 23-30,9.1,Pit,Home,33.5,01-02-24,17,False,0,159,28,26,1,9.1,0.0,0.0,5.0,39.0,0.0,2.0,2.0,0.0,9.1,0.0,0.0,5.0,39.0,0.0,2.0,2.0,0.0,9.1,0.0,0.0,5.0,39.0,0.0,2.0,2.0,9.1
821,Zach Charbonnet,Sea,RB,W 21-20,8.0,Ari,Away,33.5,01-09-24,18,False,0,159,28,0,0,8.55,0.0,0.0,3.5,33.5,0.0,3.5,17.0,0.0,17.1,0.0,0.0,7.0,67.0,0.0,7.0,34.0,0.0,8.55,0.0,0.0,3.5,33.5,0.0,3.5,17.0,8.55
180,Zach Charbonnet,Sea,RB,L 13-30,1.1,LAR,Home,73.5,09-12-23,1,False,0,159,28,17,1,6.066666666666666,0.0,0.0,2.3333333333333335,22.333333333333332,0.0,3.3333333333333335,15.0,0.0,18.2,0.0,0.0,7.0,67.0,0.0,10.0,45.0,0.0,6.066666666666666,0.0,0.0,2.3333333333333335,22.333333333333332,0.0,3.3333333333333335,15.0,6.066666666666666
1350,Zach Charbonnet,Sea,RB,W 37-31,5.0,Det,Away,47.0,09-19-23,2,False,0,159,28,10,0,5.8,0.0,0.0,2.25,20.25,0.0,3.5,15.25,0.0,23.2,0.0,0.0,9.0,81.0,0.0,14.0,61.0,0.0,5.8,0.0,0.0,2.25,20.25,0.0,3.5,15.25,5.8
264,Zach Charbonnet,Sea,RB,W 37-27,5.5,Car,Home,46.5,09-26-23,3,False,0,159,28,4,1,5.74,0.0,0.0,2.0,16.0,0.0,4.6,21.4,0.0,28.7,0.0,0.0,10.0,80.0,0.0,23.0,107.0,0.0,5.74,0.0,0.0,2.0,16.0,0.0,4.6,21.4,5.74
45,Zach Charbonnet,Sea,RB,W 24-3,5.0,NYG,Away,46.0,10-03-23,4,False,0,159,28,23,0,4.92,0.0,0.0,1.2,10.0,0.0,5.2,27.2,0.0,33.7,0.0,0.0,11.0,89.0,0.0,28.0,138.0,0.0,5.616666666666667,0.0,0.0,1.8333333333333333,14.833333333333334,0.0,4.666666666666667,23.0,5.616666666666667
1772,Zach Charbonnet,Sea,RB,L 13-17,3.9,Cin,Away,46.0,10-17-23,6,False,0,159,28,6,0,4.1,0.0,0.0,1.2,7.2,0.0,4.6,21.8,0.0,37.6,0.0,0.0,13.0,103.0,0.0,30.0,143.0,0.0,5.371428571428572,0.0,0.0,1.8571428571428572,14.714285714285714,0.0,4.285714285714286,20.428571428571427,5.371428571428572
1554,Zach Charbonnet,Sea,RB,W 24-20,8.4,Cle,Home,32.0,10-31-23,8,False,0,159,28,7,1,5.5600000000000005,0.0,0.0,1.6,9.4,0.0,5.0,30.2,0.0,46.0,0.0,0.0,15.0,114.0,0.0,35.0,196.0,0.0,5.75,0.0,0.0,1.875,14.25,0.0,4.375,24.5,5.75
648,Zach Charbonnet,Sea,RB,L 3-37,2.3,Bal,Away,56.0,11-07-23,9,False,0,159,28,2,0,5.0200000000000005,0.0,0.0,1.4,7.6,0.0,5.0,28.6,0.0,48.3,0.0,0.0,16.0,119.0,0.0,39.0,204.0,0.0,5.366666666666666,0.0,0.0,1.7777777777777777,13.222222222222221,0.0,4.333333333333333,22.666666666666668,5.366666666666666
923,Zach Charbonnet,Sea,RB,W 29-26,10.2,Wsh,Home,29.0,11-14-23,10,False,0,159,28,31,1,5.96,0.0,0.0,2.0,11.4,0.0,4.4,28.2,0.0,58.5,0.0,0.0,20.0,137.0,0.0,45.0,248.0,0.0,5.85,0.0,0.0,2.0,13.7,0.0,4.5,24.8,5.85
437,Zach Charbonnet,Sea,RB,L 16-17,12.9,LAR,Away,18.0,11-21-23,11,False,0,159,28,17,0,7.540000000000001,0.0,0.0,3.0,14.0,0.0,6.4,31.4,0.0,71.4,0.0,0.0,26.0,159.0,0.0,60.0,295.0,0.0,6.490909090909091,0.0,0.0,2.3636363636363638,14.454545454545455,0.0,5.454545454545454,26.818181818181817,6.490909090909091
1018,Zach Charbonnet,Sea,RB,L 13-31,9.8,SF,Home,29.0,11-28-23,12,False,0,159,28,27,1,8.72,0.0,0.0,3.4,13.4,0.0,8.8,39.8,0.0,81.2,0.0,0.0,30.0,170.0,0.0,74.0,342.0,0.0,6.766666666666667,0.0,0.0,2.5,14.166666666666666,0.0,6.166666666666667,28.5,6.766666666666667
525,Zach Charbonnet,Sea,RB,L 35-41,16.9,Dal,Away,13.0,12-05-23,13,False,0,159,28,8,0,10.42,0.0,0.0,3.2,19.0,0.0,11.6,41.2,0.2,98.1,0.0,0.0,31.0,209.0,0.0,93.0,402.0,1.0,7.546153846153846,0.0,0.0,2.3846153846153846,16.076923076923077,0.0,7.153846153846154,30.923076923076923,7.546153846153846
729,Zach Charbonnet,Sea,RB,L 16-28,5.8,SF,Away,44.0,12-12-23,14,False,0,159,28,27,0,11.12,0.0,0.0,3.2,18.8,0.0,12.6,48.4,0.2,103.9,0.0,0.0,32.0,213.0,0.0,102.0,446.0,1.0,7.421428571428572,0.0,0.0,2.2857142857142856,15.214285714285714,0.0,7.285714285714286,31.857142857142858,7.421428571428572
1482,Zach Charbonnet,Sea,RB,W 20-17,1.6,Phi,Home,71.0,12-19-23,15,False,0,159,28,25,1,9.399999999999999,0.0,0.0,2.4,15.2,0.0,12.2,42.8,0.2,105.5,0.0,0.0,32.0,213.0,0.0,106.0,462.0,1.0,7.033333333333333,0.0,0.0,2.1333333333333333,14.2,0.0,7.066666666666666,30.8,7.033333333333333
1165,Zach Charbonnet,Sea,RB,W 20-17,0.6,Ten,Away,73.5,12-26-23,16,False,0,159,28,30,0,6.9399999999999995,0.0,0.0,1.4,10.0,0.0,9.6,33.4,0.2,106.1,0.0,0.0,33.0,209.0,0.0,108.0,462.0,1.0,6.63125,0.0,0.0,2.0625,13.0625,0.0,6.75,28.875,6.63125
857,Zach Evans,LAR,RB,W 21-20,0.3,SF,Away,70.5,01-09-24,18,False,0,160,17,27,0,0.3,0.0,0.0,0.0,0.0,0.0,1.0,3.0,0.0,0.3,0.0,0.0,0.0,0.0,0.0,1.0,3.0,0.0,0.3,0.0,0.0,0.0,0.0,0.0,1.0,3.0,0.3
402,Zach Evans,LAR,RB,L 14-23,0.0,Phi,Home,81.0,10-10-23,5,False,0,160,17,25,1,0.15,0.0,0.0,0.0,0.0,0.0,0.5,1.5,0.0,0.3,0.0,0.0,0.0,0.0,0.0,1.0,3.0,0.0,0.15,0.0,0.0,0.0,0.0,0.0,0.5,1.5,0.15
1801,Zach Evans,LAR,RB,W 26-9,1.0,Ari,Home,75.0,10-17-23,6,False,0,160,17,0,1,0.43333333333333335,0.0,0.0,0.0,0.0,0.0,1.6666666666666667,4.333333333333333,0.0,1.3,0.0,0.0,0.0,0.0,0.0,5.0,13.0,0.0,0.43333333333333335,0.0,0.0,0.0,0.0,0.0,1.6666666666666667,4.333333333333333,0.43333333333333335
1697,Zach Evans,LAR,RB,L 17-24,0.0,Pit,Home,76.0,10-24-23,7,False,0,160,17,26,1,0.325,0.0,0.0,0.0,0.0,0.0,1.25,3.25,0.0,1.3,0.0,0.0,0.0,0.0,0.0,5.0,13.0,0.0,0.325,0.0,0.0,0.0,0.0,0.0,1.25,3.25,0.325
666,Zach Evans,LAR,RB,L 3-20,0.0,GB,Away,82.5,11-07-23,9,False,0,160,17,11,0,0.26,0.0,0.0,0.0,0.0,0.0,1.0,2.6,0.0,1.3,0.0,0.0,0.0,0.0,0.0,5.0,13.0,0.0,0.26,0.0,0.0,0.0,0.0,0.0,1.0,2.6,0.26
488,Zach Evans,LAR,RB,W 17-16,0.0,Sea,Home,80.0,11-21-23,11,False,0,160,17,28,1,0.2,0.0,0.0,0.0,0.0,0.0,1.0,2.0,0.0,1.3,0.0,0.0,0.0,0.0,0.0,6.0,13.0,0.0,0.21666666666666667,0.0,0.0,0.0,0.0,0.0,1.0,2.1666666666666665,0.21666666666666667
1063,Zach Evans,LAR,RB,W 37-14,0.6,Ari,Away,73.5,11-28-23,12,False,0,160,17,0,0,0.32,0.0,0.0,0.0,0.0,0.0,1.6,3.2,0.0,1.9,0.0,0.0,0.0,0.0,0.0,9.0,19.0,0.0,0.2714285714285714,0.0,0.0,0.0,0.0,0.0,1.2857142857142858,2.7142857142857144,0.2714285714285714
579,Zach Evans,LAR,RB,W 36-19,0.0,Cle,Home,72.0,12-05-23,13,False,0,160,17,7,1,0.12,0.0,0.0,0.0,0.0,0.0,0.8,1.2,0.0,1.9,0.0,0.0,0.0,0.0,0.0,9.0,19.0,0.0,0.2375,0.0,0.0,0.0,0.0,0.0,1.125,2.375,0.2375
766,Zach Evans,LAR,RB,L 31-37,0.0,Bal,Away,89.5,12-12-23,14,False,0,160,17,2,0,0.12,0.0,0.0,0.0,0.0,0.0,0.8,1.2,0.0,1.9,0.0,0.0,0.0,0.0,0.0,9.0,19.0,0.0,0.2111111111111111,0.0,0.0,0.0,0.0,0.0,1.0,2.111111111111111,0.2111111111111111
1493,Zach Evans,LAR,RB,W 28-20,0.0,Wsh,Home,94.0,12-19-23,15,False,0,160,17,31,1,0.12,0.0,0.0,0.0,0.0,0.0,0.8,1.2,0.0,1.9,0.0,0.0,0.0,0.0,0.0,9.0,19.0,0.0,0.19,0.0,0.0,0.0,0.0,0.0,0.9,1.9,0.19
837,Zack Moss,Ind,RB,L 19-23,3.0,Hou,Home,50.0,01-09-24,18,False,0,161,13,12,1,3.0,0.0,0.0,0.0,0.0,0.0,6.0,30.0,0.0,3.0,0.0,0.0,0.0,0.0,0.0,6.0,30.0,0.0,3.0,0.0,0.0,0.0,0.0,0.0,6.0,30.0,3.0
1313,Zack Moss,Ind,RB,W 31-20,20.7,Hou,Away,10.0,09-19-23,2,False,0,161,13,12,0,11.85,0.0,0.0,2.0,9.5,0.0,12.0,59.0,0.5,23.7,0.0,0.0,4.0,19.0,0.0,24.0,118.0,1.0,11.85,0.0,0.0,2.0,9.5,0.0,12.0,59.0,11.85
223,Zack Moss,Ind,RB,W 22-19,22.5,Bal,Away,5.0,09-26-23,3,False,0,161,13,2,0,15.4,0.0,0.0,2.0,14.0,0.3333333333333333,18.0,80.0,0.3333333333333333,46.2,0.0,0.0,6.0,42.0,1.0,54.0,240.0,1.0,15.4,0.0,0.0,2.0,14.0,0.3333333333333333,18.0,80.0,15.4
26,Zack Moss,Ind,RB,L 23-29,9.0,LAR,Home,26.5,10-03-23,4,False,0,161,13,17,1,13.8,0.0,0.0,1.5,10.5,0.25,18.0,77.5,0.25,55.2,0.0,0.0,6.0,42.0,1.0,72.0,310.0,1.0,13.8,0.0,0.0,1.5,10.5,0.25,18.0,77.5,13.8
329,Zack Moss,Ind,RB,W 23-16,33.5,Ten,Home,2.0,10-10-23,5,False,0,161,13,30,1,17.740000000000002,0.0,0.0,1.6,14.4,0.2,19.0,95.0,0.6,88.7,0.0,0.0,8.0,72.0,1.0,95.0,475.0,3.0,17.740000000000002,0.0,0.0,1.6,14.4,0.2,19.0,95.0,17.740000000000002
1734,Zack Moss,Ind,RB,L 20-37,17.9,Jax,Away,7.5,10-17-23,6,False,0,161,13,14,0,20.72,0.0,0.0,2.8,22.0,0.2,19.2,93.2,0.8,106.6,0.0,0.0,14.0,110.0,1.0,102.0,496.0,4.0,17.766666666666666,0.0,0.0,2.3333333333333335,18.333333333333332,0.16666666666666666,17.0,82.66666666666667,17.766666666666666
1664,Zack Moss,Ind,RB,L 38-39,7.2,Cle,Home,30.0,10-24-23,7,False,0,161,13,7,1,18.02,0.0,0.0,2.2,19.2,0.2,19.2,87.0,0.6,113.8,0.0,0.0,15.0,115.0,1.0,120.0,553.0,4.0,16.257142857142856,0.0,0.0,2.142857142857143,16.428571428571427,0.14285714285714285,17.142857142857142,79.0,16.257142857142856
1537,Zack Moss,Ind,RB,L 27-38,14.4,NO,Home,14.5,10-31-23,8,False,0,161,13,22,1,16.4,0.0,0.0,2.0,16.2,0.0,15.4,75.8,0.8,128.2,0.0,0.0,16.0,123.0,1.0,131.0,619.0,5.0,16.025,0.0,0.0,2.0,15.375,0.125,16.375,77.375,16.025
645,Zack Moss,Ind,RB,W 27-13,2.6,Car,Away,53.0,11-07-23,9,False,0,161,13,4,0,15.12,0.0,0.0,2.0,16.2,0.0,13.2,67.0,0.8,130.8,0.0,0.0,16.0,123.0,1.0,138.0,645.0,5.0,14.533333333333335,0.0,0.0,1.7777777777777777,13.666666666666666,0.1111111111111111,15.333333333333334,71.66666666666667,14.533333333333335
962,Zack Moss,Ind,RB,W 10-6,0.2,NE,Away,69.0,11-14-23,10,False,0,161,13,21,0,8.459999999999999,0.0,0.0,1.6,10.2,0.0,8.8,34.4,0.4,131.0,0.0,0.0,16.0,123.0,1.0,139.0,647.0,5.0,13.1,0.0,0.0,1.6,12.3,0.1,13.9,64.7,13.1
1022,Zack Moss,Ind,RB,W 27-20,9.0,TB,Home,33.0,11-28-23,12,False,0,161,13,29,1,6.6800000000000015,0.0,0.0,0.8,5.6,0.0,9.0,41.2,0.2,140.0,0.0,0.0,18.0,138.0,1.0,147.0,702.0,5.0,12.727272727272727,0.0,0.0,1.6363636363636365,12.545454545454545,0.09090909090909091,13.363636363636363,63.81818181818182,12.727272727272727
539,Zack Moss,Ind,RB,W 31-28,7.7,Ten,Away,27.0,12-05-23,13,False,0,161,13,30,0,6.780000000000001,0.0,0.0,1.0,5.8,0.0,9.2,40.0,0.2,147.70000000000002,0.0,0.0,20.0,144.0,1.0,166.0,753.0,5.0,12.308333333333335,0.0,0.0,1.6666666666666667,12.0,0.08333333333333333,13.833333333333334,62.75,12.308333333333335
714,Zack Moss,Ind,RB,L 14-34,9.6,Cin,Away,29.5,12-12-23,14,False,0,161,13,6,0,5.82,0.0,0.0,1.6,9.8,0.0,9.6,32.4,0.0,157.3,0.0,0.0,24.0,172.0,1.0,179.0,781.0,5.0,12.100000000000001,0.0,0.0,1.8461538461538463,13.23076923076923,0.07692307692307693,13.76923076923077,60.07692307692308,12.100000000000001
1431,Zack Moss,Ind,RB,W 30-13,12.3,Pit,Home,18.5,12-19-23,15,False,0,161,13,26,1,7.76,0.0,0.0,2.2,13.8,0.2,9.0,29.8,0.0,169.6,0.0,0.0,27.0,192.0,2.0,183.0,794.0,5.0,12.114285714285714,0.0,0.0,1.9285714285714286,13.714285714285714,0.14285714285714285,13.071428571428571,56.714285714285715,12.114285714285714
1215,Zamir White,LV,RB,L 20-23,15.6,Ind,Away,16.0,01-02-24,17,False,0,162,18,13,0,15.6,0.0,0.0,5.0,35.0,0.0,20.0,71.0,0.0,15.6,0.0,0.0,5.0,35.0,0.0,20.0,71.0,0.0,15.6,0.0,0.0,5.0,35.0,0.0,20.0,71.0,15.6
808,Zamir White,LV,RB,W 27-14,13.1,Den,Home,20.0,01-09-24,18,False,0,162,18,9,1,14.35,0.0,0.0,3.0,22.0,0.0,22.5,91.5,0.0,28.7,0.0,0.0,6.0,44.0,0.0,45.0,183.0,0.0,14.35,0.0,0.0,3.0,22.0,0.0,22.5,91.5,14.35
174,Zamir White,LV,RB,W 17-16,1.7,Den,Away,66.5,09-12-23,1,False,0,162,18,9,0,10.133333333333333,0.0,0.0,2.3333333333333335,16.333333333333332,0.0,15.333333333333334,61.666666666666664,0.0,30.4,0.0,0.0,7.0,49.0,0.0,46.0,185.0,0.0,10.133333333333333,0.0,0.0,2.3333333333333335,16.333333333333332,0.0,15.333333333333334,61.666666666666664,10.133333333333333
1382,Zamir White,LV,RB,L 10-38,0.2,Buf,Away,79.5,09-19-23,2,False,0,162,18,3,0,7.6499999999999995,0.0,0.0,1.75,12.25,0.0,12.5,51.75,0.0,30.599999999999998,0.0,0.0,7.0,49.0,0.0,50.0,207.0,0.0,7.6499999999999995,0.0,0.0,1.75,12.25,0.0,12.5,51.75,7.6499999999999995
303,Zamir White,LV,RB,L 18-23,0.0,Pit,Home,95.5,09-26-23,3,False,0,162,18,26,1,6.119999999999999,0.0,0.0,1.4,9.8,0.0,10.0,41.4,0.0,30.599999999999998,0.0,0.0,7.0,49.0,0.0,50.0,207.0,0.0,6.119999999999999,0.0,0.0,1.4,9.8,0.0,10.0,41.4,6.119999999999999
70,Zamir White,LV,RB,L 17-24,1.5,LAC,Away,71.0,10-03-23,4,False,0,162,18,16,0,3.3,0.0,0.0,0.4,2.8,0.0,6.6,30.2,0.0,32.1,0.0,0.0,7.0,49.0,0.0,53.0,222.0,0.0,5.3500000000000005,0.0,0.0,1.1666666666666667,8.166666666666666,0.0,8.833333333333334,37.0,5.3500000000000005
1775,Zamir White,LV,RB,W 21-17,2.9,NE,Home,49.0,10-17-23,6,False,0,162,18,21,1,1.26,0.0,0.0,0.6,2.4,0.0,2.0,8.2,0.0,35.0,0.0,0.0,9.0,56.0,0.0,55.0,224.0,0.0,5.0,0.0,0.0,1.2857142857142858,8.0,0.0,7.857142857142857,32.0,5.0
1671,Zamir White,LV,RB,L 12-30,5.8,Chi,Away,36.5,10-24-23,7,False,0,162,18,5,0,2.0799999999999996,0.0,0.0,1.0,6.6,0.0,2.2,8.2,0.0,40.8,0.0,0.0,12.0,82.0,0.0,57.0,226.0,0.0,5.1,0.0,0.0,1.5,10.25,0.0,7.125,28.25,5.1
1608,Zamir White,LV,RB,L 14-26,0.0,Det,Away,97.0,10-31-23,8,False,0,162,18,10,0,2.04,0.0,0.0,1.0,6.6,0.0,1.4,3.8,0.0,40.8,0.0,0.0,12.0,82.0,0.0,57.0,226.0,0.0,4.533333333333333,0.0,0.0,1.3333333333333333,9.11111111111111,0.0,6.333333333333333,25.11111111111111,4.533333333333333
685,Zamir White,LV,RB,W 30-6,-0.2,NYG,Home,93.0,11-07-23,9,False,0,162,18,23,1,2.0,0.0,0.0,1.0,6.6,0.0,2.2,3.4,0.0,40.6,0.0,0.0,12.0,82.0,0.0,61.0,224.0,0.0,4.0600000000000005,0.0,0.0,1.2,8.2,0.0,6.1,22.4,4.0600000000000005
959,Zamir White,LV,RB,W 16-12,0.5,NYJ,Home,65.0,11-14-23,10,False,0,162,18,24,1,1.8,0.0,0.0,1.0,6.6,0.0,1.8,1.4,0.0,41.1,0.0,0.0,12.0,82.0,0.0,62.0,229.0,0.0,3.7363636363636363,0.0,0.0,1.0909090909090908,7.454545454545454,0.0,5.636363636363637,20.818181818181817,3.7363636363636363
491,Zamir White,LV,RB,L 13-20,0.0,Mia,Away,80.0,11-21-23,11,False,0,162,18,19,0,1.22,0.0,0.0,0.6,5.2,0.0,1.4,1.0,0.0,41.1,0.0,0.0,12.0,82.0,0.0,62.0,229.0,0.0,3.4250000000000003,0.0,0.0,1.0,6.833333333333333,0.0,5.166666666666667,19.083333333333332,3.4250000000000003
1072,Zamir White,LV,RB,L 17-31,0.0,KC,Home,90.0,11-28-23,12,False,0,162,18,15,1,0.06000000000000001,0.0,0.0,0.0,0.0,0.0,1.2,0.6,0.0,41.1,0.0,0.0,12.0,82.0,0.0,63.0,229.0,0.0,3.161538461538462,0.0,0.0,0.9230769230769231,6.3076923076923075,0.0,4.846153846153846,17.615384615384617,3.161538461538462
754,Zamir White,LV,RB,L 0-3,0.8,Min,Home,69.0,12-12-23,14,False,0,162,18,20,1,0.22000000000000003,0.0,0.0,0.0,0.0,0.0,1.6,2.2,0.0,41.9,0.0,0.0,12.0,82.0,0.0,65.0,237.0,0.0,2.992857142857143,0.0,0.0,0.8571428571428571,5.857142857142857,0.0,4.642857142857143,16.928571428571427,2.992857142857143
1424,Zamir White,LV,RB,W 63-21,17.5,LAC,Home,12.0,12-19-23,15,False,0,162,18,16,1,3.7600000000000002,0.0,0.0,0.6,3.2,0.0,4.2,16.4,0.2,59.4,0.0,0.0,15.0,98.0,0.0,82.0,306.0,1.0,3.96,0.0,0.0,1.0,6.533333333333333,0.0,5.466666666666667,20.4,3.96
1108,Zamir White,LV,RB,W 20-14,14.5,KC,Away,16.5,12-26-23,16,False,0,162,18,15,0,6.56,0.0,0.0,0.6,3.2,0.0,8.4,44.4,0.2,73.9,0.0,0.0,15.0,98.0,0.0,104.0,451.0,1.0,4.61875,0.0,0.0,0.9375,6.125,0.0,6.5,28.1875,4.61875
293,Zonovan Knight,Det,RB,W 20-6,1.3,Atl,Home,74.5,09-26-23,3,False,0,163,10,1,1,1.3,0.0,0.0,0.0,0.0,0.0,3.0,13.0,0.0,1.3,0.0,0.0,0.0,0.0,0.0,3.0,13.0,0.0,1.3,0.0,0.0,0.0,0.0,0.0,3.0,13.0,1.3
384,Zonovan Knight,Det,RB,W 42-24,1.8,Car,Home,56.5,10-10-23,5,False,0,163,10,4,1,1.55,0.0,0.0,0.5,4.0,0.0,1.5,6.5,0.0,3.1,0.0,0.0,1.0,8.0,0.0,3.0,13.0,0.0,1.55,0.0,0.0,0.5,4.0,0.0,1.5,6.5,1.55
