,PLAYER NAME,PLAYER TEAM,PLAYER POSITION,STATUS,TOTAL,Opponent,Location,rank,DATE,Week,Free_Agent,did_not_play,Name_Encoded,Team_Encoded,Opponent_Encoded,Home/Away_Encoded,total_5_game_avg,passing_yds_5_game_avg,passing_td_5_game_avg,receiving_rec_5_game_avg,receiving_yds_5_game_avg,receiving_td_5_game_avg,rushing_car_5_game_avg,rushing_yds_5_game_avg,rushing_td_5_game_avg,season_total,season_passing_yds,season_passing_td,season_receiving_rec,season_receiving_yds,season_receiving_td,season_rushing_car,season_rushing_yds,season_rushing_td,season_total_avg,season_passing_yds_avg,season_passing_td_avg,season_receiving_rec_avg,season_receiving_yds_avg,season_receiving_td_avg,season_rushing_car_avg,season_rushing_yds_avg,season_fantasy_points_avg
335,AJ McCarron,Cin,QB,W 31-14,0.8,Cle,Home,34.0,01-09-24,18,False,0,0,6,7,1,0.8,20.0,0.0,0.0,0.0,0.0,0.0,0.0,0.0,0.8,20.0,0.0,0.0,0.0,0.0,0.0,0.0,0.0,0.8,20.0,0.0,0.0,0.0,0.0,0.0,0.0,0.8
300,AJ McCarron,Cin,QB,W 34-14,-0.04,Ind,Home,38.0,12-12-23,14,False,0,0,6,13,1,0.38,9.5,0.0,0.0,0.0,0.0,0.0,0.0,0.0,0.76,19.0,0.0,0.0,0.0,0.0,0.0,0.0,0.0,0.38,9.5,0.0,0.0,0.0,0.0,0.0,0.0,0.38
75,Aaron Rodgers,NYJ,QB,W 22-16,0.0,Buf,Home,36.0,09-12-23,1,False,0,1,24,3,1,0.0,0.0,0.0,0.0,0.0,0.0,0.0,0.0,0.0,0.0,0.0,0.0,0.0,0.0,0.0,0.0,0.0,0.0,0.0,0.0,0.0,0.0,0.0,0.0,0.0,0.0,0.0
468,Aidan O'Connell,LV,QB,L 20-23,20.26,Ind,Away,9.0,01-02-24,17,False,0,2,18,13,0,20.26,299.0,2.0,0.0,0.0,0.0,2.0,3.0,0.0,20.26,299.0,2.0,0.0,0.0,0.0,2.0,3.0,0.0,20.26,299.0,2.0,0.0,0.0,0.0,2.0,3.0,20.26
312,Aidan O'Connell,LV,QB,W 27-14,17.86,Den,Home,11.0,01-09-24,18,False,0,2,18,9,1,19.060000000000002,271.5,2.0,0.0,0.0,0.0,3.0,2.0,0.0,38.120000000000005,543.0,4.0,0.0,0.0,0.0,6.0,4.0,0.0,19.060000000000002,271.5,2.0,0.0,0.0,0.0,3.0,2.0,19.060000000000002
21,Aidan O'Connell,LV,QB,L 17-24,9.82,LAC,Away,22.0,10-03-23,4,False,0,2,18,16,0,15.979999999999999,260.3333333333333,1.3333333333333333,0.0,0.0,0.0,3.0,2.3333333333333335,0.3333333333333333,47.94,781.0,4.0,0.0,0.0,0.0,9.0,7.0,1.0,15.979999999999999,260.3333333333333,1.3333333333333333,0.0,0.0,0.0,3.0,2.3333333333333335,15.979999999999999
649,Aidan O'Connell,LV,QB,L 12-30,5.0,Chi,Away,26.0,10-24-23,7,False,0,2,18,5,0,13.235,214.0,1.25,0.0,0.0,0.0,2.25,1.75,0.25,52.94,856.0,5.0,0.0,0.0,0.0,9.0,7.0,1.0,13.235,214.0,1.25,0.0,0.0,0.0,2.25,1.75,13.235
253,Aidan O'Connell,LV,QB,W 30-6,8.36,NYG,Home,23.0,11-07-23,9,False,0,2,18,23,1,12.26,213.0,1.0,0.0,0.0,0.0,1.8,1.4,0.2,61.3,1065.0,5.0,0.0,0.0,0.0,9.0,7.0,1.0,12.26,213.0,1.0,0.0,0.0,0.0,1.8,1.4,12.26
366,Aidan O'Connell,LV,QB,W 16-12,8.42,NYJ,Home,23.0,11-14-23,10,False,0,2,18,24,1,9.892,183.8,0.8,0.0,0.0,0.0,1.8,1.4,0.2,69.72,1218.0,6.0,0.0,0.0,0.0,11.0,10.0,1.0,11.62,203.0,1.0,0.0,0.0,0.0,1.8333333333333333,1.6666666666666667,11.62
184,Aidan O'Connell,LV,QB,L 13-20,9.14,Mia,Away,24.0,11-21-23,11,False,0,2,18,19,0,8.148,189.2,0.6,0.0,0.0,0.0,1.2,1.8,0.2,78.86,1489.0,7.0,0.0,0.0,0.0,12.0,13.0,1.0,11.265714285714285,212.71428571428572,1.0,0.0,0.0,0.0,1.7142857142857142,1.8571428571428572,11.265714285714285
396,Aidan O'Connell,LV,QB,L 17-31,13.92,KC,Home,15.0,11-28-23,12,False,0,2,18,15,1,8.968,191.2,0.8,0.0,0.0,0.0,0.6,1.2,0.0,92.78,1737.0,8.0,0.0,0.0,0.0,12.0,13.0,1.0,11.5975,217.125,1.0,0.0,0.0,0.0,1.5,1.625,11.5975
289,Aidan O'Connell,LV,QB,L 0-3,5.04,Min,Home,27.0,12-12-23,14,False,0,2,18,20,1,8.976,210.4,0.6,0.0,0.0,0.0,0.8,1.6,0.0,97.82000000000001,1908.0,8.0,0.0,0.0,0.0,13.0,15.0,1.0,10.86888888888889,212.0,0.8888888888888888,0.0,0.0,0.0,1.4444444444444444,1.6666666666666667,10.86888888888889
541,Aidan O'Connell,LV,QB,W 63-21,25.92,LAC,Home,3.0,12-19-23,15,False,0,2,18,16,1,12.488,218.2,1.4,0.0,0.0,0.0,0.8,1.6,0.0,123.74000000000001,2156.0,12.0,0.0,0.0,0.0,13.0,15.0,1.0,12.374,215.6,1.2,0.0,0.0,0.0,1.3,1.5,12.374
455,Aidan O'Connell,LV,QB,W 20-14,2.08,KC,Away,35.0,12-26-23,16,False,0,2,18,15,0,11.22,200.0,1.2,0.0,0.0,0.0,1.2,0.2,0.0,125.82000000000001,2218.0,12.0,0.0,0.0,0.0,17.0,11.0,1.0,11.43818181818182,201.63636363636363,1.0909090909090908,0.0,0.0,0.0,1.5454545454545454,1.0,11.43818181818182
536,Andy Dalton,Car,QB,L 17-20,0.0,NO,Home,34.5,09-19-23,2,False,0,3,4,22,1,0.0,0.0,0.0,0.0,0.0,0.0,0.0,0.0,0.0,0.0,0.0,0.0,0.0,0.0,0.0,0.0,0.0,0.0,0.0,0.0,0.0,0.0,0.0,0.0,0.0,0.0,0.0
88,Andy Dalton,Car,QB,L 27-37,23.54,Sea,Away,7.0,09-26-23,3,False,0,3,4,28,0,11.77,180.5,1.0,0.0,0.0,0.0,1.0,5.5,0.0,23.54,361.0,2.0,0.0,0.0,0.0,2.0,11.0,0.0,11.77,180.5,1.0,0.0,0.0,0.0,1.0,5.5,11.77
155,Andy Dalton,Car,QB,L 24-42,0.1,Det,Away,32.0,10-10-23,5,False,0,3,4,10,0,7.88,120.33333333333333,0.6666666666666666,0.0,0.0,0.0,1.0,4.0,0.0,23.64,361.0,2.0,0.0,0.0,0.0,3.0,12.0,0.0,7.88,120.33333333333333,0.6666666666666666,0.0,0.0,0.0,1.0,4.0,7.88
45,Anthony Richardson,Ind,QB,L 21-31,20.92,Jax,Home,4.0,09-12-23,1,False,0,4,13,14,1,20.92,223.0,1.0,0.0,0.0,0.0,10.0,40.0,1.0,20.92,223.0,1.0,0.0,0.0,0.0,10.0,40.0,1.0,20.92,223.0,1.0,0.0,0.0,0.0,10.0,40.0,20.92
521,Anthony Richardson,Ind,QB,W 31-20,17.74,Hou,Away,19.0,09-19-23,2,False,0,4,13,12,0,19.33,139.5,0.5,0.0,0.0,0.0,6.5,37.5,1.5,38.66,279.0,1.0,0.0,0.0,0.0,13.0,75.0,3.0,19.33,139.5,0.5,0.0,0.0,0.0,6.5,37.5,19.33
1,Anthony Richardson,Ind,QB,L 23-29,29.6,LAR,Home,2.0,10-03-23,4,False,0,4,13,17,1,22.753333333333334,159.66666666666666,1.0,0.0,0.0,0.0,7.666666666666667,43.666666666666664,1.3333333333333333,68.26,479.0,3.0,0.0,0.0,0.0,23.0,131.0,4.0,22.753333333333334,159.66666666666666,1.0,0.0,0.0,0.0,7.666666666666667,43.666666666666664,22.753333333333334
151,Anthony Richardson,Ind,QB,W 23-16,4.42,Ten,Home,28.0,10-10-23,5,False,0,4,13,30,1,18.17,144.25,0.75,0.0,0.0,0.0,6.25,34.0,1.0,72.68,577.0,3.0,0.0,0.0,0.0,25.0,136.0,4.0,18.17,144.25,0.75,0.0,0.0,0.0,6.25,34.0,18.17
482,Bailey Zappe,NE,QB,L 21-27,12.06,Buf,Away,23.0,01-02-24,17,False,0,5,21,3,0,12.06,209.0,0.0,0.0,0.0,0.0,5.0,37.0,1.0,12.06,209.0,0.0,0.0,0.0,0.0,5.0,37.0,1.0,12.06,209.0,0.0,0.0,0.0,0.0,5.0,37.0,12.06
334,Bailey Zappe,NE,QB,L 3-17,0.82,NYJ,Home,33.0,01-09-24,18,False,0,5,21,24,1,6.44,148.5,0.0,0.0,0.0,0.0,4.0,25.0,0.5,12.88,297.0,0.0,0.0,0.0,0.0,8.0,50.0,1.0,6.44,148.5,0.0,0.0,0.0,0.0,4.0,25.0,6.44
31,Bailey Zappe,NE,QB,L 3-38,2.28,Dal,Away,32.0,10-03-23,4,False,0,5,21,8,0,5.053333333333334,118.0,0.0,0.0,0.0,0.0,2.6666666666666665,16.666666666666668,0.3333333333333333,15.16,354.0,0.0,0.0,0.0,0.0,8.0,50.0,1.0,5.053333333333334,118.0,0.0,0.0,0.0,0.0,2.6666666666666665,16.666666666666668,5.053333333333334
153,Bailey Zappe,NE,QB,L 0-34,0.88,NO,Home,30.0,10-10-23,5,False,0,5,21,22,1,4.01,94.0,0.0,0.0,0.0,0.0,2.0,12.5,0.25,16.04,376.0,0.0,0.0,0.0,0.0,8.0,50.0,1.0,4.01,94.0,0.0,0.0,0.0,0.0,2.0,12.5,4.01
381,Bailey Zappe,NE,QB,L 6-10,-1.0,Ind,Home,38.0,11-14-23,10,False,0,5,21,13,1,3.008,80.2,0.0,0.0,0.0,0.0,1.6,10.0,0.2,15.040000000000001,401.0,0.0,0.0,0.0,0.0,8.0,50.0,1.0,3.008,80.2,0.0,0.0,0.0,0.0,1.6,10.0,3.008
414,Bailey Zappe,NE,QB,L 7-10,0.16,NYG,Away,33.0,11-28-23,12,False,0,5,21,23,0,0.6279999999999999,49.2,0.0,0.0,0.0,0.0,0.6,2.6,0.0,15.2,455.0,0.0,0.0,0.0,0.0,8.0,50.0,1.0,2.533333333333333,75.83333333333333,0.0,0.0,0.0,0.0,1.3333333333333333,8.333333333333334,2.533333333333333
218,Bailey Zappe,NE,QB,L 0-6,7.24,LAC,Home,23.0,12-05-23,13,False,0,5,21,16,1,1.9120000000000001,59.8,0.0,0.0,0.0,0.0,0.8,3.2,0.0,22.44,596.0,0.0,0.0,0.0,0.0,12.0,66.0,1.0,3.205714285714286,85.14285714285714,0.0,0.0,0.0,0.0,1.7142857142857142,9.428571428571429,3.205714285714286
269,Bailey Zappe,NE,QB,W 21-18,20.9,Pit,Away,7.0,12-12-23,14,False,0,5,21,26,0,5.636,96.4,0.6,0.0,0.0,0.0,1.4,5.8,0.0,43.34,836.0,3.0,0.0,0.0,0.0,15.0,79.0,1.0,5.4175,104.5,0.375,0.0,0.0,0.0,1.875,9.875,5.4175
566,Bailey Zappe,NE,QB,L 17-27,9.4,KC,Home,28.0,12-19-23,15,False,0,5,21,15,1,7.340000000000001,128.0,0.8,0.0,0.0,0.0,1.6,6.2,0.0,52.74,1016.0,4.0,0.0,0.0,0.0,16.0,81.0,1.0,5.86,112.88888888888889,0.4444444444444444,0.0,0.0,0.0,1.7777777777777777,9.0,5.86
440,Bailey Zappe,NE,QB,W 26-23,16.44,Den,Away,20.0,12-26-23,16,False,0,5,21,9,0,10.828,174.2,1.2,0.0,0.0,0.0,1.8,6.6,0.0,69.18,1272.0,6.0,0.0,0.0,0.0,17.0,83.0,1.0,6.918000000000001,127.2,0.6,0.0,0.0,0.0,1.7,8.3,6.918000000000001
473,Baker Mayfield,TB,QB,L 13-23,16.26,NO,Home,14.0,01-02-24,17,False,0,6,29,22,1,16.26,309.0,2.0,0.0,0.0,0.0,1.0,-1.0,0.0,16.26,309.0,2.0,0.0,0.0,0.0,1.0,-1.0,0.0,16.26,309.0,2.0,0.0,0.0,0.0,1.0,-1.0,16.26
330,Baker Mayfield,TB,QB,W 9-0,6.18,Car,Away,29.0,01-09-24,18,False,0,6,29,4,0,11.22,223.0,1.0,0.0,0.0,0.0,3.0,3.0,0.0,22.44,446.0,2.0,0.0,0.0,0.0,6.0,6.0,0.0,11.22,223.0,1.0,0.0,0.0,0.0,3.0,3.0,11.22
52,Baker Mayfield,TB,QB,W 20-17,16.02,Min,Away,11.0,09-12-23,1,False,0,6,29,20,0,12.82,206.33333333333334,1.3333333333333333,0.0,0.0,0.0,4.666666666666667,5.666666666666667,0.0,38.46,619.0,4.0,0.0,0.0,0.0,14.0,17.0,0.0,12.82,206.33333333333334,1.3333333333333333,0.0,0.0,0.0,4.666666666666667,5.666666666666667,12.82
520,Baker Mayfield,TB,QB,W 27-17,18.38,Chi,Home,18.0,09-19-23,2,False,0,6,29,5,1,14.21,234.0,1.25,0.0,0.0,0.0,5.0,8.5,0.0,56.84,936.0,5.0,0.0,0.0,0.0,20.0,34.0,0.0,14.21,234.0,1.25,0.0,0.0,0.0,5.0,8.5,14.21
106,Baker Mayfield,TB,QB,L 11-25,10.04,Phi,Home,25.0,09-26-23,3,False,0,6,29,25,1,13.376,216.4,1.2,0.0,0.0,0.0,4.2,7.2,0.0,66.88,1082.0,6.0,0.0,0.0,0.0,21.0,36.0,0.0,13.376,216.4,1.2,0.0,0.0,0.0,4.2,7.2,13.376
7,Baker Mayfield,TB,QB,W 26-9,22.94,NO,Away,8.0,10-03-23,4,False,0,6,29,22,0,14.712,203.8,1.4,0.0,0.0,0.0,5.6,13.6,0.0,89.82,1328.0,9.0,0.0,0.0,0.0,29.0,67.0,0.0,14.969999999999999,221.33333333333334,1.5,0.0,0.0,0.0,4.833333333333333,11.166666666666666,14.969999999999999
680,Baker Mayfield,TB,QB,L 6-20,6.84,Det,Home,26.0,10-17-23,6,False,0,6,29,10,1,14.844,217.6,1.4,0.0,0.0,0.0,5.0,13.4,0.0,96.66,1534.0,9.0,0.0,0.0,0.0,31.0,73.0,0.0,13.808571428571428,219.14285714285714,1.2857142857142858,0.0,0.0,0.0,4.428571428571429,10.428571428571429,13.808571428571428
634,Baker Mayfield,TB,QB,L 13-16,16.2,Atl,Home,11.0,10-24-23,7,False,0,6,29,1,1,14.88,238.0,1.2,0.0,0.0,0.0,4.0,17.6,0.0,112.86,1809.0,10.0,0.0,0.0,0.0,34.0,105.0,0.0,14.1075,226.125,1.25,0.0,0.0,0.0,4.25,13.125,14.1075
592,Baker Mayfield,TB,QB,L 18-24,21.38,Buf,Away,10.0,10-31-23,8,False,0,6,29,3,0,15.48,222.0,1.4,0.0,0.0,0.0,3.4,18.0,0.0,134.24,2046.0,12.0,0.0,0.0,0.0,37.0,124.0,0.0,14.915555555555557,227.33333333333334,1.3333333333333333,0.0,0.0,0.0,4.111111111111111,13.777777777777779,14.915555555555557
237,Baker Mayfield,TB,QB,L 37-39,19.0,Hou,Away,7.0,11-07-23,9,False,0,6,29,12,0,17.272,245.8,1.6,0.0,0.0,0.0,4.0,18.4,0.0,153.24,2311.0,14.0,0.0,0.0,0.0,41.0,128.0,0.0,15.324000000000002,231.1,1.4,0.0,0.0,0.0,4.1,12.8,15.324000000000002
354,Baker Mayfield,TB,QB,W 20-6,18.32,Ten,Home,11.0,11-14-23,10,False,0,6,29,30,1,16.348,252.2,1.4,0.0,0.0,0.0,3.0,14.6,0.0,171.56,2589.0,16.0,0.0,0.0,0.0,44.0,140.0,0.0,15.596363636363636,235.36363636363637,1.4545454545454546,0.0,0.0,0.0,4.0,12.727272727272727,15.596363636363636
182,Baker Mayfield,TB,QB,L 14-27,10.34,SF,Away,22.0,11-21-23,11,False,0,6,29,27,0,17.048,260.2,1.6,0.0,0.0,0.0,3.2,14.4,0.0,181.9,2835.0,17.0,0.0,0.0,0.0,47.0,145.0,0.0,15.158333333333333,236.25,1.4166666666666667,0.0,0.0,0.0,3.9166666666666665,12.083333333333334,15.158333333333333
398,Baker Mayfield,TB,QB,L 20-27,13.36,Ind,Away,17.0,11-28-23,12,False,0,6,29,13,0,16.479999999999997,245.0,1.8,0.0,0.0,0.0,3.2,10.8,0.0,195.26,3034.0,19.0,0.0,0.0,0.0,50.0,159.0,0.0,15.02,233.3846153846154,1.4615384615384615,0.0,0.0,0.0,3.8461538461538463,12.23076923076923,15.02
214,Baker Mayfield,TB,QB,W 21-18,9.88,Car,Home,19.0,12-05-23,13,False,0,6,29,4,1,14.179999999999998,238.0,1.6,0.0,0.0,0.0,3.0,6.6,0.0,205.14,3236.0,20.0,0.0,0.0,0.0,52.0,157.0,0.0,14.652857142857142,231.14285714285714,1.4285714285714286,0.0,0.0,0.0,3.7142857142857144,11.214285714285714,14.652857142857142
273,Baker Mayfield,TB,QB,W 29-25,20.06,Atl,Away,11.0,12-12-23,14,False,0,6,29,1,0,14.392,213.8,1.6,0.0,0.0,0.0,2.8,6.4,0.2,225.2,3380.0,22.0,0.0,0.0,0.0,55.0,160.0,1.0,15.013333333333332,225.33333333333334,1.4666666666666666,0.0,0.0,0.0,3.6666666666666665,10.666666666666666,15.013333333333332
540,Baker Mayfield,TB,QB,W 34-20,29.04,GB,Away,2.0,12-19-23,15,False,0,6,29,11,0,16.536,234.4,2.0,0.0,0.0,0.0,2.6,3.6,0.2,254.24,3761.0,26.0,0.0,0.0,0.0,57.0,158.0,1.0,15.89,235.0625,1.625,0.0,0.0,0.0,3.5625,9.875,15.89
433,Baker Mayfield,TB,QB,W 30-12,19.82,Jax,Home,13.0,12-26-23,16,False,0,6,29,14,1,18.432,241.8,2.2,0.0,0.0,0.0,3.0,3.6,0.2,274.06,4044.0,28.0,0.0,0.0,0.0,62.0,163.0,1.0,16.121176470588235,237.88235294117646,1.6470588235294117,0.0,0.0,0.0,3.6470588235294117,9.588235294117647,16.121176470588235
324,Blaine Gabbert,KC,QB,W 13-12,8.76,LAC,Away,23.0,01-09-24,18,False,0,7,15,16,0,8.76,154.0,0.0,0.0,0.0,0.0,5.0,46.0,0.0,8.76,154.0,0.0,0.0,0.0,0.0,5.0,46.0,0.0,8.76,154.0,0.0,0.0,0.0,0.0,5.0,46.0,8.76
123,Blaine Gabbert,KC,QB,W 41-10,-2.86,Chi,Home,42.0,09-26-23,3,False,0,7,15,5,1,2.95,92.5,0.0,0.0,0.0,0.0,3.5,22.5,0.0,5.9,185.0,0.0,0.0,0.0,0.0,7.0,45.0,0.0,2.95,92.5,0.0,0.0,0.0,0.0,3.5,22.5,2.95
618,Brett Rypien,LAR,QB,L 20-43,1.68,Dal,Away,36.0,10-31-23,8,False,0,8,17,8,0,1.68,42.0,0.0,0.0,0.0,0.0,0.0,0.0,0.0,1.68,42.0,0.0,0.0,0.0,0.0,0.0,0.0,0.0,1.68,42.0,0.0,0.0,0.0,0.0,0.0,0.0,1.68
77,Brian Hoyer,LV,QB,W 17-16,0.0,Den,Away,36.0,09-12-23,1,False,0,9,18,9,0,0.0,0.0,0.0,0.0,0.0,0.0,0.0,0.0,0.0,0.0,0.0,0.0,0.0,0.0,0.0,0.0,0.0,0.0,0.0,0.0,0.0,0.0,0.0,0.0,0.0,0.0,0.0
685,Brian Hoyer,LV,QB,W 21-17,3.78,NE,Home,31.5,10-17-23,6,False,0,9,18,21,1,1.89,51.0,0.0,0.0,0.0,0.0,1.5,-1.5,0.0,3.78,102.0,0.0,0.0,0.0,0.0,3.0,-3.0,0.0,1.89,51.0,0.0,0.0,0.0,0.0,1.5,-1.5,1.89
650,Brian Hoyer,LV,QB,L 12-30,1.16,Chi,Away,27.0,10-24-23,7,False,0,9,18,5,0,1.6466666666666665,77.0,0.0,0.0,0.0,0.0,1.0,-1.0,0.0,4.9399999999999995,231.0,0.0,0.0,0.0,0.0,3.0,-3.0,0.0,1.6466666666666665,77.0,0.0,0.0,0.0,0.0,1.0,-1.0,1.6466666666666665
471,Brock Purdy,SF,QB,W 27-10,17.6,Wsh,Away,12.0,01-02-24,17,False,0,10,27,31,0,17.6,230.0,2.0,0.0,0.0,0.0,1.0,4.0,0.0,17.6,230.0,2.0,0.0,0.0,0.0,1.0,4.0,0.0,17.6,230.0,2.0,0.0,0.0,0.0,1.0,4.0,17.6
50,Brock Purdy,SF,QB,W 30-7,16.8,Pit,Away,9.0,09-12-23,1,False,0,10,27,26,0,17.200000000000003,225.0,2.0,0.0,0.0,0.0,2.0,12.0,0.0,34.400000000000006,450.0,4.0,0.0,0.0,0.0,4.0,24.0,0.0,17.200000000000003,225.0,2.0,0.0,0.0,0.0,2.0,12.0,17.200000000000003
523,Brock Purdy,SF,QB,W 30-23,14.74,LAR,Away,21.5,09-19-23,2,False,0,10,27,17,0,16.38,218.66666666666666,1.3333333333333333,0.0,0.0,0.0,2.3333333333333335,9.666666666666666,0.3333333333333333,49.14,656.0,4.0,0.0,0.0,0.0,7.0,29.0,1.0,16.38,218.66666666666666,1.3333333333333333,0.0,0.0,0.0,2.3333333333333335,9.666666666666666,16.38
92,Brock Purdy,SF,QB,W 30-12,20.3,NYG,Home,11.0,09-26-23,3,False,0,10,27,23,1,17.36,241.5,1.5,0.0,0.0,0.0,2.75,7.0,0.25,69.44,966.0,6.0,0.0,0.0,0.0,11.0,28.0,1.0,17.36,241.5,1.5,0.0,0.0,0.0,2.75,7.0,17.36
10,Brock Purdy,SF,QB,W 35-16,21.32,Ari,Home,11.0,10-03-23,4,False,0,10,27,0,1,18.152,249.8,1.4,0.0,0.0,0.0,2.6,5.6,0.4,90.76,1249.0,7.0,0.0,0.0,0.0,13.0,28.0,2.0,18.152,249.8,1.4,0.0,0.0,0.0,2.6,5.6,18.152
129,Brock Purdy,SF,QB,W 42-10,26.08,Dal,Home,6.0,10-10-23,5,False,0,10,27,8,1,19.848,254.2,1.8,0.0,0.0,0.0,2.4,4.8,0.4,116.84,1501.0,11.0,0.0,0.0,0.0,13.0,28.0,2.0,19.473333333333333,250.16666666666666,1.8333333333333333,0.0,0.0,0.0,2.1666666666666665,4.666666666666667,19.473333333333333
678,Brock Purdy,SF,QB,L 17-19,7.7,Cle,Away,24.0,10-17-23,6,False,0,10,27,7,0,18.028,235.2,1.6,0.0,0.0,0.0,2.4,2.2,0.4,124.54,1626.0,12.0,0.0,0.0,0.0,16.0,35.0,2.0,17.791428571428572,232.28571428571428,1.7142857142857142,0.0,0.0,0.0,2.2857142857142856,5.0,17.791428571428572
643,Brock Purdy,SF,QB,L 17-22,12.78,Min,Away,20.0,10-24-23,7,False,0,10,27,20,0,17.636000000000003,248.4,1.8,0.0,0.0,0.0,2.8,5.0,0.2,137.32,1898.0,13.0,0.0,0.0,0.0,21.0,54.0,2.0,17.165,237.25,1.625,0.0,0.0,0.0,2.625,6.75,17.165
594,Brock Purdy,SF,QB,L 17-31,18.3,Cin,Home,12.5,10-31-23,8,False,0,10,27,6,1,17.235999999999997,259.4,1.6,0.0,0.0,0.0,3.2,16.6,0.2,155.62,2263.0,14.0,0.0,0.0,0.0,27.0,111.0,2.0,17.29111111111111,251.44444444444446,1.5555555555555556,0.0,0.0,0.0,3.0,12.333333333333334,17.29111111111111
349,Brock Purdy,SF,QB,W 34-3,23.84,Jax,Away,6.0,11-14-23,10,False,0,10,27,14,0,17.740000000000002,262.0,2.0,0.0,0.0,0.0,2.8,16.6,0.0,179.46,2559.0,17.0,0.0,0.0,0.0,27.0,111.0,2.0,17.946,255.9,1.7,0.0,0.0,0.0,2.7,11.1,17.946
162,Brock Purdy,SF,QB,W 27-14,26.72,TB,Home,2.0,11-21-23,11,False,0,10,27,29,1,17.868000000000002,278.2,1.8,0.0,0.0,0.0,3.6,19.4,0.0,206.18,2892.0,20.0,0.0,0.0,0.0,31.0,125.0,2.0,18.743636363636366,262.90909090909093,1.8181818181818181,0.0,0.0,0.0,2.8181818181818183,11.363636363636363,18.743636363636366
404,Brock Purdy,SF,QB,W 31-13,10.46,Sea,Away,23.0,11-28-23,12,False,0,10,27,28,0,18.419999999999998,295.0,1.8,0.0,0.0,0.0,3.6,18.2,0.0,216.64000000000001,3101.0,21.0,0.0,0.0,0.0,34.0,126.0,2.0,18.053333333333335,258.4166666666667,1.75,0.0,0.0,0.0,2.8333333333333335,10.5,18.053333333333335
197,Brock Purdy,SF,QB,W 42-19,29.46,Phi,Away,2.0,12-05-23,13,False,0,10,27,25,0,21.756,303.4,2.4,0.0,0.0,0.0,3.0,16.2,0.0,246.1,3415.0,25.0,0.0,0.0,0.0,36.0,135.0,2.0,18.93076923076923,262.6923076923077,1.9230769230769231,0.0,0.0,0.0,2.769230769230769,10.384615384615385,18.93076923076923
268,Brock Purdy,SF,QB,W 28-16,21.42,Sea,Home,6.0,12-12-23,14,False,0,10,27,28,1,22.380000000000003,304.0,2.6,0.0,0.0,0.0,2.2,6.2,0.0,267.52,3783.0,27.0,0.0,0.0,0.0,38.0,142.0,2.0,19.108571428571427,270.2142857142857,1.9285714285714286,0.0,0.0,0.0,2.7142857142857144,10.142857142857142,19.108571428571427
542,Brock Purdy,SF,QB,W 45-29,25.68,Ari,Away,4.0,12-19-23,15,False,0,10,27,0,0,22.747999999999998,293.2,2.8,0.0,0.0,0.0,2.2,6.2,0.0,293.2,4025.0,31.0,0.0,0.0,0.0,38.0,142.0,2.0,19.546666666666667,268.3333333333333,2.066666666666667,0.0,0.0,0.0,2.533333333333333,9.466666666666667,19.546666666666667
454,Brock Purdy,SF,QB,L 19-33,2.4,Bal,Home,34.0,12-26-23,16,False,0,10,27,2,1,17.884,277.6,2.2,0.0,0.0,0.0,1.6,3.8,0.0,295.6,4280.0,31.0,0.0,0.0,0.0,39.0,144.0,2.0,18.475,267.5,1.9375,0.0,0.0,0.0,2.4375,9.0,18.475
492,Bryce Young,Car,QB,L 0-26,2.68,Jax,Away,33.0,01-02-24,17,False,0,11,4,14,0,2.68,112.0,0.0,0.0,0.0,0.0,1.0,2.0,0.0,2.68,112.0,0.0,0.0,0.0,0.0,1.0,2.0,0.0,2.68,112.0,0.0,0.0,0.0,0.0,1.0,2.0,2.68
331,Bryce Young,Car,QB,L 0-9,4.16,TB,Home,30.0,01-09-24,18,False,0,11,4,29,1,3.42,103.0,0.0,0.0,0.0,0.0,1.5,13.0,0.0,6.84,206.0,0.0,0.0,0.0,0.0,3.0,26.0,0.0,3.42,103.0,0.0,0.0,0.0,0.0,1.5,13.0,3.42
67,Bryce Young,Car,QB,L 10-24,7.54,Atl,Away,26.0,09-12-23,1,False,0,11,4,1,0,4.793333333333333,117.33333333333333,0.3333333333333333,0.0,0.0,0.0,2.0,14.333333333333334,0.0,14.379999999999999,352.0,1.0,0.0,0.0,0.0,6.0,43.0,0.0,4.793333333333333,117.33333333333333,0.3333333333333333,0.0,0.0,0.0,2.0,14.333333333333334,4.793333333333333
527,Bryce Young,Car,QB,L 17-20,13.52,NO,Home,25.0,09-19-23,2,False,0,11,4,22,1,6.975,126.25,0.5,0.0,0.0,0.0,2.0,19.25,0.0,27.9,505.0,2.0,0.0,0.0,0.0,8.0,77.0,0.0,6.975,126.25,0.5,0.0,0.0,0.0,2.0,19.25,6.975
25,Bryce Young,Car,QB,L 13-21,7.16,Min,Home,26.0,10-03-23,4,False,0,11,4,20,1,7.0120000000000005,141.8,0.4,0.0,0.0,0.0,2.0,17.4,0.0,35.06,709.0,2.0,0.0,0.0,0.0,10.0,87.0,0.0,7.0120000000000005,141.8,0.4,0.0,0.0,0.0,2.0,17.4,7.0120000000000005
135,Bryce Young,Car,QB,L 24-42,18.28,Det,Away,12.0,10-10-23,5,False,0,11,4,10,0,10.132,168.8,1.0,0.0,0.0,0.0,2.0,17.8,0.0,53.34,956.0,5.0,0.0,0.0,0.0,11.0,91.0,0.0,8.89,159.33333333333334,0.8333333333333334,0.0,0.0,0.0,1.8333333333333333,15.166666666666666,8.89
670,Bryce Young,Car,QB,L 21-42,12.68,Mia,Away,16.0,10-17-23,6,False,0,11,4,19,0,11.836000000000002,193.4,1.2,0.0,0.0,0.0,1.6,13.0,0.0,66.02,1173.0,6.0,0.0,0.0,0.0,11.0,91.0,0.0,9.43142857142857,167.57142857142858,0.8571428571428571,0.0,0.0,0.0,1.5714285714285714,13.0,9.43142857142857
600,Bryce Young,Car,QB,W 15-13,14.5,Hou,Home,18.0,10-31-23,8,False,0,11,4,12,1,13.228,211.2,1.2,0.0,0.0,0.0,1.8,11.8,0.0,80.52,1408.0,7.0,0.0,0.0,0.0,15.0,102.0,0.0,10.065,176.0,0.875,0.0,0.0,0.0,1.875,12.75,10.065
250,Bryce Young,Car,QB,L 13-27,9.02,Ind,Home,20.0,11-07-23,9,False,0,11,4,13,1,12.328,215.2,1.2,0.0,0.0,0.0,2.4,13.2,0.0,89.53999999999999,1581.0,8.0,0.0,0.0,0.0,20.0,143.0,0.0,9.948888888888888,175.66666666666666,0.8888888888888888,0.0,0.0,0.0,2.2222222222222223,15.88888888888889,9.948888888888888
363,Bryce Young,Car,QB,L 13-16,9.2,Chi,Away,20.0,11-14-23,10,False,0,11,4,5,0,12.736,211.4,1.2,0.0,0.0,0.0,2.6,14.8,0.0,98.74,1766.0,8.0,0.0,0.0,0.0,23.0,161.0,0.0,9.873999999999999,176.6,0.8,0.0,0.0,0.0,2.3,16.1,9.873999999999999
188,Bryce Young,Car,QB,L 10-33,5.22,Dal,Home,28.0,11-21-23,11,False,0,11,4,8,1,10.124,186.6,0.8,0.0,0.0,0.0,2.8,14.6,0.0,103.96,1889.0,9.0,0.0,0.0,0.0,25.0,164.0,0.0,9.450909090909091,171.72727272727272,0.8181818181818182,0.0,0.0,0.0,2.272727272727273,14.909090909090908,9.450909090909091
407,Bryce Young,Car,QB,L 10-17,8.06,Ten,Away,26.0,11-28-23,12,False,0,11,4,30,0,9.2,182.0,0.6,0.0,0.0,0.0,3.4,19.2,0.0,112.02,2083.0,9.0,0.0,0.0,0.0,28.0,187.0,0.0,9.334999999999999,173.58333333333334,0.75,0.0,0.0,0.0,2.3333333333333335,15.583333333333334,9.334999999999999
220,Bryce Young,Car,QB,L 18-21,7.12,TB,Away,25.0,12-05-23,13,False,0,11,4,29,0,7.723999999999999,170.6,0.4,0.0,0.0,0.0,2.6,17.0,0.0,119.14,2261.0,9.0,0.0,0.0,0.0,28.0,187.0,0.0,9.164615384615384,173.92307692307693,0.6923076923076923,0.0,0.0,0.0,2.1538461538461537,14.384615384615385,9.164615384615384
287,Bryce Young,Car,QB,L 6-28,7.48,NO,Away,25.0,12-12-23,14,False,0,11,4,22,0,7.4159999999999995,163.4,0.2,0.0,0.0,0.0,2.2,16.8,0.0,126.62,2398.0,9.0,0.0,0.0,0.0,31.0,227.0,0.0,9.044285714285715,171.28571428571428,0.6428571428571429,0.0,0.0,0.0,2.2142857142857144,16.214285714285715,9.044285714285715
569,Bryce Young,Car,QB,W 9-7,7.58,Atl,Home,31.0,12-19-23,15,False,0,11,4,1,1,7.0920000000000005,159.8,0.2,0.0,0.0,0.0,2.4,15.0,0.0,134.2,2565.0,9.0,0.0,0.0,0.0,35.0,236.0,0.0,8.946666666666665,171.0,0.6,0.0,0.0,0.0,2.3333333333333335,15.733333333333333,8.946666666666665
429,Bryce Young,Car,QB,L 30-33,22.18,GB,Home,9.0,12-26-23,16,False,0,11,4,11,1,10.484,197.6,0.4,0.0,0.0,0.0,2.8,17.8,0.0,156.38,2877.0,11.0,0.0,0.0,0.0,39.0,253.0,0.0,9.77375,179.8125,0.6875,0.0,0.0,0.0,2.4375,15.8125,9.77375
487,C.J. Beathard,Jax,QB,W 26-0,9.52,Car,Home,28.0,01-02-24,17,False,0,12,14,4,1,9.52,178.0,0.0,0.0,0.0,0.0,3.0,24.0,0.0,9.52,178.0,0.0,0.0,0.0,0.0,3.0,24.0,0.0,9.52,178.0,0.0,0.0,0.0,0.0,3.0,24.0,9.52
116,C.J. Beathard,Jax,QB,L 17-37,0.36,Hou,Home,35.0,09-26-23,3,False,0,12,14,12,1,4.9399999999999995,93.5,0.0,0.0,0.0,0.0,1.5,12.0,0.0,9.879999999999999,187.0,0.0,0.0,0.0,0.0,3.0,24.0,0.0,4.9399999999999995,93.5,0.0,0.0,0.0,0.0,1.5,12.0,4.9399999999999995
692,C.J. Beathard,Jax,QB,W 37-20,-0.2,Ind,Home,38.0,10-17-23,6,False,0,12,14,13,1,3.2266666666666666,62.333333333333336,0.0,0.0,0.0,0.0,2.0,7.333333333333333,0.0,9.68,187.0,0.0,0.0,0.0,0.0,6.0,22.0,0.0,3.2266666666666666,62.333333333333336,0.0,0.0,0.0,0.0,2.0,7.333333333333333,3.2266666666666666
376,C.J. Beathard,Jax,QB,L 3-34,0.2,SF,Home,33.0,11-14-23,10,False,0,12,14,27,1,2.4699999999999998,48.0,0.0,0.0,0.0,0.0,1.5,5.5,0.0,9.879999999999999,192.0,0.0,0.0,0.0,0.0,6.0,22.0,0.0,2.4699999999999998,48.0,0.0,0.0,0.0,0.0,1.5,5.5,2.4699999999999998
192,C.J. Beathard,Jax,QB,W 34-14,0.0,Ten,Home,32.0,11-21-23,11,False,0,12,14,30,1,1.9759999999999998,38.4,0.0,0.0,0.0,0.0,1.2,4.4,0.0,9.879999999999999,192.0,0.0,0.0,0.0,0.0,6.0,22.0,0.0,1.9759999999999998,38.4,0.0,0.0,0.0,0.0,1.2,4.4,1.9759999999999998
221,C.J. Beathard,Jax,QB,L 31-34,3.22,Cin,Home,26.0,12-05-23,13,False,0,12,14,6,1,0.716,15.4,0.0,0.0,0.0,0.0,0.8,1.0,0.0,13.1,255.0,0.0,0.0,0.0,0.0,7.0,29.0,0.0,2.183333333333333,42.5,0.0,0.0,0.0,0.0,1.1666666666666667,4.833333333333333,2.183333333333333
451,C.J. Beathard,Jax,QB,L 12-30,8.36,TB,Away,31.0,12-26-23,16,False,0,12,14,29,0,2.316,32.4,0.2,0.0,0.0,0.0,1.0,2.2,0.0,21.46,349.0,1.0,0.0,0.0,0.0,8.0,35.0,0.0,3.065714285714286,49.857142857142854,0.14285714285714285,0.0,0.0,0.0,1.1428571428571428,5.0,3.065714285714286
480,C.J. Stroud,Hou,QB,W 26-3,12.92,Ten,Home,21.0,01-02-24,17,False,0,13,12,30,1,12.92,213.0,1.0,0.0,0.0,0.0,1.0,4.0,0.0,12.92,213.0,1.0,0.0,0.0,0.0,1.0,4.0,0.0,12.92,213.0,1.0,0.0,0.0,0.0,1.0,4.0,12.92
308,C.J. Stroud,Hou,QB,W 23-19,20.56,Ind,Away,7.0,01-09-24,18,False,0,13,12,13,0,16.74,238.5,1.5,0.0,0.0,0.0,2.0,12.0,0.0,33.48,477.0,3.0,0.0,0.0,0.0,4.0,24.0,0.0,16.74,238.5,1.5,0.0,0.0,0.0,2.0,12.0,16.74
61,C.J. Stroud,Hou,QB,L 9-25,10.68,Bal,Away,20.0,09-12-23,1,False,0,13,12,2,0,14.719999999999999,239.66666666666666,1.0,0.3333333333333333,0.0,0.0,2.6666666666666665,14.666666666666666,0.0,44.16,719.0,3.0,1.0,0.0,0.0,8.0,44.0,0.0,14.719999999999999,239.66666666666666,1.0,0.3333333333333333,0.0,0.0,2.6666666666666665,14.666666666666666,14.719999999999999
513,C.J. Stroud,Hou,QB,L 20-31,21.46,Ind,Home,11.0,09-19-23,2,False,0,13,12,13,1,16.405,275.75,1.25,0.25,0.0,0.0,2.75,11.25,0.0,65.62,1103.0,5.0,1.0,0.0,0.0,11.0,45.0,0.0,16.405,275.75,1.25,0.25,0.0,0.0,2.75,11.25,16.405
91,C.J. Stroud,Hou,QB,W 37-17,20.6,Jax,Away,10.0,09-26-23,3,False,0,13,12,14,0,17.244,276.6,1.4,0.2,0.0,0.0,2.8,11.8,0.0,86.22,1383.0,7.0,1.0,0.0,0.0,14.0,59.0,0.0,17.244,276.6,1.4,0.2,0.0,0.0,2.8,11.8,17.244
9,C.J. Stroud,Hou,QB,W 30-6,21.84,Pit,Home,10.0,10-03-23,4,False,0,13,12,26,1,19.028,295.2,1.6,0.2,0.0,0.0,3.4,14.2,0.0,108.06,1689.0,9.0,1.0,0.0,0.0,18.0,75.0,0.0,18.01,281.5,1.5,0.16666666666666666,0.0,0.0,3.0,12.5,18.01
140,C.J. Stroud,Hou,QB,L 19-21,14.16,Atl,Away,17.0,10-10-23,5,False,0,13,12,1,0,17.748,292.2,1.4,0.2,0.0,0.0,3.0,10.6,0.0,122.22,1938.0,10.0,1.0,0.0,0.0,19.0,77.0,0.0,17.46,276.85714285714283,1.4285714285714286,0.14285714285714285,0.0,0.0,2.7142857142857144,11.0,17.46
666,C.J. Stroud,Hou,QB,W 20-13,14.16,NO,Home,12.0,10-17-23,6,False,0,13,12,22,1,18.444,283.6,1.8,0.0,0.0,0.0,2.8,7.0,0.0,136.38,2137.0,12.0,1.0,0.0,0.0,22.0,79.0,0.0,17.0475,267.125,1.5,0.125,0.0,0.0,2.75,9.875,17.0475
602,C.J. Stroud,Hou,QB,L 13-15,12.9,Car,Away,20.0,10-31-23,8,False,0,13,12,4,0,16.732,234.8,1.4,0.0,0.0,0.0,2.6,9.4,0.2,149.28,2277.0,12.0,1.0,0.0,0.0,24.0,92.0,1.0,16.586666666666666,253.0,1.3333333333333333,0.1111111111111111,0.0,0.0,2.6666666666666665,10.222222222222221,16.586666666666666
231,C.J. Stroud,Hou,QB,W 39-37,41.8,TB,Home,1.0,11-07-23,9,False,0,13,12,29,1,20.972,272.8,2.0,0.0,0.0,0.0,2.0,8.6,0.2,191.07999999999998,2747.0,17.0,1.0,0.0,0.0,24.0,102.0,1.0,19.107999999999997,274.7,1.7,0.1,0.0,0.0,2.4,10.2,19.107999999999997
352,C.J. Stroud,Hou,QB,W 30-27,19.04,Cin,Away,9.0,11-14-23,10,False,0,13,12,6,0,20.412,282.8,1.8,0.0,0.0,0.0,1.6,7.0,0.4,210.12,3103.0,18.0,1.0,0.0,0.0,26.0,110.0,2.0,19.10181818181818,282.09090909090907,1.6363636363636365,0.09090909090909091,0.0,0.0,2.3636363636363638,10.0,19.10181818181818
176,C.J. Stroud,Hou,QB,W 21-16,15.34,Ari,Home,16.0,11-21-23,11,False,0,13,12,0,1,20.648,300.2,2.0,0.0,0.0,0.0,1.6,6.4,0.4,225.46,3439.0,20.0,1.0,0.0,0.0,27.0,109.0,2.0,18.788333333333334,286.5833333333333,1.6666666666666667,0.08333333333333333,0.0,0.0,2.25,9.083333333333334,18.788333333333334
385,C.J. Stroud,Hou,QB,L 21-24,30.86,Jax,Home,4.0,11-28-23,12,False,0,13,12,14,1,23.988,321.2,2.0,0.0,0.0,0.0,2.2,15.4,0.6,256.32,3743.0,22.0,1.0,0.0,0.0,33.0,156.0,3.0,19.716923076923077,287.9230769230769,1.6923076923076923,0.07692307692307693,0.0,0.0,2.5384615384615383,12.0,19.716923076923077
209,C.J. Stroud,Hou,QB,W 22-17,16.06,Den,Home,14.0,12-05-23,13,False,0,13,12,9,1,24.619999999999997,348.0,2.2,0.0,0.0,0.0,3.0,15.0,0.4,272.38,4017.0,23.0,1.0,0.0,0.0,39.0,167.0,3.0,19.455714285714286,286.92857142857144,1.6428571428571428,0.07142857142857142,0.0,0.0,2.7857142857142856,11.928571428571429,19.455714285714286
292,C.J. Stroud,Hou,QB,L 6-30,3.64,NYJ,Away,30.0,12-12-23,14,False,0,13,12,24,0,16.988,272.2,1.2,0.0,0.0,0.0,3.0,13.0,0.4,276.02,4108.0,23.0,1.0,0.0,0.0,39.0,167.0,3.0,18.401333333333334,273.8666666666667,1.5333333333333334,0.06666666666666667,0.0,0.0,2.6,11.133333333333333,18.401333333333334
303,Carson Wentz,LAR,QB,W 21-20,26.12,SF,Away,2.0,01-09-24,18,False,0,14,17,27,0,26.12,163.0,2.0,0.0,0.0,0.0,17.0,56.0,1.0,26.12,163.0,2.0,0.0,0.0,0.0,17.0,56.0,1.0,26.12,163.0,2.0,0.0,0.0,0.0,17.0,56.0,26.12
416,Carson Wentz,LAR,QB,W 37-14,0.0,Ari,Away,36.0,11-28-23,12,False,0,14,17,0,0,13.06,81.5,1.0,0.0,0.0,0.0,8.5,28.0,0.5,26.12,163.0,2.0,0.0,0.0,0.0,17.0,56.0,1.0,13.06,81.5,1.0,0.0,0.0,0.0,8.5,28.0,13.06
563,Case Keenum,Hou,QB,W 19-16,11.26,Ten,Away,25.0,12-19-23,15,False,0,15,12,30,0,11.26,229.0,1.0,0.0,0.0,0.0,2.0,1.0,0.0,11.26,229.0,1.0,0.0,0.0,0.0,2.0,1.0,0.0,11.26,229.0,1.0,0.0,0.0,0.0,2.0,1.0,11.26
458,Case Keenum,Hou,QB,L 22-36,-1.52,Cle,Home,38.0,12-26-23,16,False,0,15,12,7,1,4.87,145.5,0.5,0.0,0.0,0.0,1.0,0.5,0.0,9.74,291.0,1.0,0.0,0.0,0.0,2.0,1.0,0.0,4.87,145.5,0.5,0.0,0.0,0.0,1.0,0.5,4.87
494,Clayton Tune,Ari,QB,W 35-31,0.0,Phi,Away,35.5,01-02-24,17,False,0,16,0,25,0,0.0,0.0,0.0,0.0,0.0,0.0,0.0,0.0,0.0,0.0,0.0,0.0,0.0,0.0,0.0,0.0,0.0,0.0,0.0,0.0,0.0,0.0,0.0,0.0,0.0,0.0,0.0
338,Clayton Tune,Ari,QB,L 20-21,0.1,Sea,Home,37.0,01-09-24,18,False,0,16,0,28,1,0.05,0.0,0.0,0.0,0.0,0.0,0.5,0.5,0.0,0.1,0.0,0.0,0.0,0.0,0.0,1.0,1.0,0.0,0.05,0.0,0.0,0.0,0.0,0.0,0.5,0.5,0.05
651,Clayton Tune,Ari,QB,L 10-20,0.16,Sea,Away,28.0,10-24-23,7,False,0,16,0,28,0,0.08666666666666667,1.3333333333333333,0.0,0.0,0.0,0.0,0.3333333333333333,0.3333333333333333,0.0,0.26,4.0,0.0,0.0,0.0,0.0,1.0,1.0,0.0,0.08666666666666667,1.3333333333333333,0.0,0.0,0.0,0.0,0.3333333333333333,0.3333333333333333,0.08666666666666667
262,Clayton Tune,Ari,QB,L 0-27,-0.88,Cle,Away,32.0,11-07-23,9,False,0,16,0,7,0,-0.155,15.5,0.0,0.0,0.0,0.0,1.5,7.25,0.0,-0.62,62.0,0.0,0.0,0.0,0.0,6.0,29.0,0.0,-0.155,15.5,0.0,0.0,0.0,0.0,1.5,7.25,-0.155
370,Clayton Tune,Ari,QB,W 25-23,6.1,Atl,Home,27.0,11-14-23,10,False,0,16,0,1,1,1.0959999999999999,12.4,0.0,0.0,0.0,0.0,1.4,6.0,0.2,5.4799999999999995,62.0,0.0,0.0,0.0,0.0,7.0,30.0,1.0,1.0959999999999999,12.4,0.0,0.0,0.0,0.0,1.4,6.0,1.0959999999999999
413,Clayton Tune,Ari,QB,L 14-37,2.0,LAR,Home,32.0,11-28-23,12,False,0,16,0,17,1,1.496,12.4,0.0,0.0,0.0,0.0,1.4,6.0,0.2,7.4799999999999995,62.0,0.0,0.0,0.0,0.0,7.0,30.0,1.0,1.2466666666666666,10.333333333333334,0.0,0.0,0.0,0.0,1.1666666666666667,5.0,1.2466666666666666
577,Clayton Tune,Ari,QB,L 29-45,0.0,SF,Home,38.5,12-19-23,15,False,0,16,0,27,1,1.476,12.4,0.0,0.0,0.0,0.0,1.4,5.8,0.2,7.4799999999999995,62.0,0.0,0.0,0.0,0.0,8.0,30.0,1.0,1.0685714285714285,8.857142857142858,0.0,0.0,0.0,0.0,1.1428571428571428,4.285714285714286,1.0685714285714285
333,Cooper Rush,Dal,QB,W 38-10,1.2,Wsh,Away,32.0,01-09-24,18,False,0,17,8,31,0,1.2,30.0,0.0,0.0,0.0,0.0,0.0,0.0,0.0,1.2,30.0,0.0,0.0,0.0,0.0,0.0,0.0,0.0,1.2,30.0,0.0,0.0,0.0,0.0,0.0,0.0,1.2
78,Cooper Rush,Dal,QB,W 40-0,0.0,NYG,Away,36.0,09-12-23,1,False,0,17,8,23,0,0.6,15.0,0.0,0.0,0.0,0.0,0.0,0.0,0.0,1.2,30.0,0.0,0.0,0.0,0.0,0.0,0.0,0.0,0.6,15.0,0.0,0.0,0.0,0.0,0.0,0.0,0.6
36,Cooper Rush,Dal,QB,W 38-3,0.6,NE,Home,37.0,10-03-23,4,False,0,17,8,21,1,0.6,16.666666666666668,0.0,0.0,0.0,0.0,1.0,-0.6666666666666666,0.0,1.7999999999999998,50.0,0.0,0.0,0.0,0.0,3.0,-2.0,0.0,0.6,16.666666666666668,0.0,0.0,0.0,0.0,1.0,-0.6666666666666666,0.6
154,Cooper Rush,Dal,QB,L 10-42,0.12,SF,Away,31.0,10-10-23,5,False,0,17,8,27,0,0.48,14.5,0.0,0.0,0.0,0.0,1.0,-1.0,0.0,1.92,58.0,0.0,0.0,0.0,0.0,4.0,-4.0,0.0,0.48,14.5,0.0,0.0,0.0,0.0,1.0,-1.0,0.48
621,Cooper Rush,Dal,QB,W 43-20,-0.18,LAR,Home,39.0,10-31-23,8,False,0,17,8,17,1,0.348,12.2,0.0,0.0,0.0,0.0,1.4,-1.4,0.0,1.74,61.0,0.0,0.0,0.0,0.0,7.0,-7.0,0.0,0.348,12.2,0.0,0.0,0.0,0.0,1.4,-1.4,0.348
375,Cooper Rush,Dal,QB,W 49-17,1.22,NYG,Home,32.0,11-14-23,10,False,0,17,8,23,1,0.352,19.8,0.0,0.0,0.0,0.0,1.8,-0.4,0.0,2.96,129.0,0.0,0.0,0.0,0.0,9.0,-2.0,0.0,0.49333333333333335,21.5,0.0,0.0,0.0,0.0,1.5,-0.3333333333333333,0.49333333333333335
190,Cooper Rush,Dal,QB,W 33-10,0.3,Car,Away,30.0,11-21-23,11,False,0,17,8,4,0,0.41200000000000003,22.8,0.0,0.0,0.0,0.0,2.4,-1.0,0.0,3.26,144.0,0.0,0.0,0.0,0.0,12.0,-5.0,0.0,0.4657142857142857,20.571428571428573,0.0,0.0,0.0,0.0,1.7142857142857142,-0.7142857142857143,0.4657142857142857
467,Dak Prescott,Dal,QB,W 20-19,20.3,Det,Home,8.0,01-02-24,17,False,0,18,8,10,1,20.3,345.0,2.0,0.0,0.0,0.0,2.0,5.0,0.0,20.3,345.0,2.0,0.0,0.0,0.0,2.0,5.0,0.0,20.3,345.0,2.0,0.0,0.0,0.0,2.0,5.0,20.3
304,Dak Prescott,Dal,QB,W 38-10,25.16,Wsh,Away,3.0,01-09-24,18,False,0,18,8,31,0,22.73,312.0,3.0,0.0,0.0,0.0,1.0,2.5,0.0,45.46,624.0,6.0,0.0,0.0,0.0,2.0,5.0,0.0,22.73,312.0,3.0,0.0,0.0,0.0,1.0,2.5,22.73
69,Dak Prescott,Dal,QB,W 40-0,6.32,NYG,Away,28.0,09-12-23,1,False,0,18,8,23,0,17.26,255.66666666666666,2.0,0.0,0.0,0.0,1.0,3.6666666666666665,0.0,51.78,767.0,6.0,0.0,0.0,0.0,3.0,11.0,0.0,17.26,255.66666666666666,2.0,0.0,0.0,0.0,1.0,3.6666666666666665,17.26
519,Dak Prescott,Dal,QB,W 30-10,19.6,NYJ,Home,17.0,09-19-23,2,False,0,18,8,24,1,17.845,255.5,2.0,0.0,0.0,0.0,2.25,6.25,0.0,71.38,1022.0,8.0,0.0,0.0,0.0,9.0,25.0,0.0,17.845,255.5,2.0,0.0,0.0,0.0,2.25,6.25,17.845
99,Dak Prescott,Dal,QB,L 16-28,14.36,Ari,Away,18.5,09-26-23,3,False,0,18,8,0,0,17.148000000000003,254.2,1.8,0.0,0.0,0.0,2.4,9.8,0.0,85.74000000000001,1271.0,9.0,0.0,0.0,0.0,12.0,49.0,0.0,17.148000000000003,254.2,1.8,0.0,0.0,0.0,2.4,9.8,17.148000000000003
16,Dak Prescott,Dal,QB,W 38-3,14.34,NE,Home,17.0,10-03-23,4,False,0,18,8,21,1,15.956,237.4,1.6,0.0,0.0,0.0,2.2,8.6,0.0,100.08,1532.0,10.0,0.0,0.0,0.0,13.0,48.0,0.0,16.68,255.33333333333334,1.6666666666666667,0.0,0.0,0.0,2.1666666666666665,8.0,16.68
152,Dak Prescott,Dal,QB,L 10-42,4.32,SF,Away,29.0,10-10-23,5,False,0,18,8,27,0,11.788,212.2,1.0,0.0,0.0,0.0,2.4,9.0,0.0,104.4,1685.0,11.0,0.0,0.0,0.0,14.0,50.0,0.0,14.914285714285715,240.71428571428572,1.5714285714285714,0.0,0.0,0.0,2.0,7.142857142857143,14.914285714285715
655,Dak Prescott,Dal,QB,W 20-17,24.88,LAC,Away,1.0,10-17-23,6,False,0,18,8,16,0,15.5,238.0,1.2,0.0,0.0,0.0,3.6,15.8,0.2,129.28,1957.0,12.0,0.0,0.0,0.0,21.0,90.0,1.0,16.16,244.625,1.5,0.0,0.0,0.0,2.625,11.25,16.16
585,Dak Prescott,Dal,QB,W 43-20,28.06,LAR,Home,3.0,10-31-23,8,False,0,18,8,17,1,17.192,247.8,1.6,0.0,0.0,0.0,3.2,16.8,0.2,157.34,2261.0,16.0,0.0,0.0,0.0,25.0,109.0,1.0,17.482222222222223,251.22222222222223,1.7777777777777777,0.0,0.0,0.0,2.7777777777777777,12.11111111111111,17.482222222222223
232,Dak Prescott,Dal,QB,L 23-28,28.36,Phi,Away,2.0,11-07-23,9,False,0,18,8,25,0,19.991999999999997,272.8,2.0,0.0,0.0,0.0,3.8,14.8,0.2,185.7,2635.0,19.0,0.0,0.0,0.0,31.0,123.0,1.0,18.57,263.5,1.9,0.0,0.0,0.0,3.1,12.3,18.57
344,Dak Prescott,Dal,QB,W 49-17,37.86,NYG,Home,1.0,11-14-23,10,False,0,18,8,23,1,24.695999999999998,301.4,2.6,0.0,0.0,0.0,4.0,18.4,0.4,223.56,3039.0,23.0,0.0,0.0,0.0,33.0,140.0,2.0,20.323636363636364,276.27272727272725,2.090909090909091,0.0,0.0,0.0,3.0,12.727272727272727,20.323636363636364
175,Dak Prescott,Dal,QB,W 33-10,16.16,Car,Away,15.0,11-21-23,11,False,0,18,8,4,0,27.064,308.6,2.8,0.0,0.0,0.0,4.2,19.2,0.4,239.72,3228.0,25.0,0.0,0.0,0.0,35.0,146.0,2.0,19.976666666666667,269.0,2.0833333333333335,0.0,0.0,0.0,2.9166666666666665,12.166666666666666,19.976666666666667
384,Dak Prescott,Dal,QB,W 45-10,32.24,Wsh,Home,3.0,11-28-23,12,False,0,18,8,31,1,28.536,320.4,3.4,0.0,0.0,0.0,3.0,13.2,0.2,271.96000000000004,3559.0,29.0,0.0,0.0,0.0,36.0,156.0,2.0,20.92,273.7692307692308,2.230769230769231,0.0,0.0,0.0,2.769230769230769,12.0,20.92
198,Dak Prescott,Dal,QB,W 41-35,28.26,Sea,Home,3.0,12-05-23,13,False,0,18,8,28,1,28.576,319.4,3.2,0.0,0.0,0.0,3.6,14.0,0.2,300.22,3858.0,32.0,0.0,0.0,0.0,43.0,179.0,2.0,21.444285714285716,275.57142857142856,2.2857142857142856,0.0,0.0,0.0,3.0714285714285716,12.785714285714286,21.444285714285716
275,Dak Prescott,Dal,QB,W 33-13,17.94,Phi,Home,13.0,12-12-23,14,False,0,18,8,25,1,26.492,298.8,3.0,0.0,0.0,0.0,3.0,13.4,0.2,318.16,4129.0,34.0,0.0,0.0,0.0,46.0,190.0,2.0,21.21066666666667,275.26666666666665,2.2666666666666666,0.0,0.0,0.0,3.066666666666667,12.666666666666666,21.21066666666667
570,Dak Prescott,Dal,QB,L 10-31,6.06,Buf,Away,32.0,12-19-23,15,False,0,18,8,3,0,20.132,244.8,2.2,0.0,0.0,0.0,3.4,15.4,0.0,324.22,4263.0,34.0,0.0,0.0,0.0,50.0,217.0,2.0,20.26375,266.4375,2.125,0.0,0.0,0.0,3.125,13.5625,20.26375
434,Dak Prescott,Dal,QB,L 20-22,18.62,Mia,Away,14.0,12-26-23,16,False,0,18,8,19,0,20.624000000000002,257.6,2.2,0.0,0.0,0.0,4.0,19.2,0.0,342.84000000000003,4516.0,36.0,0.0,0.0,0.0,55.0,242.0,2.0,20.167058823529413,265.6470588235294,2.1176470588235294,0.0,0.0,0.0,3.235294117647059,14.235294117647058,20.167058823529413
70,Daniel Jones,NYG,QB,L 0-40,4.46,Dal,Home,29.0,09-12-23,1,False,0,19,23,8,1,4.46,104.0,0.0,0.0,0.0,0.0,13.0,43.0,0.0,4.46,104.0,0.0,0.0,0.0,0.0,13.0,43.0,0.0,4.46,104.0,0.0,0.0,0.0,0.0,13.0,43.0,4.46
503,Daniel Jones,NYG,QB,W 31-28,30.74,Ari,Away,1.0,09-19-23,2,False,0,19,23,0,0,17.599999999999998,212.5,1.0,0.0,0.0,0.0,11.0,51.0,0.5,35.199999999999996,425.0,2.0,0.0,0.0,0.0,22.0,102.0,1.0,17.599999999999998,212.5,1.0,0.0,0.0,0.0,11.0,51.0,17.599999999999998
114,Daniel Jones,NYG,QB,L 12-30,3.98,SF,Away,33.0,09-26-23,3,False,0,19,23,27,0,13.06,187.33333333333334,0.6666666666666666,0.0,0.0,0.0,8.0,35.666666666666664,0.3333333333333333,39.18,562.0,2.0,0.0,0.0,0.0,24.0,107.0,1.0,13.06,187.33333333333334,0.6666666666666666,0.0,0.0,0.0,8.0,35.666666666666664,13.06
24,Daniel Jones,NYG,QB,L 3-24,8.72,Sea,Home,25.0,10-03-23,4,False,0,19,23,28,1,11.975,191.25,0.5,0.0,0.0,0.0,8.5,43.25,0.25,47.9,765.0,2.0,0.0,0.0,0.0,34.0,173.0,1.0,11.975,191.25,0.5,0.0,0.0,0.0,8.5,43.25,11.975
147,Daniel Jones,NYG,QB,L 16-31,7.16,Mia,Away,24.0,10-10-23,5,False,0,19,23,19,0,11.012,176.8,0.4,0.0,0.0,0.0,7.6,39.4,0.2,55.06,884.0,2.0,0.0,0.0,0.0,38.0,197.0,1.0,11.012,176.8,0.4,0.0,0.0,0.0,7.6,39.4,11.012
259,Daniel Jones,NYG,QB,L 6-30,1.9,LV,Away,29.0,11-07-23,9,False,0,19,23,18,0,10.5,161.0,0.4,0.0,0.0,0.0,5.4,32.6,0.2,56.96,909.0,2.0,0.0,0.0,0.0,40.0,206.0,1.0,9.493333333333334,151.5,0.3333333333333333,0.0,0.0,0.0,6.666666666666667,34.333333333333336,9.493333333333334
495,Davis Mills,Hou,QB,W 26-3,0.0,Ten,Home,35.5,01-02-24,17,False,0,20,12,30,1,0.0,0.0,0.0,0.0,0.0,0.0,0.0,0.0,0.0,0.0,0.0,0.0,0.0,0.0,0.0,0.0,0.0,0.0,0.0,0.0,0.0,0.0,0.0,0.0,0.0,0.0,0.0
191,Davis Mills,Hou,QB,W 21-16,0.08,Ari,Home,31.0,11-21-23,11,False,0,20,12,0,1,0.04,1.0,0.0,0.0,0.0,0.0,0.0,0.0,0.0,0.08,2.0,0.0,0.0,0.0,0.0,0.0,0.0,0.0,0.04,1.0,0.0,0.0,0.0,0.0,0.0,0.0,0.04
226,Davis Mills,Hou,QB,W 22-17,0.72,Den,Home,31.0,12-05-23,13,False,0,20,12,9,1,0.26666666666666666,6.666666666666667,0.0,0.0,0.0,0.0,0.0,0.0,0.0,0.7999999999999999,20.0,0.0,0.0,0.0,0.0,0.0,0.0,0.0,0.26666666666666666,6.666666666666667,0.0,0.0,0.0,0.0,0.0,0.0,0.26666666666666666
296,Davis Mills,Hou,QB,L 6-30,0.16,NYJ,Away,34.0,12-12-23,14,False,0,20,12,24,0,0.24,6.0,0.0,0.0,0.0,0.0,0.0,0.0,0.0,0.96,24.0,0.0,0.0,0.0,0.0,0.0,0.0,0.0,0.24,6.0,0.0,0.0,0.0,0.0,0.0,0.0,0.24
578,Davis Mills,Hou,QB,W 19-16,0.0,Ten,Away,38.5,12-19-23,15,False,0,20,12,30,0,0.192,4.8,0.0,0.0,0.0,0.0,0.0,0.0,0.0,0.96,24.0,0.0,0.0,0.0,0.0,0.0,0.0,0.0,0.192,4.8,0.0,0.0,0.0,0.0,0.0,0.0,0.192
437,Davis Mills,Hou,QB,L 22-36,16.86,Cle,Home,17.0,12-26-23,16,False,0,20,12,7,1,3.564,34.6,0.4,0.0,0.0,0.0,0.4,1.8,0.0,17.82,173.0,2.0,0.0,0.0,0.0,2.0,9.0,0.0,2.97,28.833333333333332,0.3333333333333333,0.0,0.0,0.0,0.3333333333333333,1.5,2.97
474,Derek Carr,NO,QB,W 23-13,15.58,TB,Away,15.0,01-02-24,17,False,0,21,22,29,0,15.58,197.0,2.0,0.0,0.0,0.0,3.0,-3.0,0.0,15.58,197.0,2.0,0.0,0.0,0.0,3.0,-3.0,0.0,15.58,197.0,2.0,0.0,0.0,0.0,3.0,-3.0,15.58
302,Derek Carr,NO,QB,W 48-17,27.16,Atl,Home,1.0,01-09-24,18,False,0,21,22,1,1,21.37,230.5,3.0,0.0,0.0,0.0,2.0,1.5,0.0,42.74,461.0,6.0,0.0,0.0,0.0,4.0,3.0,0.0,21.37,230.5,3.0,0.0,0.0,0.0,2.0,1.5,21.37
56,Derek Carr,NO,QB,W 16-15,14.6,Ten,Home,15.0,09-12-23,1,False,0,21,22,30,1,19.113333333333333,255.33333333333334,2.3333333333333335,0.0,0.0,0.0,2.3333333333333335,2.3333333333333335,0.0,57.339999999999996,766.0,7.0,0.0,0.0,0.0,7.0,7.0,0.0,19.113333333333333,255.33333333333334,2.3333333333333335,0.0,0.0,0.0,2.3333333333333335,2.3333333333333335,19.113333333333333
535,Derek Carr,NO,QB,W 20-17,6.72,Car,Away,33.0,09-19-23,2,False,0,21,22,4,0,16.015,248.5,1.75,0.0,0.0,0.0,2.5,0.75,0.0,64.06,994.0,7.0,0.0,0.0,0.0,10.0,3.0,0.0,16.015,248.5,1.75,0.0,0.0,0.0,2.5,0.75,16.015
108,Derek Carr,NO,QB,L 17-18,8.12,GB,Away,27.0,09-26-23,3,False,0,21,22,11,0,14.435999999999998,219.4,1.6,0.0,0.0,0.0,2.0,0.6,0.0,72.17999999999999,1097.0,8.0,0.0,0.0,0.0,10.0,3.0,0.0,14.435999999999998,219.4,1.6,0.0,0.0,0.0,2.0,0.6,14.435999999999998
30,Derek Carr,NO,QB,L 9-26,3.18,TB,Home,31.0,10-03-23,4,False,0,21,22,29,1,11.956,205.4,1.2,0.0,0.0,0.0,1.8,1.4,0.0,75.36,1224.0,8.0,0.0,0.0,0.0,12.0,4.0,0.0,12.56,204.0,1.3333333333333333,0.0,0.0,0.0,2.0,0.6666666666666666,12.56
138,Derek Carr,NO,QB,W 34-0,15.72,NE,Away,15.0,10-10-23,5,False,0,21,22,21,0,9.668,189.2,0.8,0.0,0.0,0.0,2.0,1.0,0.0,91.08,1407.0,10.0,0.0,0.0,0.0,14.0,8.0,0.0,13.01142857142857,201.0,1.4285714285714286,0.0,0.0,0.0,2.0,1.1428571428571428,13.01142857142857
663,Derek Carr,NO,QB,L 13-20,16.32,Hou,Away,9.0,10-17-23,6,False,0,21,22,12,0,10.011999999999999,198.8,0.8,0.0,0.0,0.0,1.6,0.6,0.0,107.4,1760.0,11.0,0.0,0.0,0.0,15.0,10.0,0.0,13.425,220.0,1.375,0.0,0.0,0.0,1.875,1.25,13.425
633,Derek Carr,NO,QB,L 24-31,17.44,Jax,Home,10.0,10-24-23,7,False,0,21,22,14,1,12.156,213.4,1.0,0.0,0.0,0.0,1.6,4.2,0.0,124.84,2061.0,12.0,0.0,0.0,0.0,18.0,24.0,0.0,13.871111111111112,229.0,1.3333333333333333,0.0,0.0,0.0,2.0,2.6666666666666665,13.871111111111112
595,Derek Carr,NO,QB,W 38-27,18.3,Ind,Away,12.5,10-31-23,8,False,0,21,22,13,0,14.192000000000002,254.8,1.2,0.0,0.0,0.0,1.8,4.0,0.0,143.14,2371.0,14.0,0.0,0.0,0.0,19.0,23.0,0.0,14.313999999999998,237.1,1.4,0.0,0.0,0.0,1.9,2.3,14.313999999999998
240,Derek Carr,NO,QB,W 24-17,16.74,Chi,Home,10.0,11-07-23,9,False,0,21,22,5,1,16.904,271.6,1.6,0.0,0.0,0.0,2.0,4.4,0.0,159.88,2582.0,16.0,0.0,0.0,0.0,22.0,26.0,0.0,14.534545454545453,234.72727272727272,1.4545454545454546,0.0,0.0,0.0,2.0,2.3636363636363638,14.534545454545453
373,Derek Carr,NO,QB,L 19-27,5.4,Min,Away,30.0,11-14-23,10,False,0,21,22,20,0,14.839999999999998,257.0,1.2,0.0,0.0,0.0,1.8,5.6,0.0,165.28,2692.0,16.0,0.0,0.0,0.0,23.0,36.0,0.0,13.773333333333333,224.33333333333334,1.3333333333333333,0.0,0.0,0.0,1.9166666666666667,3.0,13.773333333333333
402,Derek Carr,NO,QB,L 15-24,10.86,Atl,Away,21.0,11-28-23,12,False,0,21,22,1,0,13.748,247.2,1.0,0.0,0.0,0.0,2.0,6.6,0.0,176.14,2996.0,16.0,0.0,0.0,0.0,25.0,43.0,0.0,13.549230769230768,230.46153846153845,1.2307692307692308,0.0,0.0,0.0,1.9230769230769231,3.3076923076923075,13.549230769230768
215,Derek Carr,NO,QB,L 28-33,8.94,Det,Home,20.0,12-05-23,13,False,0,21,22,10,1,12.048,232.2,1.0,0.0,0.0,0.0,1.8,3.6,0.0,185.07999999999998,3222.0,17.0,0.0,0.0,0.0,27.0,42.0,0.0,13.219999999999999,230.14285714285714,1.2142857142857142,0.0,0.0,0.0,1.9285714285714286,3.0,13.219999999999999
283,Derek Carr,NO,QB,W 28-6,10.76,Car,Home,21.0,12-12-23,14,False,0,21,22,4,1,10.54,194.0,1.0,0.0,0.0,0.0,1.6,3.8,0.0,195.84,3341.0,19.0,0.0,0.0,0.0,27.0,42.0,0.0,13.056000000000001,222.73333333333332,1.2666666666666666,0.0,0.0,0.0,1.8,2.8,13.056000000000001
545,Derek Carr,NO,QB,W 24-6,20.32,NYG,Home,7.0,12-19-23,15,False,0,21,22,23,1,11.255999999999998,195.4,1.2,0.0,0.0,0.0,1.6,2.4,0.0,216.16,3559.0,22.0,0.0,0.0,0.0,30.0,38.0,0.0,13.51,222.4375,1.375,0.0,0.0,0.0,1.875,2.375,13.51
422,Derek Carr,NO,QB,L 22-30,24.96,LAR,Away,2.0,12-26-23,16,False,0,21,22,17,0,15.168000000000001,237.2,1.8,0.0,0.0,0.0,1.8,0.8,0.0,241.12,3878.0,25.0,0.0,0.0,0.0,32.0,40.0,0.0,14.183529411764706,228.11764705882354,1.4705882352941178,0.0,0.0,0.0,1.8823529411764706,2.3529411764705883,14.183529411764706
47,Deshaun Watson,Cle,QB,W 24-3,20.66,Cin,Home,6.0,09-12-23,1,False,0,22,7,6,1,20.66,154.0,1.0,0.0,0.0,0.0,5.0,45.0,1.0,20.66,154.0,1.0,0.0,0.0,0.0,5.0,45.0,1.0,20.66,154.0,1.0,0.0,0.0,0.0,5.0,45.0,20.66
529,Deshaun Watson,Cle,QB,L 22-26,11.6,Pit,Away,27.0,09-19-23,2,False,0,22,7,26,0,16.13,194.5,1.0,0.0,0.0,0.0,5.5,33.5,0.5,32.26,389.0,2.0,0.0,0.0,0.0,11.0,67.0,1.0,16.13,194.5,1.0,0.0,0.0,0.0,5.5,33.5,16.13
90,Deshaun Watson,Cle,QB,W 27-3,21.16,Ten,Home,9.0,09-26-23,3,False,0,22,7,30,1,17.80666666666667,226.0,1.3333333333333333,0.0,0.0,0.0,5.0,27.666666666666668,0.3333333333333333,53.42,678.0,4.0,0.0,0.0,0.0,15.0,83.0,1.0,17.80666666666667,226.0,1.3333333333333333,0.0,0.0,0.0,5.0,27.666666666666668,17.80666666666667
654,Deshaun Watson,Cle,QB,W 39-38,-1.8,Ind,Away,31.0,10-24-23,7,False,0,22,7,13,0,12.905000000000001,170.75,1.0,0.0,0.0,0.0,3.75,20.75,0.25,51.620000000000005,683.0,4.0,0.0,0.0,0.0,15.0,83.0,1.0,12.905000000000001,170.75,1.0,0.0,0.0,0.0,3.75,20.75,12.905000000000001
238,Deshaun Watson,Cle,QB,W 27-0,18.96,Ari,Home,8.0,11-07-23,9,False,0,22,7,0,1,14.116,180.4,1.2,0.0,0.0,0.0,3.6,21.0,0.2,70.58,902.0,6.0,0.0,0.0,0.0,18.0,105.0,1.0,14.116,180.4,1.2,0.0,0.0,0.0,3.6,21.0,14.116
357,Deshaun Watson,Cle,QB,W 33-31,16.22,Bal,Away,14.0,11-14-23,10,False,0,22,7,2,0,13.228,192.2,1.2,0.0,0.0,0.0,4.2,19.4,0.0,86.8,1115.0,7.0,0.0,0.0,0.0,26.0,142.0,1.0,14.466666666666667,185.83333333333334,1.1666666666666667,0.0,0.0,0.0,4.333333333333333,23.666666666666668,14.466666666666667
500,Desmond Ridder,Atl,QB,L 17-37,-1.32,Chi,Away,41.0,01-02-24,17,False,0,23,1,5,0,-1.32,17.0,0.0,0.0,0.0,0.0,0.0,0.0,0.0,-1.32,17.0,0.0,0.0,0.0,0.0,0.0,0.0,0.0,-1.32,17.0,0.0,0.0,0.0,0.0,0.0,0.0,-1.32
318,Desmond Ridder,Atl,QB,L 17-48,15.64,NO,Away,17.0,01-09-24,18,False,0,23,1,22,0,7.16,154.0,1.0,0.0,0.0,0.0,1.0,0.0,0.0,14.32,308.0,2.0,0.0,0.0,0.0,2.0,0.0,0.0,7.16,154.0,1.0,0.0,0.0,0.0,1.0,0.0,7.16
65,Desmond Ridder,Atl,QB,W 24-10,8.9,Car,Home,24.0,09-12-23,1,False,0,23,1,4,1,7.739999999999999,141.0,1.0,0.3333333333333333,-2.0,0.0,1.0,-0.3333333333333333,0.0,23.22,423.0,3.0,1.0,-6.0,0.0,3.0,-1.0,0.0,7.739999999999999,141.0,1.0,0.3333333333333333,-2.0,0.0,1.0,-0.3333333333333333,7.739999999999999
514,Desmond Ridder,Atl,QB,W 25-24,21.38,GB,Home,12.0,09-19-23,2,False,0,23,1,11,1,11.15,165.0,1.0,0.25,-1.5,0.0,3.25,9.5,0.25,44.6,660.0,4.0,1.0,-6.0,0.0,13.0,38.0,1.0,11.15,165.0,1.0,0.25,-1.5,0.0,3.25,9.5,11.15
111,Desmond Ridder,Atl,QB,L 6-20,6.34,Det,Away,30.0,09-26-23,3,False,0,23,1,10,0,10.187999999999999,172.2,0.8,0.2,-1.2,0.0,3.0,8.2,0.2,50.94,861.0,4.0,1.0,-6.0,0.0,15.0,41.0,1.0,10.187999999999999,172.2,0.8,0.2,-1.2,0.0,3.0,8.2,10.187999999999999
26,Desmond Ridder,Atl,QB,L 7-23,6.24,Jax,Away,27.0,10-03-23,4,False,0,23,1,14,0,11.7,207.0,1.0,0.2,-1.2,0.0,3.2,9.4,0.2,57.18,1052.0,5.0,1.0,-6.0,0.0,16.0,47.0,1.0,9.53,175.33333333333334,0.8333333333333334,0.16666666666666666,-1.0,0.0,2.6666666666666665,7.833333333333333,9.53
128,Desmond Ridder,Atl,QB,W 21-19,26.16,Hou,Home,5.0,10-10-23,5,False,0,23,1,12,1,13.804000000000002,214.6,0.8,0.2,-1.2,0.0,3.6,11.4,0.4,83.34,1381.0,6.0,1.0,-6.0,0.0,20.0,57.0,2.0,11.905714285714286,197.28571428571428,0.8571428571428571,0.14285714285714285,-0.8571428571428571,0.0,2.857142857142857,8.142857142857142,11.905714285714286
664,Desmond Ridder,Atl,QB,L 16-24,16.08,Wsh,Home,10.0,10-17-23,6,False,0,23,1,31,1,15.24,253.0,1.0,0.0,0.0,0.0,3.8,15.2,0.4,99.42,1688.0,8.0,1.0,-6.0,0.0,22.0,75.0,2.0,12.4275,211.0,1.0,0.125,-0.75,0.0,2.75,9.375,12.4275
640,Desmond Ridder,Atl,QB,W 16-13,13.8,TB,Away,17.0,10-24-23,7,False,0,23,1,29,0,13.724,255.6,0.8,0.0,0.0,0.0,3.0,15.0,0.4,113.22,1938.0,8.0,1.0,-6.0,0.0,28.0,113.0,3.0,12.58,215.33333333333334,0.8888888888888888,0.1111111111111111,-0.6666666666666666,0.0,3.111111111111111,12.555555555555555,12.58
617,Desmond Ridder,Atl,QB,L 23-28,3.44,Ten,Away,35.0,10-31-23,8,False,0,23,1,30,0,13.144,229.6,0.8,0.0,0.0,0.0,3.2,19.6,0.4,116.66,2009.0,8.0,1.0,-6.0,0.0,31.0,139.0,3.0,11.666,200.9,0.8,0.1,-0.6,0.0,3.1,13.9,11.666
260,Desmond Ridder,Atl,QB,L 28-31,0.0,Min,Home,30.5,11-07-23,9,False,0,23,1,20,1,11.896,191.4,0.6,0.0,0.0,0.0,3.0,18.4,0.4,116.66,2009.0,8.0,1.0,-6.0,0.0,31.0,139.0,3.0,10.605454545454545,182.63636363636363,0.7272727272727273,0.09090909090909091,-0.5454545454545454,0.0,2.8181818181818183,12.636363636363637,10.605454545454545
365,Desmond Ridder,Atl,QB,L 23-25,8.66,Ari,Away,22.0,11-14-23,10,False,0,23,1,0,0,8.395999999999999,133.4,0.4,0.0,0.0,0.0,2.8,18.6,0.4,125.32000000000001,2048.0,8.0,1.0,-6.0,0.0,34.0,150.0,4.0,10.443333333333333,170.66666666666666,0.6666666666666666,0.08333333333333333,-0.5,0.0,2.8333333333333335,12.5,10.443333333333333
406,Desmond Ridder,Atl,QB,W 24-15,9.72,NO,Home,25.0,11-28-23,12,False,0,23,1,22,1,7.1240000000000006,105.6,0.2,0.0,0.0,0.0,3.8,21.0,0.4,135.04,2216.0,9.0,1.0,-6.0,0.0,41.0,180.0,4.0,10.387692307692307,170.46153846153845,0.6923076923076923,0.07692307692307693,-0.46153846153846156,0.0,3.1538461538461537,13.846153846153847,10.387692307692307
216,Desmond Ridder,Atl,QB,W 13-8,8.84,NYJ,Away,21.0,12-05-23,13,False,0,23,1,24,0,6.132,79.8,0.4,0.0,0.0,0.0,3.2,13.4,0.2,143.88,2337.0,10.0,1.0,-6.0,0.0,44.0,180.0,4.0,10.277142857142858,166.92857142857142,0.7142857142857143,0.07142857142857142,-0.42857142857142855,0.0,3.142857142857143,12.857142857142858,10.277142857142858
264,Desmond Ridder,Atl,QB,L 25-29,25.38,TB,Home,2.0,12-12-23,14,False,0,23,1,29,1,10.52,135.0,0.6,0.0,0.0,0.0,3.4,11.2,0.4,169.26,2684.0,11.0,1.0,-6.0,0.0,48.0,195.0,5.0,11.283999999999999,178.93333333333334,0.7333333333333333,0.06666666666666667,-0.4,0.0,3.2,13.0,11.283999999999999
568,Desmond Ridder,Atl,QB,L 7-9,7.88,Car,Away,30.0,12-19-23,15,False,0,23,1,4,0,12.096,165.4,0.8,0.0,0.0,0.0,4.4,10.8,0.4,177.14000000000001,2836.0,12.0,1.0,-6.0,0.0,53.0,193.0,5.0,11.071250000000001,177.25,0.75,0.0625,-0.375,0.0,3.3125,12.0625,11.071250000000001
118,Dorian Thompson-Robinson,Cle,QB,W 27-3,0.0,Ten,Home,38.0,09-26-23,3,False,0,24,7,30,1,0.0,0.0,0.0,0.0,0.0,0.0,0.0,0.0,0.0,0.0,0.0,0.0,0.0,0.0,0.0,0.0,0.0,0.0,0.0,0.0,0.0,0.0,0.0,0.0,0.0,0.0,0.0
32,Dorian Thompson-Robinson,Cle,QB,L 3-28,1.24,Bal,Home,33.0,10-03-23,4,False,0,24,7,2,1,0.62,60.5,0.0,0.0,0.0,0.0,2.0,12.0,0.0,1.24,121.0,0.0,0.0,0.0,0.0,4.0,24.0,0.0,0.62,60.5,0.0,0.0,0.0,0.0,2.0,12.0,0.62
689,Dorian Thompson-Robinson,Cle,QB,W 19-17,0.0,SF,Home,35.5,10-17-23,6,False,0,24,7,27,1,0.41333333333333333,40.333333333333336,0.0,0.0,0.0,0.0,1.3333333333333333,8.0,0.0,1.24,121.0,0.0,0.0,0.0,0.0,4.0,24.0,0.0,0.41333333333333333,40.333333333333336,0.0,0.0,0.0,0.0,1.3333333333333333,8.0,0.41333333333333333
619,Dorian Thompson-Robinson,Cle,QB,L 20-24,0.36,Sea,Away,37.0,10-31-23,8,False,0,24,7,28,0,0.4,32.5,0.0,0.0,0.0,0.0,1.0,6.0,0.0,1.6,130.0,0.0,0.0,0.0,0.0,4.0,24.0,0.0,0.4,32.5,0.0,0.0,0.0,0.0,1.0,6.0,0.4
187,Dorian Thompson-Robinson,Cle,QB,W 13-10,6.6,Pit,Home,27.0,11-21-23,11,False,0,24,7,26,1,1.64,59.0,0.0,0.0,0.0,0.0,1.4,8.8,0.0,8.2,295.0,0.0,0.0,0.0,0.0,7.0,44.0,0.0,1.64,59.0,0.0,0.0,0.0,0.0,1.4,8.8,1.64
401,Dorian Thompson-Robinson,Cle,QB,L 12-29,11.46,Den,Away,20.0,11-28-23,12,False,0,24,7,9,0,3.932,85.8,0.2,0.0,0.0,0.0,2.4,13.0,0.0,19.66,429.0,1.0,0.0,0.0,0.0,12.0,65.0,0.0,3.276666666666667,71.5,0.16666666666666666,0.0,0.0,0.0,2.0,10.833333333333334,3.276666666666667
295,Dorian Thompson-Robinson,Cle,QB,W 31-27,0.5,Jax,Home,33.0,12-12-23,14,False,0,24,7,14,1,3.7840000000000003,61.6,0.2,0.0,0.0,0.0,1.8,9.2,0.0,20.16,429.0,1.0,0.0,0.0,0.0,13.0,70.0,0.0,2.88,61.285714285714285,0.14285714285714285,0.0,0.0,0.0,1.8571428571428572,10.0,2.88
573,Dorian Thompson-Robinson,Cle,QB,W 20-17,0.2,Chi,Home,35.0,12-19-23,15,False,0,24,7,5,1,3.8240000000000003,62.6,0.2,0.0,0.0,0.0,1.8,9.2,0.0,20.36,434.0,1.0,0.0,0.0,0.0,13.0,70.0,0.0,2.545,54.25,0.125,0.0,0.0,0.0,1.625,8.75,2.545
456,Dorian Thompson-Robinson,Cle,QB,W 36-22,1.74,Hou,Away,36.0,12-26-23,16,False,0,24,7,12,0,4.1,62.0,0.2,0.0,0.0,0.0,2.0,8.2,0.0,22.1,440.0,1.0,0.0,0.0,0.0,14.0,65.0,0.0,2.4555555555555557,48.888888888888886,0.1111111111111111,0.0,0.0,0.0,1.5555555555555556,7.222222222222222,2.4555555555555557
28,Drew Lock,Sea,QB,W 24-3,3.62,NYG,Away,29.0,10-03-23,4,False,0,25,28,23,0,3.62,63.0,0.0,0.0,0.0,0.0,1.0,11.0,0.0,3.62,63.0,0.0,0.0,0.0,0.0,1.0,11.0,0.0,3.62,63.0,0.0,0.0,0.0,0.0,1.0,11.0,3.62
195,Drew Lock,Sea,QB,L 16-17,-1.88,LAR,Away,35.0,11-21-23,11,False,0,25,28,17,0,0.8700000000000001,33.0,0.0,0.0,0.0,0.0,0.5,5.5,0.0,1.7400000000000002,66.0,0.0,0.0,0.0,0.0,1.0,11.0,0.0,0.8700000000000001,33.0,0.0,0.0,0.0,0.0,0.5,5.5,0.8700000000000001
280,Drew Lock,Sea,QB,L 16-28,15.26,SF,Away,18.0,12-12-23,14,False,0,25,28,27,0,5.666666666666667,111.66666666666667,0.6666666666666666,0.0,0.0,0.0,1.3333333333333333,5.333333333333333,0.0,17.0,335.0,2.0,0.0,0.0,0.0,4.0,16.0,0.0,5.666666666666667,111.66666666666667,0.6666666666666666,0.0,0.0,0.0,1.3333333333333333,5.333333333333333,5.666666666666667
562,Drew Lock,Sea,QB,W 20-17,12.12,Phi,Home,24.0,12-19-23,15,False,0,25,28,25,1,7.279999999999999,135.75,0.75,0.0,0.0,0.0,1.25,3.5,0.0,29.119999999999997,543.0,3.0,0.0,0.0,0.0,5.0,14.0,0.0,7.279999999999999,135.75,0.75,0.0,0.0,0.0,1.25,3.5,7.279999999999999
484,Easton Stick,LAC,QB,L 9-16,11.9,Den,Away,25.0,01-02-24,17,False,0,26,16,9,0,11.9,220.0,0.0,0.0,0.0,0.0,5.0,31.0,0.0,11.9,220.0,0.0,0.0,0.0,0.0,5.0,31.0,0.0,11.9,220.0,0.0,0.0,0.0,0.0,5.0,31.0,11.9
317,Easton Stick,LAC,QB,L 12-13,16.02,KC,Home,16.0,01-09-24,18,False,0,26,16,15,1,13.96,239.0,0.0,0.0,0.0,0.0,9.0,54.0,0.0,27.92,478.0,0.0,0.0,0.0,0.0,18.0,108.0,0.0,13.96,239.0,0.0,0.0,0.0,0.0,9.0,54.0,13.96
288,Easton Stick,LAC,QB,L 7-24,5.16,Den,Home,26.0,12-12-23,14,False,0,26,16,9,1,11.026666666666666,219.0,0.0,0.0,0.0,0.0,6.0,36.0,0.0,33.08,657.0,0.0,0.0,0.0,0.0,18.0,108.0,0.0,11.026666666666666,219.0,0.0,0.0,0.0,0.0,6.0,36.0,11.026666666666666
551,Easton Stick,LAC,QB,L 21-63,17.38,LV,Away,13.0,12-19-23,15,False,0,26,16,18,0,12.614999999999998,228.5,0.75,0.0,0.0,0.0,5.0,29.75,0.0,50.459999999999994,914.0,3.0,0.0,0.0,0.0,20.0,119.0,0.0,12.614999999999998,228.5,0.75,0.0,0.0,0.0,5.0,29.75,12.614999999999998
436,Easton Stick,LAC,QB,L 22-24,17.1,Buf,Home,16.0,12-26-23,16,False,0,26,16,3,1,13.512,225.8,0.6,0.0,0.0,0.0,5.4,28.8,0.2,67.56,1129.0,3.0,0.0,0.0,0.0,27.0,144.0,1.0,13.512,225.8,0.6,0.0,0.0,0.0,5.4,28.8,13.512
479,Gardner Minshew,Ind,QB,W 23-20,13.26,LV,Home,20.0,01-02-24,17,False,0,27,13,18,1,13.26,224.0,1.0,0.0,0.0,0.0,2.0,3.0,0.0,13.26,224.0,1.0,0.0,0.0,0.0,2.0,3.0,0.0,13.26,224.0,1.0,0.0,0.0,0.0,2.0,3.0,13.26
326,Gardner Minshew,Ind,QB,L 19-23,8.54,Hou,Home,25.0,01-09-24,18,False,0,27,13,12,1,10.899999999999999,182.5,0.5,0.0,0.0,0.0,1.5,6.0,0.0,21.799999999999997,365.0,1.0,0.0,0.0,0.0,3.0,12.0,0.0,10.899999999999999,182.5,0.5,0.0,0.0,0.0,1.5,6.0,10.899999999999999
76,Gardner Minshew,Ind,QB,L 21-31,0.0,Jax,Home,36.0,09-12-23,1,False,0,27,13,14,1,7.266666666666666,121.66666666666667,0.3333333333333333,0.0,0.0,0.0,1.0,4.0,0.0,21.799999999999997,365.0,1.0,0.0,0.0,0.0,3.0,12.0,0.0,7.266666666666666,121.66666666666667,0.3333333333333333,0.0,0.0,0.0,1.0,4.0,7.266666666666666
530,Gardner Minshew,Ind,QB,W 31-20,11.14,Hou,Away,28.0,09-19-23,2,False,0,27,13,12,0,8.235,134.0,0.5,0.0,0.0,0.0,1.25,3.75,0.0,32.94,536.0,2.0,0.0,0.0,0.0,5.0,15.0,0.0,8.235,134.0,0.5,0.0,0.0,0.0,1.25,3.75,8.235
103,Gardner Minshew,Ind,QB,W 22-19,13.08,Bal,Away,22.0,09-26-23,3,False,0,27,13,2,0,9.203999999999999,152.6,0.6,0.0,0.0,0.0,1.0,3.0,0.0,46.019999999999996,763.0,3.0,0.0,0.0,0.0,5.0,15.0,0.0,9.203999999999999,152.6,0.6,0.0,0.0,0.0,1.0,3.0,9.203999999999999
37,Gardner Minshew,Ind,QB,L 23-29,0.0,LAR,Home,38.5,10-03-23,4,False,0,27,13,17,1,6.552000000000001,107.8,0.4,0.0,0.0,0.0,0.6,2.4,0.0,46.019999999999996,763.0,3.0,0.0,0.0,0.0,5.0,15.0,0.0,7.669999999999999,127.16666666666667,0.5,0.0,0.0,0.0,0.8333333333333334,2.5,7.669999999999999
148,Gardner Minshew,Ind,QB,W 23-16,6.3,Ten,Home,25.0,10-10-23,5,False,0,27,13,30,1,6.104000000000001,110.6,0.4,0.0,0.0,0.0,0.8,0.8,0.0,52.32,918.0,3.0,0.0,0.0,0.0,7.0,16.0,0.0,7.474285714285714,131.14285714285714,0.42857142857142855,0.0,0.0,0.0,1.0,2.2857142857142856,7.474285714285714
675,Gardner Minshew,Ind,QB,L 20-37,9.56,Jax,Away,21.0,10-17-23,6,False,0,27,13,14,0,8.016,176.4,0.6,0.0,0.0,0.0,1.2,1.6,0.0,61.879999999999995,1247.0,4.0,0.0,0.0,0.0,9.0,20.0,0.0,7.734999999999999,155.875,0.5,0.0,0.0,0.0,1.125,2.5,7.734999999999999
626,Gardner Minshew,Ind,QB,L 38-39,27.1,Cle,Home,3.0,10-24-23,7,False,0,27,13,7,1,11.208000000000002,203.2,0.8,0.0,0.0,0.0,1.4,6.8,0.4,88.98,1552.0,6.0,0.0,0.0,0.0,12.0,49.0,2.0,9.886666666666667,172.44444444444446,0.6666666666666666,0.0,0.0,0.0,1.3333333333333333,5.444444444444445,9.886666666666667
597,Gardner Minshew,Ind,QB,L 27-38,14.82,NO,Home,15.0,10-31-23,8,False,0,27,13,22,1,11.556000000000001,200.4,1.0,0.0,0.0,0.0,1.6,7.4,0.4,103.8,1765.0,8.0,0.0,0.0,0.0,13.0,52.0,2.0,10.379999999999999,176.5,0.8,0.0,0.0,0.0,1.3,5.2,10.379999999999999
249,Gardner Minshew,Ind,QB,W 27-13,9.58,Car,Away,19.0,11-07-23,9,False,0,27,13,4,0,13.472,225.8,1.2,0.0,0.0,0.0,2.6,8.4,0.4,113.38,1892.0,9.0,0.0,0.0,0.0,18.0,57.0,2.0,10.307272727272727,172.0,0.8181818181818182,0.0,0.0,0.0,1.6363636363636365,5.181818181818182,10.307272727272727
372,Gardner Minshew,Ind,QB,W 10-6,5.66,NE,Away,29.0,11-14-23,10,False,0,27,13,21,0,13.344,233.6,1.2,0.0,0.0,0.0,2.6,8.0,0.4,119.04,2086.0,9.0,0.0,0.0,0.0,20.0,56.0,2.0,9.92,173.83333333333334,0.75,0.0,0.0,0.0,1.6666666666666667,4.666666666666667,9.92
395,Gardner Minshew,Ind,QB,W 27-20,14.64,TB,Home,14.0,11-28-23,12,False,0,27,13,29,1,14.36,218.0,1.0,0.0,0.0,0.0,2.8,8.4,0.6,133.68,2337.0,9.0,0.0,0.0,0.0,23.0,62.0,3.0,10.283076923076923,179.76923076923077,0.6923076923076923,0.0,0.0,0.0,1.7692307692307692,4.769230769230769,10.283076923076923
206,Gardner Minshew,Ind,QB,W 31-28,18.68,Ten,Away,11.0,12-05-23,13,False,0,27,13,30,0,12.676,219.4,1.0,0.0,0.0,0.0,2.8,3.0,0.2,152.36,2649.0,11.0,0.0,0.0,0.0,26.0,64.0,3.0,10.882857142857144,189.21428571428572,0.7857142857142857,0.0,0.0,0.0,1.8571428571428572,4.571428571428571,10.882857142857144
281,Gardner Minshew,Ind,QB,L 14-34,14.1,Cin,Away,19.0,12-12-23,14,False,0,27,13,6,0,12.532,224.8,0.8,0.0,0.0,0.0,3.0,3.4,0.2,166.46,2889.0,12.0,0.0,0.0,0.0,28.0,69.0,3.0,11.097333333333333,192.6,0.8,0.0,0.0,0.0,1.8666666666666667,4.6,11.097333333333333
544,Gardner Minshew,Ind,QB,W 30-13,20.6,Pit,Home,6.0,12-19-23,15,False,0,27,13,26,1,14.736,242.4,1.2,0.0,0.0,0.0,2.4,2.4,0.2,187.06,3104.0,15.0,0.0,0.0,0.0,30.0,69.0,3.0,11.69125,194.0,0.9375,0.0,0.0,0.0,1.875,4.3125,11.69125
449,Gardner Minshew,Ind,QB,L 10-29,9.14,Atl,Away,29.0,12-26-23,16,False,0,27,13,1,0,15.431999999999999,243.8,1.2,0.0,0.0,0.0,2.8,8.8,0.2,196.2,3305.0,15.0,0.0,0.0,0.0,34.0,100.0,3.0,11.541176470588235,194.41176470588235,0.8823529411764706,0.0,0.0,0.0,2.0,5.882352941176471,11.541176470588235
472,Geno Smith,Sea,QB,L 23-30,16.9,Pit,Home,13.0,01-02-24,17,False,0,28,28,26,1,16.9,290.0,1.0,0.0,0.0,0.0,3.0,33.0,0.0,16.9,290.0,1.0,0.0,0.0,0.0,3.0,33.0,0.0,16.9,290.0,1.0,0.0,0.0,0.0,3.0,33.0,16.9
309,Geno Smith,Sea,QB,W 21-20,20.36,Ari,Away,8.0,01-09-24,18,False,0,28,28,0,0,18.63,239.5,1.5,0.0,0.0,0.0,3.0,30.5,0.0,37.26,479.0,3.0,0.0,0.0,0.0,6.0,61.0,0.0,18.63,239.5,1.5,0.0,0.0,0.0,3.0,30.5,18.63
63,Geno Smith,Sea,QB,L 13-30,9.08,LAR,Home,22.0,09-12-23,1,False,0,28,28,17,1,15.446666666666665,197.0,1.3333333333333333,0.0,0.0,0.0,2.3333333333333335,22.333333333333332,0.0,46.339999999999996,591.0,4.0,0.0,0.0,0.0,7.0,67.0,0.0,15.446666666666665,197.0,1.3333333333333333,0.0,0.0,0.0,2.3333333333333335,22.333333333333332,15.446666666666665
509,Geno Smith,Sea,QB,W 37-31,23.12,Det,Away,7.0,09-19-23,2,False,0,28,28,10,0,17.365000000000002,229.75,1.5,0.0,0.0,0.0,2.5,21.75,0.0,69.46000000000001,919.0,6.0,0.0,0.0,0.0,10.0,87.0,0.0,17.365000000000002,229.75,1.5,0.0,0.0,0.0,2.5,21.75,17.365000000000002
98,Geno Smith,Sea,QB,W 37-27,15.44,Car,Home,17.0,09-26-23,3,False,0,28,28,4,1,16.98,243.0,1.4,0.0,0.0,0.0,2.8,16.6,0.0,84.9,1215.0,7.0,0.0,0.0,0.0,14.0,83.0,0.0,16.98,243.0,1.4,0.0,0.0,0.0,2.8,16.6,16.98
23,Geno Smith,Sea,QB,W 24-3,9.2,NYG,Away,24.0,10-03-23,4,False,0,28,28,23,0,15.439999999999998,207.0,1.4,0.2,-0.4,0.0,2.2,10.0,0.0,94.1,1325.0,8.0,1.0,-2.0,0.0,14.0,83.0,0.0,15.683333333333332,220.83333333333334,1.3333333333333333,0.16666666666666666,-0.3333333333333333,0.0,2.3333333333333335,13.833333333333334,15.683333333333332
671,Geno Smith,Sea,QB,L 13-17,11.04,Cin,Away,17.0,10-17-23,6,False,0,28,28,6,0,13.575999999999999,234.4,1.0,0.2,-0.4,0.0,2.4,8.4,0.0,105.14,1651.0,8.0,1.0,-2.0,0.0,18.0,103.0,0.0,15.02,235.85714285714286,1.1428571428571428,0.14285714285714285,-0.2857142857142857,0.0,2.5714285714285716,14.714285714285714,15.02
641,Geno Smith,Sea,QB,W 20-10,13.76,Ari,Home,18.0,10-24-23,7,False,0,28,28,0,1,14.512,255.8,1.2,0.2,-0.4,0.0,3.4,9.2,0.0,118.9,1870.0,10.0,1.0,-2.0,0.0,24.0,113.0,0.0,14.8625,233.75,1.25,0.125,-0.25,0.0,3.0,14.125,14.8625
601,Geno Smith,Sea,QB,W 24-20,13.86,Cle,Home,19.0,10-31-23,8,False,0,28,28,7,1,12.66,241.0,1.2,0.2,-0.4,0.0,3.2,4.6,0.0,132.76,2124.0,12.0,1.0,-2.0,0.0,26.0,110.0,0.0,14.75111111111111,236.0,1.3333333333333333,0.1111111111111111,-0.2222222222222222,0.0,2.888888888888889,12.222222222222221,14.75111111111111
258,Geno Smith,Sea,QB,L 3-37,2.68,Bal,Away,28.0,11-07-23,9,False,0,28,28,2,0,10.108,213.2,1.0,0.2,-0.4,0.0,2.8,6.2,0.0,135.44,2281.0,12.0,1.0,-2.0,0.0,28.0,114.0,0.0,13.544,228.1,1.2,0.1,-0.2,0.0,2.8,11.4,13.544
348,Geno Smith,Sea,QB,W 29-26,24.06,Wsh,Home,5.0,11-14-23,10,False,0,28,28,31,1,13.079999999999998,265.0,1.2,0.0,0.0,0.0,3.0,8.8,0.0,159.5,2650.0,14.0,1.0,-2.0,0.0,29.0,127.0,0.0,14.5,240.9090909090909,1.2727272727272727,0.09090909090909091,-0.18181818181818182,0.0,2.6363636363636362,11.545454545454545,14.5
179,Geno Smith,Sea,QB,L 16-17,13.22,LAR,Away,19.0,11-21-23,11,False,0,28,28,17,0,13.516,246.4,1.4,0.0,0.0,0.0,2.4,4.6,0.0,172.72,2883.0,15.0,1.0,-2.0,0.0,30.0,126.0,0.0,14.393333333333333,240.25,1.25,0.08333333333333333,-0.16666666666666666,0.0,2.5,10.5,14.393333333333333
410,Geno Smith,Sea,QB,L 13-31,7.3,SF,Home,29.0,11-28-23,12,False,0,28,28,27,1,12.224,238.6,1.0,0.0,0.0,0.0,2.0,6.8,0.0,180.02,3063.0,15.0,1.0,-2.0,0.0,34.0,147.0,0.0,13.84769230769231,235.6153846153846,1.1538461538461537,0.07692307692307693,-0.15384615384615385,0.0,2.6153846153846154,11.307692307692308,13.84769230769231
196,Geno Smith,Sea,QB,L 35-41,29.96,Dal,Away,1.0,12-05-23,13,False,0,28,28,8,0,15.443999999999999,254.6,1.2,0.0,0.0,0.0,2.0,8.6,0.2,209.98,3397.0,18.0,1.0,-2.0,0.0,36.0,153.0,1.0,14.998571428571427,242.64285714285714,1.2857142857142858,0.07142857142857142,-0.14285714285714285,0.0,2.5714285714285716,10.928571428571429,14.998571428571427
435,Geno Smith,Sea,QB,W 20-17,17.28,Ten,Away,15.0,12-26-23,16,False,0,28,28,30,0,18.363999999999997,268.6,1.6,0.0,0.0,0.0,1.8,8.2,0.2,227.26,3624.0,20.0,1.0,-2.0,0.0,37.0,155.0,1.0,15.150666666666666,241.6,1.3333333333333333,0.06666666666666667,-0.13333333333333333,0.0,2.466666666666667,10.333333333333334,15.150666666666666
229,Jacoby Brissett,Wsh,QB,L 15-45,0.0,Mia,Home,33.5,12-05-23,13,False,0,29,31,19,1,0.0,0.0,0.0,0.0,0.0,0.0,0.0,0.0,0.0,0.0,0.0,0.0,0.0,0.0,0.0,0.0,0.0,0.0,0.0,0.0,0.0,0.0,0.0,0.0,0.0,0.0,0.0
558,Jacoby Brissett,Wsh,QB,L 20-28,13.86,LAR,Away,20.0,12-19-23,15,False,0,29,31,17,0,6.93,62.0,1.0,0.0,0.0,0.0,1.0,4.5,0.0,13.86,124.0,2.0,0.0,0.0,0.0,2.0,9.0,0.0,6.93,62.0,1.0,0.0,0.0,0.0,1.0,4.5,6.93
450,Jacoby Brissett,Wsh,QB,L 28-30,9.0,NYJ,Away,30.0,12-26-23,16,False,0,29,31,24,0,7.62,74.66666666666667,1.0,0.0,0.0,0.0,1.0,6.333333333333333,0.0,22.86,224.0,3.0,0.0,0.0,0.0,3.0,19.0,0.0,7.62,74.66666666666667,1.0,0.0,0.0,0.0,1.0,6.333333333333333,7.62
466,Jake Browning,Cin,QB,L 17-25,21.08,KC,Away,7.0,01-02-24,17,False,0,30,6,15,0,21.08,197.0,1.0,0.0,0.0,0.0,7.0,32.0,1.0,21.08,197.0,1.0,0.0,0.0,0.0,7.0,32.0,1.0,21.08,197.0,1.0,0.0,0.0,0.0,7.0,32.0,21.08
311,Jake Browning,Cin,QB,W 31-14,18.04,Cle,Home,10.0,01-09-24,18,False,0,30,6,7,1,19.56,176.5,2.0,0.0,0.0,0.0,4.5,25.0,0.5,39.12,353.0,4.0,0.0,0.0,0.0,9.0,50.0,1.0,19.56,176.5,2.0,0.0,0.0,0.0,4.5,25.0,19.56
80,Jake Browning,Cin,QB,L 3-24,-0.1,Cle,Away,39.0,09-12-23,1,False,0,30,6,7,0,13.006666666666666,117.66666666666667,1.3333333333333333,0.0,0.0,0.0,3.3333333333333335,16.333333333333332,0.3333333333333333,39.019999999999996,353.0,4.0,0.0,0.0,0.0,10.0,49.0,1.0,13.006666666666666,117.66666666666667,1.3333333333333333,0.0,0.0,0.0,3.3333333333333335,16.333333333333332,13.006666666666666
181,Jake Browning,Cin,QB,L 20-34,10.72,Bal,Away,21.0,11-21-23,11,False,0,30,6,2,0,12.434999999999999,105.25,1.25,0.0,0.0,0.0,3.5,22.25,0.25,49.739999999999995,421.0,5.0,0.0,0.0,0.0,14.0,89.0,1.0,12.434999999999999,105.25,1.25,0.0,0.0,0.0,3.5,22.25,12.434999999999999
399,Jake Browning,Cin,QB,L 10-16,11.98,Pit,Home,18.0,11-28-23,12,False,0,30,6,26,1,12.344,129.6,1.2,0.0,0.0,0.0,3.4,19.6,0.2,61.72,648.0,6.0,0.0,0.0,0.0,17.0,98.0,1.0,12.344,129.6,1.2,0.0,0.0,0.0,3.4,19.6,12.344
199,Jake Browning,Cin,QB,W 34-31,26.66,Jax,Away,4.0,12-05-23,13,False,0,30,6,14,0,13.459999999999999,161.0,1.2,0.2,-1.4,0.0,2.4,17.6,0.2,88.38,1002.0,7.0,1.0,-7.0,0.0,19.0,120.0,2.0,14.729999999999999,167.0,1.1666666666666667,0.16666666666666666,-1.1666666666666667,0.0,3.1666666666666665,20.0,14.729999999999999
266,Jake Browning,Cin,QB,W 34-14,23.7,Ind,Home,4.0,12-12-23,14,False,0,30,6,13,1,14.592000000000002,184.8,1.0,0.2,-1.4,0.0,2.6,15.4,0.4,112.08,1277.0,9.0,1.0,-7.0,0.0,22.0,127.0,3.0,16.01142857142857,182.42857142857142,1.2857142857142858,0.14285714285714285,-1.0,0.0,3.142857142857143,18.142857142857142,16.01142857142857
546,Jake Browning,Cin,QB,W 27-24,18.96,Min,Home,8.0,12-19-23,15,False,0,30,6,20,1,18.404,249.6,1.4,0.2,-1.4,0.0,3.2,15.6,0.4,131.04,1601.0,11.0,1.0,-7.0,0.0,26.0,127.0,3.0,16.38,200.125,1.375,0.125,-0.875,0.0,3.25,15.875,16.38
444,Jake Browning,Cin,QB,L 11-34,13.4,Pit,Away,24.0,12-26-23,16,False,0,30,6,26,0,18.94,303.0,1.4,0.2,-1.4,0.0,2.6,7.6,0.4,144.44,1936.0,12.0,1.0,-7.0,0.0,27.0,127.0,3.0,16.04888888888889,215.11111111111111,1.3333333333333333,0.1111111111111111,-0.7777777777777778,0.0,3.0,14.11111111111111,16.04888888888889
469,Jalen Hurts,Phi,QB,L 31-35,19.18,Ari,Home,10.0,01-02-24,17,False,0,31,25,0,1,19.18,167.0,3.0,0.0,0.0,0.0,8.0,25.0,0.0,19.18,167.0,3.0,0.0,0.0,0.0,8.0,25.0,0.0,19.18,167.0,3.0,0.0,0.0,0.0,8.0,25.0,19.18
336,Jalen Hurts,Phi,QB,L 10-27,0.6,NYG,Away,35.0,01-09-24,18,False,0,31,25,23,0,9.89,111.0,1.5,0.0,0.0,0.0,5.0,14.5,0.0,19.78,222.0,3.0,0.0,0.0,0.0,10.0,29.0,0.0,9.89,111.0,1.5,0.0,0.0,0.0,5.0,14.5,9.89
60,Jalen Hurts,Phi,QB,W 25-20,12.5,NE,Away,19.0,09-12-23,1,False,0,31,25,21,0,10.76,130.66666666666666,1.3333333333333333,0.0,0.0,0.0,6.333333333333333,22.0,0.0,32.28,392.0,4.0,0.0,0.0,0.0,19.0,66.0,0.0,10.76,130.66666666666666,1.3333333333333333,0.0,0.0,0.0,6.333333333333333,22.0,10.76
507,Jalen Hurts,Phi,QB,W 34-28,25.22,Min,Home,4.5,09-19-23,2,False,0,31,25,20,1,14.375,146.25,1.25,0.0,0.0,0.0,7.75,25.25,0.5,57.5,585.0,5.0,0.0,0.0,0.0,31.0,101.0,2.0,14.375,146.25,1.25,0.0,0.0,0.0,7.75,25.25,14.375
93,Jalen Hurts,Phi,QB,W 25-11,19.88,TB,Away,12.0,09-26-23,3,False,0,31,25,29,0,15.475999999999999,172.4,1.2,0.0,0.0,0.0,8.2,25.8,0.6,77.38,862.0,6.0,0.0,0.0,0.0,41.0,129.0,3.0,15.475999999999999,172.4,1.2,0.0,0.0,0.0,8.2,25.8,15.475999999999999
4,Jalen Hurts,Phi,QB,W 34-31,24.16,Wsh,Home,5.0,10-03-23,4,False,0,31,25,31,1,16.472,202.8,1.0,0.0,0.0,0.0,8.4,27.6,0.6,101.53999999999999,1181.0,8.0,0.0,0.0,0.0,50.0,163.0,3.0,16.923333333333332,196.83333333333334,1.3333333333333333,0.0,0.0,0.0,8.333333333333334,27.166666666666668,16.923333333333332
127,Jalen Hurts,Phi,QB,W 23-14,27.32,LAR,Away,4.0,10-10-23,5,False,0,31,25,17,0,21.816000000000003,252.4,1.2,0.0,0.0,0.0,11.0,41.2,0.8,128.86,1484.0,9.0,0.0,0.0,0.0,65.0,235.0,4.0,18.40857142857143,212.0,1.2857142857142858,0.0,0.0,0.0,9.285714285714286,33.57142857142857,18.40857142857143
658,Jalen Hurts,Phi,QB,L 14-20,19.9,NYJ,Away,4.0,10-17-23,6,False,0,31,25,24,0,23.296,274.4,1.2,0.0,0.0,0.0,10.8,43.2,1.0,148.76,1764.0,10.0,0.0,0.0,0.0,73.0,282.0,5.0,18.595,220.5,1.25,0.0,0.0,0.0,9.125,35.25,18.595
628,Jalen Hurts,Phi,QB,W 31-17,23.26,Mia,Home,5.0,10-24-23,7,False,0,31,25,19,1,22.904,291.6,1.4,0.0,0.0,0.0,10.6,40.4,0.8,172.02,2043.0,12.0,0.0,0.0,0.0,84.0,303.0,6.0,19.113333333333333,227.0,1.3333333333333333,0.0,0.0,0.0,9.333333333333334,33.666666666666664,19.113333333333333
587,Jalen Hurts,Phi,QB,W 38-31,27.36,Wsh,Away,5.0,10-31-23,8,False,0,31,25,31,0,24.4,300.0,2.0,0.0,0.0,0.0,9.4,36.0,0.6,199.38,2362.0,16.0,0.0,0.0,0.0,88.0,309.0,6.0,19.938,236.2,1.6,0.0,0.0,0.0,8.8,30.9,19.938
233,Jalen Hurts,Phi,QB,W 28-23,25.88,Dal,Home,3.0,11-07-23,9,False,0,31,25,8,1,24.744,277.6,2.0,0.0,0.0,0.0,9.6,36.4,0.8,225.26,2569.0,18.0,0.0,0.0,0.0,98.0,345.0,7.0,20.478181818181817,233.54545454545453,1.6363636363636365,0.0,0.0,0.0,8.909090909090908,31.363636363636363,20.478181818181817
170,Jalen Hurts,Phi,QB,W 21-17,18.9,KC,Away,10.0,11-21-23,11,False,0,31,25,15,0,23.060000000000002,247.0,1.8,0.0,0.0,0.0,9.0,27.8,1.0,244.16,2719.0,18.0,0.0,0.0,0.0,110.0,374.0,9.0,20.346666666666668,226.58333333333334,1.5,0.0,0.0,0.0,9.166666666666666,31.166666666666668,20.346666666666668
383,Jalen Hurts,Phi,QB,W 37-34,34.5,Buf,Home,2.0,11-28-23,12,False,0,31,25,3,1,25.98,231.0,2.2,0.0,0.0,0.0,10.2,31.4,1.2,278.65999999999997,2919.0,21.0,0.0,0.0,0.0,124.0,439.0,11.0,21.435384615384613,224.53846153846155,1.6153846153846154,0.0,0.0,0.0,9.538461538461538,33.76923076923077,21.435384615384613
201,Jalen Hurts,Phi,QB,L 19-42,23.92,SF,Home,6.0,12-05-23,13,False,0,31,25,27,1,26.112000000000002,234.8,2.0,0.0,0.0,0.0,9.4,31.2,1.2,302.58,3217.0,22.0,0.0,0.0,0.0,131.0,459.0,12.0,21.61285714285714,229.78571428571428,1.5714285714285714,0.0,0.0,0.0,9.357142857142858,32.785714285714285,21.61285714285714
286,Jalen Hurts,Phi,QB,L 13-33,8.88,Dal,Away,24.0,12-12-23,14,False,0,31,25,8,0,22.416,210.4,1.2,0.0,0.0,0.0,9.6,36.0,1.2,311.46,3414.0,22.0,0.0,0.0,0.0,136.0,489.0,12.0,20.764,227.6,1.4666666666666666,0.0,0.0,0.0,9.066666666666666,32.6,20.764
543,Jalen Hurts,Phi,QB,L 17-20,21.92,Sea,Away,5.0,12-19-23,15,False,0,31,25,28,0,21.624000000000002,197.6,0.8,0.0,0.0,0.0,10.2,45.2,1.4,333.38,3557.0,22.0,0.0,0.0,0.0,149.0,571.0,14.0,20.83625,222.3125,1.375,0.0,0.0,0.0,9.3125,35.6875,20.83625
427,Jalen Hurts,Phi,QB,W 33-25,23.44,NYG,Home,7.0,12-26-23,16,False,0,31,25,23,1,22.532,227.8,1.0,0.0,0.0,0.0,9.4,46.2,1.2,356.82,3858.0,23.0,0.0,0.0,0.0,157.0,605.0,15.0,20.98941176470588,226.94117647058823,1.3529411764705883,0.0,0.0,0.0,9.235294117647058,35.588235294117645,20.98941176470588
340,Jameis Winston,NO,QB,W 48-17,0.0,Atl,Home,39.5,01-09-24,18,False,0,32,22,1,1,0.0,0.0,0.0,0.0,0.0,0.0,0.0,0.0,0.0,0.0,0.0,0.0,0.0,0.0,0.0,0.0,0.0,0.0,0.0,0.0,0.0,0.0,0.0,0.0,0.0,0.0,0.0
113,Jameis Winston,NO,QB,L 17-18,4.04,GB,Away,32.0,09-26-23,3,False,0,32,22,11,0,2.02,50.5,0.0,0.0,0.0,0.0,0.0,0.0,0.0,4.04,101.0,0.0,0.0,0.0,0.0,0.0,0.0,0.0,2.02,50.5,0.0,0.0,0.0,0.0,0.0,0.0,2.02
41,Jameis Winston,NO,QB,L 9-26,-2.0,TB,Home,42.0,10-03-23,4,False,0,32,22,29,1,0.68,33.666666666666664,0.0,0.0,0.0,0.0,0.0,0.0,0.0,2.04,101.0,0.0,0.0,0.0,0.0,0.0,0.0,0.0,0.68,33.666666666666664,0.0,0.0,0.0,0.0,0.0,0.0,0.68
159,Jameis Winston,NO,QB,W 34-0,-0.4,NE,Away,36.0,10-10-23,5,False,0,32,22,21,0,0.41000000000000003,25.25,0.0,0.0,0.0,0.0,0.75,-1.0,0.0,1.6400000000000001,101.0,0.0,0.0,0.0,0.0,3.0,-4.0,0.0,0.41000000000000003,25.25,0.0,0.0,0.0,0.0,0.75,-1.0,0.41000000000000003
364,Jameis Winston,NO,QB,L 19-27,8.88,Min,Away,21.0,11-14-23,10,False,0,32,22,20,0,2.104,44.6,0.4,0.0,0.0,0.0,0.6,-0.8,0.0,10.520000000000001,223.0,2.0,0.0,0.0,0.0,3.0,-4.0,0.0,2.104,44.6,0.4,0.0,0.0,0.0,0.6,-0.8,2.104
223,Jameis Winston,NO,QB,L 28-33,1.64,Det,Home,28.0,12-05-23,13,False,0,32,22,10,1,2.4320000000000004,52.8,0.4,0.0,0.0,0.0,0.6,-0.8,0.0,12.160000000000002,264.0,2.0,0.0,0.0,0.0,3.0,-4.0,0.0,2.026666666666667,44.0,0.3333333333333333,0.0,0.0,0.0,0.5,-0.6666666666666666,2.026666666666667
301,Jameis Winston,NO,QB,W 28-6,-0.2,Car,Home,39.0,12-12-23,14,False,0,32,22,4,1,1.584,32.6,0.4,0.0,0.0,0.0,1.0,-1.2,0.0,11.96,264.0,2.0,0.0,0.0,0.0,5.0,-6.0,0.0,1.7085714285714286,37.714285714285715,0.2857142857142857,0.0,0.0,0.0,0.7142857142857143,-0.8571428571428571,1.7085714285714286
486,Jared Goff,Det,QB,L 19-20,10.84,Dal,Away,27.0,01-02-24,17,False,0,33,10,8,0,10.84,271.0,1.0,0.0,0.0,0.0,0.0,0.0,0.0,10.84,271.0,1.0,0.0,0.0,0.0,0.0,0.0,0.0,10.84,271.0,1.0,0.0,0.0,0.0,0.0,0.0,10.84
306,Jared Goff,Det,QB,W 30-20,20.8,Min,Home,5.0,01-09-24,18,False,0,33,10,20,1,15.82,295.5,1.5,0.0,0.0,0.0,0.0,0.0,0.0,31.64,591.0,3.0,0.0,0.0,0.0,0.0,0.0,0.0,15.82,295.5,1.5,0.0,0.0,0.0,0.0,0.0,15.82
59,Jared Goff,Det,QB,W 21-20,14.02,KC,Away,18.0,09-12-23,1,False,0,33,10,15,0,15.219999999999999,281.3333333333333,1.3333333333333333,0.0,0.0,0.0,1.6666666666666667,-0.3333333333333333,0.0,45.66,844.0,4.0,0.0,0.0,0.0,5.0,-1.0,0.0,15.219999999999999,281.3333333333333,1.3333333333333333,0.0,0.0,0.0,1.6666666666666667,-0.3333333333333333,15.219999999999999
510,Jared Goff,Det,QB,L 31-37,22.92,Sea,Home,8.0,09-19-23,2,False,0,33,10,28,1,17.145,291.75,1.75,0.0,0.0,0.0,1.25,-0.25,0.0,68.58,1167.0,7.0,0.0,0.0,0.0,5.0,-1.0,0.0,17.145,291.75,1.75,0.0,0.0,0.0,1.25,-0.25,17.145
95,Jared Goff,Det,QB,W 20-6,18.02,Atl,Home,14.0,09-26-23,3,False,0,33,10,1,1,17.32,282.0,1.6,0.0,0.0,0.0,2.0,0.4,0.2,86.6,1410.0,8.0,0.0,0.0,0.0,10.0,2.0,1.0,17.32,282.0,1.6,0.0,0.0,0.0,2.0,0.4,17.32
20,Jared Goff,Det,QB,W 34-20,11.4,GB,Away,21.0,10-03-23,4,False,0,33,10,11,0,17.432,269.8,1.6,0.0,0.0,0.0,2.4,2.4,0.2,98.0,1620.0,9.0,0.0,0.0,0.0,12.0,12.0,1.0,16.333333333333332,270.0,1.5,0.0,0.0,0.0,2.0,2.0,16.333333333333332
126,Jared Goff,Det,QB,W 42-24,27.44,Car,Home,3.0,10-10-23,5,False,0,33,10,4,1,18.76,253.0,1.8,0.0,0.0,0.0,2.8,2.4,0.4,125.44,1856.0,12.0,0.0,0.0,0.0,14.0,12.0,2.0,17.919999999999998,265.14285714285717,1.7142857142857142,0.0,0.0,0.0,2.0,1.7142857142857142,17.919999999999998
657,Jared Goff,Det,QB,W 20-6,22.42,TB,Away,3.0,10-17-23,6,False,0,33,10,29,0,20.440000000000005,273.0,2.0,0.0,0.0,0.0,2.2,3.2,0.4,147.86,2209.0,14.0,0.0,0.0,0.0,16.0,15.0,2.0,18.4825,276.125,1.75,0.0,0.0,0.0,2.0,1.875,18.4825
647,Jared Goff,Det,QB,L 6-38,9.36,Bal,Away,24.0,10-24-23,7,False,0,33,10,2,0,17.728,265.2,1.4,0.0,0.0,0.0,2.2,3.2,0.4,157.22,2493.0,14.0,0.0,0.0,0.0,16.0,15.0,2.0,17.468888888888888,277.0,1.5555555555555556,0.0,0.0,0.0,1.7777777777777777,1.6666666666666667,17.468888888888888
603,Jared Goff,Det,QB,W 26-14,12.68,LV,Home,21.0,10-31-23,8,False,0,33,10,18,1,16.66,271.0,1.4,0.0,0.0,0.0,1.6,2.2,0.2,169.9,2765.0,15.0,0.0,0.0,0.0,18.0,13.0,2.0,16.990000000000002,276.5,1.5,0.0,0.0,0.0,1.8,1.3,16.990000000000002
350,Jared Goff,Det,QB,W 41-38,21.12,LAC,Away,7.0,11-14-23,10,False,0,33,10,16,0,18.604000000000003,295.6,1.6,0.0,0.0,0.0,1.8,-0.2,0.2,191.02,3098.0,17.0,0.0,0.0,0.0,21.0,11.0,2.0,17.365454545454547,281.6363636363636,1.5454545454545454,0.0,0.0,0.0,1.9090909090909092,1.0,17.365454545454547
178,Jared Goff,Det,QB,W 31-26,13.74,Chi,Home,18.0,11-21-23,11,False,0,33,10,5,1,15.864,295.6,1.4,0.0,0.0,0.0,1.8,0.4,0.0,204.76000000000002,3334.0,19.0,0.0,0.0,0.0,23.0,14.0,2.0,17.063333333333336,277.8333333333333,1.5833333333333333,0.0,0.0,0.0,1.9166666666666667,1.1666666666666667,17.063333333333336
391,Jared Goff,Det,QB,L 22-29,18.18,GB,Home,10.0,11-28-23,12,False,0,33,10,11,1,15.016,291.4,1.4,0.0,0.0,0.0,2.0,1.6,0.0,222.94,3666.0,21.0,0.0,0.0,0.0,26.0,23.0,2.0,17.14923076923077,282.0,1.6153846153846154,0.0,0.0,0.0,2.0,1.7692307692307692,17.14923076923077
207,Jared Goff,Det,QB,W 33-28,16.32,NO,Away,12.0,12-05-23,13,False,0,33,10,22,0,16.407999999999998,277.2,1.8,0.0,0.0,0.0,2.4,1.2,0.0,239.26,3879.0,23.0,0.0,0.0,0.0,28.0,21.0,2.0,17.09,277.07142857142856,1.6428571428571428,0.0,0.0,0.0,2.0,1.5,17.09
291,Jared Goff,Det,QB,L 13-28,4.44,Chi,Away,29.0,12-12-23,14,False,0,33,10,5,0,14.76,255.0,1.8,0.0,0.0,0.0,2.2,1.6,0.0,243.70000000000002,4040.0,24.0,0.0,0.0,0.0,29.0,21.0,2.0,16.246666666666666,269.3333333333333,1.6,0.0,0.0,0.0,1.9333333333333333,1.4,16.246666666666666
539,Jared Goff,Det,QB,W 42-17,31.12,Den,Home,1.0,12-19-23,15,False,0,33,10,9,1,16.76,244.0,2.4,0.0,0.0,0.0,1.6,2.0,0.0,274.82,4318.0,29.0,0.0,0.0,0.0,29.0,21.0,2.0,17.17625,269.875,1.8125,0.0,0.0,0.0,1.8125,1.3125,17.17625
442,Jared Goff,Det,QB,W 30-24,14.28,Min,Away,22.0,12-26-23,16,False,0,33,10,20,0,16.868,248.2,2.2,0.0,0.0,0.0,1.8,1.4,0.0,289.1,4575.0,30.0,0.0,0.0,0.0,32.0,21.0,2.0,17.00588235294118,269.11764705882354,1.7647058823529411,0.0,0.0,0.0,1.8823529411764706,1.2352941176470589,17.00588235294118
499,Jaren Hall,Min,QB,L 10-33,-0.92,GB,Home,40.0,01-02-24,17,False,0,34,20,11,1,-0.92,67.0,0.0,0.0,0.0,0.0,2.0,4.0,0.0,-0.92,67.0,0.0,0.0,0.0,0.0,2.0,4.0,0.0,-0.92,67.0,0.0,0.0,0.0,0.0,2.0,4.0,-0.92
622,Jaren Hall,Min,QB,W 24-10,-1.18,GB,Away,40.0,10-31-23,8,False,0,34,20,11,0,-1.05,45.0,0.0,0.0,0.0,0.0,2.0,1.5,0.0,-2.1,90.0,0.0,0.0,0.0,0.0,4.0,3.0,0.0,-1.05,45.0,0.0,0.0,0.0,0.0,2.0,1.5,-1.05
257,Jaren Hall,Min,QB,W 31-28,4.22,Atl,Away,27.0,11-07-23,9,False,0,34,20,1,0,0.7066666666666666,56.0,0.0,0.0,0.0,0.0,2.0,4.666666666666667,0.0,2.1199999999999997,168.0,0.0,0.0,0.0,0.0,6.0,14.0,0.0,0.7066666666666666,56.0,0.0,0.0,0.0,0.0,2.0,4.666666666666667,0.7066666666666666
478,Jarrett Stidham,Den,QB,W 16-9,13.56,LAC,Home,19.0,01-02-24,17,False,0,35,9,16,1,13.56,224.0,1.0,0.0,0.0,0.0,6.0,6.0,0.0,13.56,224.0,1.0,0.0,0.0,0.0,6.0,6.0,0.0,13.56,224.0,1.0,0.0,0.0,0.0,6.0,6.0,13.56
321,Jarrett Stidham,Den,QB,L 14-27,13.08,LV,Away,20.0,01-09-24,18,False,0,35,9,18,0,13.32,248.0,1.0,0.0,0.0,0.0,4.5,4.0,0.0,26.64,496.0,2.0,0.0,0.0,0.0,9.0,8.0,0.0,13.32,248.0,1.0,0.0,0.0,0.0,4.5,4.0,13.32
120,Jarrett Stidham,Den,QB,L 20-70,0.0,Mia,Away,38.0,09-26-23,3,False,0,35,9,19,0,8.88,165.33333333333334,0.6666666666666666,0.0,0.0,0.0,3.0,2.6666666666666665,0.0,26.64,496.0,2.0,0.0,0.0,0.0,9.0,8.0,0.0,8.88,165.33333333333334,0.6666666666666666,0.0,0.0,0.0,3.0,2.6666666666666665,8.88
378,Jarrett Stidham,Den,QB,W 24-22,0.0,Buf,Away,34.5,11-14-23,10,False,0,35,9,3,0,6.66,124.0,0.5,0.0,0.0,0.0,2.25,2.0,0.0,26.64,496.0,2.0,0.0,0.0,0.0,9.0,8.0,0.0,6.66,124.0,0.5,0.0,0.0,0.0,2.25,2.0,6.66
575,Jarrett Stidham,Den,QB,L 17-42,0.0,Det,Away,38.5,12-19-23,15,False,0,35,9,10,0,5.328,99.2,0.4,0.0,0.0,0.0,1.8,1.6,0.0,26.64,496.0,2.0,0.0,0.0,0.0,9.0,8.0,0.0,5.328,99.2,0.4,0.0,0.0,0.0,1.8,1.6,5.328
319,Jeff Driskel,Cle,QB,L 14-31,13.94,Cin,Away,18.0,01-09-24,18,False,0,36,7,6,0,13.94,166.0,2.0,0.0,0.0,0.0,7.0,33.0,0.0,13.94,166.0,2.0,0.0,0.0,0.0,7.0,33.0,0.0,13.94,166.0,2.0,0.0,0.0,0.0,7.0,33.0,13.94
339,Jimmy Garoppolo,LV,QB,W 27-14,0.0,Den,Home,39.5,01-09-24,18,False,0,37,18,9,1,0.0,0.0,0.0,0.0,0.0,0.0,0.0,0.0,0.0,0.0,0.0,0.0,0.0,0.0,0.0,0.0,0.0,0.0,0.0,0.0,0.0,0.0,0.0,0.0,0.0,0.0,0.0
55,Jimmy Garoppolo,LV,QB,W 17-16,15.1,Den,Away,14.0,09-12-23,1,False,0,37,18,9,0,7.55,100.0,1.0,0.0,0.0,0.0,4.5,5.5,0.0,15.1,200.0,2.0,0.0,0.0,0.0,9.0,11.0,0.0,7.55,100.0,1.0,0.0,0.0,0.0,4.5,5.5,7.55
534,Jimmy Garoppolo,LV,QB,L 10-38,7.5,Buf,Away,32.0,09-19-23,2,False,0,37,18,3,0,7.533333333333334,128.33333333333334,1.0,0.0,0.0,0.0,3.3333333333333335,4.0,0.0,22.6,385.0,3.0,0.0,0.0,0.0,10.0,12.0,0.0,7.533333333333334,128.33333333333334,1.0,0.0,0.0,0.0,3.3333333333333335,4.0,7.533333333333334
96,Jimmy Garoppolo,LV,QB,L 18-23,17.66,Pit,Home,15.0,09-26-23,3,False,0,37,18,26,1,10.065,177.25,1.25,0.0,0.0,0.0,3.0,4.75,0.0,40.26,709.0,5.0,0.0,0.0,0.0,12.0,19.0,0.0,10.065,177.25,1.25,0.0,0.0,0.0,3.0,4.75,10.065
142,Jimmy Garoppolo,LV,QB,W 17-13,10.72,GB,Home,19.0,10-10-23,5,False,0,37,18,11,1,10.196,183.4,1.2,0.0,0.0,0.0,3.2,4.6,0.0,50.98,917.0,6.0,0.0,0.0,0.0,16.0,23.0,0.0,10.196,183.4,1.2,0.0,0.0,0.0,3.2,4.6,10.196
676,Jimmy Garoppolo,LV,QB,W 21-17,8.88,NE,Home,22.0,10-17-23,6,False,0,37,18,21,1,11.972,215.8,1.4,0.0,0.0,0.0,3.6,5.4,0.0,59.86,1079.0,7.0,0.0,0.0,0.0,18.0,27.0,0.0,9.976666666666667,179.83333333333334,1.1666666666666667,0.0,0.0,0.0,3.0,4.5,9.976666666666667
614,Jimmy Garoppolo,LV,QB,L 14-26,4.24,Det,Away,32.0,10-31-23,8,False,0,37,18,10,0,9.8,201.0,1.0,0.0,0.0,0.0,2.2,5.6,0.0,64.1,1205.0,7.0,0.0,0.0,0.0,20.0,39.0,0.0,9.157142857142857,172.14285714285714,1.0,0.0,0.0,0.0,2.857142857142857,5.571428571428571,9.157142857142857
71,Joe Burrow,Cin,QB,L 3-24,3.18,Cle,Away,30.0,09-12-23,1,False,0,38,6,7,0,3.18,82.0,0.0,0.0,0.0,0.0,1.0,-1.0,0.0,3.18,82.0,0.0,0.0,0.0,0.0,1.0,-1.0,0.0,3.18,82.0,0.0,0.0,0.0,0.0,1.0,-1.0,3.18
522,Joe Burrow,Cin,QB,L 24-27,15.38,Bal,Home,20.0,09-19-23,2,False,0,38,6,2,1,9.280000000000001,152.0,1.0,0.0,0.0,0.0,1.0,2.0,0.0,18.560000000000002,304.0,2.0,0.0,0.0,0.0,2.0,4.0,0.0,9.280000000000001,152.0,1.0,0.0,0.0,0.0,1.0,2.0,9.280000000000001
107,Joe Burrow,Cin,QB,W 19-16,8.16,LAR,Home,26.0,09-26-23,3,False,0,38,6,17,1,8.906666666666666,187.66666666666666,0.6666666666666666,0.0,0.0,0.0,1.6666666666666667,0.6666666666666666,0.0,26.72,563.0,2.0,0.0,0.0,0.0,5.0,2.0,0.0,8.906666666666666,187.66666666666666,0.6666666666666666,0.0,0.0,0.0,1.6666666666666667,0.6666666666666666,8.906666666666666
27,Joe Burrow,Cin,QB,L 3-27,4.7,Ten,Away,28.0,10-03-23,4,False,0,38,6,30,0,7.855,182.0,0.5,0.0,0.0,0.0,2.0,0.75,0.0,31.42,728.0,2.0,0.0,0.0,0.0,8.0,3.0,0.0,7.855,182.0,0.5,0.0,0.0,0.0,2.0,0.75,7.855
131,Joe Burrow,Cin,QB,W 34-20,23.38,Ari,Away,8.0,10-10-23,5,False,0,38,6,0,0,10.959999999999999,209.0,1.0,0.0,0.0,0.0,2.4,2.0,0.0,54.8,1045.0,5.0,0.0,0.0,0.0,12.0,10.0,0.0,10.959999999999999,209.0,1.0,0.0,0.0,0.0,2.4,2.0,10.959999999999999
668,Joe Burrow,Cin,QB,W 17-13,13.8,Sea,Home,14.0,10-17-23,6,False,0,38,6,28,1,13.084,229.6,1.4,0.0,0.0,0.0,2.6,3.0,0.0,68.6,1230.0,7.0,0.0,0.0,0.0,14.0,14.0,0.0,11.433333333333332,205.0,1.1666666666666667,0.0,0.0,0.0,2.3333333333333335,2.3333333333333335,11.433333333333332
586,Joe Burrow,Cin,QB,W 31-17,27.62,SF,Away,4.0,10-31-23,8,False,0,38,6,27,0,15.532,241.8,1.6,0.0,0.0,0.0,3.6,10.6,0.0,96.22,1513.0,10.0,0.0,0.0,0.0,20.0,57.0,0.0,13.745714285714286,216.14285714285714,1.4285714285714286,0.0,0.0,0.0,2.857142857142857,8.142857142857142,13.745714285714286
236,Joe Burrow,Cin,QB,W 24-18,22.32,Buf,Home,6.0,11-07-23,9,False,0,38,6,3,1,18.364,259.6,2.0,0.0,0.0,0.0,4.0,11.8,0.0,118.54,1861.0,12.0,0.0,0.0,0.0,25.0,61.0,0.0,14.8175,232.625,1.5,0.0,0.0,0.0,3.125,7.625,14.8175
351,Joe Burrow,Cin,QB,L 27-30,19.88,Hou,Home,8.0,11-14-23,10,False,0,38,6,12,1,21.4,296.0,2.4,0.0,0.0,0.0,4.4,15.6,0.0,138.42000000000002,2208.0,14.0,0.0,0.0,0.0,30.0,81.0,0.0,15.380000000000003,245.33333333333334,1.5555555555555556,0.0,0.0,0.0,3.3333333333333335,9.0,15.380000000000003
185,Joe Burrow,Cin,QB,L 20-34,8.74,Bal,Away,25.0,11-21-23,11,False,0,38,6,2,0,18.472,252.8,2.0,0.0,0.0,0.0,3.8,15.6,0.0,147.16,2309.0,15.0,0.0,0.0,0.0,31.0,88.0,0.0,14.716,230.9,1.5,0.0,0.0,0.0,3.1,8.8,14.716
464,Joe Flacco,Cle,QB,W 37-20,22.66,NYJ,Home,5.0,01-02-24,17,False,0,39,7,24,1,22.66,309.0,3.0,0.0,0.0,0.0,2.0,3.0,0.0,22.66,309.0,3.0,0.0,0.0,0.0,2.0,3.0,0.0,22.66,309.0,3.0,0.0,0.0,0.0,2.0,3.0,22.66
208,Joe Flacco,Cle,QB,L 19-36,16.16,LAR,Away,13.0,12-05-23,13,False,0,39,7,17,0,19.41,281.5,2.5,0.0,0.0,0.0,1.0,1.5,0.0,38.82,563.0,5.0,0.0,0.0,0.0,2.0,3.0,0.0,19.41,281.5,2.5,0.0,0.0,0.0,1.0,1.5,19.41
272,Joe Flacco,Cle,QB,W 31-27,20.34,Jax,Home,10.0,12-12-23,14,False,0,39,7,14,1,19.72,291.3333333333333,2.6666666666666665,0.0,0.0,0.0,2.0,0.6666666666666666,0.0,59.16,874.0,8.0,0.0,0.0,0.0,6.0,2.0,0.0,19.72,291.3333333333333,2.6666666666666665,0.0,0.0,0.0,2.0,0.6666666666666666,19.72
553,Joe Flacco,Cle,QB,W 20-17,16.86,Chi,Home,15.0,12-19-23,15,False,0,39,7,5,1,19.005,312.0,2.5,0.0,0.0,0.0,1.75,0.25,0.0,76.02,1248.0,10.0,0.0,0.0,0.0,7.0,1.0,0.0,19.005,312.0,2.5,0.0,0.0,0.0,1.75,0.25,19.005
423,Joe Flacco,Cle,QB,W 36-22,24.82,Hou,Away,3.0,12-26-23,16,False,0,39,7,12,0,20.168,323.2,2.6,0.0,0.0,0.0,1.8,0.4,0.0,100.84,1616.0,13.0,0.0,0.0,0.0,9.0,2.0,0.0,20.168,323.2,2.6,0.0,0.0,0.0,1.8,0.4,20.168
461,Jordan Love,GB,QB,W 33-10,28.44,Min,Away,2.0,01-02-24,17,False,0,40,11,20,0,28.44,256.0,3.0,0.0,0.0,0.0,2.0,2.0,1.0,28.44,256.0,3.0,0.0,0.0,0.0,2.0,2.0,1.0,28.44,256.0,3.0,0.0,0.0,0.0,2.0,2.0,28.44
310,Jordan Love,GB,QB,W 17-9,18.54,Chi,Home,9.0,01-09-24,18,False,0,40,11,5,1,23.490000000000002,286.0,2.5,0.0,0.0,0.0,2.5,0.5,0.5,46.980000000000004,572.0,5.0,0.0,0.0,0.0,5.0,1.0,1.0,23.490000000000002,286.0,2.5,0.0,0.0,0.0,2.5,0.5,23.490000000000002
44,Jordan Love,GB,QB,W 38-20,23.0,Chi,Away,3.0,09-12-23,1,False,0,40,11,5,0,23.326666666666668,272.3333333333333,2.6666666666666665,0.0,0.0,0.0,2.6666666666666665,4.333333333333333,0.3333333333333333,69.98,817.0,8.0,0.0,0.0,0.0,8.0,13.0,1.0,23.326666666666668,272.3333333333333,2.6666666666666665,0.0,0.0,0.0,2.6666666666666665,4.333333333333333,23.326666666666668
518,Jordan Love,GB,QB,L 24-25,20.34,Atl,Away,16.0,09-19-23,2,False,0,40,11,1,0,22.58,242.0,2.75,0.0,0.0,0.0,2.5,9.0,0.25,90.32,968.0,11.0,0.0,0.0,0.0,10.0,36.0,1.0,22.58,242.0,2.75,0.0,0.0,0.0,2.5,9.0,22.58
87,Jordan Love,GB,QB,W 18-17,24.26,NO,Home,6.0,09-26-23,3,False,0,40,11,22,1,22.916,245.4,2.4,0.0,0.0,0.0,3.8,15.0,0.4,114.58,1227.0,12.0,0.0,0.0,0.0,19.0,75.0,2.0,22.916,245.4,2.4,0.0,0.0,0.0,3.8,15.0,22.916
13,Jordan Love,GB,QB,L 20-34,17.64,Det,Home,14.0,10-03-23,4,False,0,40,11,10,1,20.756,243.4,2.0,0.0,0.0,0.0,3.8,14.2,0.4,132.22,1473.0,13.0,0.0,0.0,0.0,21.0,73.0,3.0,22.036666666666665,245.5,2.1666666666666665,0.0,0.0,0.0,3.5,12.166666666666666,22.036666666666665
149,Jordan Love,GB,QB,L 13-17,4.98,LV,Away,26.0,10-10-23,5,False,0,40,11,18,0,18.044,216.6,1.6,0.0,0.0,0.0,3.6,21.8,0.4,137.2,1655.0,13.0,0.0,0.0,0.0,23.0,110.0,3.0,19.599999999999998,236.42857142857142,1.8571428571428572,0.0,0.0,0.0,3.2857142857142856,15.714285714285714,19.599999999999998
636,Jordan Love,GB,QB,L 17-19,15.3,Den,Away,13.0,10-24-23,7,False,0,40,11,9,0,16.503999999999998,203.6,1.4,0.0,0.0,0.0,3.6,23.6,0.4,152.5,1835.0,15.0,0.0,0.0,0.0,26.0,131.0,3.0,19.0625,229.375,1.875,0.0,0.0,0.0,3.25,16.375,19.0625
599,Jordan Love,GB,QB,L 10-24,14.56,Min,Home,17.0,10-31-23,8,False,0,40,11,20,1,15.348000000000003,219.2,1.0,0.0,0.0,0.0,4.0,25.8,0.4,167.06,2064.0,16.0,0.0,0.0,0.0,30.0,165.0,3.0,18.56222222222222,229.33333333333334,1.7777777777777777,0.0,0.0,0.0,3.3333333333333335,18.333333333333332,18.56222222222222
244,Jordan Love,GB,QB,W 20-3,13.82,LAR,Home,14.0,11-07-23,9,False,0,40,11,17,1,13.26,213.0,1.0,0.0,0.0,0.0,3.0,19.4,0.2,180.88,2292.0,17.0,0.0,0.0,0.0,34.0,172.0,3.0,18.088,229.2,1.7,0.0,0.0,0.0,3.4,17.2,18.088
356,Jordan Love,GB,QB,L 19-23,16.66,Pit,Away,13.0,11-14-23,10,False,0,40,11,26,0,13.063999999999998,221.6,1.2,0.0,0.0,0.0,3.0,22.0,0.0,197.54000000000002,2581.0,19.0,0.0,0.0,0.0,36.0,183.0,3.0,17.95818181818182,234.63636363636363,1.7272727272727273,0.0,0.0,0.0,3.272727272727273,16.636363636363637,17.95818181818182
169,Jordan Love,GB,QB,W 23-20,20.88,LAC,Home,9.0,11-21-23,11,False,0,40,11,16,1,16.244,249.6,1.6,0.0,0.0,0.0,3.2,14.6,0.0,218.42000000000002,2903.0,21.0,0.0,0.0,0.0,39.0,183.0,3.0,18.201666666666668,241.91666666666666,1.75,0.0,0.0,0.0,3.25,15.25,18.201666666666668
386,Jordan Love,GB,QB,W 29-22,26.62,Det,Away,5.0,11-28-23,12,False,0,40,11,10,0,18.508000000000003,267.2,1.8,0.0,0.0,0.0,3.2,18.2,0.0,245.04000000000002,3171.0,24.0,0.0,0.0,0.0,42.0,222.0,3.0,18.849230769230772,243.92307692307693,1.8461538461538463,0.0,0.0,0.0,3.230769230769231,17.076923076923077,18.849230769230772
202,Jordan Love,GB,QB,W 27-19,23.68,KC,Home,7.0,12-05-23,13,False,0,40,11,15,1,20.332,274.8,2.2,0.0,0.0,0.0,2.8,13.4,0.0,268.72,3438.0,27.0,0.0,0.0,0.0,44.0,232.0,3.0,19.194285714285716,245.57142857142858,1.9285714285714286,0.0,0.0,0.0,3.142857142857143,16.571428571428573,19.194285714285716
285,Jordan Love,GB,QB,L 22-24,8.92,NYG,Away,23.0,12-12-23,14,False,0,40,11,23,0,19.351999999999997,272.8,2.2,0.0,0.0,0.0,2.4,12.4,0.0,277.64,3656.0,28.0,0.0,0.0,0.0,46.0,234.0,3.0,18.509333333333334,243.73333333333332,1.8666666666666667,0.0,0.0,0.0,3.066666666666667,15.6,18.509333333333334
550,Jordan Love,GB,QB,L 20-34,17.46,TB,Home,12.0,12-19-23,15,False,0,40,11,29,1,19.512,271.8,2.2,0.0,0.0,0.0,2.4,10.4,0.0,295.1,3940.0,30.0,0.0,0.0,0.0,48.0,235.0,3.0,18.44375,246.25,1.875,0.0,0.0,0.0,3.0,14.6875,18.44375
425,Jordan Love,GB,QB,W 33-30,23.96,Car,Away,5.0,12-26-23,16,False,0,40,11,4,0,20.128000000000004,251.2,2.2,0.0,0.0,0.0,2.2,12.8,0.2,319.06,4159.0,32.0,0.0,0.0,0.0,50.0,247.0,4.0,18.76823529411765,244.64705882352942,1.8823529411764706,0.0,0.0,0.0,2.9411764705882355,14.529411764705882,18.76823529411765
465,Josh Allen,Buf,QB,W 27-21,21.16,NE,Home,6.0,01-02-24,17,False,0,41,3,21,1,21.16,169.0,0.0,0.0,0.0,0.0,11.0,44.0,2.0,21.16,169.0,0.0,0.0,0.0,0.0,11.0,44.0,2.0,21.16,169.0,0.0,0.0,0.0,0.0,11.0,44.0,21.16
305,Josh Allen,Buf,QB,W 21-14,23.06,Mia,Away,4.0,01-09-24,18,False,0,41,3,19,0,22.11,264.0,1.0,0.0,0.0,0.0,13.0,55.5,1.0,44.22,528.0,2.0,0.0,0.0,0.0,26.0,111.0,2.0,22.11,264.0,1.0,0.0,0.0,0.0,13.0,55.5,22.11
64,Josh Allen,Buf,QB,L 16-22,9.04,NYJ,Away,23.0,09-12-23,1,False,0,41,3,24,0,17.753333333333334,254.66666666666666,1.0,0.0,0.0,0.0,10.666666666666666,49.0,0.6666666666666666,53.26,764.0,3.0,0.0,0.0,0.0,32.0,147.0,2.0,17.753333333333334,254.66666666666666,1.0,0.0,0.0,0.0,10.666666666666666,49.0,17.753333333333334
508,Josh Allen,Buf,QB,W 38-10,23.66,LV,Home,6.0,09-19-23,2,False,0,41,3,18,1,19.23,259.5,1.5,0.0,0.0,0.0,8.75,38.5,0.5,76.92,1038.0,6.0,0.0,0.0,0.0,35.0,154.0,2.0,19.23,259.5,1.5,0.0,0.0,0.0,8.75,38.5,19.23
89,Josh Allen,Buf,QB,W 37-3,21.32,Wsh,Away,8.0,09-26-23,3,False,0,41,3,31,0,19.648,251.2,1.4,0.0,0.0,0.0,7.6,40.0,0.6,98.24,1256.0,7.0,0.0,0.0,0.0,38.0,200.0,3.0,19.648,251.2,1.4,0.0,0.0,0.0,7.6,40.0,19.648
0,Josh Allen,Buf,QB,W 48-20,36.5,Mia,Home,1.0,10-03-23,4,False,0,41,3,19,1,22.716,281.4,2.2,0.0,0.0,0.0,6.2,34.6,0.4,134.74,1576.0,11.0,0.0,0.0,0.0,42.0,217.0,4.0,22.456666666666667,262.6666666666667,1.8333333333333333,0.0,0.0,0.0,7.0,36.166666666666664,22.456666666666667
125,Josh Allen,Buf,QB,L 20-25,27.76,Jax,Home,2.0,10-10-23,5,False,0,41,3,14,1,23.656,281.4,2.2,0.0,0.0,0.0,4.0,24.0,0.6,162.5,1935.0,13.0,0.0,0.0,0.0,46.0,231.0,5.0,23.214285714285715,276.42857142857144,1.8571428571428572,0.0,0.0,0.0,6.571428571428571,33.0,23.214285714285715
667,Josh Allen,Buf,QB,W 14-9,13.86,NYG,Home,13.0,10-17-23,6,False,0,41,3,23,1,24.62,268.0,2.4,0.0,0.0,0.0,3.2,19.0,0.6,176.35999999999999,2104.0,15.0,0.0,0.0,0.0,48.0,242.0,5.0,22.044999999999998,263.0,1.875,0.0,0.0,0.0,6.0,30.25,22.044999999999998
627,Josh Allen,Buf,QB,L 25-29,24.3,NE,Away,4.0,10-24-23,7,False,0,41,3,21,0,24.747999999999998,266.2,2.2,0.0,0.0,0.0,4.0,21.0,0.8,200.66,2369.0,17.0,0.0,0.0,0.0,55.0,259.0,6.0,22.295555555555556,263.22222222222223,1.8888888888888888,0.0,0.0,0.0,6.111111111111111,28.77777777777778,22.295555555555556
584,Josh Allen,Buf,QB,W 24-18,29.06,TB,Home,2.0,10-31-23,8,False,0,41,3,29,1,26.296,287.4,2.4,0.0,0.0,0.0,4.8,20.0,0.8,229.72,2693.0,19.0,0.0,0.0,0.0,62.0,300.0,7.0,22.972,269.3,1.9,0.0,0.0,0.0,6.2,30.0,22.972
235,Josh Allen,Buf,QB,L 18-24,24.72,Cin,Away,5.0,11-07-23,9,False,0,41,3,6,0,23.94,275.0,1.8,0.0,0.0,0.0,5.6,25.4,0.8,254.44,2951.0,20.0,0.0,0.0,0.0,70.0,344.0,8.0,23.13090909090909,268.27272727272725,1.8181818181818181,0.0,0.0,0.0,6.363636363636363,31.272727272727273,23.13090909090909
358,Josh Allen,Buf,QB,L 22-24,14.38,Den,Home,15.0,11-14-23,10,False,0,41,3,9,1,21.264,238.6,1.6,0.0,0.0,0.0,5.6,25.2,0.8,268.82,3128.0,21.0,0.0,0.0,0.0,74.0,357.0,9.0,22.401666666666667,260.6666666666667,1.75,0.0,0.0,0.0,6.166666666666667,29.75,22.401666666666667
166,Josh Allen,Buf,QB,W 32-6,22.5,NYJ,Home,6.0,11-21-23,11,False,0,41,3,24,1,22.991999999999997,259.8,1.8,0.0,0.0,0.0,6.2,26.0,0.8,291.32,3403.0,24.0,0.0,0.0,0.0,79.0,372.0,9.0,22.409230769230767,261.7692307692308,1.8461538461538463,0.0,0.0,0.0,6.076923076923077,28.615384615384617,22.409230769230767
382,Josh Allen,Buf,QB,L 34-37,39.66,Phi,Away,1.0,11-28-23,12,False,0,41,3,25,0,26.064,274.6,1.8,0.0,0.0,0.0,6.6,38.8,1.0,330.98,3742.0,26.0,0.0,0.0,0.0,88.0,453.0,11.0,23.641428571428573,267.2857142857143,1.8571428571428572,0.0,0.0,0.0,6.285714285714286,32.357142857142854,23.641428571428573
271,Josh Allen,Buf,QB,W 20-17,20.52,KC,Away,9.0,12-12-23,14,False,0,41,3,15,0,24.355999999999998,256.4,1.6,0.0,0.0,0.0,7.2,37.0,1.0,351.5,3975.0,27.0,0.0,0.0,0.0,98.0,485.0,12.0,23.433333333333334,265.0,1.8,0.0,0.0,0.0,6.533333333333333,32.333333333333336,23.433333333333334
554,Josh Allen,Buf,QB,W 31-10,16.16,Dal,Home,16.0,12-19-23,15,False,0,41,3,8,1,22.644,223.6,1.6,0.0,0.0,0.0,7.2,33.0,1.0,367.65999999999997,4069.0,28.0,0.0,0.0,0.0,106.0,509.0,13.0,22.978749999999998,254.3125,1.75,0.0,0.0,0.0,6.625,31.8125,22.978749999999998
421,Josh Allen,Buf,QB,W 24-22,24.98,LAC,Away,1.0,12-26-23,16,False,0,41,3,16,0,24.764,235.6,1.6,0.0,0.0,0.0,7.4,33.4,1.2,392.64,4306.0,29.0,0.0,0.0,0.0,111.0,524.0,15.0,23.09647058823529,253.2941176470588,1.7058823529411764,0.0,0.0,0.0,6.529411764705882,30.823529411764707,23.09647058823529
73,Joshua Dobbs,Ari,QB,L 16-20,0.98,Wsh,Away,32.0,09-12-23,1,False,0,42,0,31,0,0.98,132.0,0.0,0.0,0.0,0.0,3.0,-3.0,0.0,0.98,132.0,0.0,0.0,0.0,0.0,3.0,-3.0,0.0,0.98,132.0,0.0,0.0,0.0,0.0,3.0,-3.0,0.98
506,Joshua Dobbs,Ari,QB,L 28-31,25.22,NYG,Home,4.5,09-19-23,2,False,0,42,0,23,1,13.1,180.0,0.5,0.0,0.0,0.0,3.0,19.0,0.5,26.2,360.0,1.0,0.0,0.0,0.0,6.0,38.0,1.0,13.1,180.0,0.5,0.0,0.0,0.0,3.0,19.0,13.1
97,Joshua Dobbs,Ari,QB,W 28-16,17.06,Dal,Home,16.0,09-26-23,3,False,0,42,0,8,1,14.42,183.0,0.6666666666666666,0.0,0.0,0.0,4.0,31.0,0.3333333333333333,43.26,549.0,2.0,0.0,0.0,0.0,12.0,93.0,1.0,14.42,183.0,0.6666666666666666,0.0,0.0,0.0,4.0,31.0,14.42
5,Joshua Dobbs,Ari,QB,L 16-35,23.4,SF,Away,6.0,10-03-23,4,False,0,42,0,27,0,16.665,203.5,1.0,0.0,0.0,0.0,6.0,35.25,0.25,66.66,814.0,4.0,0.0,0.0,0.0,24.0,141.0,1.0,16.665,203.5,1.0,0.0,0.0,0.0,6.0,35.25,16.665
145,Joshua Dobbs,Ari,QB,L 20-34,8.74,Cin,Home,22.0,10-10-23,5,False,0,42,0,6,1,15.079999999999998,196.0,1.2,0.0,0.0,0.0,5.4,28.4,0.2,75.39999999999999,980.0,6.0,0.0,0.0,0.0,27.0,142.0,1.0,15.079999999999998,196.0,1.2,0.0,0.0,0.0,5.4,28.4,15.079999999999998
674,Joshua Dobbs,Ari,QB,L 9-26,10.1,LAR,Away,20.0,10-17-23,6,False,0,42,0,17,0,16.904,216.6,1.2,0.0,0.0,0.0,6.2,38.4,0.2,85.5,1215.0,6.0,0.0,0.0,0.0,34.0,189.0,1.0,14.25,202.5,1.0,0.0,0.0,0.0,5.666666666666667,31.5,14.25
635,Joshua Dobbs,Min,QB,W 22-17,16.14,SF,Home,12.0,10-24-23,7,False,0,42,20,27,1,15.088,200.2,1.0,0.0,0.0,0.0,7.0,38.8,0.2,101.64,1361.0,6.0,0.0,0.0,0.0,41.0,232.0,2.0,14.52,194.42857142857142,0.8571428571428571,0.0,0.0,0.0,5.857142857142857,33.142857142857146,14.52
590,Joshua Dobbs,Min,QB,W 24-10,22.92,GB,Away,8.0,10-31-23,8,False,0,42,20,11,0,16.259999999999998,204.0,1.2,0.0,0.0,0.0,7.0,33.0,0.4,124.56,1569.0,8.0,0.0,0.0,0.0,47.0,258.0,3.0,15.57,196.125,1.0,0.0,0.0,0.0,5.875,32.25,15.57
234,Joshua Dobbs,Min,QB,W 31-28,24.92,Atl,Away,4.0,11-07-23,9,False,0,42,20,1,0,16.564,182.6,1.2,0.0,0.0,0.0,6.0,36.6,0.6,149.48,1727.0,10.0,0.0,0.0,0.0,54.0,324.0,4.0,16.608888888888888,191.88888888888889,1.1111111111111112,0.0,0.0,0.0,6.0,36.0,16.608888888888888
346,Joshua Dobbs,Min,QB,W 27-19,25.12,NO,Home,3.0,11-14-23,10,False,0,42,20,22,1,19.840000000000003,203.0,1.0,0.0,0.0,0.0,7.0,45.2,0.8,174.6,1995.0,11.0,0.0,0.0,0.0,62.0,368.0,5.0,17.46,199.5,1.1,0.0,0.0,0.0,6.2,36.8,17.46
173,Joshua Dobbs,Min,QB,L 20-21,16.94,Den,Away,13.0,11-21-23,11,False,0,42,20,9,0,21.208000000000002,200.2,1.2,0.0,0.0,0.0,7.2,40.0,1.0,191.54,2216.0,12.0,0.0,0.0,0.0,70.0,389.0,6.0,17.41272727272727,201.45454545454547,1.0909090909090908,0.0,0.0,0.0,6.363636363636363,35.36363636363637,17.41272727272727
412,Joshua Dobbs,Min,QB,L 10-12,4.5,Chi,Home,31.0,11-28-23,12,False,0,42,20,5,1,18.880000000000003,208.0,1.4,0.0,0.0,0.0,6.2,33.6,0.8,196.04,2401.0,13.0,0.0,0.0,0.0,72.0,400.0,6.0,16.336666666666666,200.08333333333334,1.0833333333333333,0.0,0.0,0.0,6.0,33.333333333333336,16.336666666666666
290,Joshua Dobbs,Min,QB,W 3-0,4.62,LV,Away,28.0,12-12-23,14,False,0,42,20,18,0,15.219999999999999,179.0,1.0,0.0,0.0,0.0,6.0,32.6,0.6,200.66,2464.0,13.0,0.0,0.0,0.0,77.0,421.0,6.0,15.435384615384615,189.53846153846155,1.0,0.0,0.0,0.0,5.923076923076923,32.38461538461539,15.435384615384615
462,Justin Fields,Chi,QB,W 37-17,25.22,Atl,Home,3.0,01-02-24,17,False,0,43,5,1,1,25.22,268.0,1.0,0.0,0.0,0.0,11.0,45.0,1.0,25.22,268.0,1.0,0.0,0.0,0.0,11.0,45.0,1.0,25.22,268.0,1.0,0.0,0.0,0.0,11.0,45.0,25.22
325,Justin Fields,Chi,QB,L 9-17,8.62,GB,Away,24.0,01-09-24,18,False,0,43,5,11,0,16.919999999999998,208.0,0.5,0.0,0.0,0.0,9.5,36.0,0.5,33.839999999999996,416.0,1.0,0.0,0.0,0.0,19.0,72.0,1.0,16.919999999999998,208.0,0.5,0.0,0.0,0.0,9.5,36.0,16.919999999999998
57,Justin Fields,Chi,QB,L 20-38,14.54,GB,Home,16.0,09-12-23,1,False,0,43,5,11,1,16.126666666666665,210.66666666666666,0.6666666666666666,0.0,0.0,0.0,9.333333333333334,43.666666666666664,0.3333333333333333,48.379999999999995,632.0,2.0,0.0,0.0,0.0,28.0,131.0,1.0,16.126666666666665,210.66666666666666,0.6666666666666666,0.0,0.0,0.0,9.333333333333334,43.666666666666664,16.126666666666665
524,Justin Fields,Chi,QB,L 17-27,14.74,TB,Away,21.5,09-19-23,2,False,0,43,5,29,0,15.78,210.75,0.75,0.0,0.0,0.0,8.0,33.5,0.5,63.12,843.0,3.0,0.0,0.0,0.0,32.0,134.0,2.0,15.78,210.75,0.75,0.0,0.0,0.0,8.0,33.5,15.78
105,Justin Fields,Chi,QB,L 10-41,10.66,KC,Away,24.0,09-26-23,3,False,0,43,5,15,0,14.756,188.4,0.8,0.0,0.0,0.0,8.6,36.2,0.4,73.78,942.0,4.0,0.0,0.0,0.0,43.0,181.0,2.0,14.756,188.4,0.8,0.0,0.0,0.0,8.6,36.2,14.756
3,Justin Fields,Chi,QB,L 28-31,27.9,Den,Home,4.0,10-03-23,4,False,0,43,5,9,1,15.291999999999998,201.8,1.4,0.0,0.0,0.0,7.2,32.2,0.2,101.67999999999999,1277.0,8.0,0.0,0.0,0.0,47.0,206.0,2.0,16.946666666666665,212.83333333333334,1.3333333333333333,0.0,0.0,0.0,7.833333333333333,34.333333333333336,16.946666666666665
124,Justin Fields,Chi,QB,W 40-20,32.98,Wsh,Away,1.0,10-10-23,5,False,0,43,5,31,0,20.163999999999998,228.6,2.2,0.0,0.0,0.0,7.8,38.2,0.2,134.66,1559.0,12.0,0.0,0.0,0.0,58.0,263.0,2.0,19.237142857142857,222.71428571428572,1.7142857142857142,0.0,0.0,0.0,8.285714285714286,37.57142857142857,19.237142857142857
683,Justin Fields,Chi,QB,L 13-19,4.92,Min,Home,29.0,10-17-23,6,False,0,43,5,20,1,18.240000000000002,197.0,2.0,0.0,0.0,0.0,7.6,35.6,0.2,139.57999999999998,1617.0,12.0,0.0,0.0,0.0,66.0,309.0,2.0,17.447499999999998,202.125,1.5,0.0,0.0,0.0,8.25,38.625,17.447499999999998
168,Justin Fields,Chi,QB,L 26-31,21.16,Det,Away,8.0,11-21-23,11,False,0,43,5,10,0,19.524,188.6,2.0,0.0,0.0,0.0,10.4,55.8,0.0,160.74,1786.0,13.0,0.0,0.0,0.0,84.0,413.0,2.0,17.86,198.44444444444446,1.4444444444444444,0.0,0.0,0.0,9.333333333333334,45.888888888888886,17.86
403,Justin Fields,Chi,QB,W 12-10,10.58,Min,Away,22.0,11-28-23,12,False,0,43,5,20,0,19.508,212.2,1.8,0.0,0.0,0.0,10.6,58.2,0.0,171.32,2003.0,13.0,0.0,0.0,0.0,96.0,472.0,2.0,17.131999999999998,200.3,1.3,0.0,0.0,0.0,9.6,47.2,17.131999999999998
265,Justin Fields,Chi,QB,W 28-13,24.72,Det,Home,3.0,12-12-23,14,False,0,43,5,10,1,18.872,189.8,1.2,0.0,0.0,0.0,12.2,64.8,0.2,196.04,2226.0,14.0,0.0,0.0,0.0,108.0,530.0,3.0,17.82181818181818,202.36363636363637,1.2727272727272727,0.0,0.0,0.0,9.818181818181818,48.18181818181818,17.82181818181818
565,Justin Fields,Chi,QB,L 17-20,9.64,Cle,Away,27.0,12-19-23,15,False,0,43,5,7,0,14.203999999999999,166.6,0.6,0.0,0.0,0.0,11.4,59.4,0.2,205.68,2392.0,15.0,0.0,0.0,0.0,115.0,560.0,3.0,17.14,199.33333333333334,1.25,0.0,0.0,0.0,9.583333333333334,46.666666666666664,17.14
424,Justin Fields,Chi,QB,W 27-16,24.5,Ari,Home,4.0,12-26-23,16,False,0,43,5,0,1,18.119999999999997,189.0,0.8,0.0,0.0,0.0,11.6,69.6,0.4,230.18,2562.0,16.0,0.0,0.0,0.0,124.0,657.0,4.0,17.706153846153846,197.07692307692307,1.2307692307692308,0.0,0.0,0.0,9.538461538461538,50.53846153846154,17.706153846153846
46,Justin Herbert,LAC,QB,L 34-36,20.86,Mia,Home,5.0,09-12-23,1,False,0,44,16,19,1,20.86,229.0,1.0,0.0,0.0,0.0,5.0,17.0,1.0,20.86,229.0,1.0,0.0,0.0,0.0,5.0,17.0,1.0,20.86,229.0,1.0,0.0,0.0,0.0,5.0,17.0,20.86
512,Justin Herbert,LAC,QB,L 24-27,22.2,Ten,Away,10.0,09-19-23,2,False,0,44,16,30,0,21.53,267.0,1.5,0.0,0.0,0.0,3.0,8.5,0.5,43.06,534.0,3.0,0.0,0.0,0.0,6.0,17.0,1.0,21.53,267.0,1.5,0.0,0.0,0.0,3.0,8.5,21.53
82,Justin Herbert,LAC,QB,W 28-24,29.3,Min,Away,1.0,09-26-23,3,False,0,44,16,20,0,24.12,313.0,2.0,0.0,0.0,0.0,2.6666666666666665,9.333333333333334,0.3333333333333333,72.36,939.0,6.0,0.0,0.0,0.0,8.0,28.0,1.0,24.12,313.0,2.0,0.0,0.0,0.0,2.6666666666666665,9.333333333333334,24.12
6,Justin Herbert,LAC,QB,W 24-17,23.38,LV,Home,7.0,10-03-23,4,False,0,44,16,18,1,23.935,276.5,1.75,0.0,0.0,0.0,5.0,13.75,0.75,95.74,1106.0,7.0,0.0,0.0,0.0,20.0,55.0,3.0,23.935,276.5,1.75,0.0,0.0,0.0,5.0,13.75,23.935
659,Justin Herbert,LAC,QB,L 17-20,19.08,Dal,Home,5.0,10-17-23,6,False,0,44,16,8,1,22.964,266.6,1.8,0.2,2.0,0.0,5.2,15.0,0.6,114.82,1333.0,9.0,1.0,10.0,0.0,26.0,75.0,3.0,22.964,266.6,1.8,0.2,2.0,0.0,5.2,15.0,22.964
644,Justin Herbert,LAC,QB,L 17-31,10.86,KC,Away,21.0,10-24-23,7,False,0,44,16,15,0,20.964,272.6,1.8,0.2,2.0,0.0,4.6,12.6,0.4,125.67999999999999,1592.0,10.0,1.0,10.0,0.0,28.0,80.0,3.0,20.946666666666665,265.3333333333333,1.6666666666666667,0.16666666666666666,1.6666666666666667,0.0,4.666666666666667,13.333333333333334,20.946666666666665
589,Justin Herbert,LAC,QB,W 30-13,24.02,Chi,Home,7.0,10-31-23,8,False,0,44,16,5,1,21.327999999999996,271.2,2.0,0.2,2.0,0.0,4.6,12.8,0.4,149.7,1890.0,13.0,1.0,10.0,0.0,29.0,81.0,3.0,21.385714285714283,270.0,1.8571428571428572,0.14285714285714285,1.4285714285714286,0.0,4.142857142857143,11.571428571428571,21.385714285714283
255,Justin Herbert,LAC,QB,W 27-6,7.14,NYJ,Away,25.0,11-07-23,9,False,0,44,16,24,0,16.895999999999997,217.4,1.4,0.2,2.0,0.0,4.8,14.0,0.4,156.84,2026.0,13.0,1.0,10.0,0.0,32.0,98.0,3.0,19.605,253.25,1.625,0.125,1.25,0.0,4.0,12.25,19.605
345,Justin Herbert,LAC,QB,L 38-41,28.42,Det,Home,2.0,11-14-23,10,False,0,44,16,10,1,17.904000000000003,248.6,2.0,0.2,2.0,0.0,3.2,11.6,0.0,185.26,2349.0,17.0,1.0,10.0,0.0,36.0,113.0,3.0,20.584444444444443,261.0,1.8888888888888888,0.1111111111111111,1.1111111111111112,0.0,4.0,12.555555555555555,20.584444444444443
163,Justin Herbert,LAC,QB,L 20-23,25.7,GB,Away,3.0,11-21-23,11,False,0,44,16,11,0,19.228,255.2,2.0,0.0,0.0,0.0,3.6,22.2,0.0,210.96,2609.0,19.0,1.0,10.0,0.0,44.0,186.0,3.0,21.096,260.9,1.9,0.1,1.0,0.0,4.4,18.6,21.096
397,Justin Herbert,LAC,QB,L 10-20,13.38,Bal,Home,16.0,11-28-23,12,False,0,44,16,2,1,19.732000000000003,246.8,2.0,0.0,0.0,0.0,4.0,30.6,0.0,224.34,2826.0,20.0,1.0,10.0,0.0,48.0,233.0,3.0,20.394545454545455,256.90909090909093,1.8181818181818181,0.09090909090909091,0.9090909090909091,0.0,4.363636363636363,21.181818181818183,20.394545454545455
217,Justin Herbert,LAC,QB,W 6-0,7.98,NE,Away,22.0,12-05-23,13,False,0,44,16,21,0,16.524,229.6,1.4,0.0,0.0,0.0,4.6,29.4,0.0,232.32,3038.0,20.0,1.0,10.0,0.0,52.0,228.0,3.0,19.36,253.16666666666666,1.6666666666666667,0.08333333333333333,0.8333333333333334,0.0,4.333333333333333,19.0,19.36
294,Justin Herbert,LAC,QB,L 7-24,1.84,Den,Home,32.0,12-12-23,14,False,0,44,16,9,1,15.464000000000002,221.6,1.4,0.0,0.0,0.0,4.0,26.0,0.0,234.16,3134.0,20.0,1.0,10.0,0.0,52.0,228.0,3.0,18.012307692307694,241.07692307692307,1.5384615384615385,0.07692307692307693,0.7692307692307693,0.0,4.0,17.53846153846154,18.012307692307694
62,Kenny Pickett,Pit,QB,L 7-30,9.68,SF,Home,21.0,09-12-23,1,False,0,45,26,27,1,9.68,232.0,1.0,0.0,0.0,0.0,1.0,4.0,0.0,9.68,232.0,1.0,0.0,0.0,0.0,1.0,4.0,0.0,9.68,232.0,1.0,0.0,0.0,0.0,1.0,4.0,9.68
531,Kenny Pickett,Pit,QB,W 26-22,10.28,Cle,Home,29.0,09-19-23,2,False,0,45,26,7,1,9.98,227.0,1.0,0.0,0.0,0.0,2.5,-1.0,0.0,19.96,454.0,2.0,0.0,0.0,0.0,5.0,-2.0,0.0,9.98,227.0,1.0,0.0,0.0,0.0,2.5,-1.0,9.98
94,Kenny Pickett,Pit,QB,W 23-18,18.5,LV,Away,13.0,09-26-23,3,False,0,45,26,18,0,12.82,229.66666666666666,1.3333333333333333,0.0,0.0,0.0,2.6666666666666665,3.0,0.0,38.46,689.0,4.0,0.0,0.0,0.0,8.0,9.0,0.0,12.82,229.66666666666666,1.3333333333333333,0.0,0.0,0.0,2.6666666666666665,3.0,12.82
29,Kenny Pickett,Pit,QB,L 6-30,3.46,Hou,Away,30.0,10-03-23,4,False,0,45,26,12,0,10.48,200.75,1.0,0.0,0.0,0.0,2.5,4.5,0.0,41.92,803.0,4.0,0.0,0.0,0.0,10.0,18.0,0.0,10.48,200.75,1.0,0.0,0.0,0.0,2.5,4.5,10.48
141,Kenny Pickett,Pit,QB,W 17-10,12.36,Bal,Home,18.0,10-10-23,5,False,0,45,26,2,1,10.856,205.4,1.0,0.0,0.0,0.0,3.2,2.4,0.0,54.28,1027.0,5.0,0.0,0.0,0.0,16.0,12.0,0.0,10.856,205.4,1.0,0.0,0.0,0.0,3.2,2.4,10.856
637,Kenny Pickett,Pit,QB,W 24-17,15.2,LAR,Away,14.0,10-24-23,7,False,0,45,26,17,0,11.959999999999999,205.0,0.8,0.0,0.0,0.0,4.6,1.6,0.2,69.48,1257.0,5.0,0.0,0.0,0.0,24.0,12.0,1.0,11.58,209.5,0.8333333333333334,0.0,0.0,0.0,4.0,2.0,11.58
615,Kenny Pickett,Pit,QB,L 10-20,3.92,Jax,Home,33.0,10-31-23,8,False,0,45,26,14,1,10.687999999999999,175.2,0.6,0.0,0.0,0.0,4.0,4.8,0.2,73.4,1330.0,5.0,0.0,0.0,0.0,25.0,22.0,1.0,10.485714285714286,190.0,0.7142857142857143,0.0,0.0,0.0,3.5714285714285716,3.142857142857143,10.485714285714286
248,Kenny Pickett,Pit,QB,W 20-16,10.3,Ten,Home,18.0,11-07-23,9,False,0,45,26,30,1,9.048,160.2,0.4,0.0,0.0,0.0,3.6,2.4,0.2,83.7,1490.0,6.0,0.0,0.0,0.0,26.0,21.0,1.0,10.4625,186.25,0.75,0.0,0.0,0.0,3.25,2.625,10.4625
369,Kenny Pickett,Pit,QB,W 23-19,6.64,GB,Home,26.0,11-14-23,10,False,0,45,26,11,1,9.684000000000001,162.6,0.4,0.0,0.0,0.0,4.0,3.8,0.2,90.34,1616.0,6.0,0.0,0.0,0.0,30.0,37.0,1.0,10.037777777777778,179.55555555555554,0.6666666666666666,0.0,0.0,0.0,3.3333333333333335,4.111111111111111,10.037777777777778
189,Kenny Pickett,Pit,QB,L 10-13,5.14,Cle,Away,29.0,11-21-23,11,False,0,45,26,7,0,8.24,139.0,0.2,0.0,0.0,0.0,3.6,6.8,0.2,95.48,1722.0,6.0,0.0,0.0,0.0,34.0,46.0,1.0,9.548,172.2,0.6,0.0,0.0,0.0,3.4,4.6,9.548
400,Kenny Pickett,Pit,QB,W 16-10,11.62,Cin,Away,19.0,11-28-23,12,False,0,45,26,6,0,7.523999999999999,148.6,0.2,0.0,0.0,0.0,3.0,7.8,0.0,107.1,2000.0,6.0,0.0,0.0,0.0,39.0,51.0,1.0,9.736363636363636,181.8181818181818,0.5454545454545454,0.0,0.0,0.0,3.5454545454545454,4.636363636363637,9.736363636363636
222,Kenny Pickett,Pit,QB,L 10-24,3.1,Ari,Home,27.0,12-05-23,13,False,0,45,26,0,1,7.359999999999999,148.0,0.2,0.0,0.0,0.0,3.4,6.4,0.0,110.2,2070.0,6.0,0.0,0.0,0.0,42.0,54.0,1.0,9.183333333333334,172.5,0.5,0.0,0.0,0.0,3.5,4.5,9.183333333333334
51,Kirk Cousins,Min,QB,L 17-20,16.46,TB,Home,10.0,09-12-23,1,False,0,46,20,29,1,16.46,344.0,2.0,0.0,0.0,0.0,3.0,7.0,0.0,16.46,344.0,2.0,0.0,0.0,0.0,3.0,7.0,0.0,16.46,344.0,2.0,0.0,0.0,0.0,3.0,7.0,16.46
504,Kirk Cousins,Min,QB,L 28-34,28.56,Phi,Away,2.0,09-19-23,2,False,0,46,20,25,0,22.509999999999998,354.0,3.0,0.0,0.0,0.0,1.5,3.5,0.0,45.019999999999996,708.0,6.0,0.0,0.0,0.0,3.0,7.0,0.0,22.509999999999998,354.0,3.0,0.0,0.0,0.0,1.5,3.5,22.509999999999998
86,Kirk Cousins,Min,QB,L 24-28,25.68,LAC,Home,4.5,09-26-23,3,False,0,46,20,16,1,23.566666666666666,358.3333333333333,3.0,0.0,0.0,0.0,1.3333333333333333,5.666666666666667,0.0,70.7,1075.0,9.0,0.0,0.0,0.0,4.0,17.0,0.0,23.566666666666666,358.3333333333333,3.0,0.0,0.0,0.0,1.3333333333333333,5.666666666666667,23.566666666666666
22,Kirk Cousins,Min,QB,W 21-13,9.56,Car,Away,23.0,10-03-23,4,False,0,46,20,4,0,20.065,303.5,2.75,0.0,0.0,0.0,1.25,4.25,0.0,80.26,1214.0,11.0,0.0,0.0,0.0,5.0,17.0,0.0,20.065,303.5,2.75,0.0,0.0,0.0,1.25,4.25,20.065
132,Kirk Cousins,Min,QB,L 20-27,19.86,KC,Home,9.0,10-10-23,5,False,0,46,20,15,1,20.024,299.6,2.6,0.0,0.0,0.0,1.6,4.4,0.0,100.12,1498.0,13.0,0.0,0.0,0.0,8.0,22.0,0.0,20.024,299.6,2.6,0.0,0.0,0.0,1.6,4.4,20.024
677,Kirk Cousins,Min,QB,W 19-13,8.74,Chi,Away,23.0,10-17-23,6,False,0,46,20,5,0,18.479999999999997,267.0,2.4,0.0,0.0,0.0,1.4,2.0,0.0,108.86,1679.0,14.0,0.0,0.0,0.0,10.0,17.0,0.0,18.143333333333334,279.8333333333333,2.3333333333333335,0.0,0.0,0.0,1.6666666666666667,2.8333333333333335,18.143333333333334
630,Kirk Cousins,Min,QB,W 22-17,21.02,SF,Home,7.0,10-24-23,7,False,0,46,20,27,1,16.972,269.8,2.0,0.0,0.0,0.0,1.8,1.8,0.0,129.88,2057.0,16.0,0.0,0.0,0.0,12.0,16.0,0.0,18.554285714285715,293.85714285714283,2.2857142857142856,0.0,0.0,0.0,1.7142857142857142,2.2857142857142856,18.554285714285715
593,Kirk Cousins,Min,QB,W 24-10,19.86,GB,Away,11.0,10-31-23,8,False,0,46,20,11,0,15.807999999999998,251.2,1.8,0.0,0.0,0.0,2.0,1.6,0.0,149.74,2331.0,18.0,0.0,0.0,0.0,14.0,25.0,0.0,18.7175,291.375,2.25,0.0,0.0,0.0,1.75,3.125,18.7175
497,Kyle Allen,Buf,QB,W 27-21,-0.2,NE,Home,37.5,01-02-24,17,False,0,47,3,21,1,-0.2,0.0,0.0,0.0,0.0,0.0,2.0,-2.0,0.0,-0.2,0.0,0.0,0.0,0.0,0.0,2.0,-2.0,0.0,-0.2,0.0,0.0,0.0,0.0,0.0,2.0,-2.0,-0.2
538,Kyle Allen,Buf,QB,W 38-10,-0.2,LV,Home,36.0,09-19-23,2,False,0,47,3,18,1,-0.2,0.0,0.0,0.0,0.0,0.0,2.0,-2.0,0.0,-0.4,0.0,0.0,0.0,0.0,0.0,4.0,-4.0,0.0,-0.2,0.0,0.0,0.0,0.0,0.0,2.0,-2.0,-0.2
122,Kyle Allen,Buf,QB,W 37-3,-0.2,Wsh,Away,41.0,09-26-23,3,False,0,47,3,31,0,-0.2,0.0,0.0,0.0,0.0,0.0,2.0,-2.0,0.0,-0.6000000000000001,0.0,0.0,0.0,0.0,0.0,6.0,-6.0,0.0,-0.20000000000000004,0.0,0.0,0.0,0.0,0.0,2.0,-2.0,-0.20000000000000004
40,Kyle Allen,Buf,QB,W 48-20,-0.3,Mia,Home,41.0,10-03-23,4,False,0,47,3,19,1,-0.225,0.0,0.0,0.0,0.0,0.0,2.25,-2.25,0.0,-0.9,0.0,0.0,0.0,0.0,0.0,9.0,-9.0,0.0,-0.225,0.0,0.0,0.0,0.0,0.0,2.25,-2.25,-0.225
691,Kyle Allen,Buf,QB,W 14-9,0.0,NYG,Home,35.5,10-17-23,6,False,0,47,3,23,1,-0.18,0.0,0.0,0.0,0.0,0.0,1.8,-1.8,0.0,-0.9,0.0,0.0,0.0,0.0,0.0,9.0,-9.0,0.0,-0.18,0.0,0.0,0.0,0.0,0.0,1.8,-1.8,-0.18
193,Kyle Allen,Buf,QB,W 32-6,-0.2,NYJ,Home,33.0,11-21-23,11,False,0,47,3,24,1,-0.18,0.0,0.0,0.0,0.0,0.0,1.8,-1.8,0.0,-1.1,0.0,0.0,0.0,0.0,0.0,11.0,-11.0,0.0,-0.18333333333333335,0.0,0.0,0.0,0.0,0.0,1.8333333333333333,-1.8333333333333333,-0.18333333333333335
580,Kyle Allen,Buf,QB,W 31-10,-0.2,Dal,Home,42.0,12-19-23,15,False,0,47,3,8,1,-0.18,0.0,0.0,0.0,0.0,0.0,1.8,-1.8,0.0,-1.3,0.0,0.0,0.0,0.0,0.0,13.0,-13.0,0.0,-0.18571428571428572,0.0,0.0,0.0,0.0,0.0,1.8571428571428572,-1.8571428571428572,-0.18571428571428572
620,Kyle Trask,TB,QB,L 18-24,0.0,Buf,Away,38.0,10-31-23,8,False,0,48,29,3,0,0.0,0.0,0.0,0.0,0.0,0.0,0.0,0.0,0.0,0.0,0.0,0.0,0.0,0.0,0.0,0.0,0.0,0.0,0.0,0.0,0.0,0.0,0.0,0.0,0.0,0.0,0.0
380,Kyle Trask,TB,QB,W 20-6,-0.1,Ten,Home,37.0,11-14-23,10,False,0,48,29,30,1,-0.05,0.0,0.0,0.0,0.0,0.0,0.5,-0.5,0.0,-0.1,0.0,0.0,0.0,0.0,0.0,1.0,-1.0,0.0,-0.05,0.0,0.0,0.0,0.0,0.0,0.5,-0.5,-0.05
417,Kyle Trask,TB,QB,L 20-27,0.0,Ind,Away,36.0,11-28-23,12,False,0,48,29,13,0,-0.03333333333333333,0.0,0.0,0.0,0.0,0.0,0.3333333333333333,-0.3333333333333333,0.0,-0.1,0.0,0.0,0.0,0.0,0.0,1.0,-1.0,0.0,-0.03333333333333333,0.0,0.0,0.0,0.0,0.0,0.3333333333333333,-0.3333333333333333,-0.03333333333333333
463,Kyler Murray,Ari,QB,W 35-31,23.68,Phi,Away,4.0,01-02-24,17,False,0,49,0,25,0,23.68,232.0,3.0,0.0,0.0,0.0,5.0,24.0,0.0,23.68,232.0,3.0,0.0,0.0,0.0,5.0,24.0,0.0,23.68,232.0,3.0,0.0,0.0,0.0,5.0,24.0,23.68
313,Kyler Murray,Ari,QB,L 20-21,17.78,Sea,Home,12.0,01-09-24,18,False,0,49,0,28,1,20.73,247.0,2.0,0.0,0.0,0.0,5.0,28.5,0.0,41.46,494.0,4.0,0.0,0.0,0.0,10.0,57.0,0.0,20.73,247.0,2.0,0.0,0.0,0.0,5.0,28.5,20.73
355,Kyler Murray,Ari,QB,W 25-23,17.26,Atl,Home,12.0,11-14-23,10,False,0,49,0,1,1,19.573333333333334,247.66666666666666,1.3333333333333333,0.0,0.0,0.0,5.333333333333333,30.0,0.3333333333333333,58.72,743.0,4.0,0.0,0.0,0.0,16.0,90.0,1.0,19.573333333333334,247.66666666666666,1.3333333333333333,0.0,0.0,0.0,5.333333333333333,30.0,19.573333333333334
167,Kyler Murray,Ari,QB,L 16-21,21.66,Hou,Away,7.0,11-21-23,11,False,0,49,0,12,0,20.095,239.25,1.25,0.0,0.0,0.0,5.75,35.25,0.5,80.38,957.0,5.0,0.0,0.0,0.0,23.0,141.0,2.0,20.095,239.25,1.25,0.0,0.0,0.0,5.75,35.25,20.095
390,Kyler Murray,Ari,QB,L 14-37,20.44,LAR,Home,9.0,11-28-23,12,False,0,49,0,17,1,20.164,242.6,1.2,0.0,0.0,0.0,4.8,28.6,0.6,100.82000000000001,1213.0,6.0,0.0,0.0,0.0,24.0,143.0,3.0,20.164,242.6,1.2,0.0,0.0,0.0,4.8,28.6,20.164
212,Kyler Murray,Ari,QB,W 24-10,11.8,Pit,Away,17.0,12-05-23,13,False,0,49,0,26,0,17.788000000000004,225.2,0.8,0.0,0.0,0.0,5.6,27.8,0.6,112.62,1358.0,7.0,0.0,0.0,0.0,33.0,163.0,3.0,18.77,226.33333333333334,1.1666666666666667,0.0,0.0,0.0,5.5,27.166666666666668,18.77
559,Kyler Murray,Ari,QB,L 29-45,13.34,SF,Home,21.0,12-19-23,15,False,0,49,0,27,1,16.9,215.0,0.8,0.0,0.0,0.0,5.8,31.0,0.6,125.96000000000001,1569.0,8.0,0.0,0.0,0.0,39.0,212.0,3.0,17.994285714285716,224.14285714285714,1.1428571428571428,0.0,0.0,0.0,5.571428571428571,30.285714285714285,17.994285714285716
431,Kyler Murray,Ari,QB,L 16-27,20.4,Chi,Away,11.0,12-26-23,16,False,0,49,0,5,0,17.528,211.2,1.2,0.0,0.0,0.0,5.6,30.8,0.4,146.36,1799.0,10.0,0.0,0.0,0.0,44.0,244.0,3.0,18.295,224.875,1.25,0.0,0.0,0.0,5.5,30.5,18.295
460,Lamar Jackson,Bal,QB,W 56-19,36.34,Mia,Home,1.0,01-02-24,17,False,0,50,2,19,1,36.34,321.0,5.0,0.0,0.0,0.0,6.0,35.0,0.0,36.34,321.0,5.0,0.0,0.0,0.0,6.0,35.0,0.0,36.34,321.0,5.0,0.0,0.0,0.0,6.0,35.0,36.34
68,Lamar Jackson,Bal,QB,W 25-9,6.56,Hou,Home,27.0,09-12-23,1,False,0,50,2,12,1,21.450000000000003,245.0,2.5,0.0,0.0,0.0,6.0,36.5,0.0,42.900000000000006,490.0,5.0,0.0,0.0,0.0,12.0,73.0,0.0,21.450000000000003,245.0,2.5,0.0,0.0,0.0,6.0,36.5,21.450000000000003
511,Lamar Jackson,Bal,QB,W 27-24,22.88,Cin,Away,9.0,09-19-23,2,False,0,50,2,6,0,21.926666666666666,242.33333333333334,2.3333333333333335,0.0,0.0,0.0,8.0,42.333333333333336,0.0,65.78,727.0,7.0,0.0,0.0,0.0,24.0,127.0,0.0,21.926666666666666,242.33333333333334,2.3333333333333335,0.0,0.0,0.0,8.0,42.333333333333336,21.926666666666666
84,Lamar Jackson,Bal,QB,L 19-22,28.18,Ind,Home,3.0,09-26-23,3,False,0,50,2,13,1,23.490000000000002,232.25,1.75,0.0,0.0,0.0,9.5,57.0,0.5,93.96000000000001,929.0,7.0,0.0,0.0,0.0,38.0,228.0,2.0,23.490000000000002,232.25,1.75,0.0,0.0,0.0,9.5,57.0,23.490000000000002
2,Lamar Jackson,Bal,QB,W 28-3,28.14,Cle,Away,3.0,10-03-23,4,False,0,50,2,7,0,24.419999999999998,223.0,1.8,0.0,0.0,0.0,9.4,51.0,0.8,122.1,1115.0,9.0,0.0,0.0,0.0,47.0,255.0,4.0,24.419999999999998,223.0,1.8,0.0,0.0,0.0,9.4,51.0,24.419999999999998
143,Lamar Jackson,Bal,QB,L 10-17,9.94,Pit,Away,20.0,10-10-23,5,False,0,50,2,26,0,19.14,206.0,0.8,0.0,0.0,0.0,9.4,53.0,0.8,132.04,1351.0,9.0,0.0,0.0,0.0,53.0,300.0,4.0,22.006666666666664,225.16666666666666,1.5,0.0,0.0,0.0,8.833333333333334,50.0,22.006666666666664
662,Lamar Jackson,Bal,QB,W 24-16,17.12,Ten,Away,8.0,10-17-23,6,False,0,50,2,30,0,21.252,216.8,1.0,0.0,0.0,0.0,10.8,57.8,0.8,149.16,1574.0,10.0,0.0,0.0,0.0,66.0,362.0,4.0,21.30857142857143,224.85714285714286,1.4285714285714286,0.0,0.0,0.0,9.428571428571429,51.714285714285715,21.30857142857143
624,Lamar Jackson,Bal,QB,W 38-6,33.88,Det,Home,1.0,10-24-23,7,False,0,50,2,10,1,23.452,240.8,1.2,0.0,0.0,0.0,10.2,54.2,1.0,183.04000000000002,1931.0,13.0,0.0,0.0,0.0,75.0,398.0,5.0,22.880000000000003,241.375,1.625,0.0,0.0,0.0,9.375,49.75,22.880000000000003
607,Lamar Jackson,Bal,QB,W 31-24,11.98,Ari,Away,25.0,10-31-23,8,False,0,50,2,0,0,20.212000000000003,231.8,1.4,0.0,0.0,0.0,8.4,37.4,0.6,195.02,2088.0,14.0,0.0,0.0,0.0,80.0,415.0,5.0,21.66888888888889,232.0,1.5555555555555556,0.0,0.0,0.0,8.88888888888889,46.111111111111114,21.66888888888889
246,Lamar Jackson,Bal,QB,W 37-3,11.48,Sea,Home,16.0,11-07-23,9,False,0,50,2,28,1,16.880000000000003,232.0,1.0,0.0,0.0,0.0,8.6,44.0,0.2,206.5,2275.0,14.0,0.0,0.0,0.0,90.0,475.0,5.0,20.65,227.5,1.4,0.0,0.0,0.0,9.0,47.5,20.65
361,Lamar Jackson,Bal,QB,L 31-33,13.02,Cle,Home,18.0,11-14-23,10,False,0,50,2,7,1,17.496000000000002,229.4,1.2,0.0,0.0,0.0,9.0,43.2,0.2,219.52,2498.0,15.0,0.0,0.0,0.0,98.0,516.0,5.0,19.956363636363637,227.0909090909091,1.3636363636363635,0.0,0.0,0.0,8.909090909090908,46.90909090909091,19.956363636363637
164,Lamar Jackson,Bal,QB,W 34-20,23.96,Cin,Home,4.0,11-21-23,11,False,0,50,2,6,1,18.864,237.6,1.4,0.0,0.0,0.0,8.2,41.6,0.2,243.48000000000002,2762.0,17.0,0.0,0.0,0.0,107.0,570.0,5.0,20.290000000000003,230.16666666666666,1.4166666666666667,0.0,0.0,0.0,8.916666666666666,47.5,20.290000000000003
394,Lamar Jackson,Bal,QB,W 20-10,14.98,LAC,Away,13.0,11-28-23,12,False,0,50,2,16,0,15.084,201.6,1.0,0.0,0.0,0.0,8.6,42.2,0.0,258.46000000000004,2939.0,18.0,0.0,0.0,0.0,118.0,609.0,5.0,19.881538461538465,226.07692307692307,1.3846153846153846,0.0,0.0,0.0,9.076923076923077,46.84615384615385,19.881538461538465
263,Lamar Jackson,Bal,QB,W 37-31,31.64,LAR,Home,1.0,12-12-23,14,False,0,50,2,17,1,19.016,233.4,1.4,0.0,0.0,0.0,9.8,52.8,0.0,290.1,3255.0,21.0,0.0,0.0,0.0,129.0,679.0,5.0,20.72142857142857,232.5,1.5,0.0,0.0,0.0,9.214285714285714,48.5,20.72142857142857
547,Lamar Jackson,Bal,QB,W 23-7,18.54,Jax,Away,9.0,12-19-23,15,False,0,50,2,14,0,20.427999999999997,230.2,1.6,0.0,0.0,0.0,10.2,60.2,0.0,308.64,3426.0,22.0,0.0,0.0,0.0,141.0,776.0,5.0,20.576,228.4,1.4666666666666666,0.0,0.0,0.0,9.4,51.733333333333334,20.576
428,Lamar Jackson,Bal,QB,W 33-19,22.58,SF,Away,8.0,12-26-23,16,False,0,50,2,27,0,22.339999999999996,236.0,1.8,0.0,0.0,0.0,10.0,61.0,0.0,331.22,3678.0,24.0,0.0,0.0,0.0,148.0,821.0,5.0,20.70125,229.875,1.5,0.0,0.0,0.0,9.25,51.3125,20.70125
343,Logan Woodside,Atl,QB,L 17-48,-0.32,NO,Away,42.0,01-09-24,18,False,0,51,1,22,0,-0.32,27.0,0.0,0.0,0.0,0.0,1.0,6.0,0.0,-0.32,27.0,0.0,0.0,0.0,0.0,1.0,6.0,0.0,-0.32,27.0,0.0,0.0,0.0,0.0,1.0,6.0,-0.32
43,Mac Jones,NE,QB,L 20-25,24.14,Phi,Home,2.0,09-12-23,1,False,0,52,21,25,1,24.14,316.0,3.0,0.0,0.0,0.0,2.0,15.0,0.0,24.14,316.0,3.0,0.0,0.0,0.0,2.0,15.0,0.0,24.14,316.0,3.0,0.0,0.0,0.0,2.0,15.0,24.14
526,Mac Jones,NE,QB,L 17-24,13.74,Mia,Home,24.0,09-19-23,2,False,0,52,21,19,1,18.94,273.5,2.0,0.0,0.0,0.0,3.5,20.0,0.0,37.88,547.0,4.0,0.0,0.0,0.0,7.0,40.0,0.0,18.94,273.5,2.0,0.0,0.0,0.0,3.5,20.0,18.94
102,Mac Jones,NE,QB,W 15-10,13.34,NYJ,Away,21.0,09-26-23,3,False,0,52,21,24,0,17.073333333333334,249.33333333333334,1.6666666666666667,0.0,0.0,0.0,3.6666666666666665,17.666666666666668,0.0,51.22,748.0,5.0,0.0,0.0,0.0,11.0,53.0,0.0,17.073333333333334,249.33333333333334,1.6666666666666667,0.0,0.0,0.0,3.6666666666666665,17.666666666666668,17.073333333333334
35,Mac Jones,NE,QB,L 3-38,0.7,Dal,Away,36.0,10-03-23,4,False,0,52,21,8,0,12.98,224.5,1.25,0.0,0.0,0.0,3.5,15.0,0.0,51.92,898.0,5.0,0.0,0.0,0.0,14.0,60.0,0.0,12.98,224.5,1.25,0.0,0.0,0.0,3.5,15.0,12.98
160,Mac Jones,NE,QB,L 0-34,-1.6,NO,Home,37.0,10-10-23,5,False,0,52,21,22,1,10.064,201.6,1.0,0.0,0.0,0.0,3.0,12.0,0.0,50.32,1008.0,5.0,0.0,0.0,0.0,15.0,60.0,0.0,10.064,201.6,1.0,0.0,0.0,0.0,3.0,12.0,10.064
681,Mac Jones,NE,QB,L 17-21,5.9,LV,Away,27.0,10-17-23,6,False,0,52,21,18,0,6.4159999999999995,178.4,0.4,0.0,0.0,0.0,2.8,8.8,0.0,56.22,1208.0,5.0,0.0,0.0,0.0,16.0,59.0,0.0,9.37,201.33333333333334,0.8333333333333334,0.0,0.0,0.0,2.6666666666666665,9.833333333333334,9.37
631,Mac Jones,NE,QB,W 29-25,19.98,Buf,Home,8.0,10-24-23,7,False,0,52,21,3,1,7.664,186.6,0.6,0.0,0.0,0.0,2.4,6.0,0.0,76.2,1480.0,7.0,0.0,0.0,0.0,19.0,70.0,0.0,10.885714285714286,211.42857142857142,1.0,0.0,0.0,0.0,2.7142857142857144,10.0,10.885714285714286
605,Mac Jones,NE,QB,L 17-31,12.24,Mia,Away,23.0,10-31-23,8,False,0,52,21,19,0,7.444000000000001,178.6,0.8,0.0,0.0,0.0,1.8,3.0,0.0,88.44,1641.0,9.0,0.0,0.0,0.0,20.0,68.0,0.0,11.055,205.125,1.125,0.0,0.0,0.0,2.5,8.5,11.055
247,Mac Jones,NE,QB,L 17-20,11.1,Wsh,Home,17.0,11-07-23,9,False,0,52,21,31,1,9.524000000000001,192.6,1.0,0.0,0.0,0.0,1.8,2.2,0.0,99.54,1861.0,10.0,0.0,0.0,0.0,23.0,71.0,0.0,11.06,206.77777777777777,1.1111111111111112,0.0,0.0,0.0,2.5555555555555554,7.888888888888889,11.06
368,Mac Jones,NE,QB,L 6-10,7.3,Ind,Home,25.0,11-14-23,10,False,0,52,21,13,1,11.304,204.6,1.0,0.0,0.0,0.0,2.2,7.2,0.0,106.84,2031.0,10.0,0.0,0.0,0.0,26.0,96.0,0.0,10.684000000000001,203.1,1.0,0.0,0.0,0.0,2.6,9.6,10.684000000000001
420,Mac Jones,NE,QB,L 7-10,-0.44,NYG,Away,39.0,11-28-23,12,False,0,52,21,23,0,10.036000000000001,182.4,1.0,0.0,0.0,0.0,2.0,7.4,0.0,106.4,2120.0,10.0,0.0,0.0,0.0,26.0,96.0,0.0,9.672727272727274,192.72727272727272,0.9090909090909091,0.0,0.0,0.0,2.3636363636363638,8.727272727272727,9.672727272727274
341,Malik Cunningham,Bal,QB,L 10-17,0.0,Pit,Home,39.5,01-09-24,18,False,0,53,2,26,1,0.0,0.0,0.0,0.0,0.0,0.0,0.0,0.0,0.0,0.0,0.0,0.0,0.0,0.0,0.0,0.0,0.0,0.0,0.0,0.0,0.0,0.0,0.0,0.0,0.0,0.0,0.0
688,Malik Cunningham,NE,QB,L 17-21,0.0,LV,Away,35.5,10-17-23,6,False,0,53,21,18,0,0.0,0.0,0.0,0.0,0.0,0.0,0.0,0.0,0.0,0.0,0.0,0.0,0.0,0.0,0.0,0.0,0.0,0.0,0.0,0.0,0.0,0.0,0.0,0.0,0.0,0.0,0.0
119,Malik Willis,Ten,QB,L 3-27,0.0,Cle,Away,38.0,09-26-23,3,False,0,54,30,7,0,0.0,0.0,0.0,0.0,0.0,0.0,0.0,0.0,0.0,0.0,0.0,0.0,0.0,0.0,0.0,0.0,0.0,0.0,0.0,0.0,0.0,0.0,0.0,0.0,0.0,0.0,0.0
684,Malik Willis,Ten,QB,L 16-24,4.66,Bal,Home,30.0,10-17-23,6,False,0,54,30,2,1,2.33,37.0,0.0,0.0,0.0,0.0,1.5,8.5,0.0,4.66,74.0,0.0,0.0,0.0,0.0,3.0,17.0,0.0,2.33,37.0,0.0,0.0,0.0,0.0,1.5,8.5,2.33
623,Malik Willis,Ten,QB,W 28-23,-1.6,Atl,Home,41.0,10-31-23,8,False,0,54,30,1,1,1.02,24.666666666666668,0.0,0.0,0.0,0.0,1.6666666666666667,7.0,0.0,3.06,74.0,0.0,0.0,0.0,0.0,5.0,21.0,0.0,1.02,24.666666666666668,0.0,0.0,0.0,0.0,1.6666666666666667,7.0,1.02
323,Marcus Mariota,Phi,QB,L 10-27,10.52,NYG,Away,22.0,01-09-24,18,False,0,55,25,23,0,10.52,148.0,1.0,0.0,0.0,0.0,6.0,46.0,0.0,10.52,148.0,1.0,0.0,0.0,0.0,6.0,46.0,0.0,10.52,148.0,1.0,0.0,0.0,0.0,6.0,46.0,10.52
225,Marcus Mariota,Phi,QB,L 19-42,1.24,SF,Home,30.0,12-05-23,13,False,0,55,25,27,1,5.88,82.0,0.5,0.0,0.0,0.0,4.0,26.0,0.0,11.76,164.0,1.0,0.0,0.0,0.0,8.0,52.0,0.0,5.88,82.0,0.5,0.0,0.0,0.0,4.0,26.0,5.88
297,Marcus Mariota,Phi,QB,L 13-33,0.0,Dal,Away,36.0,12-12-23,14,False,0,55,25,8,0,3.92,54.666666666666664,0.3333333333333333,0.0,0.0,0.0,2.6666666666666665,17.333333333333332,0.0,11.76,164.0,1.0,0.0,0.0,0.0,8.0,52.0,0.0,3.92,54.666666666666664,0.3333333333333333,0.0,0.0,0.0,2.6666666666666665,17.333333333333332,3.92
485,Mason Rudolph,Pit,QB,W 30-23,11.46,Sea,Away,26.0,01-02-24,17,False,0,56,26,28,0,11.46,274.0,0.0,0.0,0.0,0.0,6.0,5.0,0.0,11.46,274.0,0.0,0.0,0.0,0.0,6.0,5.0,0.0,11.46,274.0,0.0,0.0,0.0,0.0,6.0,5.0,11.46
327,Mason Rudolph,Pit,QB,W 17-10,7.98,Bal,Away,26.0,01-09-24,18,False,0,56,26,2,0,9.72,213.0,0.5,0.0,0.0,0.0,4.0,2.0,0.0,19.44,426.0,1.0,0.0,0.0,0.0,8.0,4.0,0.0,9.72,213.0,0.5,0.0,0.0,0.0,4.0,2.0,9.72
574,Mason Rudolph,Pit,QB,L 13-30,0.12,Ind,Away,36.0,12-19-23,15,False,0,56,26,13,0,6.5200000000000005,143.0,0.3333333333333333,0.0,0.0,0.0,2.6666666666666665,1.3333333333333333,0.0,19.560000000000002,429.0,1.0,0.0,0.0,0.0,8.0,4.0,0.0,6.5200000000000005,143.0,0.3333333333333333,0.0,0.0,0.0,2.6666666666666665,1.3333333333333333,6.5200000000000005
432,Mason Rudolph,Pit,QB,W 34-11,20.0,Cin,Home,12.0,12-26-23,16,False,0,56,26,6,1,9.89,179.75,0.75,0.0,0.0,0.0,2.5,2.0,0.0,39.56,719.0,3.0,0.0,0.0,0.0,10.0,8.0,0.0,9.89,179.75,0.75,0.0,0.0,0.0,2.5,2.0,9.89
498,Matt Barkley,Jax,QB,W 26-0,-0.3,Car,Home,39.0,01-02-24,17,False,0,57,14,4,1,-0.3,0.0,0.0,0.0,0.0,0.0,3.0,-3.0,0.0,-0.3,0.0,0.0,0.0,0.0,0.0,3.0,-3.0,0.0,-0.3,0.0,0.0,0.0,0.0,0.0,3.0,-3.0,-0.3
481,Matthew Stafford,LAR,QB,W 26-25,12.58,NYG,Away,22.0,01-02-24,17,False,0,58,17,23,0,12.58,317.0,1.0,0.0,0.0,0.0,1.0,-1.0,0.0,12.58,317.0,1.0,0.0,0.0,0.0,1.0,-1.0,0.0,12.58,317.0,1.0,0.0,0.0,0.0,1.0,-1.0,12.58
58,Matthew Stafford,LAR,QB,W 30-13,14.46,Sea,Away,17.0,09-12-23,1,False,0,58,17,28,0,13.52,325.5,0.5,0.0,0.0,0.0,2.0,5.0,0.0,27.04,651.0,1.0,0.0,0.0,0.0,4.0,10.0,0.0,13.52,325.5,0.5,0.0,0.0,0.0,2.0,5.0,13.52
525,Matthew Stafford,LAR,QB,L 23-30,13.98,SF,Home,23.0,09-19-23,2,False,0,58,17,27,1,13.673333333333334,319.3333333333333,0.6666666666666666,0.0,0.0,0.0,2.6666666666666665,9.0,0.0,41.02,958.0,2.0,0.0,0.0,0.0,8.0,27.0,0.0,13.673333333333334,319.3333333333333,0.6666666666666666,0.0,0.0,0.0,2.6666666666666665,9.0,13.673333333333334
104,Matthew Stafford,LAR,QB,L 16-19,11.46,Cin,Away,23.0,09-26-23,3,False,0,58,17,6,0,13.120000000000001,306.75,0.75,0.0,0.0,0.0,2.25,8.5,0.0,52.480000000000004,1227.0,3.0,0.0,0.0,0.0,9.0,34.0,0.0,13.120000000000001,306.75,0.75,0.0,0.0,0.0,2.25,8.5,13.120000000000001
15,Matthew Stafford,LAR,QB,W 29-23,16.16,Ind,Away,16.0,10-03-23,4,False,0,58,17,13,0,13.728,309.2,0.8,0.0,0.0,0.0,2.2,9.6,0.0,68.64,1546.0,4.0,0.0,0.0,0.0,11.0,48.0,0.0,13.728,309.2,0.8,0.0,0.0,0.0,2.2,9.6,13.728
137,Matthew Stafford,LAR,QB,L 14-23,16.88,Phi,Home,14.0,10-10-23,5,False,0,58,17,25,1,14.588,290.2,1.0,0.0,0.0,0.0,2.0,9.8,0.0,85.52,1768.0,6.0,0.0,0.0,0.0,11.0,48.0,0.0,14.253333333333332,294.6666666666667,1.0,0.0,0.0,0.0,1.8333333333333333,8.0,14.253333333333332
669,Matthew Stafford,LAR,QB,W 26-9,13.24,Ari,Home,15.0,10-17-23,6,False,0,58,17,0,1,14.344,268.6,1.2,0.0,0.0,0.0,1.6,8.0,0.0,98.76,1994.0,7.0,0.0,0.0,0.0,12.0,50.0,0.0,14.108571428571429,284.85714285714283,1.0,0.0,0.0,0.0,1.7142857142857142,7.142857142857143,14.108571428571429
638,Matthew Stafford,LAR,QB,L 17-24,14.04,Pit,Home,15.0,10-24-23,7,False,0,58,17,26,1,14.356,253.4,1.2,0.0,0.0,0.0,1.0,6.2,0.0,112.8,2225.0,8.0,0.0,0.0,0.0,13.0,58.0,0.0,14.1,278.125,1.0,0.0,0.0,0.0,1.625,7.25,14.1
608,Matthew Stafford,LAR,QB,L 20-43,11.38,Dal,Away,26.0,10-31-23,8,False,0,58,17,8,0,14.339999999999998,232.0,1.2,0.0,0.0,0.0,1.0,6.6,0.0,124.18,2387.0,9.0,0.0,0.0,0.0,14.0,67.0,0.0,13.797777777777778,265.22222222222223,1.0,0.0,0.0,0.0,1.5555555555555556,7.444444444444445,13.797777777777778
183,Matthew Stafford,LAR,QB,W 17-16,9.7,Sea,Home,23.0,11-21-23,11,False,0,58,17,28,1,13.047999999999998,206.2,1.2,0.0,0.0,0.0,1.0,4.0,0.0,133.88,2577.0,10.0,0.0,0.0,0.0,16.0,68.0,0.0,13.388,257.7,1.0,0.0,0.0,0.0,1.6,6.8,13.388
388,Matthew Stafford,LAR,QB,W 37-14,23.36,Ari,Away,7.0,11-28-23,12,False,0,58,17,0,0,14.344,207.6,1.6,0.0,0.0,0.0,1.2,4.4,0.0,157.24,2806.0,14.0,0.0,0.0,0.0,17.0,70.0,0.0,14.294545454545455,255.0909090909091,1.2727272727272727,0.0,0.0,0.0,1.5454545454545454,6.363636363636363,14.294545454545455
203,Matthew Stafford,LAR,QB,W 36-19,22.96,Cle,Home,8.0,12-05-23,13,False,0,58,17,7,1,16.288,218.2,2.0,0.0,0.0,0.0,1.2,3.6,0.0,180.2,3085.0,17.0,0.0,0.0,0.0,18.0,68.0,0.0,15.016666666666666,257.0833333333333,1.4166666666666667,0.0,0.0,0.0,1.5,5.666666666666667,15.016666666666666
267,Matthew Stafford,LAR,QB,L 31-37,23.66,Bal,Away,5.0,12-12-23,14,False,0,58,17,2,0,18.212,230.8,2.4,0.0,0.0,0.0,1.2,1.8,0.0,203.86,3379.0,20.0,0.0,0.0,0.0,19.0,67.0,0.0,15.681538461538462,259.9230769230769,1.5384615384615385,0.0,0.0,0.0,1.4615384615384615,5.153846153846154,15.681538461538462
548,Matthew Stafford,LAR,QB,W 28-20,18.52,Wsh,Home,10.0,12-19-23,15,False,0,58,17,31,1,19.64,250.0,2.6,0.0,0.0,0.0,1.2,0.4,0.0,222.38,3637.0,22.0,0.0,0.0,0.0,20.0,69.0,0.0,15.884285714285713,259.7857142857143,1.5714285714285714,0.0,0.0,0.0,1.4285714285714286,4.928571428571429,15.884285714285713
430,Matthew Stafford,LAR,QB,W 30-22,20.72,NO,Home,10.0,12-26-23,16,False,0,58,17,22,1,21.844,277.6,2.8,0.0,0.0,0.0,1.0,-0.6,0.0,243.1,3965.0,24.0,0.0,0.0,0.0,21.0,65.0,0.0,16.206666666666667,264.3333333333333,1.6,0.0,0.0,0.0,1.4,4.333333333333333,16.206666666666667
502,Mike White,Mia,QB,L 19-56,-2.0,Bal,Away,43.0,01-02-24,17,False,0,59,19,2,0,-2.0,0.0,0.0,0.0,0.0,0.0,1.0,0.0,0.0,-2.0,0.0,0.0,0.0,0.0,0.0,1.0,0.0,0.0,-2.0,0.0,0.0,0.0,0.0,0.0,1.0,0.0,-2.0
109,Mike White,Mia,QB,W 70-20,6.58,Den,Home,28.0,09-26-23,3,False,0,59,19,9,1,2.29,33.5,0.5,0.0,0.0,0.0,1.0,-0.5,0.0,4.58,67.0,1.0,0.0,0.0,0.0,2.0,-1.0,0.0,2.29,33.5,0.5,0.0,0.0,0.0,1.0,-0.5,2.29
693,Mike White,Mia,QB,W 42-21,-2.4,Car,Home,39.0,10-17-23,6,False,0,59,19,4,1,0.7266666666666667,22.333333333333332,0.3333333333333333,0.0,0.0,0.0,1.6666666666666667,-1.6666666666666667,0.0,2.18,67.0,1.0,0.0,0.0,0.0,5.0,-5.0,0.0,0.7266666666666667,22.333333333333332,0.3333333333333333,0.0,0.0,0.0,1.6666666666666667,-1.6666666666666667,0.7266666666666667
419,Mike White,Mia,QB,W 34-13,-0.2,NYJ,Away,38.0,11-28-23,12,False,0,59,19,24,0,0.49500000000000005,16.75,0.25,0.0,0.0,0.0,1.5,-1.75,0.0,1.9800000000000002,67.0,1.0,0.0,0.0,0.0,6.0,-7.0,0.0,0.49500000000000005,16.75,0.25,0.0,0.0,0.0,1.5,-1.75,0.49500000000000005
227,Mike White,Mia,QB,W 45-15,0.12,Wsh,Away,32.0,12-05-23,13,False,0,59,19,31,0,0.42000000000000004,14.0,0.2,0.0,0.0,0.0,1.2,-1.4,0.0,2.1,70.0,1.0,0.0,0.0,0.0,6.0,-7.0,0.0,0.42000000000000004,14.0,0.2,0.0,0.0,0.0,1.2,-1.4,0.42000000000000004
579,Mike White,Mia,QB,W 30-0,-0.04,NYJ,Home,41.0,12-19-23,15,False,0,59,19,24,1,0.8119999999999999,14.8,0.2,0.0,0.0,0.0,1.4,-1.8,0.0,2.06,74.0,1.0,0.0,0.0,0.0,8.0,-9.0,0.0,0.3433333333333333,12.333333333333334,0.16666666666666666,0.0,0.0,0.0,1.3333333333333333,-1.5,0.3433333333333333
34,Mitch Trubisky,Pit,QB,L 6-30,0.72,Hou,Away,35.0,10-03-23,4,False,0,60,26,12,0,0.72,18.0,0.0,0.0,0.0,0.0,0.0,0.0,0.0,0.72,18.0,0.0,0.0,0.0,0.0,0.0,0.0,0.0,0.72,18.0,0.0,0.0,0.0,0.0,0.0,0.0,0.72
611,Mitch Trubisky,Pit,QB,L 10-20,7.32,Jax,Home,29.0,10-31-23,8,False,0,60,26,14,1,4.0200000000000005,78.0,0.5,0.0,0.0,0.0,1.5,9.0,0.0,8.040000000000001,156.0,1.0,0.0,0.0,0.0,3.0,18.0,0.0,4.0200000000000005,78.0,0.5,0.0,0.0,0.0,1.5,9.0,4.0200000000000005
219,Mitch Trubisky,Pit,QB,L 10-24,7.18,Ari,Home,24.0,12-05-23,13,False,0,60,26,0,1,5.073333333333333,91.0,0.6666666666666666,0.0,0.0,0.0,2.0,7.666666666666667,0.0,15.219999999999999,273.0,2.0,0.0,0.0,0.0,6.0,23.0,0.0,5.073333333333333,91.0,0.6666666666666666,0.0,0.0,0.0,2.0,7.666666666666667,5.073333333333333
270,Mitch Trubisky,Pit,QB,L 18-21,20.6,NE,Home,8.0,12-12-23,14,False,0,60,26,21,1,8.955,115.75,0.75,0.0,0.0,0.0,3.5,13.25,0.25,35.82,463.0,3.0,0.0,0.0,0.0,14.0,53.0,1.0,8.955,115.75,0.75,0.0,0.0,0.0,3.5,13.25,8.955
561,Mitch Trubisky,Pit,QB,L 13-30,12.86,Ind,Away,23.0,12-19-23,15,False,0,60,26,13,0,9.736,126.4,0.8,0.0,0.0,0.0,3.2,10.8,0.4,48.68,632.0,4.0,0.0,0.0,0.0,16.0,54.0,2.0,9.736,126.4,0.8,0.0,0.0,0.0,3.2,10.8,9.736
342,Nathan Peterman,Chi,QB,L 9-17,0.0,GB,Away,39.5,01-09-24,18,False,0,61,5,11,0,0.0,0.0,0.0,0.0,0.0,0.0,0.0,0.0,0.0,0.0,0.0,0.0,0.0,0.0,0.0,0.0,0.0,0.0,0.0,0.0,0.0,0.0,0.0,0.0,0.0,0.0,0.0
653,Nathan Peterman,Chi,QB,W 30-12,-0.4,LV,Home,30.0,10-24-23,7,False,0,61,5,18,1,-0.2,0.0,0.0,0.0,0.0,0.0,1.0,-2.0,0.0,-0.4,0.0,0.0,0.0,0.0,0.0,2.0,-4.0,0.0,-0.2,0.0,0.0,0.0,0.0,0.0,1.0,-2.0,-0.2
488,Nick Mullens,Min,QB,L 10-33,9.12,GB,Home,29.0,01-02-24,17,False,0,62,20,11,1,9.12,113.0,1.0,0.0,0.0,0.0,1.0,6.0,0.0,9.12,113.0,1.0,0.0,0.0,0.0,1.0,6.0,0.0,9.12,113.0,1.0,0.0,0.0,0.0,1.0,6.0,9.12
307,Nick Mullens,Min,QB,L 20-30,20.64,Det,Away,6.0,01-09-24,18,False,0,62,20,10,0,14.879999999999999,254.5,1.5,0.0,0.0,0.0,1.5,7.0,0.0,29.759999999999998,509.0,3.0,0.0,0.0,0.0,3.0,14.0,0.0,14.879999999999999,254.5,1.5,0.0,0.0,0.0,1.5,7.0,14.879999999999999
293,Nick Mullens,Min,QB,W 3-0,3.32,LV,Away,31.0,12-12-23,14,False,0,62,20,18,0,11.026666666666666,197.33333333333334,1.0,0.0,0.0,0.0,1.0,4.666666666666667,0.0,33.08,592.0,3.0,0.0,0.0,0.0,3.0,14.0,0.0,11.026666666666666,197.33333333333334,1.0,0.0,0.0,0.0,1.0,4.666666666666667,11.026666666666666
552,Nick Mullens,Min,QB,L 24-27,17.12,Cin,Away,14.0,12-19-23,15,False,0,62,20,6,0,12.55,223.75,1.25,0.0,0.0,0.0,2.25,6.0,0.0,50.2,895.0,5.0,0.0,0.0,0.0,9.0,24.0,0.0,12.55,223.75,1.25,0.0,0.0,0.0,2.25,6.0,12.55
439,Nick Mullens,Min,QB,L 24-30,16.54,Det,Home,19.0,12-26-23,16,False,0,62,20,10,1,13.347999999999999,261.2,1.4,0.0,0.0,0.0,2.0,5.0,0.0,66.74,1306.0,7.0,0.0,0.0,0.0,10.0,25.0,0.0,13.347999999999999,261.2,1.4,0.0,0.0,0.0,2.0,5.0,13.347999999999999
686,PJ Walker,Cle,QB,W 19-17,3.78,SF,Home,31.5,10-17-23,6,False,0,63,7,27,1,3.78,192.0,0.0,0.0,0.0,0.0,3.0,1.0,0.0,3.78,192.0,0.0,0.0,0.0,0.0,3.0,1.0,0.0,3.78,192.0,0.0,0.0,0.0,0.0,3.0,1.0,3.78
648,PJ Walker,Cle,QB,W 39-38,5.42,Ind,Away,25.0,10-24-23,7,False,0,63,7,13,0,4.6,185.0,0.0,0.0,0.0,0.0,3.0,2.0,0.0,9.2,370.0,0.0,0.0,0.0,0.0,6.0,4.0,0.0,4.6,185.0,0.0,0.0,0.0,0.0,3.0,2.0,4.6
610,PJ Walker,Cle,QB,L 20-24,10.62,Sea,Away,28.0,10-31-23,8,False,0,63,7,28,0,6.6066666666666665,206.0,0.3333333333333333,0.0,0.0,0.0,4.0,10.333333333333334,0.0,19.82,618.0,1.0,0.0,0.0,0.0,12.0,31.0,0.0,6.6066666666666665,206.0,0.3333333333333333,0.0,0.0,0.0,4.0,10.333333333333334,6.6066666666666665
261,PJ Walker,Cle,QB,W 27-0,0.0,Ari,Home,30.5,11-07-23,9,False,0,63,7,0,1,4.955,154.5,0.25,0.0,0.0,0.0,3.0,7.75,0.0,19.82,618.0,1.0,0.0,0.0,0.0,12.0,31.0,0.0,4.955,154.5,0.25,0.0,0.0,0.0,3.0,7.75,4.955
377,PJ Walker,Cle,QB,W 33-31,0.0,Bal,Away,34.5,11-14-23,10,False,0,63,7,2,0,3.964,123.6,0.2,0.0,0.0,0.0,2.4,6.2,0.0,19.82,618.0,1.0,0.0,0.0,0.0,12.0,31.0,0.0,3.964,123.6,0.2,0.0,0.0,0.0,2.4,6.2,3.964
415,PJ Walker,Cle,QB,L 12-29,0.14,Den,Away,34.0,11-28-23,12,False,0,63,7,9,0,3.2359999999999993,96.4,0.2,0.0,0.0,0.0,2.0,5.8,0.0,19.959999999999997,674.0,1.0,0.0,0.0,0.0,13.0,30.0,0.0,3.326666666666666,112.33333333333333,0.16666666666666666,0.0,0.0,0.0,2.1666666666666665,5.0,3.326666666666666
483,Patrick Mahomes,KC,QB,W 25-17,12.0,Cin,Home,24.0,01-02-24,17,False,0,64,15,6,1,12.0,245.0,1.0,0.0,0.0,0.0,4.0,2.0,0.0,12.0,245.0,1.0,0.0,0.0,0.0,4.0,2.0,0.0,12.0,245.0,1.0,0.0,0.0,0.0,4.0,2.0,12.0
48,Patrick Mahomes,KC,QB,L 20-21,19.54,Det,Home,7.0,09-12-23,1,False,0,64,15,10,1,15.77,235.5,1.5,0.0,0.0,0.0,5.0,23.5,0.0,31.54,471.0,3.0,0.0,0.0,0.0,10.0,47.0,0.0,15.77,235.5,1.5,0.0,0.0,0.0,5.0,23.5,15.77
516,Patrick Mahomes,KC,QB,W 17-9,21.2,Jax,Away,14.0,09-19-23,2,False,0,64,15,14,0,17.58,258.6666666666667,1.6666666666666667,0.0,0.0,0.0,5.666666666666667,25.666666666666668,0.0,52.739999999999995,776.0,5.0,0.0,0.0,0.0,17.0,77.0,0.0,17.58,258.6666666666667,1.6666666666666667,0.0,0.0,0.0,5.666666666666667,25.666666666666668,17.58
85,Patrick Mahomes,KC,QB,W 41-10,25.68,Chi,Home,4.5,09-26-23,3,False,0,64,15,5,1,19.605,262.0,2.0,0.0,0.0,0.0,5.0,26.25,0.0,78.42,1048.0,8.0,0.0,0.0,0.0,20.0,105.0,0.0,19.605,262.0,2.0,0.0,0.0,0.0,5.0,26.25,19.605
18,Patrick Mahomes,KC,QB,W 23-20,13.22,NYJ,Away,19.0,10-03-23,4,False,0,64,15,24,0,18.328,250.2,1.8,0.0,0.0,0.0,5.4,31.2,0.0,91.64,1251.0,9.0,0.0,0.0,0.0,27.0,156.0,0.0,18.328,250.2,1.8,0.0,0.0,0.0,5.4,31.2,18.328
133,Patrick Mahomes,KC,QB,W 27-20,19.24,Min,Away,10.0,10-10-23,5,False,0,64,15,20,0,19.776,257.4,2.0,0.0,0.0,0.0,4.6,30.8,0.0,110.88,1532.0,11.0,0.0,0.0,0.0,27.0,156.0,0.0,18.48,255.33333333333334,1.8333333333333333,0.0,0.0,0.0,4.5,26.0,18.48
661,Patrick Mahomes,KC,QB,W 19-8,17.34,Den,Home,7.0,10-17-23,6,False,0,64,15,9,1,19.336000000000002,273.4,1.8,0.0,0.0,0.0,4.6,28.0,0.0,128.22,1838.0,12.0,0.0,0.0,0.0,33.0,187.0,0.0,18.31714285714286,262.57142857142856,1.7142857142857142,0.0,0.0,0.0,4.714285714285714,26.714285714285715,18.31714285714286
625,Patrick Mahomes,KC,QB,W 31-17,33.86,LAC,Home,2.0,10-24-23,7,False,0,64,15,16,1,21.868000000000002,297.2,2.2,0.0,0.0,0.0,4.0,27.8,0.0,162.07999999999998,2262.0,16.0,0.0,0.0,0.0,37.0,216.0,0.0,20.259999999999998,282.75,2.0,0.0,0.0,0.0,4.625,27.0,20.259999999999998
613,Patrick Mahomes,KC,QB,L 9-24,5.64,Den,Away,31.0,10-31-23,8,False,0,64,15,9,0,17.86,291.0,1.6,0.0,0.0,0.0,4.0,26.2,0.0,167.72,2503.0,16.0,0.0,0.0,0.0,40.0,236.0,0.0,18.635555555555555,278.1111111111111,1.7777777777777777,0.0,0.0,0.0,4.444444444444445,26.22222222222222,18.635555555555555
241,Patrick Mahomes,KC,QB,W 21-14,15.8,Mia,Home,11.5,11-07-23,9,False,0,64,15,19,1,18.375999999999998,287.4,1.8,0.0,0.0,0.0,3.8,20.8,0.0,183.52,2688.0,18.0,0.0,0.0,0.0,46.0,260.0,0.0,18.352,268.8,1.8,0.0,0.0,0.0,4.6,26.0,18.352
174,Patrick Mahomes,KC,QB,L 17-21,16.88,Phi,Home,14.0,11-21-23,11,False,0,64,15,25,1,17.904000000000003,266.6,1.8,0.0,0.0,0.0,5.0,28.4,0.0,200.4,2865.0,20.0,0.0,0.0,0.0,52.0,298.0,0.0,18.21818181818182,260.45454545454544,1.8181818181818181,0.0,0.0,0.0,4.7272727272727275,27.09090909090909,18.21818181818182
389,Patrick Mahomes,KC,QB,W 31-17,20.82,LV,Away,8.0,11-28-23,12,False,0,64,15,18,0,18.6,265.0,2.0,0.0,0.0,0.0,4.8,24.0,0.0,221.22,3163.0,22.0,0.0,0.0,0.0,57.0,307.0,0.0,18.435,263.5833333333333,1.8333333333333333,0.0,0.0,0.0,4.75,25.583333333333332,18.435
211,Patrick Mahomes,KC,QB,L 19-27,13.0,GB,Away,16.0,12-05-23,13,False,0,64,15,11,0,14.428,222.2,1.4,0.0,0.0,0.0,4.8,23.4,0.0,234.22,3373.0,23.0,0.0,0.0,0.0,61.0,333.0,0.0,18.016923076923078,259.46153846153845,1.7692307692307692,0.0,0.0,0.0,4.6923076923076925,25.615384615384617,18.016923076923078
282,Patrick Mahomes,KC,QB,L 17-20,13.64,Buf,Home,20.0,12-12-23,14,False,0,64,15,3,1,16.028,228.2,1.6,0.0,0.0,0.0,4.4,21.0,0.0,247.86,3644.0,24.0,0.0,0.0,0.0,62.0,341.0,0.0,17.704285714285714,260.2857142857143,1.7142857142857142,0.0,0.0,0.0,4.428571428571429,24.357142857142858,17.704285714285714
555,Patrick Mahomes,KC,QB,W 27-17,15.7,NE,Away,17.0,12-19-23,15,False,0,64,15,21,0,16.008000000000003,252.2,1.6,0.0,0.0,0.0,3.8,15.2,0.0,263.56,3949.0,26.0,0.0,0.0,0.0,65.0,336.0,0.0,17.570666666666668,263.26666666666665,1.7333333333333334,0.0,0.0,0.0,4.333333333333333,22.4,17.570666666666668
438,Patrick Mahomes,KC,QB,L 14-20,16.7,LV,Home,18.0,12-26-23,16,False,0,64,15,18,1,15.972,263.8,1.4,0.0,0.0,0.0,4.6,18.2,0.0,280.26,4184.0,27.0,0.0,0.0,0.0,75.0,389.0,0.0,17.51625,261.5,1.6875,0.0,0.0,0.0,4.6875,24.3125,17.51625
53,Russell Wilson,Den,QB,L 16-17,15.18,LV,Home,12.5,09-12-23,1,False,0,65,9,18,1,15.18,177.0,2.0,0.0,0.0,0.0,1.0,1.0,0.0,15.18,177.0,2.0,0.0,0.0,0.0,1.0,1.0,0.0,15.18,177.0,2.0,0.0,0.0,0.0,1.0,1.0,15.18
505,Russell Wilson,Den,QB,L 33-35,25.92,Wsh,Home,3.0,09-19-23,2,False,0,65,9,31,1,20.55,242.5,2.5,0.0,0.0,0.0,3.5,28.5,0.0,41.1,485.0,5.0,0.0,0.0,0.0,7.0,57.0,0.0,20.55,242.5,2.5,0.0,0.0,0.0,3.5,28.5,20.55
101,Russell Wilson,Den,QB,L 20-70,14.24,Mia,Away,20.0,09-26-23,3,False,0,65,9,19,0,18.44666666666667,263.6666666666667,2.0,0.0,0.0,0.0,2.3333333333333335,19.0,0.0,55.34,791.0,6.0,0.0,0.0,0.0,7.0,57.0,0.0,18.44666666666667,263.6666666666667,2.0,0.0,0.0,0.0,2.3333333333333335,19.0,18.44666666666667
8,Russell Wilson,Den,QB,W 31-28,22.22,Chi,Away,9.0,10-03-23,4,False,0,65,9,5,0,19.39,253.5,2.25,0.0,0.0,0.0,2.75,17.5,0.0,77.56,1014.0,9.0,0.0,0.0,0.0,11.0,70.0,0.0,19.39,253.5,2.25,0.0,0.0,0.0,2.75,17.5,19.39
134,Russell Wilson,Den,QB,L 21-31,18.74,NYJ,Home,11.0,10-10-23,5,False,0,65,9,24,1,19.259999999999998,242.0,2.2,0.0,0.0,0.0,3.6,23.8,0.0,96.3,1210.0,11.0,0.0,0.0,0.0,18.0,119.0,0.0,19.259999999999998,242.0,2.2,0.0,0.0,0.0,3.6,23.8,19.259999999999998
679,Russell Wilson,Den,QB,L 8-19,6.9,KC,Away,25.0,10-17-23,6,False,0,65,9,15,0,17.604000000000003,225.6,2.0,0.0,0.0,0.0,4.2,29.8,0.0,103.2,1305.0,12.0,0.0,0.0,0.0,22.0,150.0,0.0,17.2,217.5,2.0,0.0,0.0,0.0,3.6666666666666665,25.0,17.2
639,Russell Wilson,Den,QB,W 19-17,13.86,GB,Home,16.0,10-24-23,7,False,0,65,9,11,1,15.191999999999998,202.8,1.6,0.0,0.0,0.0,3.2,22.8,0.0,117.06,1499.0,13.0,0.0,0.0,0.0,23.0,171.0,0.0,16.722857142857144,214.14285714285714,1.8571428571428572,0.0,0.0,0.0,3.2857142857142856,24.428571428571427,16.722857142857144
596,Russell Wilson,Den,QB,W 24-9,17.56,KC,Home,14.0,10-31-23,8,False,0,65,9,15,1,15.856,164.4,2.0,0.0,0.0,0.0,4.8,28.8,0.0,134.62,1613.0,16.0,0.0,0.0,0.0,31.0,201.0,0.0,16.8275,201.625,2.0,0.0,0.0,0.0,3.875,25.125,16.8275
353,Russell Wilson,Den,QB,W 24-22,18.72,Buf,Away,10.0,11-14-23,10,False,0,65,9,3,0,15.156,158.4,1.8,0.0,0.0,0.0,5.8,32.2,0.0,153.34,1806.0,18.0,0.0,0.0,0.0,40.0,231.0,0.0,17.037777777777777,200.66666666666666,2.0,0.0,0.0,0.0,4.444444444444445,25.666666666666668,17.037777777777777
177,Russell Wilson,Den,QB,W 21-20,14.46,Min,Home,17.0,11-21-23,11,False,0,65,9,20,1,14.3,171.0,1.6,0.0,0.0,0.0,4.8,22.6,0.0,167.8,2065.0,19.0,0.0,0.0,0.0,42.0,232.0,0.0,16.78,206.5,1.9,0.0,0.0,0.0,4.2,23.2,16.78
393,Russell Wilson,Den,QB,W 29-12,16.76,Cle,Home,12.0,11-28-23,12,False,0,65,9,7,1,16.272,178.8,1.6,0.0,0.0,0.0,6.2,23.2,0.2,184.56,2199.0,20.0,0.0,0.0,0.0,53.0,266.0,1.0,16.778181818181817,199.9090909090909,1.8181818181818181,0.0,0.0,0.0,4.818181818181818,24.181818181818183,16.778181818181817
210,Russell Wilson,Den,QB,L 17-22,15.84,Hou,Away,15.0,12-05-23,13,False,0,65,9,12,0,16.668,177.2,1.6,0.0,0.0,0.0,8.0,27.8,0.4,200.4,2385.0,21.0,0.0,0.0,0.0,63.0,310.0,2.0,16.7,198.75,1.75,0.0,0.0,0.0,5.25,25.833333333333332,16.7
279,Russell Wilson,Den,QB,W 24-7,15.46,LAC,Away,17.0,12-12-23,14,False,0,65,9,16,0,16.247999999999998,199.2,1.4,0.0,0.0,0.0,7.6,22.8,0.4,215.86,2609.0,23.0,0.0,0.0,0.0,69.0,315.0,2.0,16.604615384615386,200.69230769230768,1.7692307692307692,0.0,0.0,0.0,5.3076923076923075,24.23076923076923,16.604615384615386
549,Russell Wilson,Den,QB,L 17-42,17.52,Det,Away,11.0,12-19-23,15,False,0,65,9,10,0,16.008000000000003,205.2,1.2,0.0,0.0,0.0,7.2,18.0,0.6,233.38,2832.0,24.0,0.0,0.0,0.0,76.0,321.0,3.0,16.669999999999998,202.28571428571428,1.7142857142857142,0.0,0.0,0.0,5.428571428571429,22.928571428571427,16.669999999999998
426,Russell Wilson,Den,QB,L 23-26,23.52,NE,Home,6.0,12-26-23,16,False,0,65,9,21,1,17.82,201.0,1.4,0.0,0.0,0.0,7.6,21.8,0.6,256.9,3070.0,26.0,0.0,0.0,0.0,80.0,341.0,3.0,17.126666666666665,204.66666666666666,1.7333333333333334,0.0,0.0,0.0,5.333333333333333,22.733333333333334,17.126666666666665
489,Ryan Tannehill,Ten,QB,L 3-26,6.72,Hou,Away,30.0,01-02-24,17,False,0,66,30,12,0,6.72,168.0,0.0,0.0,0.0,0.0,0.0,0.0,0.0,6.72,168.0,0.0,0.0,0.0,0.0,0.0,0.0,0.0,6.72,168.0,0.0,0.0,0.0,0.0,0.0,0.0,6.72
322,Ryan Tannehill,Ten,QB,W 28-20,12.42,Jax,Home,21.0,01-09-24,18,False,0,66,30,14,1,9.57,168.0,1.0,0.0,0.0,0.0,1.5,-1.5,0.0,19.14,336.0,2.0,0.0,0.0,0.0,3.0,-3.0,0.0,9.57,168.0,1.0,0.0,0.0,0.0,1.5,-1.5,9.57
72,Ryan Tannehill,Ten,QB,L 15-16,2.42,NO,Away,31.0,09-12-23,1,False,0,66,30,22,0,7.1866666666666665,178.0,0.6666666666666666,0.0,0.0,0.0,2.0,0.6666666666666666,0.0,21.56,534.0,2.0,0.0,0.0,0.0,6.0,2.0,0.0,7.1866666666666665,178.0,0.6666666666666666,0.0,0.0,0.0,2.0,0.6666666666666666,7.1866666666666665
517,Ryan Tannehill,Ten,QB,W 27-24,21.04,LAC,Home,15.0,09-19-23,2,False,0,66,30,16,1,10.649999999999999,195.0,0.75,0.0,0.0,0.0,1.75,3.5,0.25,42.599999999999994,780.0,3.0,0.0,0.0,0.0,7.0,14.0,1.0,10.649999999999999,195.0,0.75,0.0,0.0,0.0,1.75,3.5,10.649999999999999
112,Ryan Tannehill,Ten,QB,L 3-27,4.16,Cle,Away,31.0,09-26-23,3,False,0,66,30,7,0,9.352,176.8,0.6,0.0,0.0,0.0,1.4,2.8,0.2,46.76,884.0,3.0,0.0,0.0,0.0,7.0,14.0,1.0,9.352,176.8,0.6,0.0,0.0,0.0,1.4,2.8,9.352
19,Ryan Tannehill,Ten,QB,W 27-3,12.7,Cin,Home,20.0,10-03-23,4,False,0,66,30,6,1,10.547999999999998,191.2,0.8,0.0,0.0,0.0,2.6,5.0,0.2,59.459999999999994,1124.0,4.0,0.0,0.0,0.0,13.0,25.0,1.0,9.909999999999998,187.33333333333334,0.6666666666666666,0.0,0.0,0.0,2.1666666666666665,4.166666666666667,9.909999999999998
144,Ryan Tannehill,Ten,QB,L 16-23,9.76,Ind,Away,21.0,10-10-23,5,False,0,66,30,13,0,10.016,210.4,0.4,0.0,0.0,0.0,2.4,8.0,0.2,69.22,1388.0,4.0,0.0,0.0,0.0,15.0,37.0,1.0,9.888571428571428,198.28571428571428,0.5714285714285714,0.0,0.0,0.0,2.142857142857143,5.285714285714286,9.888571428571428
687,Ryan Tannehill,Ten,QB,L 16-24,1.04,Bal,Home,33.0,10-17-23,6,False,0,66,30,2,1,9.739999999999998,186.0,0.4,0.0,0.0,0.0,1.8,7.0,0.2,70.25999999999999,1464.0,4.0,0.0,0.0,0.0,15.0,37.0,1.0,8.782499999999999,183.0,0.5,0.0,0.0,0.0,1.875,4.625,8.782499999999999
228,Ryan Tannehill,Ten,QB,L 28-31,0.0,Ind,Home,33.5,12-05-23,13,False,0,66,30,13,1,5.531999999999999,136.8,0.2,0.0,0.0,0.0,1.6,4.6,0.0,70.25999999999999,1464.0,4.0,0.0,0.0,0.0,15.0,37.0,1.0,7.806666666666666,162.66666666666666,0.4444444444444444,0.0,0.0,0.0,1.6666666666666667,4.111111111111111,7.806666666666666
446,Ryan Tannehill,Ten,QB,L 17-20,9.78,Sea,Home,26.0,12-26-23,16,False,0,66,30,28,1,6.655999999999999,146.4,0.2,0.0,0.0,0.0,2.0,12.0,0.0,80.03999999999999,1616.0,4.0,0.0,0.0,0.0,17.0,74.0,1.0,8.004,161.6,0.4,0.0,0.0,0.0,1.7,7.4,8.004
496,Sam Darnold,SF,QB,W 27-10,-0.2,Wsh,Away,37.5,01-02-24,17,False,0,67,27,31,0,-0.2,0.0,0.0,0.0,0.0,0.0,2.0,-2.0,0.0,-0.2,0.0,0.0,0.0,0.0,0.0,2.0,-2.0,0.0,-0.2,0.0,0.0,0.0,0.0,0.0,2.0,-2.0,-0.2
315,Sam Darnold,SF,QB,L 20-21,17.46,LAR,Home,14.0,01-09-24,18,False,0,67,27,17,1,8.63,94.5,0.5,0.0,0.0,0.0,4.5,8.5,0.5,17.26,189.0,1.0,0.0,0.0,0.0,9.0,17.0,1.0,8.63,94.5,0.5,0.0,0.0,0.0,4.5,8.5,8.63
81,Sam Darnold,SF,QB,W 30-7,-0.2,Pit,Away,40.0,09-12-23,1,False,0,67,27,26,0,5.686666666666667,63.0,0.3333333333333333,0.0,0.0,0.0,3.6666666666666665,5.0,0.3333333333333333,17.060000000000002,189.0,1.0,0.0,0.0,0.0,11.0,15.0,1.0,5.686666666666667,63.0,0.3333333333333333,0.0,0.0,0.0,3.6666666666666665,5.0,5.686666666666667
121,Sam Darnold,SF,QB,W 30-12,-0.1,NYG,Home,40.0,09-26-23,3,False,0,67,27,23,1,4.24,47.25,0.25,0.0,0.0,0.0,3.0,3.5,0.25,16.96,189.0,1.0,0.0,0.0,0.0,12.0,14.0,1.0,4.24,47.25,0.25,0.0,0.0,0.0,3.0,3.5,4.24
39,Sam Darnold,SF,QB,W 35-16,-0.1,Ari,Home,40.0,10-03-23,4,False,0,67,27,0,1,3.3720000000000008,37.8,0.2,0.0,0.0,0.0,2.6,2.6,0.2,16.860000000000003,189.0,1.0,0.0,0.0,0.0,13.0,13.0,1.0,3.3720000000000008,37.8,0.2,0.0,0.0,0.0,2.6,2.6,3.3720000000000008
157,Sam Darnold,SF,QB,W 42-10,-0.06,Dal,Home,34.0,10-10-23,5,False,0,67,27,8,1,3.4,38.0,0.2,0.0,0.0,0.0,2.4,2.8,0.2,16.8,190.0,1.0,0.0,0.0,0.0,14.0,12.0,1.0,2.8000000000000003,31.666666666666668,0.16666666666666666,0.0,0.0,0.0,2.3333333333333335,2.0,2.8000000000000003
379,Sam Darnold,SF,QB,W 34-3,-0.06,Jax,Away,36.0,11-14-23,10,False,0,67,27,14,0,-0.10400000000000001,1.4,0.0,0.0,0.0,0.0,1.6,-1.6,0.0,16.740000000000002,196.0,1.0,0.0,0.0,0.0,17.0,9.0,1.0,2.391428571428572,28.0,0.14285714285714285,0.0,0.0,0.0,2.4285714285714284,1.2857142857142858,2.391428571428572
230,Sam Darnold,SF,QB,W 42-19,-0.1,Phi,Away,35.0,12-05-23,13,False,0,67,27,25,0,-0.084,1.4,0.0,0.0,0.0,0.0,1.4,-1.4,0.0,16.64,196.0,1.0,0.0,0.0,0.0,18.0,8.0,1.0,2.08,24.5,0.125,0.0,0.0,0.0,2.25,1.0,2.08
298,Sam Darnold,SF,QB,W 28-16,0.0,Sea,Home,36.0,12-12-23,14,False,0,67,27,28,1,-0.06400000000000002,1.4,0.0,0.0,0.0,0.0,1.2,-1.2,0.0,16.64,196.0,1.0,0.0,0.0,0.0,18.0,8.0,1.0,1.848888888888889,21.77777777777778,0.1111111111111111,0.0,0.0,0.0,2.0,0.8888888888888888,1.848888888888889
571,Sam Darnold,SF,QB,W 45-29,0.6,Ari,Away,33.0,12-19-23,15,False,0,67,27,0,0,0.07599999999999998,5.4,0.0,0.0,0.0,0.0,1.4,-1.4,0.0,17.240000000000002,216.0,1.0,0.0,0.0,0.0,20.0,6.0,1.0,1.7240000000000002,21.6,0.1,0.0,0.0,0.0,2.0,0.6,1.7240000000000002
452,Sam Darnold,SF,QB,L 19-33,6.14,Bal,Home,32.0,12-26-23,16,False,0,67,27,2,1,1.316,21.4,0.2,0.0,0.0,0.0,1.4,0.6,0.0,23.380000000000003,297.0,2.0,0.0,0.0,0.0,21.0,15.0,1.0,2.1254545454545455,27.0,0.18181818181818182,0.0,0.0,0.0,1.9090909090909092,1.3636363636363635,2.1254545454545455
418,Sam Ehlinger,Ind,QB,W 27-20,0.0,TB,Home,36.0,11-28-23,12,False,0,68,13,29,1,0.0,0.0,0.0,0.0,0.0,0.0,0.0,0.0,0.0,0.0,0.0,0.0,0.0,0.0,0.0,0.0,0.0,0.0,0.0,0.0,0.0,0.0,0.0,0.0,0.0,0.0,0.0
299,Sam Ehlinger,Ind,QB,L 14-34,0.0,Cin,Away,36.0,12-12-23,14,False,0,68,13,6,0,0.0,0.0,0.0,0.0,0.0,0.0,0.0,0.0,0.0,0.0,0.0,0.0,0.0,0.0,0.0,0.0,0.0,0.0,0.0,0.0,0.0,0.0,0.0,0.0,0.0,0.0,0.0
457,Sam Ehlinger,Ind,QB,L 10-29,0.0,Atl,Away,37.0,12-26-23,16,False,0,68,13,1,0,0.0,0.0,0.0,0.0,0.0,0.0,0.0,0.0,0.0,0.0,0.0,0.0,0.0,0.0,0.0,0.0,0.0,0.0,0.0,0.0,0.0,0.0,0.0,0.0,0.0,0.0,0.0
490,Sam Howell,Wsh,QB,L 10-27,6.66,SF,Home,31.0,01-02-24,17,False,0,69,31,27,1,6.66,169.0,1.0,0.0,0.0,0.0,1.0,-1.0,0.0,6.66,169.0,1.0,0.0,0.0,0.0,1.0,-1.0,0.0,6.66,169.0,1.0,0.0,0.0,0.0,1.0,-1.0,6.66
329,Sam Howell,Wsh,QB,L 10-38,7.42,Dal,Home,28.0,01-09-24,18,False,0,69,31,8,1,7.04,161.0,1.0,0.5,2.0,0.0,2.5,-1.0,0.0,14.08,322.0,2.0,1.0,4.0,0.0,5.0,-2.0,0.0,7.04,161.0,1.0,0.5,2.0,0.0,2.5,-1.0,7.04
54,Sam Howell,Wsh,QB,W 20-16,15.18,Ari,Home,12.5,09-12-23,1,False,0,69,31,0,1,9.753333333333332,174.66666666666666,1.0,0.3333333333333333,1.3333333333333333,0.0,2.3333333333333335,3.0,0.3333333333333333,29.259999999999998,524.0,3.0,1.0,4.0,0.0,7.0,9.0,1.0,9.753333333333332,174.66666666666666,1.0,0.3333333333333333,1.3333333333333333,0.0,2.3333333333333335,3.0,9.753333333333332
515,Sam Howell,Wsh,QB,W 35-33,21.26,Den,Away,13.0,09-19-23,2,False,0,69,31,9,0,12.63,205.75,1.25,0.25,1.0,0.0,2.25,5.5,0.25,50.52,823.0,5.0,1.0,4.0,0.0,9.0,22.0,1.0,12.63,205.75,1.25,0.25,1.0,0.0,2.25,5.5,12.63
115,Sam Howell,Wsh,QB,L 3-37,0.6,Buf,Home,34.0,09-26-23,3,False,0,69,31,3,1,10.224,198.6,1.0,0.2,0.8,0.0,2.0,8.0,0.2,51.120000000000005,993.0,5.0,1.0,4.0,0.0,10.0,40.0,1.0,10.224,198.6,1.0,0.2,0.8,0.0,2.0,8.0,10.224
11,Sam Howell,Wsh,QB,L 31-34,19.6,Phi,Away,12.0,10-03-23,4,False,0,69,31,25,0,12.812000000000001,222.8,1.0,0.2,0.8,0.0,3.0,16.2,0.2,70.72,1283.0,6.0,1.0,4.0,0.0,16.0,80.0,1.0,11.786666666666667,213.83333333333334,1.0,0.16666666666666666,0.6666666666666666,0.0,2.6666666666666665,13.333333333333334,11.786666666666667
130,Sam Howell,Wsh,QB,L 20-40,25.42,Chi,Home,7.0,10-10-23,5,False,0,69,31,5,1,16.412,269.8,1.2,0.0,0.0,0.0,3.0,20.2,0.2,96.14000000000001,1671.0,8.0,1.0,4.0,0.0,20.0,99.0,1.0,13.734285714285717,238.71428571428572,1.1428571428571428,0.14285714285714285,0.5714285714285714,0.0,2.857142857142857,14.142857142857142,13.734285714285717
660,Sam Howell,Wsh,QB,W 24-16,18.34,Atl,Away,6.0,10-17-23,6,False,0,69,31,1,0,17.044,259.6,1.6,0.0,0.0,0.0,3.4,18.6,0.0,114.48,1822.0,11.0,1.0,4.0,0.0,24.0,102.0,1.0,14.31,227.75,1.375,0.125,0.5,0.0,3.0,12.75,14.31
646,Sam Howell,Wsh,QB,L 7-14,9.46,NYG,Away,23.0,10-24-23,7,False,0,69,31,23,0,14.684000000000001,249.6,1.2,0.0,0.0,0.0,3.4,19.0,0.0,123.94000000000001,2071.0,11.0,1.0,4.0,0.0,26.0,117.0,1.0,13.771111111111113,230.11111111111111,1.2222222222222223,0.1111111111111111,0.4444444444444444,0.0,2.888888888888889,13.0,13.771111111111113
583,Sam Howell,Wsh,QB,L 31-38,30.98,Phi,Home,1.0,10-31-23,8,False,0,69,31,25,1,20.76,295.0,2.0,0.0,0.0,0.0,3.8,17.6,0.0,154.92000000000002,2468.0,15.0,1.0,4.0,0.0,29.0,128.0,1.0,15.492,246.8,1.5,0.1,0.4,0.0,2.9,12.8,15.492
239,Sam Howell,Wsh,QB,W 20-17,17.7,NE,Away,9.0,11-07-23,9,False,0,69,31,21,0,20.380000000000003,302.0,2.0,0.0,0.0,0.0,3.6,15.0,0.0,172.62,2793.0,16.0,1.0,4.0,0.0,34.0,155.0,1.0,15.692727272727273,253.9090909090909,1.4545454545454546,0.09090909090909091,0.36363636363636365,0.0,3.090909090909091,14.090909090909092,15.692727272727273
347,Sam Howell,Wsh,QB,L 26-29,24.18,Sea,Away,4.0,11-14-23,10,False,0,69,31,28,0,20.131999999999998,286.8,2.2,0.0,0.0,0.0,3.2,14.6,0.0,196.8,3105.0,19.0,1.0,4.0,0.0,36.0,172.0,1.0,16.400000000000002,258.75,1.5833333333333333,0.08333333333333333,0.3333333333333333,0.0,3.0,14.333333333333334,16.400000000000002
171,Sam Howell,Wsh,QB,L 19-31,17.7,NYG,Home,11.0,11-21-23,11,False,0,69,31,23,1,20.003999999999998,307.6,1.8,0.0,0.0,0.0,3.0,21.0,0.2,214.5,3360.0,20.0,1.0,4.0,0.0,39.0,207.0,2.0,16.5,258.46153846153845,1.5384615384615385,0.07692307692307693,0.3076923076923077,0.0,3.0,15.923076923076923,16.5
392,Sam Howell,Wsh,QB,L 10-45,17.3,Dal,Away,11.0,11-28-23,12,False,0,69,31,8,0,21.572,317.8,1.8,0.0,0.0,0.0,3.0,20.6,0.4,231.8,3660.0,20.0,1.0,4.0,0.0,41.0,220.0,3.0,16.557142857142857,261.42857142857144,1.4285714285714286,0.07142857142857142,0.2857142857142857,0.0,2.9285714285714284,15.714285714285714,16.557142857142857
205,Sam Howell,Wsh,QB,L 15-45,19.18,Mia,Home,10.0,12-05-23,13,False,0,69,31,19,1,19.212,263.8,1.0,0.0,0.0,0.0,3.2,22.6,0.8,250.98000000000002,3787.0,20.0,1.0,4.0,0.0,45.0,241.0,5.0,16.732000000000003,252.46666666666667,1.3333333333333333,0.06666666666666667,0.26666666666666666,0.0,3.0,16.066666666666666,16.732000000000003
567,Sam Howell,Wsh,QB,L 20-28,8.28,LAR,Away,29.0,12-19-23,15,False,0,69,31,17,0,17.328,219.2,1.0,0.0,0.0,0.0,2.8,21.6,0.8,259.26,3889.0,21.0,1.0,4.0,0.0,48.0,263.0,5.0,16.20375,243.0625,1.3125,0.0625,0.25,0.0,3.0,16.4375,16.20375
459,Sam Howell,Wsh,QB,L 28-30,-1.76,NYJ,Away,39.0,12-26-23,16,False,0,69,31,24,0,12.14,168.0,0.4,0.0,0.0,0.0,2.4,18.2,0.8,257.5,3945.0,21.0,1.0,4.0,0.0,48.0,263.0,5.0,15.147058823529411,232.05882352941177,1.2352941176470589,0.058823529411764705,0.23529411764705882,0.0,2.823529411764706,15.470588235294118,15.147058823529411
493,Sean Clifford,GB,QB,W 33-10,1.28,Min,Away,34.0,01-02-24,17,False,0,70,11,20,0,1.28,37.0,0.0,0.0,0.0,0.0,2.0,-2.0,0.0,1.28,37.0,0.0,0.0,0.0,0.0,2.0,-2.0,0.0,1.28,37.0,0.0,0.0,0.0,0.0,2.0,-2.0,1.28
79,Sean Clifford,GB,QB,W 38-20,0.0,Chi,Away,36.0,09-12-23,1,False,0,70,11,5,0,0.64,18.5,0.0,0.0,0.0,0.0,1.5,-1.0,0.0,1.28,37.0,0.0,0.0,0.0,0.0,3.0,-2.0,0.0,0.64,18.5,0.0,0.0,0.0,0.0,1.5,-1.0,0.64
475,Taylor Heinicke,Atl,QB,L 17-37,15.12,Chi,Away,16.0,01-02-24,17,False,0,71,1,5,0,15.12,163.0,1.0,0.0,0.0,0.0,4.0,46.0,1.0,15.12,163.0,1.0,0.0,0.0,0.0,4.0,46.0,1.0,15.12,163.0,1.0,0.0,0.0,0.0,4.0,46.0,15.12
604,Taylor Heinicke,Atl,QB,L 23-28,12.4,Ten,Away,22.0,10-31-23,8,False,0,71,1,30,0,13.76,169.0,1.0,0.0,0.0,0.0,3.0,30.0,0.5,27.52,338.0,2.0,0.0,0.0,0.0,6.0,60.0,1.0,13.76,169.0,1.0,0.0,0.0,0.0,3.0,30.0,13.76
243,Taylor Heinicke,Atl,QB,L 28-31,14.72,Min,Home,13.0,11-07-23,9,False,0,71,1,20,1,14.08,202.0,1.0,0.0,0.0,0.0,3.0,26.666666666666668,0.3333333333333333,42.24,606.0,3.0,0.0,0.0,0.0,9.0,80.0,1.0,14.08,202.0,1.0,0.0,0.0,0.0,3.0,26.666666666666668,14.08
362,Taylor Heinicke,Atl,QB,L 23-25,9.6,Ari,Away,19.0,11-14-23,10,False,0,71,1,0,0,12.96,165.25,1.0,0.0,0.0,0.0,3.25,28.5,0.25,51.84,661.0,4.0,0.0,0.0,0.0,13.0,114.0,1.0,12.96,165.25,1.0,0.0,0.0,0.0,3.25,28.5,12.96
443,Taylor Heinicke,Atl,QB,W 29-10,14.16,Ind,Home,23.0,12-26-23,16,False,0,71,1,13,1,13.2,178.0,1.0,0.0,0.0,0.0,3.0,24.8,0.2,66.0,890.0,5.0,0.0,0.0,0.0,15.0,124.0,1.0,13.2,178.0,1.0,0.0,0.0,0.0,3.0,24.8,13.2
158,Teddy Bridgewater,Det,QB,W 42-24,-0.2,Car,Home,35.0,10-10-23,5,False,0,72,10,4,1,-0.2,0.0,0.0,0.0,0.0,0.0,2.0,-2.0,0.0,-0.2,0.0,0.0,0.0,0.0,0.0,2.0,-2.0,0.0,-0.2,0.0,0.0,0.0,0.0,0.0,2.0,-2.0,-0.2
537,Tim Boyle,NYJ,QB,L 10-30,0.0,Dal,Away,34.5,09-19-23,2,False,0,73,24,8,0,0.0,0.0,0.0,0.0,0.0,0.0,0.0,0.0,0.0,0.0,0.0,0.0,0.0,0.0,0.0,0.0,0.0,0.0,0.0,0.0,0.0,0.0,0.0,0.0,0.0,0.0,0.0
194,Tim Boyle,NYJ,QB,L 6-32,-0.58,Buf,Away,34.0,11-21-23,11,False,0,73,24,3,0,-0.29,16.5,0.0,0.0,0.0,0.0,0.5,0.5,0.0,-0.58,33.0,0.0,0.0,0.0,0.0,1.0,1.0,0.0,-0.29,16.5,0.0,0.0,0.0,0.0,0.5,0.5,-0.29
409,Tim Boyle,NYJ,QB,L 13-34,7.36,Mia,Home,28.0,11-28-23,12,False,0,73,24,19,1,2.2600000000000002,70.66666666666667,0.3333333333333333,0.0,0.0,0.0,1.0,1.0,0.0,6.78,212.0,1.0,0.0,0.0,0.0,3.0,3.0,0.0,2.2600000000000002,70.66666666666667,0.3333333333333333,0.0,0.0,0.0,1.0,1.0,2.2600000000000002
337,Tommy DeVito,NYG,QB,W 27-10,0.56,Phi,Home,36.0,01-09-24,18,False,0,74,23,25,1,0.56,14.0,0.0,0.0,0.0,0.0,0.0,0.0,0.0,0.56,14.0,0.0,0.0,0.0,0.0,0.0,0.0,0.0,0.56,14.0,0.0,0.0,0.0,0.0,0.0,0.0,0.56
612,Tommy DeVito,NYG,QB,L 10-13,7.16,NYJ,Home,30.0,10-31-23,8,False,0,74,23,24,1,3.8600000000000003,6.5,0.0,0.0,0.0,0.0,2.0,6.0,0.5,7.720000000000001,13.0,0.0,0.0,0.0,0.0,4.0,12.0,1.0,3.8600000000000003,6.5,0.0,0.0,0.0,0.0,2.0,6.0,3.8600000000000003
251,Tommy DeVito,NYG,QB,L 6-30,8.7,LV,Away,21.0,11-07-23,9,False,0,74,23,18,0,5.473333333333334,62.666666666666664,0.3333333333333333,0.0,0.0,0.0,2.6666666666666665,9.666666666666666,0.3333333333333333,16.42,188.0,1.0,0.0,0.0,0.0,8.0,29.0,1.0,5.473333333333334,62.666666666666664,0.3333333333333333,0.0,0.0,0.0,2.6666666666666665,9.666666666666666,5.473333333333334
360,Tommy DeVito,NYG,QB,L 17-49,13.54,Dal,Away,17.0,11-14-23,10,False,0,74,23,8,0,7.49,68.5,0.75,0.0,0.0,0.0,3.75,17.5,0.25,29.96,274.0,3.0,0.0,0.0,0.0,15.0,70.0,1.0,7.49,68.5,0.75,0.0,0.0,0.0,3.75,17.5,7.49
165,Tommy DeVito,NYG,QB,W 31-19,22.54,Wsh,Away,5.0,11-21-23,11,False,0,74,23,31,0,10.5,104.0,1.2,0.0,0.0,0.0,3.2,15.4,0.2,52.5,520.0,6.0,0.0,0.0,0.0,16.0,77.0,1.0,10.5,104.0,1.2,0.0,0.0,0.0,3.2,15.4,10.5
405,Tommy DeVito,NYG,QB,W 10-7,10.24,NE,Home,24.0,11-28-23,12,False,0,74,23,21,1,12.436,139.4,1.4,0.0,0.0,0.0,4.2,16.6,0.2,62.74,711.0,7.0,0.0,0.0,0.0,21.0,83.0,1.0,10.456666666666667,118.5,1.1666666666666667,0.0,0.0,0.0,3.5,13.833333333333334,10.456666666666667
276,Tommy DeVito,NYG,QB,W 24-22,17.42,GB,Home,14.0,12-12-23,14,False,0,74,23,11,1,14.488,171.2,1.6,0.0,0.0,0.0,5.4,28.4,0.0,80.16,869.0,8.0,0.0,0.0,0.0,31.0,154.0,1.0,11.45142857142857,124.14285714285714,1.1428571428571428,0.0,0.0,0.0,4.428571428571429,22.0,11.45142857142857
564,Tommy DeVito,NYG,QB,L 6-24,10.68,NO,Away,26.0,12-19-23,15,False,0,74,23,22,0,14.884,171.6,1.4,0.0,0.0,0.0,5.4,32.2,0.0,90.84,1046.0,8.0,0.0,0.0,0.0,35.0,190.0,1.0,11.355,130.75,1.0,0.0,0.0,0.0,4.375,23.75,11.355
453,Tommy DeVito,NYG,QB,L 25-33,2.7,Phi,Away,33.0,12-26-23,16,False,0,74,23,25,0,12.716000000000001,165.4,1.0,0.0,0.0,0.0,4.2,25.0,0.0,93.54,1101.0,8.0,0.0,0.0,0.0,36.0,195.0,1.0,10.393333333333334,122.33333333333333,0.8888888888888888,0.0,0.0,0.0,4.0,21.666666666666668,10.393333333333334
316,Trevor Lawrence,Jax,QB,L 20-28,16.2,Ten,Away,15.0,01-09-24,18,False,0,75,14,30,0,16.2,280.0,2.0,0.0,0.0,0.0,3.0,10.0,0.0,16.2,280.0,2.0,0.0,0.0,0.0,3.0,10.0,0.0,16.2,280.0,2.0,0.0,0.0,0.0,3.0,10.0,16.2
49,Trevor Lawrence,Jax,QB,W 31-21,17.74,Ind,Away,8.0,09-12-23,1,False,0,75,14,13,0,16.97,260.5,2.0,0.0,0.0,0.0,5.0,15.5,0.0,33.94,521.0,4.0,0.0,0.0,0.0,10.0,31.0,0.0,16.97,260.5,2.0,0.0,0.0,0.0,5.0,15.5,16.97
532,Trevor Lawrence,Jax,QB,L 9-17,9.24,KC,Home,30.0,09-19-23,2,False,0,75,14,15,1,14.393333333333333,245.66666666666666,1.3333333333333333,0.0,0.0,0.0,5.0,19.0,0.0,43.18,737.0,4.0,0.0,0.0,0.0,15.0,57.0,0.0,14.393333333333333,245.66666666666666,1.3333333333333333,0.0,0.0,0.0,5.0,19.0,14.393333333333333
100,Trevor Lawrence,Jax,QB,L 17-37,14.36,Hou,Home,18.5,09-26-23,3,False,0,75,14,12,1,14.385,254.0,1.25,0.0,0.0,0.0,4.5,17.25,0.0,57.54,1016.0,5.0,0.0,0.0,0.0,18.0,69.0,0.0,14.385,254.0,1.25,0.0,0.0,0.0,4.5,17.25,14.385
14,Trevor Lawrence,Jax,QB,W 23-7,16.48,Atl,Home,15.0,10-03-23,4,False,0,75,14,1,1,14.803999999999998,244.6,1.2,0.0,0.0,0.0,5.2,22.2,0.0,74.02,1223.0,6.0,0.0,0.0,0.0,26.0,111.0,0.0,14.803999999999998,244.6,1.2,0.0,0.0,0.0,5.2,22.2,14.803999999999998
139,Trevor Lawrence,Jax,QB,W 25-20,15.7,Buf,Away,16.0,10-10-23,5,False,0,75,14,3,0,14.703999999999999,251.6,1.0,0.0,0.0,0.0,6.0,26.4,0.0,89.72,1538.0,7.0,0.0,0.0,0.0,33.0,142.0,0.0,14.953333333333333,256.3333333333333,1.1666666666666667,0.0,0.0,0.0,5.5,23.666666666666668,14.953333333333333
665,Trevor Lawrence,Jax,QB,W 37-20,14.74,Ind,Home,11.0,10-17-23,6,False,0,75,14,13,1,14.104,239.6,1.0,0.0,0.0,0.0,5.2,25.2,0.0,104.46,1719.0,9.0,0.0,0.0,0.0,36.0,157.0,0.0,14.922857142857142,245.57142857142858,1.2857142857142858,0.0,0.0,0.0,5.142857142857143,22.428571428571427,14.922857142857142
632,Trevor Lawrence,Jax,QB,W 31-24,18.06,NO,Away,9.0,10-24-23,7,False,0,75,14,22,0,15.868,237.2,1.2,0.0,0.0,0.0,5.8,31.8,0.0,122.52,1923.0,10.0,0.0,0.0,0.0,44.0,216.0,0.0,15.315,240.375,1.25,0.0,0.0,0.0,5.5,27.0,15.315
598,Trevor Lawrence,Jax,QB,W 20-10,14.68,Pit,Away,16.0,10-31-23,8,False,0,75,14,26,0,15.931999999999999,239.8,1.2,0.0,0.0,0.0,5.4,31.4,0.0,137.2,2215.0,11.0,0.0,0.0,0.0,45.0,226.0,0.0,15.244444444444444,246.11111111111111,1.2222222222222223,0.0,0.0,0.0,5.0,25.11111111111111,15.244444444444444
374,Trevor Lawrence,Jax,QB,L 3-34,2.1,SF,Home,31.0,11-14-23,10,False,0,75,14,27,1,13.056000000000001,235.4,1.0,0.0,0.0,0.0,4.2,24.4,0.0,139.29999999999998,2400.0,11.0,0.0,0.0,0.0,47.0,233.0,0.0,13.929999999999998,240.0,1.1,0.0,0.0,0.0,4.7,23.3,13.929999999999998
161,Trevor Lawrence,Jax,QB,W 34-14,32.18,Ten,Home,1.0,11-21-23,11,False,0,75,14,30,1,16.351999999999997,224.8,1.2,0.0,0.0,0.0,3.8,21.6,0.4,171.48,2662.0,13.0,0.0,0.0,0.0,52.0,250.0,2.0,15.589090909090908,242.0,1.1818181818181819,0.0,0.0,0.0,4.7272727272727275,22.727272727272727,15.589090909090908
387,Trevor Lawrence,Jax,QB,W 24-21,24.56,Hou,Away,6.0,11-28-23,12,False,0,75,14,12,0,18.316,261.4,1.0,0.0,0.0,0.0,3.6,18.6,0.6,196.04,3026.0,14.0,0.0,0.0,0.0,54.0,250.0,3.0,16.336666666666666,252.16666666666666,1.1666666666666667,0.0,0.0,0.0,4.5,20.833333333333332,16.336666666666666
200,Trevor Lawrence,Jax,QB,L 31-34,25.12,Cin,Home,5.0,12-05-23,13,False,0,75,14,6,1,19.728,272.2,1.2,0.0,0.0,0.0,3.0,8.4,0.8,221.16,3284.0,16.0,0.0,0.0,0.0,59.0,258.0,4.0,17.012307692307694,252.6153846153846,1.2307692307692308,0.0,0.0,0.0,4.538461538461538,19.846153846153847,17.012307692307694
277,Trevor Lawrence,Jax,QB,L 27-31,17.38,Cle,Away,15.0,12-12-23,14,False,0,75,14,7,0,20.268,265.2,1.6,0.0,0.0,0.0,3.4,8.6,0.8,238.54,3541.0,19.0,0.0,0.0,0.0,62.0,269.0,4.0,17.038571428571426,252.92857142857142,1.3571428571428572,0.0,0.0,0.0,4.428571428571429,19.214285714285715,17.038571428571426
556,Trevor Lawrence,Jax,QB,L 7-23,14.66,Bal,Home,18.0,12-19-23,15,False,0,75,14,2,1,22.78,281.0,1.8,0.0,0.0,0.0,3.8,15.4,0.8,253.2,3805.0,20.0,0.0,0.0,0.0,66.0,310.0,4.0,16.88,253.66666666666666,1.3333333333333333,0.0,0.0,0.0,4.4,20.666666666666668,16.88
448,Trevor Lawrence,Jax,QB,L 12-30,9.34,TB,Away,28.0,12-26-23,16,False,0,75,14,29,0,18.211999999999996,270.8,1.6,0.0,0.0,0.0,3.6,17.8,0.4,262.54,4016.0,21.0,0.0,0.0,0.0,70.0,339.0,4.0,16.40875,251.0,1.3125,0.0,0.0,0.0,4.375,21.1875,16.40875
477,Trevor Siemian,NYJ,QB,L 20-37,13.74,Cle,Away,18.0,01-02-24,17,False,0,76,24,7,0,13.74,261.0,1.0,0.0,0.0,0.0,4.0,13.0,0.0,13.74,261.0,1.0,0.0,0.0,0.0,4.0,13.0,0.0,13.74,261.0,1.0,0.0,0.0,0.0,4.0,13.0,13.74
332,Trevor Siemian,NYJ,QB,W 17-3,2.9,NE,Away,31.0,01-09-24,18,False,0,76,24,21,0,8.32,165.5,0.5,0.0,0.0,0.0,3.0,7.0,0.0,16.64,331.0,1.0,0.0,0.0,0.0,6.0,14.0,0.0,8.32,165.5,0.5,0.0,0.0,0.0,3.0,7.0,8.32
224,Trevor Siemian,NYJ,QB,L 8-13,1.44,Atl,Home,29.0,12-05-23,13,False,0,76,24,1,1,6.026666666666666,132.33333333333334,0.3333333333333333,0.0,0.0,0.0,2.3333333333333335,7.333333333333333,0.0,18.08,397.0,1.0,0.0,0.0,0.0,7.0,22.0,0.0,6.026666666666666,132.33333333333334,0.3333333333333333,0.0,0.0,0.0,2.3333333333333335,7.333333333333333,6.026666666666666
582,Trevor Siemian,NYJ,QB,L 0-30,-1.6,Mia,Away,44.0,12-19-23,15,False,0,76,24,19,0,4.12,126.75,0.25,0.0,0.0,0.0,1.75,5.5,0.0,16.48,507.0,1.0,0.0,0.0,0.0,7.0,22.0,0.0,4.12,126.75,0.25,0.0,0.0,0.0,1.75,5.5,4.12
445,Trevor Siemian,NYJ,QB,W 30-28,10.48,Wsh,Home,25.0,12-26-23,16,False,0,76,24,31,1,5.392,144.8,0.4,0.0,0.0,0.0,2.2,8.0,0.0,26.96,724.0,2.0,0.0,0.0,0.0,11.0,40.0,0.0,5.392,144.8,0.4,0.0,0.0,0.0,2.2,8.0,5.392
156,Trey Lance,Dal,QB,L 10-42,0.0,SF,Away,33.0,10-10-23,5,False,0,77,8,27,0,0.0,0.0,0.0,0.0,0.0,0.0,0.0,0.0,0.0,0.0,0.0,0.0,0.0,0.0,0.0,0.0,0.0,0.0,0.0,0.0,0.0,0.0,0.0,0.0,0.0,0.0,0.0
476,Tua Tagovailoa,Mia,QB,L 19-56,14.88,Bal,Away,17.0,01-02-24,17,False,0,78,19,2,0,14.88,237.0,2.0,0.0,0.0,0.0,2.0,14.0,0.0,14.88,237.0,2.0,0.0,0.0,0.0,2.0,14.0,0.0,14.88,237.0,2.0,0.0,0.0,0.0,2.0,14.0,14.88
328,Tua Tagovailoa,Mia,QB,L 14-21,7.62,Buf,Home,27.0,01-09-24,18,False,0,78,19,3,1,11.25,205.0,1.5,0.0,0.0,0.0,1.5,10.5,0.0,22.5,410.0,3.0,0.0,0.0,0.0,3.0,21.0,0.0,11.25,205.0,1.5,0.0,0.0,0.0,1.5,10.5,11.25
42,Tua Tagovailoa,Mia,QB,W 36-34,27.14,LAC,Away,1.0,09-12-23,1,False,0,78,19,16,0,16.546666666666667,292.0,2.0,0.0,0.0,0.0,2.6666666666666665,8.666666666666666,0.0,49.64,876.0,6.0,0.0,0.0,0.0,8.0,26.0,0.0,16.546666666666667,292.0,2.0,0.0,0.0,0.0,2.6666666666666665,8.666666666666666,16.546666666666667
528,Tua Tagovailoa,Mia,QB,W 24-17,12.26,NE,Away,26.0,09-19-23,2,False,0,78,19,21,0,15.475,281.25,1.75,0.0,0.0,0.0,3.0,7.25,0.0,61.9,1125.0,7.0,0.0,0.0,0.0,12.0,29.0,0.0,15.475,281.25,1.75,0.0,0.0,0.0,3.0,7.25,15.475
83,Tua Tagovailoa,Mia,QB,W 70-20,28.36,Den,Home,2.0,09-26-23,3,False,0,78,19,9,1,18.052,286.8,2.2,0.0,0.0,0.0,2.4,5.8,0.0,90.25999999999999,1434.0,11.0,0.0,0.0,0.0,12.0,29.0,0.0,18.052,286.8,2.2,0.0,0.0,0.0,2.4,5.8,18.052
17,Tua Tagovailoa,Mia,QB,L 20-48,13.98,Buf,Away,18.0,10-03-23,4,False,0,78,19,3,0,17.872,295.8,2.0,0.0,0.0,0.0,2.4,4.4,0.0,104.24,1716.0,12.0,0.0,0.0,0.0,14.0,36.0,0.0,17.37333333333333,286.0,2.0,0.0,0.0,0.0,2.3333333333333335,6.0,17.37333333333333
136,Tua Tagovailoa,Mia,QB,W 31-16,16.92,NYG,Home,13.0,10-10-23,5,False,0,78,19,23,1,19.732,322.8,2.2,0.0,0.0,0.0,2.6,4.2,0.0,121.16,2024.0,14.0,0.0,0.0,0.0,16.0,42.0,0.0,17.30857142857143,289.14285714285717,2.0,0.0,0.0,0.0,2.2857142857142856,6.0,17.30857142857143
656,Tua Tagovailoa,Mia,QB,W 42-21,22.48,Car,Home,2.0,10-17-23,6,False,0,78,19,4,1,18.8,282.0,2.2,0.0,0.0,0.0,1.8,3.2,0.0,143.64,2286.0,17.0,0.0,0.0,0.0,17.0,42.0,0.0,17.955,285.75,2.125,0.0,0.0,0.0,2.125,5.25,17.955
645,Tua Tagovailoa,Mia,QB,L 17-31,10.34,Phi,Away,22.0,10-24-23,7,False,0,78,19,25,0,18.416,275.4,2.2,0.0,0.0,0.0,1.2,2.0,0.0,153.98,2502.0,18.0,0.0,0.0,0.0,18.0,39.0,0.0,17.108888888888888,278.0,2.0,0.0,0.0,0.0,2.0,4.333333333333333,17.108888888888888
591,Tua Tagovailoa,Mia,QB,W 31-17,21.76,NE,Home,9.0,10-31-23,8,False,0,78,19,21,1,17.096,278.4,2.0,0.0,0.0,0.0,2.4,3.6,0.0,175.74,2826.0,21.0,0.0,0.0,0.0,24.0,47.0,0.0,17.574,282.6,2.1,0.0,0.0,0.0,2.4,4.7,17.574
245,Tua Tagovailoa,Mia,QB,L 14-21,12.42,KC,Away,15.0,11-07-23,9,False,0,78,19,15,0,16.784,260.6,2.0,0.0,0.0,0.0,2.4,3.6,0.0,188.16,3019.0,22.0,0.0,0.0,0.0,26.0,54.0,0.0,17.105454545454545,274.45454545454544,2.0,0.0,0.0,0.0,2.3636363636363638,4.909090909090909,17.105454545454545
172,Tua Tagovailoa,Mia,QB,W 20-13,17.6,LV,Home,12.0,11-21-23,11,False,0,78,19,18,1,16.919999999999998,264.0,2.0,0.0,0.0,0.0,2.4,3.6,0.0,205.76,3344.0,24.0,0.0,0.0,0.0,28.0,60.0,0.0,17.146666666666665,278.6666666666667,2.0,0.0,0.0,0.0,2.3333333333333335,5.0,17.146666666666665
408,Tua Tagovailoa,Mia,QB,W 34-13,7.82,NYJ,Away,27.0,11-28-23,12,False,0,78,19,24,0,13.988,260.2,1.6,0.0,0.0,0.0,2.6,3.8,0.0,213.58,3587.0,25.0,0.0,0.0,0.0,30.0,61.0,0.0,16.42923076923077,275.9230769230769,1.9230769230769231,0.0,0.0,0.0,2.3076923076923075,4.6923076923076925,16.42923076923077
204,Tua Tagovailoa,Mia,QB,W 45-15,19.2,Wsh,Away,9.0,12-05-23,13,False,0,78,19,31,0,15.76,273.0,1.8,0.0,0.0,0.0,2.4,4.4,0.0,232.78,3867.0,27.0,0.0,0.0,0.0,30.0,61.0,0.0,16.627142857142857,276.2142857142857,1.9285714285714286,0.0,0.0,0.0,2.142857142857143,4.357142857142857,16.627142857142857
284,Tua Tagovailoa,Mia,QB,L 27-28,9.1,Ten,Home,22.0,12-12-23,14,False,0,78,19,30,1,13.228,256.2,1.2,0.0,0.0,0.0,1.8,5.8,0.0,241.88,4107.0,27.0,0.0,0.0,0.0,33.0,76.0,0.0,16.125333333333334,273.8,1.8,0.0,0.0,0.0,2.2,5.066666666666666,16.125333333333334
560,Tua Tagovailoa,Mia,QB,W 30-0,12.96,NYJ,Home,22.0,12-19-23,15,False,0,78,19,24,1,13.336000000000002,262.4,1.2,0.0,0.0,0.0,1.4,4.4,0.0,254.84,4331.0,28.0,0.0,0.0,0.0,33.0,76.0,0.0,15.9275,270.6875,1.75,0.0,0.0,0.0,2.0625,4.75,15.9275
441,Tua Tagovailoa,Mia,QB,W 22-20,15.52,Dal,Home,21.0,12-26-23,16,False,0,78,19,8,1,12.919999999999998,256.0,1.0,0.0,0.0,0.0,1.4,2.8,0.0,270.36,4624.0,29.0,0.0,0.0,0.0,35.0,74.0,0.0,15.903529411764707,272.0,1.7058823529411764,0.0,0.0,0.0,2.0588235294117645,4.352941176470588,15.903529411764707
491,Tyler Huntley,Bal,QB,W 56-19,4.66,Mia,Home,32.0,01-02-24,17,False,0,79,2,19,1,4.66,19.0,1.0,0.0,0.0,0.0,1.0,-1.0,0.0,4.66,19.0,1.0,0.0,0.0,0.0,1.0,-1.0,0.0,4.66,19.0,1.0,0.0,0.0,0.0,1.0,-1.0,4.66
320,Tyler Huntley,Bal,QB,L 10-17,13.84,Pit,Home,19.0,01-09-24,18,False,0,79,2,26,1,9.25,82.5,1.0,0.0,0.0,0.0,4.5,19.5,0.0,18.5,165.0,2.0,0.0,0.0,0.0,9.0,39.0,0.0,9.25,82.5,1.0,0.0,0.0,0.0,4.5,19.5,9.25
33,Tyler Huntley,Bal,QB,W 28-3,0.8,Cle,Away,34.0,10-03-23,4,False,0,79,2,7,0,6.433333333333334,55.0,0.6666666666666666,0.0,0.0,0.0,3.6666666666666665,15.666666666666666,0.0,19.3,165.0,2.0,0.0,0.0,0.0,11.0,47.0,0.0,6.433333333333334,55.0,0.6666666666666666,0.0,0.0,0.0,3.6666666666666665,15.666666666666666,6.433333333333334
690,Tyler Huntley,Bal,QB,W 24-16,0.0,Ten,Away,35.5,10-17-23,6,False,0,79,2,30,0,4.825,41.25,0.5,0.0,0.0,0.0,2.75,11.75,0.0,19.3,165.0,2.0,0.0,0.0,0.0,11.0,47.0,0.0,4.825,41.25,0.5,0.0,0.0,0.0,2.75,11.75,4.825
652,Tyler Huntley,Bal,QB,W 38-6,0.0,Det,Home,29.0,10-24-23,7,False,0,79,2,10,1,3.8600000000000003,33.0,0.4,0.0,0.0,0.0,2.2,9.4,0.0,19.3,165.0,2.0,0.0,0.0,0.0,11.0,47.0,0.0,3.8600000000000003,33.0,0.4,0.0,0.0,0.0,2.2,9.4,3.8600000000000003
256,Tyler Huntley,Bal,QB,W 37-3,6.32,Sea,Home,26.0,11-07-23,9,False,0,79,2,28,1,4.192,36.8,0.4,0.0,0.0,0.0,2.8,11.2,0.0,25.62,203.0,3.0,0.0,0.0,0.0,15.0,55.0,0.0,4.2700000000000005,33.833333333333336,0.5,0.0,0.0,0.0,2.5,9.166666666666666,4.2700000000000005
576,Tyler Huntley,Bal,QB,W 23-7,0.0,Jax,Away,38.5,12-19-23,15,False,0,79,2,14,0,1.424,7.6,0.2,0.0,0.0,0.0,1.2,3.2,0.0,25.62,203.0,3.0,0.0,0.0,0.0,15.0,55.0,0.0,3.66,29.0,0.42857142857142855,0.0,0.0,0.0,2.142857142857143,7.857142857142857,3.66
470,Tyrod Taylor,NYG,QB,L 25-26,18.76,LAR,Home,11.0,01-02-24,17,False,0,80,23,17,1,18.76,319.0,1.0,0.0,0.0,0.0,6.0,40.0,0.0,18.76,319.0,1.0,0.0,0.0,0.0,6.0,40.0,0.0,18.76,319.0,1.0,0.0,0.0,0.0,6.0,40.0,18.76
314,Tyrod Taylor,NYG,QB,W 27-10,17.68,Phi,Home,13.0,01-09-24,18,False,0,80,23,25,1,18.22,308.0,1.0,0.0,0.0,0.0,7.0,39.0,0.0,36.44,616.0,2.0,0.0,0.0,0.0,14.0,78.0,0.0,18.22,308.0,1.0,0.0,0.0,0.0,7.0,39.0,18.22
74,Tyrod Taylor,NYG,QB,L 0-40,0.24,Dal,Home,33.0,09-12-23,1,False,0,80,23,8,1,12.226666666666667,207.33333333333334,0.6666666666666666,0.0,0.0,0.0,4.666666666666667,26.0,0.0,36.68,622.0,2.0,0.0,0.0,0.0,14.0,78.0,0.0,12.226666666666667,207.33333333333334,0.6666666666666666,0.0,0.0,0.0,4.666666666666667,26.0,12.226666666666667
117,Tyrod Taylor,NYG,QB,L 12-30,0.2,SF,Away,36.0,09-26-23,3,False,0,80,23,27,0,9.22,155.5,0.5,0.0,0.0,0.0,3.75,20.0,0.0,36.88,622.0,2.0,0.0,0.0,0.0,15.0,80.0,0.0,9.22,155.5,0.5,0.0,0.0,0.0,3.75,20.0,9.22
38,Tyrod Taylor,NYG,QB,L 3-24,0.0,Sea,Home,38.5,10-03-23,4,False,0,80,23,28,1,7.376,124.4,0.4,0.0,0.0,0.0,3.0,16.0,0.0,36.88,622.0,2.0,0.0,0.0,0.0,15.0,80.0,0.0,7.376,124.4,0.4,0.0,0.0,0.0,3.0,16.0,7.376
150,Tyrod Taylor,NYG,QB,L 16-31,4.84,Mia,Away,27.0,10-10-23,5,False,0,80,23,19,0,4.5920000000000005,77.8,0.2,0.0,0.0,0.0,2.4,10.8,0.0,41.72,708.0,2.0,0.0,0.0,0.0,18.0,94.0,0.0,6.953333333333333,118.0,0.3333333333333333,0.0,0.0,0.0,3.0,15.666666666666666,6.953333333333333
673,Tyrod Taylor,NYG,QB,L 9-14,10.4,Buf,Away,19.0,10-17-23,6,False,0,80,23,3,0,3.136,58.4,0.0,0.0,0.0,0.0,1.8,8.0,0.0,52.120000000000005,908.0,2.0,0.0,0.0,0.0,23.0,118.0,0.0,7.445714285714287,129.71428571428572,0.2857142857142857,0.0,0.0,0.0,3.2857142857142856,16.857142857142858,7.445714285714287
629,Tyrod Taylor,NYG,QB,W 14-7,21.66,Wsh,Home,6.0,10-24-23,7,False,0,80,23,31,1,7.42,113.0,0.4,0.0,0.0,0.0,3.4,13.0,0.0,73.78,1187.0,4.0,0.0,0.0,0.0,31.0,143.0,0.0,9.2225,148.375,0.5,0.0,0.0,0.0,3.875,17.875,9.2225
616,Tyrod Taylor,NYG,QB,L 10-13,3.62,NYJ,Home,34.0,10-31-23,8,False,0,80,23,24,1,8.104,114.6,0.4,0.0,0.0,0.0,4.2,19.2,0.0,77.4,1195.0,4.0,0.0,0.0,0.0,36.0,176.0,0.0,8.600000000000001,132.77777777777777,0.4444444444444444,0.0,0.0,0.0,4.0,19.555555555555557,8.600000000000001
572,Tyrod Taylor,NYG,QB,L 6-24,0.52,NO,Away,34.0,12-19-23,15,False,0,80,23,22,0,8.207999999999998,117.2,0.4,0.0,0.0,0.0,4.2,19.2,0.0,77.92,1208.0,4.0,0.0,0.0,0.0,36.0,176.0,0.0,7.792,120.8,0.4,0.0,0.0,0.0,3.6,17.6,7.792
447,Tyrod Taylor,NYG,QB,L 25-33,9.42,Phi,Away,27.0,12-26-23,16,False,0,80,23,25,0,9.123999999999999,126.6,0.6,0.0,0.0,0.0,4.0,20.6,0.0,87.34,1341.0,5.0,0.0,0.0,0.0,38.0,197.0,0.0,7.94,121.9090909090909,0.45454545454545453,0.0,0.0,0.0,3.4545454545454546,17.90909090909091,7.94
682,Tyson Bagent,Chi,QB,L 13-19,5.72,Min,Home,28.0,10-17-23,6,False,0,81,5,20,1,5.72,83.0,0.0,0.0,0.0,0.0,2.0,4.0,1.0,5.72,83.0,0.0,0.0,0.0,0.0,2.0,4.0,1.0,5.72,83.0,0.0,0.0,0.0,0.0,2.0,4.0,5.72
642,Tyson Bagent,Chi,QB,W 30-12,12.88,LV,Home,19.0,10-24-23,7,False,0,81,5,18,1,9.3,122.5,0.5,0.0,0.0,0.0,2.5,14.0,0.5,18.6,245.0,1.0,0.0,0.0,0.0,5.0,28.0,1.0,9.3,122.5,0.5,0.0,0.0,0.0,2.5,14.0,9.3
609,Tyson Bagent,Chi,QB,L 13-30,11.18,LAC,Away,27.0,10-31-23,8,False,0,81,5,16,0,9.926666666666668,159.0,0.3333333333333333,0.0,0.0,0.0,3.0,9.0,0.6666666666666666,29.78,477.0,1.0,0.0,0.0,0.0,9.0,27.0,2.0,9.926666666666668,159.0,0.3333333333333333,0.0,0.0,0.0,3.0,9.0,9.926666666666668
242,Tyson Bagent,Chi,QB,L 17-24,15.8,NO,Away,11.5,11-07-23,9,False,0,81,5,22,0,11.395,174.25,0.75,0.0,0.0,0.0,4.25,24.25,0.5,45.58,697.0,3.0,0.0,0.0,0.0,17.0,97.0,2.0,11.395,174.25,0.75,0.0,0.0,0.0,4.25,24.25,11.395
367,Tyson Bagent,Chi,QB,W 16-13,7.68,Car,Home,24.0,11-14-23,10,False,0,81,5,4,1,10.652,171.8,0.6,0.0,0.0,0.0,4.6,21.8,0.4,53.26,859.0,3.0,0.0,0.0,0.0,23.0,109.0,2.0,10.652,171.8,0.6,0.0,0.0,0.0,4.6,21.8,10.652
501,Will Levis,Ten,QB,L 3-26,-1.36,Hou,Away,42.0,01-02-24,17,False,0,82,30,12,0,-1.36,16.0,0.0,0.0,0.0,0.0,0.0,0.0,0.0,-1.36,16.0,0.0,0.0,0.0,0.0,0.0,0.0,0.0,-1.36,16.0,0.0,0.0,0.0,0.0,0.0,0.0,-1.36
588,Will Levis,Ten,QB,W 28-23,26.62,Atl,Home,6.0,10-31-23,8,False,0,82,30,1,1,12.63,127.0,2.0,0.0,0.0,0.0,3.5,5.5,0.0,25.26,254.0,4.0,0.0,0.0,0.0,7.0,11.0,0.0,12.63,127.0,2.0,0.0,0.0,0.0,3.5,5.5,12.63
252,Will Levis,Ten,QB,L 16-20,8.68,Pit,Away,22.0,11-07-23,9,False,0,82,30,26,0,11.313333333333333,172.0,1.3333333333333333,0.0,0.0,0.0,2.6666666666666665,4.333333333333333,0.0,33.94,516.0,4.0,0.0,0.0,0.0,8.0,13.0,0.0,11.313333333333333,172.0,1.3333333333333333,0.0,0.0,0.0,2.6666666666666665,4.333333333333333,11.313333333333333
371,Will Levis,Ten,QB,L 6-20,5.96,TB,Away,28.0,11-14-23,10,False,0,82,30,29,0,9.975,178.75,1.0,0.0,0.0,0.0,2.0,3.25,0.0,39.9,715.0,4.0,0.0,0.0,0.0,8.0,13.0,0.0,9.975,178.75,1.0,0.0,0.0,0.0,2.0,3.25,9.975
180,Will Levis,Ten,QB,L 14-34,12.52,Jax,Away,20.0,11-21-23,11,False,0,82,30,14,0,10.484,174.6,1.2,0.0,0.0,0.0,2.4,3.0,0.0,52.42,873.0,6.0,0.0,0.0,0.0,12.0,15.0,0.0,10.484,174.6,1.2,0.0,0.0,0.0,2.4,3.0,10.484
411,Will Levis,Ten,QB,W 17-10,7.1,Car,Home,30.0,11-28-23,12,False,0,82,30,4,1,12.176,208.4,1.2,0.0,0.0,0.0,3.0,2.4,0.0,59.52,1058.0,6.0,0.0,0.0,0.0,15.0,12.0,0.0,9.92,176.33333333333334,1.0,0.0,0.0,0.0,2.5,2.0,9.92
213,Will Levis,Ten,QB,L 28-31,11.46,Ind,Home,18.0,12-05-23,13,False,0,82,30,13,1,9.144000000000002,205.6,0.6,0.0,0.0,0.0,2.0,1.2,0.0,70.98,1282.0,7.0,0.0,0.0,0.0,17.0,17.0,0.0,10.14,183.14285714285714,1.0,0.0,0.0,0.0,2.4285714285714284,2.4285714285714284,10.14
278,Will Levis,Ten,QB,W 28-27,16.58,Mia,Away,16.0,12-12-23,14,False,0,82,30,19,0,10.724,218.6,0.8,0.0,0.0,0.0,2.6,3.8,0.0,87.56,1609.0,8.0,0.0,0.0,0.0,21.0,32.0,0.0,10.945,201.125,1.0,0.0,0.0,0.0,2.625,4.0,10.945
557,Will Levis,Ten,QB,L 16-19,14.46,Hou,Home,19.0,12-19-23,15,False,0,82,30,12,1,12.424000000000001,218.6,0.8,0.0,0.0,0.0,3.4,8.8,0.2,102.02000000000001,1808.0,8.0,0.0,0.0,0.0,25.0,57.0,1.0,11.335555555555556,200.88888888888889,0.8888888888888888,0.0,0.0,0.0,2.7777777777777777,6.333333333333333,11.335555555555556
66,Zach Wilson,NYJ,QB,W 22-16,8.2,Buf,Home,25.0,09-12-23,1,False,0,83,24,3,1,8.2,140.0,1.0,0.0,0.0,0.0,4.0,6.0,0.0,8.2,140.0,1.0,0.0,0.0,0.0,4.0,6.0,0.0,8.2,140.0,1.0,0.0,0.0,0.0,4.0,6.0,8.2
533,Zach Wilson,NYJ,QB,L 10-30,8.4,Dal,Away,31.0,09-19-23,2,False,0,83,24,8,0,8.3,155.0,1.0,0.0,0.0,0.0,4.5,21.0,0.0,16.6,310.0,2.0,0.0,0.0,0.0,9.0,42.0,0.0,8.3,155.0,1.0,0.0,0.0,0.0,4.5,21.0,8.3
110,Zach Wilson,NYJ,QB,L 10-15,6.38,NE,Home,29.0,09-26-23,3,False,0,83,24,21,1,7.66,155.66666666666666,0.6666666666666666,0.0,0.0,0.0,3.3333333333333335,14.333333333333334,0.0,22.98,467.0,2.0,0.0,0.0,0.0,10.0,43.0,0.0,7.66,155.66666666666666,0.6666666666666666,0.0,0.0,0.0,3.3333333333333335,14.333333333333334,7.66
12,Zach Wilson,NYJ,QB,L 20-23,19.2,KC,Home,13.0,10-03-23,4,False,0,83,24,15,1,10.545,178.0,1.0,0.0,0.0,0.0,3.0,14.25,0.0,42.18,712.0,4.0,0.0,0.0,0.0,12.0,57.0,0.0,10.545,178.0,1.0,0.0,0.0,0.0,3.0,14.25,10.545
146,Zach Wilson,NYJ,QB,W 31-21,8.56,Den,Away,23.0,10-10-23,5,False,0,83,24,9,0,10.148,182.2,0.8,0.0,0.0,0.0,3.0,16.6,0.0,50.74,911.0,4.0,0.0,0.0,0.0,15.0,83.0,0.0,10.148,182.2,0.8,0.0,0.0,0.0,3.0,16.6,10.148
672,Zach Wilson,NYJ,QB,W 20-14,10.94,Phi,Home,18.0,10-17-23,6,False,0,83,24,25,1,10.696000000000002,191.4,0.6,0.0,0.0,0.0,3.0,18.4,0.0,61.68,1097.0,4.0,0.0,0.0,0.0,19.0,98.0,0.0,10.28,182.83333333333334,0.6666666666666666,0.0,0.0,0.0,3.1666666666666665,16.333333333333332,10.28
606,Zach Wilson,NYJ,QB,W 13-10,12.1,NYG,Away,24.0,10-31-23,8,False,0,83,24,23,0,11.436,205.4,0.6,0.0,0.0,0.0,2.8,16.2,0.0,73.78,1337.0,5.0,0.0,0.0,0.0,23.0,123.0,0.0,10.540000000000001,191.0,0.7142857142857143,0.0,0.0,0.0,3.2857142857142856,17.571428571428573,10.540000000000001
254,Zach Wilson,NYJ,QB,L 6-27,7.22,LAC,Home,24.0,11-07-23,9,False,0,83,24,16,1,11.604000000000001,226.6,0.6,0.0,0.0,0.0,3.0,17.4,0.0,81.0,1600.0,5.0,0.0,0.0,0.0,25.0,130.0,0.0,10.125,200.0,0.625,0.0,0.0,0.0,3.125,16.25,10.125
359,Zach Wilson,NYJ,QB,L 12-16,13.92,LV,Away,16.0,11-14-23,10,False,0,83,24,18,0,10.547999999999998,230.2,0.2,0.0,0.0,0.0,3.4,25.4,0.0,94.92,1863.0,5.0,0.0,0.0,0.0,29.0,184.0,0.0,10.546666666666667,207.0,0.5555555555555556,0.0,0.0,0.0,3.2222222222222223,20.444444444444443,10.546666666666667
186,Zach Wilson,NYJ,QB,L 6-32,6.74,Buf,Away,26.0,11-21-23,11,False,0,83,24,3,0,10.184,206.6,0.4,0.0,0.0,0.0,3.6,23.2,0.0,101.66,1944.0,6.0,0.0,0.0,0.0,33.0,199.0,0.0,10.166,194.4,0.6,0.0,0.0,0.0,3.3,19.9,10.166
274,Zach Wilson,NYJ,QB,W 30-6,19.24,Hou,Home,12.0,12-12-23,14,False,0,83,24,12,1,11.844,229.6,0.8,0.0,0.0,0.0,3.4,22.6,0.0,120.9,2245.0,8.0,0.0,0.0,0.0,36.0,211.0,0.0,10.990909090909092,204.0909090909091,0.7272727272727273,0.0,0.0,0.0,3.272727272727273,19.181818181818183,10.990909090909092
581,Zach Wilson,NYJ,QB,L 0-30,-0.96,Mia,Away,43.0,12-19-23,15,False,0,83,24,19,0,9.232,186.8,0.6,0.0,0.0,0.0,2.6,17.6,0.0,119.94,2271.0,8.0,0.0,0.0,0.0,36.0,211.0,0.0,9.995,189.25,0.6666666666666666,0.0,0.0,0.0,3.0,17.583333333333332,9.995
