,PLAYER NAME,PLAYER TEAM,PLAYER POSITION,STATUS,TOTAL,Opponent,Location,rank,DATE,Week,Free_Agent,did_not_play,Name_Encoded,Team_Encoded,Opponent_Encoded,Home/Away_Encoded,total_5_game_avg,passing_yds_5_game_avg,passing_td_5_game_avg,receiving_rec_5_game_avg,receiving_yds_5_game_avg,receiving_td_5_game_avg,rushing_car_5_game_avg,rushing_yds_5_game_avg,rushing_td_5_game_avg,season_total,season_passing_yds,season_passing_td,season_receiving_rec,season_receiving_yds,season_receiving_td,season_rushing_car,season_rushing_yds,season_rushing_td,season_total_avg,season_passing_yds_avg,season_passing_td_avg,season_receiving_rec_avg,season_receiving_yds_avg,season_receiving_td_avg,season_rushing_car_avg,season_rushing_yds_avg,season_fantasy_points_avg
1160,Adam Trautman,Den,TE,W 16-9,1.9,LAC,Home,48.5,01-02-24,17,False,0,0,9,16,1,1.9,0.0,0.0,1.0,9.0,0.0,0.0,0.0,0.0,1.9,0.0,0.0,1.0,9.0,0.0,0.0,0.0,0.0,1.9,0.0,0.0,1.0,9.0,0.0,0.0,0.0,1.9
778,Adam Trautman,Den,TE,L 14-27,3.1,LV,Away,40.0,01-09-24,18,False,0,0,9,18,0,2.5,0.0,0.0,1.0,15.0,0.0,0.0,0.0,0.0,5.0,0.0,0.0,2.0,30.0,0.0,0.0,0.0,0.0,2.5,0.0,0.0,1.0,15.0,0.0,0.0,0.0,2.5
111,Adam Trautman,Den,TE,L 16-17,8.4,LV,Home,10.0,09-12-23,1,False,0,0,9,18,1,4.466666666666667,0.0,0.0,2.3333333333333335,21.333333333333332,0.0,0.0,0.0,0.0,13.4,0.0,0.0,7.0,64.0,0.0,0.0,0.0,0.0,4.466666666666667,0.0,0.0,2.3333333333333335,21.333333333333332,0.0,0.0,0.0,4.466666666666667
1262,Adam Trautman,Den,TE,L 33-35,0.0,Wsh,Home,76.0,09-19-23,2,False,0,0,9,31,1,3.35,0.0,0.0,1.75,16.0,0.0,0.0,0.0,0.0,13.4,0.0,0.0,7.0,64.0,0.0,0.0,0.0,0.0,3.35,0.0,0.0,1.75,16.0,0.0,0.0,0.0,3.35
263,Adam Trautman,Den,TE,L 20-70,0.0,Mia,Away,79.0,09-26-23,3,False,0,0,9,19,0,2.68,0.0,0.0,1.4,12.8,0.0,0.0,0.0,0.0,13.4,0.0,0.0,7.0,64.0,0.0,0.0,0.0,0.0,2.68,0.0,0.0,1.4,12.8,0.0,0.0,0.0,2.68
61,Adam Trautman,Den,TE,W 31-28,0.0,Chi,Away,79.5,10-03-23,4,False,0,0,9,5,0,2.3,0.0,0.0,1.2,11.0,0.0,0.0,0.0,0.0,13.4,0.0,0.0,7.0,64.0,0.0,0.0,0.0,0.0,2.2333333333333334,0.0,0.0,1.1666666666666667,10.666666666666666,0.0,0.0,0.0,2.2333333333333334
308,Adam Trautman,Den,TE,L 21-31,12.6,NYJ,Home,10.0,10-10-23,5,False,0,0,9,24,1,4.2,0.0,0.0,1.8,12.0,0.2,0.0,0.0,0.0,26.0,0.0,0.0,11.0,90.0,1.0,0.0,0.0,0.0,3.7142857142857144,0.0,0.0,1.5714285714285714,12.857142857142858,0.14285714285714285,0.0,0.0,3.7142857142857144
1624,Adam Trautman,Den,TE,L 8-19,1.4,KC,Away,47.0,10-17-23,6,False,0,0,9,15,0,2.8,0.0,0.0,1.0,6.0,0.2,0.0,0.0,0.0,27.4,0.0,0.0,12.0,94.0,1.0,0.0,0.0,0.0,3.425,0.0,0.0,1.5,11.75,0.125,0.0,0.0,3.425
1535,Adam Trautman,Den,TE,W 19-17,1.5,GB,Home,38.0,10-24-23,7,False,0,0,9,11,1,3.1,0.0,0.0,1.2,7.0,0.2,0.0,0.0,0.0,28.9,0.0,0.0,13.0,99.0,1.0,0.0,0.0,0.0,3.211111111111111,0.0,0.0,1.4444444444444444,11.0,0.1111111111111111,0.0,0.0,3.211111111111111
1458,Adam Trautman,Den,TE,W 24-9,0.0,KC,Home,73.0,10-31-23,8,False,0,0,9,15,1,3.1,0.0,0.0,1.2,7.0,0.2,0.0,0.0,0.0,28.9,0.0,0.0,13.0,99.0,1.0,0.0,0.0,0.0,2.8899999999999997,0.0,0.0,1.3,9.9,0.1,0.0,0.0,2.8899999999999997
862,Adam Trautman,Den,TE,W 24-22,3.5,Buf,Away,31.0,11-14-23,10,False,0,0,9,3,0,3.8,0.0,0.0,1.6,10.0,0.2,0.0,0.0,0.0,32.4,0.0,0.0,15.0,114.0,1.0,0.0,0.0,0.0,2.9454545454545453,0.0,0.0,1.3636363636363635,10.363636363636363,0.09090909090909091,0.0,0.0,2.9454545454545453
408,Adam Trautman,Den,TE,W 21-20,5.3,Min,Home,23.0,11-21-23,11,False,0,0,9,20,1,2.34,0.0,0.0,1.2,11.4,0.0,0.0,0.0,0.0,37.7,0.0,0.0,17.0,147.0,1.0,0.0,0.0,0.0,3.141666666666667,0.0,0.0,1.4166666666666667,12.25,0.08333333333333333,0.0,0.0,3.141666666666667
938,Adam Trautman,Den,TE,W 29-12,7.8,Cle,Home,20.0,11-28-23,12,False,0,0,9,7,1,3.6199999999999997,0.0,0.0,1.2,12.2,0.2,0.0,0.0,0.0,45.5,0.0,0.0,18.0,155.0,2.0,0.0,0.0,0.0,3.5,0.0,0.0,1.3846153846153846,11.923076923076923,0.15384615384615385,0.0,0.0,3.5
515,Adam Trautman,Den,TE,L 17-22,1.6,Hou,Away,43.0,12-05-23,13,False,0,0,9,12,0,3.6399999999999997,0.0,0.0,1.2,12.4,0.2,0.0,0.0,0.0,47.1,0.0,0.0,19.0,161.0,2.0,0.0,0.0,0.0,3.3642857142857143,0.0,0.0,1.3571428571428572,11.5,0.14285714285714285,0.0,0.0,3.3642857142857143
661,Adam Trautman,Den,TE,W 24-7,9.9,LAC,Away,15.0,12-12-23,14,False,0,0,9,16,0,5.62,0.0,0.0,1.6,16.2,0.4,0.0,0.0,0.0,57.0,0.0,0.0,21.0,180.0,3.0,0.0,0.0,0.0,3.8,0.0,0.0,1.4,12.0,0.2,0.0,0.0,3.8
1344,Adam Trautman,Den,TE,L 17-42,3.4,Det,Away,42.5,12-19-23,15,False,0,0,9,10,0,5.6,0.0,0.0,1.4,18.0,0.4,0.0,0.0,0.0,60.4,0.0,0.0,22.0,204.0,3.0,0.0,0.0,0.0,3.775,0.0,0.0,1.375,12.75,0.1875,0.0,0.0,3.775
1081,Adam Trautman,Den,TE,L 23-26,0.0,NE,Home,78.0,12-26-23,16,False,0,0,9,21,1,4.540000000000001,0.0,0.0,1.0,11.4,0.4,0.0,0.0,0.0,60.4,0.0,0.0,22.0,204.0,3.0,0.0,0.0,0.0,3.552941176470588,0.0,0.0,1.2941176470588236,12.0,0.17647058823529413,0.0,0.0,3.552941176470588
614,Albert Okwuegbunam,Phi,TE,W 28-23,0.0,Dal,Home,68.0,11-07-23,9,False,0,1,25,8,1,0.0,0.0,0.0,0.0,0.0,0.0,0.0,0.0,0.0,0.0,0.0,0.0,0.0,0.0,0.0,0.0,0.0,0.0,0.0,0.0,0.0,0.0,0.0,0.0,0.0,0.0,0.0
438,Albert Okwuegbunam,Phi,TE,W 21-17,0.0,KC,Away,67.0,11-21-23,11,False,0,1,25,15,0,0.0,0.0,0.0,0.0,0.0,0.0,0.0,0.0,0.0,0.0,0.0,0.0,0.0,0.0,0.0,0.0,0.0,0.0,0.0,0.0,0.0,0.0,0.0,0.0,0.0,0.0,0.0
985,Albert Okwuegbunam,Phi,TE,W 37-34,0.0,Buf,Home,78.0,11-28-23,12,False,0,1,25,3,1,0.0,0.0,0.0,0.0,0.0,0.0,0.0,0.0,0.0,0.0,0.0,0.0,0.0,0.0,0.0,0.0,0.0,0.0,0.0,0.0,0.0,0.0,0.0,0.0,0.0,0.0,0.0
534,Albert Okwuegbunam,Phi,TE,L 19-42,0.0,SF,Home,66.0,12-05-23,13,False,0,1,25,27,1,0.0,0.0,0.0,0.0,0.0,0.0,0.0,0.0,0.0,0.0,0.0,0.0,0.0,0.0,0.0,0.0,0.0,0.0,0.0,0.0,0.0,0.0,0.0,0.0,0.0,0.0,0.0
1140,Austin Hooper,LV,TE,L 20-23,5.8,Ind,Away,28.5,01-02-24,17,False,0,2,18,13,0,5.8,0.0,0.0,3.0,28.0,0.0,0.0,0.0,0.0,5.8,0.0,0.0,3.0,28.0,0.0,0.0,0.0,0.0,5.8,0.0,0.0,3.0,28.0,0.0,0.0,0.0,5.8
753,Austin Hooper,LV,TE,W 27-14,7.9,Den,Home,15.0,01-09-24,18,False,0,2,18,9,1,6.85,0.0,0.0,3.5,33.5,0.0,0.0,0.0,0.0,13.7,0.0,0.0,7.0,67.0,0.0,0.0,0.0,0.0,6.85,0.0,0.0,3.5,33.5,0.0,0.0,0.0,6.85
140,Austin Hooper,LV,TE,W 17-16,3.0,Den,Away,39.5,09-12-23,1,False,0,2,18,9,0,5.566666666666666,0.0,0.0,2.6666666666666665,29.0,0.0,0.0,0.0,0.0,16.7,0.0,0.0,8.0,87.0,0.0,0.0,0.0,0.0,5.566666666666666,0.0,0.0,2.6666666666666665,29.0,0.0,0.0,0.0,5.566666666666666
1245,Austin Hooper,LV,TE,L 10-38,4.0,Buf,Away,40.5,09-19-23,2,False,0,2,18,3,0,5.175,0.0,0.0,2.5,26.75,0.0,0.0,0.0,0.0,20.7,0.0,0.0,10.0,107.0,0.0,0.0,0.0,0.0,5.175,0.0,0.0,2.5,26.75,0.0,0.0,0.0,5.175
261,Austin Hooper,LV,TE,L 18-23,0.0,Pit,Home,79.0,09-26-23,3,False,0,2,18,26,1,4.14,0.0,0.0,2.0,21.4,0.0,0.0,0.0,0.0,20.7,0.0,0.0,10.0,107.0,0.0,0.0,0.0,0.0,4.14,0.0,0.0,2.0,21.4,0.0,0.0,0.0,4.14
41,Austin Hooper,LV,TE,L 17-24,2.1,LAC,Away,42.0,10-03-23,4,False,0,2,18,16,0,3.4,0.0,0.0,1.6,18.0,0.0,0.0,0.0,0.0,22.8,0.0,0.0,11.0,118.0,0.0,0.0,0.0,0.0,3.8000000000000003,0.0,0.0,1.8333333333333333,19.666666666666668,0.0,0.0,0.0,3.8000000000000003
338,Austin Hooper,LV,TE,W 17-13,3.1,GB,Home,40.5,10-10-23,5,False,0,2,18,11,1,2.4400000000000004,0.0,0.0,1.2,12.4,0.0,0.0,0.0,0.0,25.9,0.0,0.0,13.0,129.0,0.0,0.0,0.0,0.0,3.6999999999999997,0.0,0.0,1.8571428571428572,18.428571428571427,0.0,0.0,0.0,3.6999999999999997
1605,Austin Hooper,LV,TE,W 21-17,3.9,NE,Home,26.5,10-17-23,6,False,0,2,18,21,1,2.62,0.0,0.0,1.4,12.2,0.0,0.0,0.0,0.0,29.8,0.0,0.0,15.0,148.0,0.0,0.0,0.0,0.0,3.725,0.0,0.0,1.875,18.5,0.0,0.0,0.0,3.725
1525,Austin Hooper,LV,TE,L 12-30,3.8,Chi,Away,27.0,10-24-23,7,False,0,2,18,5,0,2.58,0.0,0.0,1.4,11.8,0.0,0.0,0.0,0.0,33.6,0.0,0.0,17.0,166.0,0.0,0.0,0.0,0.0,3.7333333333333334,0.0,0.0,1.8888888888888888,18.444444444444443,0.0,0.0,0.0,3.7333333333333334
1432,Austin Hooper,LV,TE,L 14-26,3.9,Det,Away,29.0,10-31-23,8,False,0,2,18,10,0,3.3599999999999994,0.0,0.0,1.8,15.6,0.0,0.0,0.0,0.0,37.5,0.0,0.0,19.0,185.0,0.0,0.0,0.0,0.0,3.75,0.0,0.0,1.9,18.5,0.0,0.0,0.0,3.75
599,Austin Hooper,LV,TE,W 30-6,2.0,NYG,Home,41.0,11-07-23,9,False,0,2,18,23,1,3.34,0.0,0.0,1.8,15.4,0.0,0.0,0.0,0.0,39.5,0.0,0.0,20.0,195.0,0.0,0.0,0.0,0.0,3.590909090909091,0.0,0.0,1.8181818181818181,17.727272727272727,0.0,0.0,0.0,3.590909090909091
870,Austin Hooper,LV,TE,W 16-12,1.7,NYJ,Home,39.5,11-14-23,10,False,0,2,18,24,1,3.0599999999999996,0.0,0.0,1.6,14.6,0.0,0.0,0.0,0.0,41.2,0.0,0.0,21.0,202.0,0.0,0.0,0.0,0.0,3.4333333333333336,0.0,0.0,1.75,16.833333333333332,0.0,0.0,0.0,3.4333333333333336
435,Austin Hooper,LV,TE,L 13-20,0.0,Mia,Away,67.0,11-21-23,11,False,0,2,18,19,0,2.28,0.0,0.0,1.2,10.8,0.0,0.0,0.0,0.0,41.2,0.0,0.0,21.0,202.0,0.0,0.0,0.0,0.0,3.1692307692307695,0.0,0.0,1.6153846153846154,15.538461538461538,0.0,0.0,0.0,3.1692307692307695
957,Austin Hooper,LV,TE,L 17-31,2.4,KC,Home,39.5,11-28-23,12,False,0,2,18,15,1,2.0,0.0,0.0,1.0,10.0,0.0,0.0,0.0,0.0,43.6,0.0,0.0,22.0,216.0,0.0,0.0,0.0,0.0,3.1142857142857143,0.0,0.0,1.5714285714285714,15.428571428571429,0.0,0.0,0.0,3.1142857142857143
691,Austin Hooper,LV,TE,L 0-3,1.5,Min,Home,45.0,12-12-23,14,False,0,2,18,20,1,1.52,0.0,0.0,0.8,7.2,0.0,0.0,0.0,0.0,45.1,0.0,0.0,23.0,221.0,0.0,0.0,0.0,0.0,3.006666666666667,0.0,0.0,1.5333333333333334,14.733333333333333,0.0,0.0,0.0,3.006666666666667
1367,Austin Hooper,LV,TE,W 63-21,0.0,LAC,Home,81.5,12-19-23,15,False,0,2,18,16,1,1.1199999999999999,0.0,0.0,0.6,5.2,0.0,0.0,0.0,0.0,45.1,0.0,0.0,23.0,221.0,0.0,0.0,0.0,0.0,2.81875,0.0,0.0,1.4375,13.8125,0.0,0.0,0.0,2.81875
1062,Austin Hooper,LV,TE,W 20-14,3.3,KC,Away,44.0,12-26-23,16,False,0,2,18,15,0,1.44,0.0,0.0,0.8,6.4,0.0,0.0,0.0,0.0,48.4,0.0,0.0,25.0,234.0,0.0,0.0,0.0,0.0,2.847058823529412,0.0,0.0,1.4705882352941178,13.764705882352942,0.0,0.0,0.0,2.847058823529412
1166,Ben Sims,GB,TE,W 33-10,1.6,Min,Away,53.0,01-02-24,17,False,0,3,11,20,0,1.6,0.0,0.0,1.0,6.0,0.0,0.0,0.0,0.0,1.6,0.0,0.0,1.0,6.0,0.0,0.0,0.0,0.0,1.6,0.0,0.0,1.0,6.0,0.0,0.0,0.0,1.6
819,Ben Sims,GB,TE,W 17-9,0.0,Chi,Home,76.5,01-09-24,18,False,0,3,11,5,1,0.8,0.0,0.0,0.5,3.0,0.0,0.0,0.0,0.0,1.6,0.0,0.0,1.0,6.0,0.0,0.0,0.0,0.0,0.8,0.0,0.0,0.5,3.0,0.0,0.0,0.0,0.8
199,Ben Sims,GB,TE,W 38-20,0.0,Chi,Away,75.0,09-12-23,1,False,0,3,11,5,0,0.5333333333333333,0.0,0.0,0.3333333333333333,2.0,0.0,0.0,0.0,0.0,1.6,0.0,0.0,1.0,6.0,0.0,0.0,0.0,0.0,0.5333333333333333,0.0,0.0,0.3333333333333333,2.0,0.0,0.0,0.0,0.5333333333333333
1301,Ben Sims,GB,TE,L 24-25,0.0,Atl,Away,76.0,09-19-23,2,False,0,3,11,1,0,0.4,0.0,0.0,0.25,1.5,0.0,0.0,0.0,0.0,1.6,0.0,0.0,1.0,6.0,0.0,0.0,0.0,0.0,0.4,0.0,0.0,0.25,1.5,0.0,0.0,0.0,0.4
296,Ben Sims,GB,TE,W 18-17,0.0,NO,Home,79.0,09-26-23,3,False,0,3,11,22,1,0.32,0.0,0.0,0.2,1.2,0.0,0.0,0.0,0.0,1.6,0.0,0.0,1.0,6.0,0.0,0.0,0.0,0.0,0.32,0.0,0.0,0.2,1.2,0.0,0.0,0.0,0.32
96,Ben Sims,GB,TE,L 20-34,0.0,Det,Home,79.5,10-03-23,4,False,0,3,11,10,1,0.0,0.0,0.0,0.0,0.0,0.0,0.0,0.0,0.0,1.6,0.0,0.0,1.0,6.0,0.0,0.0,0.0,0.0,0.26666666666666666,0.0,0.0,0.16666666666666666,1.0,0.0,0.0,0.0,0.26666666666666666
345,Ben Sims,GB,TE,L 13-17,2.2,LV,Away,47.0,10-10-23,5,False,0,3,11,18,0,0.44000000000000006,0.0,0.0,0.2,2.4,0.0,0.0,0.0,0.0,3.8000000000000003,0.0,0.0,2.0,18.0,0.0,0.0,0.0,0.0,0.5428571428571429,0.0,0.0,0.2857142857142857,2.5714285714285716,0.0,0.0,0.0,0.5428571428571429
1540,Ben Sims,GB,TE,L 17-19,1.2,Den,Away,42.0,10-24-23,7,False,0,3,11,9,0,0.68,0.0,0.0,0.4,2.8,0.0,0.0,0.0,0.0,5.0,0.0,0.0,3.0,20.0,0.0,0.0,0.0,0.0,0.625,0.0,0.0,0.375,2.5,0.0,0.0,0.0,0.625
1494,Ben Sims,GB,TE,L 10-24,0.0,Min,Home,73.0,10-31-23,8,False,0,3,11,20,1,0.68,0.0,0.0,0.4,2.8,0.0,0.0,0.0,0.0,5.0,0.0,0.0,3.0,20.0,0.0,0.0,0.0,0.0,0.5555555555555556,0.0,0.0,0.3333333333333333,2.2222222222222223,0.0,0.0,0.0,0.5555555555555556
641,Ben Sims,GB,TE,W 20-3,0.0,LAR,Home,68.0,11-07-23,9,False,0,3,11,17,1,0.68,0.0,0.0,0.4,2.8,0.0,0.0,0.0,0.0,5.0,0.0,0.0,3.0,20.0,0.0,0.0,0.0,0.0,0.5,0.0,0.0,0.3,2.0,0.0,0.0,0.0,0.5
912,Ben Sims,GB,TE,L 19-23,0.0,Pit,Away,69.5,11-14-23,10,False,0,3,11,26,0,0.68,0.0,0.0,0.4,2.8,0.0,0.0,0.0,0.0,5.0,0.0,0.0,3.0,20.0,0.0,0.0,0.0,0.0,0.45454545454545453,0.0,0.0,0.2727272727272727,1.8181818181818181,0.0,0.0,0.0,0.45454545454545453
467,Ben Sims,GB,TE,W 23-20,0.0,LAC,Home,67.0,11-21-23,11,False,0,3,11,16,1,0.24,0.0,0.0,0.2,0.4,0.0,0.0,0.0,0.0,5.0,0.0,0.0,3.0,20.0,0.0,0.0,0.0,0.0,0.4166666666666667,0.0,0.0,0.25,1.6666666666666667,0.0,0.0,0.0,0.4166666666666667
1007,Ben Sims,GB,TE,W 29-22,0.0,Det,Away,78.0,11-28-23,12,False,0,3,11,10,0,0.0,0.0,0.0,0.0,0.0,0.0,0.0,0.0,0.0,5.0,0.0,0.0,3.0,20.0,0.0,0.0,0.0,0.0,0.38461538461538464,0.0,0.0,0.23076923076923078,1.5384615384615385,0.0,0.0,0.0,0.38461538461538464
492,Ben Sims,GB,TE,W 27-19,7.1,KC,Home,19.0,12-05-23,13,False,0,3,11,15,1,1.42,0.0,0.0,0.2,0.2,0.2,0.0,0.0,0.0,12.1,0.0,0.0,4.0,21.0,1.0,0.0,0.0,0.0,0.8642857142857142,0.0,0.0,0.2857142857142857,1.5,0.07142857142857142,0.0,0.0,0.8642857142857142
724,Ben Sims,GB,TE,L 22-24,0.0,NYG,Away,73.0,12-12-23,14,False,0,3,11,23,0,1.42,0.0,0.0,0.2,0.2,0.2,0.0,0.0,0.0,12.1,0.0,0.0,4.0,21.0,1.0,0.0,0.0,0.0,0.8066666666666666,0.0,0.0,0.26666666666666666,1.4,0.06666666666666667,0.0,0.0,0.8066666666666666
1389,Ben Sims,GB,TE,L 20-34,0.0,TB,Home,81.5,12-19-23,15,False,0,3,11,29,1,1.42,0.0,0.0,0.2,0.2,0.2,0.0,0.0,0.0,12.1,0.0,0.0,4.0,21.0,1.0,0.0,0.0,0.0,0.75625,0.0,0.0,0.25,1.3125,0.0625,0.0,0.0,0.75625
1101,Ben Sims,GB,TE,W 33-30,0.0,Car,Away,78.0,12-26-23,16,False,0,3,11,4,0,1.42,0.0,0.0,0.2,0.2,0.2,0.0,0.0,0.0,12.1,0.0,0.0,4.0,21.0,1.0,0.0,0.0,0.0,0.711764705882353,0.0,0.0,0.23529411764705882,1.2352941176470589,0.058823529411764705,0.0,0.0,0.711764705882353
1182,Blake Bell,KC,TE,W 25-17,0.0,Cin,Home,76.0,01-02-24,17,False,0,4,15,6,1,0.0,0.0,0.0,0.0,0.0,0.0,0.0,0.0,0.0,0.0,0.0,0.0,0.0,0.0,0.0,0.0,0.0,0.0,0.0,0.0,0.0,0.0,0.0,0.0,0.0,0.0,0.0
793,Blake Bell,KC,TE,W 13-12,1.3,LAC,Away,56.0,01-09-24,18,False,0,4,15,16,0,0.65,0.0,0.0,0.5,1.5,0.0,0.0,0.0,0.0,1.3,0.0,0.0,1.0,3.0,0.0,0.0,0.0,0.0,0.65,0.0,0.0,0.5,1.5,0.0,0.0,0.0,0.65
108,Blake Bell,KC,TE,L 20-21,9.2,Det,Home,7.0,09-12-23,1,False,0,4,15,10,1,3.5,0.0,0.0,1.0,5.0,0.3333333333333333,0.0,0.0,0.0,10.5,0.0,0.0,3.0,15.0,1.0,0.0,0.0,0.0,3.5,0.0,0.0,1.0,5.0,0.3333333333333333,0.0,0.0,3.5
1267,Blake Bell,KC,TE,W 17-9,0.0,Jax,Away,76.0,09-19-23,2,False,0,4,15,14,0,2.625,0.0,0.0,0.75,3.75,0.25,0.0,0.0,0.0,10.5,0.0,0.0,3.0,15.0,1.0,0.0,0.0,0.0,2.625,0.0,0.0,0.75,3.75,0.25,0.0,0.0,2.625
266,Blake Bell,KC,TE,W 41-10,0.0,Chi,Home,79.0,09-26-23,3,False,0,4,15,5,1,2.1,0.0,0.0,0.6,3.0,0.2,0.0,0.0,0.0,10.5,0.0,0.0,3.0,15.0,1.0,0.0,0.0,0.0,2.1,0.0,0.0,0.6,3.0,0.2,0.0,0.0,2.1
64,Blake Bell,KC,TE,W 23-20,0.0,NYJ,Away,79.5,10-03-23,4,False,0,4,15,24,0,2.1,0.0,0.0,0.6,3.0,0.2,0.0,0.0,0.0,10.5,0.0,0.0,3.0,15.0,1.0,0.0,0.0,0.0,1.75,0.0,0.0,0.5,2.5,0.16666666666666666,0.0,0.0,1.75
361,Blake Bell,KC,TE,W 27-20,0.0,Min,Away,71.0,10-10-23,5,False,0,4,15,20,0,1.8399999999999999,0.0,0.0,0.4,2.4,0.2,0.0,0.0,0.0,10.5,0.0,0.0,3.0,15.0,1.0,0.0,0.0,0.0,1.5,0.0,0.0,0.42857142857142855,2.142857142857143,0.14285714285714285,0.0,0.0,1.5
1637,Blake Bell,KC,TE,W 19-8,0.0,Den,Home,72.0,10-17-23,6,False,0,4,15,9,1,0.0,0.0,0.0,0.0,0.0,0.0,0.0,0.0,0.0,10.5,0.0,0.0,3.0,15.0,1.0,0.0,0.0,0.0,1.3125,0.0,0.0,0.375,1.875,0.125,0.0,0.0,1.3125
1578,Blake Bell,KC,TE,W 31-17,-0.3,LAC,Home,80.0,10-24-23,7,False,0,4,15,16,1,-0.06,0.0,0.0,0.2,1.4,0.0,0.0,0.0,0.0,10.2,0.0,0.0,4.0,22.0,1.0,0.0,0.0,0.0,1.1333333333333333,0.0,0.0,0.4444444444444444,2.4444444444444446,0.1111111111111111,0.0,0.0,1.1333333333333333
1463,Blake Bell,KC,TE,L 9-24,0.0,Den,Away,73.0,10-31-23,8,False,0,4,15,9,0,-0.06,0.0,0.0,0.2,1.4,0.0,0.0,0.0,0.0,10.2,0.0,0.0,4.0,22.0,1.0,0.0,0.0,0.0,1.02,0.0,0.0,0.4,2.2,0.1,0.0,0.0,1.02
615,Blake Bell,KC,TE,W 21-14,0.0,Mia,Home,68.0,11-07-23,9,False,0,4,15,19,1,-0.06,0.0,0.0,0.2,1.4,0.0,0.0,0.0,0.0,10.2,0.0,0.0,4.0,22.0,1.0,0.0,0.0,0.0,0.9272727272727272,0.0,0.0,0.36363636363636365,2.0,0.09090909090909091,0.0,0.0,0.9272727272727272
439,Blake Bell,KC,TE,L 17-21,0.0,Phi,Home,67.0,11-21-23,11,False,0,4,15,25,1,-0.06,0.0,0.0,0.2,1.4,0.0,0.0,0.0,0.0,10.2,0.0,0.0,4.0,22.0,1.0,0.0,0.0,0.0,0.85,0.0,0.0,0.3333333333333333,1.8333333333333333,0.08333333333333333,0.0,0.0,0.85
982,Blake Bell,KC,TE,W 31-17,0.0,LV,Away,78.0,11-28-23,12,False,0,4,15,18,0,-0.06,0.0,0.0,0.2,1.4,0.0,0.0,0.0,0.0,10.2,0.0,0.0,4.0,22.0,1.0,0.0,0.0,0.0,0.7846153846153846,0.0,0.0,0.3076923076923077,1.6923076923076923,0.07692307692307693,0.0,0.0,0.7846153846153846
531,Blake Bell,KC,TE,L 19-27,0.0,GB,Away,66.0,12-05-23,13,False,0,4,15,11,0,0.0,0.0,0.0,0.0,0.0,0.0,0.0,0.0,0.0,10.2,0.0,0.0,4.0,22.0,1.0,0.0,0.0,0.0,0.7285714285714285,0.0,0.0,0.2857142857142857,1.5714285714285714,0.07142857142857142,0.0,0.0,0.7285714285714285
708,Blake Bell,KC,TE,L 17-20,0.0,Buf,Home,73.0,12-12-23,14,False,0,4,15,3,1,0.0,0.0,0.0,0.0,0.0,0.0,0.0,0.0,0.0,10.2,0.0,0.0,4.0,22.0,1.0,0.0,0.0,0.0,0.6799999999999999,0.0,0.0,0.26666666666666666,1.4666666666666666,0.06666666666666667,0.0,0.0,0.6799999999999999
1374,Blake Bell,KC,TE,W 27-17,0.0,NE,Away,81.5,12-19-23,15,False,0,4,15,21,0,0.0,0.0,0.0,0.0,0.0,0.0,0.0,0.0,0.0,10.2,0.0,0.0,4.0,22.0,1.0,0.0,0.0,0.0,0.6375,0.0,0.0,0.25,1.375,0.0625,0.0,0.0,0.6375
1076,Blake Bell,KC,TE,L 14-20,1.4,LV,Home,58.5,12-26-23,16,False,0,4,15,18,1,0.27999999999999997,0.0,0.0,0.2,0.8,0.0,0.0,0.0,0.0,11.6,0.0,0.0,5.0,26.0,1.0,0.0,0.0,0.0,0.6823529411764706,0.0,0.0,0.29411764705882354,1.5294117647058822,0.058823529411764705,0.0,0.0,0.6823529411764706
473,Blake Whiteheart,Ari,TE,L 16-21,0.0,Hou,Away,67.0,11-21-23,11,False,0,5,0,12,0,0.0,0.0,0.0,0.0,0.0,0.0,0.0,0.0,0.0,0.0,0.0,0.0,0.0,0.0,0.0,0.0,0.0,0.0,0.0,0.0,0.0,0.0,0.0,0.0,0.0,0.0,0.0
1112,Blake Whiteheart,Ari,TE,L 16-27,0.0,Chi,Away,78.0,12-26-23,16,False,0,5,0,5,0,0.0,0.0,0.0,0.0,0.0,0.0,0.0,0.0,0.0,0.0,0.0,0.0,0.0,0.0,0.0,0.0,0.0,0.0,0.0,0.0,0.0,0.0,0.0,0.0,0.0,0.0,0.0
1200,Brady Russell,Sea,TE,L 23-30,0.0,Pit,Home,76.0,01-02-24,17,False,0,6,28,26,1,0.0,0.0,0.0,0.0,0.0,0.0,0.0,0.0,0.0,0.0,0.0,0.0,0.0,0.0,0.0,0.0,0.0,0.0,0.0,0.0,0.0,0.0,0.0,0.0,0.0,0.0,0.0
828,Brady Russell,Sea,TE,W 21-20,0.0,Ari,Away,76.5,01-09-24,18,False,0,6,28,0,0,0.0,0.0,0.0,0.0,0.0,0.0,0.0,0.0,0.0,0.0,0.0,0.0,0.0,0.0,0.0,0.0,0.0,0.0,0.0,0.0,0.0,0.0,0.0,0.0,0.0,0.0,0.0
298,Brady Russell,Sea,TE,W 37-27,0.0,Car,Home,79.0,09-26-23,3,False,0,6,28,4,1,0.0,0.0,0.0,0.0,0.0,0.0,0.0,0.0,0.0,0.0,0.0,0.0,0.0,0.0,0.0,0.0,0.0,0.0,0.0,0.0,0.0,0.0,0.0,0.0,0.0,0.0,0.0
98,Brady Russell,Sea,TE,W 24-3,0.0,NYG,Away,79.5,10-03-23,4,False,0,6,28,23,0,0.0,0.0,0.0,0.0,0.0,0.0,0.0,0.0,0.0,0.0,0.0,0.0,0.0,0.0,0.0,0.0,0.0,0.0,0.0,0.0,0.0,0.0,0.0,0.0,0.0,0.0,0.0
1668,Brady Russell,Sea,TE,L 13-17,0.0,Cin,Away,72.0,10-17-23,6,False,0,6,28,6,0,0.0,0.0,0.0,0.0,0.0,0.0,0.0,0.0,0.0,0.0,0.0,0.0,0.0,0.0,0.0,0.0,0.0,0.0,0.0,0.0,0.0,0.0,0.0,0.0,0.0,0.0,0.0
1576,Brady Russell,Sea,TE,W 20-10,0.0,Ari,Home,62.0,10-24-23,7,False,0,6,28,0,1,0.0,0.0,0.0,0.0,0.0,0.0,0.0,0.0,0.0,0.0,0.0,0.0,0.0,0.0,0.0,0.0,0.0,0.0,0.0,0.0,0.0,0.0,0.0,0.0,0.0,0.0,0.0
1497,Brady Russell,Sea,TE,W 24-20,0.0,Cle,Home,73.0,10-31-23,8,False,0,6,28,7,1,0.0,0.0,0.0,0.0,0.0,0.0,0.0,0.0,0.0,0.0,0.0,0.0,0.0,0.0,0.0,0.0,0.0,0.0,0.0,0.0,0.0,0.0,0.0,0.0,0.0,0.0,0.0
643,Brady Russell,Sea,TE,L 3-37,0.0,Bal,Away,68.0,11-07-23,9,False,0,6,28,2,0,0.0,0.0,0.0,0.0,0.0,0.0,0.0,0.0,0.0,0.0,0.0,0.0,0.0,0.0,0.0,0.0,0.0,0.0,0.0,0.0,0.0,0.0,0.0,0.0,0.0,0.0,0.0
915,Brady Russell,Sea,TE,W 29-26,0.0,Wsh,Home,69.5,11-14-23,10,False,0,6,28,31,1,0.0,0.0,0.0,0.0,0.0,0.0,0.0,0.0,0.0,0.0,0.0,0.0,0.0,0.0,0.0,0.0,0.0,0.0,0.0,0.0,0.0,0.0,0.0,0.0,0.0,0.0,0.0
470,Brady Russell,Sea,TE,L 16-17,0.0,LAR,Away,67.0,11-21-23,11,False,0,6,28,17,0,0.0,0.0,0.0,0.0,0.0,0.0,0.0,0.0,0.0,0.0,0.0,0.0,0.0,0.0,0.0,0.0,0.0,0.0,0.0,0.0,0.0,0.0,0.0,0.0,0.0,0.0,0.0
1014,Brady Russell,Sea,TE,L 13-31,0.0,SF,Home,78.0,11-28-23,12,False,0,6,28,27,1,0.0,0.0,0.0,0.0,0.0,0.0,0.0,0.0,0.0,0.0,0.0,0.0,0.0,0.0,0.0,0.0,0.0,0.0,0.0,0.0,0.0,0.0,0.0,0.0,0.0,0.0,0.0
553,Brady Russell,Sea,TE,L 35-41,0.0,Dal,Away,66.0,12-05-23,13,False,0,6,28,8,0,0.0,0.0,0.0,0.0,0.0,0.0,0.0,0.0,0.0,0.0,0.0,0.0,0.0,0.0,0.0,0.0,0.0,0.0,0.0,0.0,0.0,0.0,0.0,0.0,0.0,0.0,0.0
734,Brady Russell,Sea,TE,L 16-28,0.0,SF,Away,73.0,12-12-23,14,False,0,6,28,27,0,0.0,0.0,0.0,0.0,0.0,0.0,0.0,0.0,0.0,0.0,0.0,0.0,0.0,0.0,0.0,0.0,0.0,0.0,0.0,0.0,0.0,0.0,0.0,0.0,0.0,0.0,0.0
1400,Brady Russell,Sea,TE,W 20-17,0.0,Phi,Home,81.5,12-19-23,15,False,0,6,28,25,1,0.0,0.0,0.0,0.0,0.0,0.0,0.0,0.0,0.0,0.0,0.0,0.0,0.0,0.0,0.0,0.0,0.0,0.0,0.0,0.0,0.0,0.0,0.0,0.0,0.0,0.0,0.0
1109,Brady Russell,Sea,TE,W 20-17,0.0,Ten,Away,78.0,12-26-23,16,False,0,6,28,30,0,0.0,0.0,0.0,0.0,0.0,0.0,0.0,0.0,0.0,0.0,0.0,0.0,0.0,0.0,0.0,0.0,0.0,0.0,0.0,0.0,0.0,0.0,0.0,0.0,0.0,0.0,0.0
1193,Brayden Willis,SF,TE,W 27-10,0.0,Wsh,Away,76.0,01-02-24,17,False,0,7,27,31,0,0.0,0.0,0.0,0.0,0.0,0.0,0.0,0.0,0.0,0.0,0.0,0.0,0.0,0.0,0.0,0.0,0.0,0.0,0.0,0.0,0.0,0.0,0.0,0.0,0.0,0.0,0.0
821,Brayden Willis,SF,TE,L 20-21,0.0,LAR,Home,76.5,01-09-24,18,False,0,7,27,17,1,0.0,0.0,0.0,0.0,0.0,0.0,0.0,0.0,0.0,0.0,0.0,0.0,0.0,0.0,0.0,0.0,0.0,0.0,0.0,0.0,0.0,0.0,0.0,0.0,0.0,0.0,0.0
291,Brayden Willis,SF,TE,W 30-12,0.0,NYG,Home,79.0,09-26-23,3,False,0,7,27,23,1,0.0,0.0,0.0,0.0,0.0,0.0,0.0,0.0,0.0,0.0,0.0,0.0,0.0,0.0,0.0,0.0,0.0,0.0,0.0,0.0,0.0,0.0,0.0,0.0,0.0,0.0,0.0
91,Brayden Willis,SF,TE,W 35-16,0.0,Ari,Home,79.5,10-03-23,4,False,0,7,27,0,1,0.0,0.0,0.0,0.0,0.0,0.0,0.0,0.0,0.0,0.0,0.0,0.0,0.0,0.0,0.0,0.0,0.0,0.0,0.0,0.0,0.0,0.0,0.0,0.0,0.0,0.0,0.0
727,Brayden Willis,SF,TE,W 28-16,0.0,Sea,Home,73.0,12-12-23,14,False,0,7,27,28,1,0.0,0.0,0.0,0.0,0.0,0.0,0.0,0.0,0.0,0.0,0.0,0.0,0.0,0.0,0.0,0.0,0.0,0.0,0.0,0.0,0.0,0.0,0.0,0.0,0.0,0.0,0.0
1392,Brayden Willis,SF,TE,W 45-29,0.0,Ari,Away,81.5,12-19-23,15,False,0,7,27,0,0,0.0,0.0,0.0,0.0,0.0,0.0,0.0,0.0,0.0,0.0,0.0,0.0,0.0,0.0,0.0,0.0,0.0,0.0,0.0,0.0,0.0,0.0,0.0,0.0,0.0,0.0,0.0
1103,Brayden Willis,SF,TE,L 19-33,0.0,Bal,Home,78.0,12-26-23,16,False,0,7,27,2,1,0.0,0.0,0.0,0.0,0.0,0.0,0.0,0.0,0.0,0.0,0.0,0.0,0.0,0.0,0.0,0.0,0.0,0.0,0.0,0.0,0.0,0.0,0.0,0.0,0.0,0.0,0.0
1171,Brenton Strange,Jax,TE,W 26-0,1.1,Car,Home,59.0,01-02-24,17,False,0,8,14,4,1,1.1,0.0,0.0,1.0,1.0,0.0,0.0,0.0,0.0,1.1,0.0,0.0,1.0,1.0,0.0,0.0,0.0,0.0,1.1,0.0,0.0,1.0,1.0,0.0,0.0,0.0,1.1
808,Brenton Strange,Jax,TE,L 20-28,0.0,Ten,Away,76.5,01-09-24,18,False,0,8,14,30,0,0.55,0.0,0.0,0.5,0.5,0.0,0.0,0.0,0.0,1.1,0.0,0.0,1.0,1.0,0.0,0.0,0.0,0.0,0.55,0.0,0.0,0.5,0.5,0.0,0.0,0.0,0.55
168,Brenton Strange,Jax,TE,W 31-21,0.0,Ind,Away,75.0,09-12-23,1,False,0,8,14,13,0,0.3666666666666667,0.0,0.0,0.3333333333333333,0.3333333333333333,0.0,0.0,0.0,0.0,1.1,0.0,0.0,1.0,1.0,0.0,0.0,0.0,0.0,0.3666666666666667,0.0,0.0,0.3333333333333333,0.3333333333333333,0.0,0.0,0.0,0.3666666666666667
1274,Brenton Strange,Jax,TE,L 9-17,0.0,KC,Home,76.0,09-19-23,2,False,0,8,14,15,1,0.275,0.0,0.0,0.25,0.25,0.0,0.0,0.0,0.0,1.1,0.0,0.0,1.0,1.0,0.0,0.0,0.0,0.0,0.275,0.0,0.0,0.25,0.25,0.0,0.0,0.0,0.275
237,Brenton Strange,Jax,TE,L 17-37,2.7,Hou,Home,37.0,09-26-23,3,False,0,8,14,12,1,0.76,0.0,0.0,0.6,1.6,0.0,0.0,0.0,0.0,3.8000000000000003,0.0,0.0,3.0,8.0,0.0,0.0,0.0,0.0,0.76,0.0,0.0,0.6,1.6,0.0,0.0,0.0,0.76
69,Brenton Strange,Jax,TE,W 23-7,0.0,Atl,Home,79.5,10-03-23,4,False,0,8,14,1,1,0.54,0.0,0.0,0.4,1.4,0.0,0.0,0.0,0.0,3.8000000000000003,0.0,0.0,3.0,8.0,0.0,0.0,0.0,0.0,0.6333333333333334,0.0,0.0,0.5,1.3333333333333333,0.0,0.0,0.0,0.6333333333333334
364,Brenton Strange,Jax,TE,W 25-20,0.0,Buf,Away,71.0,10-10-23,5,False,0,8,14,3,0,0.54,0.0,0.0,0.4,1.4,0.0,0.0,0.0,0.0,3.8000000000000003,0.0,0.0,3.0,8.0,0.0,0.0,0.0,0.0,0.5428571428571429,0.0,0.0,0.42857142857142855,1.1428571428571428,0.0,0.0,0.0,0.5428571428571429
1589,Brenton Strange,Jax,TE,W 37-20,10.7,Ind,Home,11.0,10-17-23,6,False,0,8,14,13,1,2.6799999999999997,0.0,0.0,0.8,6.8,0.2,0.0,0.0,0.0,14.5,0.0,0.0,5.0,35.0,1.0,0.0,0.0,0.0,1.8125,0.0,0.0,0.625,4.375,0.125,0.0,0.0,1.8125
1556,Brenton Strange,Jax,TE,W 31-24,0.0,NO,Away,62.0,10-24-23,7,False,0,8,14,22,0,2.6799999999999997,0.0,0.0,0.8,6.8,0.2,0.0,0.0,0.0,14.5,0.0,0.0,5.0,35.0,1.0,0.0,0.0,0.0,1.6111111111111112,0.0,0.0,0.5555555555555556,3.888888888888889,0.1111111111111111,0.0,0.0,1.6111111111111112
1468,Brenton Strange,Jax,TE,W 20-10,0.0,Pit,Away,73.0,10-31-23,8,False,0,8,14,26,0,2.1399999999999997,0.0,0.0,0.4,5.4,0.2,0.0,0.0,0.0,14.5,0.0,0.0,5.0,35.0,1.0,0.0,0.0,0.0,1.45,0.0,0.0,0.5,3.5,0.1,0.0,0.0,1.45
889,Brenton Strange,Jax,TE,L 3-34,0.0,SF,Home,69.5,11-14-23,10,False,0,8,14,27,1,2.1399999999999997,0.0,0.0,0.4,5.4,0.2,0.0,0.0,0.0,14.5,0.0,0.0,5.0,35.0,1.0,0.0,0.0,0.0,1.3181818181818181,0.0,0.0,0.45454545454545453,3.1818181818181817,0.09090909090909091,0.0,0.0,1.3181818181818181
444,Brenton Strange,Jax,TE,W 34-14,0.0,Ten,Home,67.0,11-21-23,11,False,0,8,14,30,1,2.1399999999999997,0.0,0.0,0.4,5.4,0.2,0.0,0.0,0.0,14.5,0.0,0.0,5.0,35.0,1.0,0.0,0.0,0.0,1.2083333333333333,0.0,0.0,0.4166666666666667,2.9166666666666665,0.08333333333333333,0.0,0.0,1.2083333333333333
987,Brenton Strange,Jax,TE,W 24-21,0.0,Hou,Away,78.0,11-28-23,12,False,0,8,14,12,0,0.0,0.0,0.0,0.0,0.0,0.0,0.0,0.0,0.0,14.5,0.0,0.0,5.0,35.0,1.0,0.0,0.0,0.0,1.1153846153846154,0.0,0.0,0.38461538461538464,2.6923076923076925,0.07692307692307693,0.0,0.0,1.1153846153846154
1089,Brenton Strange,Jax,TE,L 12-30,0.0,TB,Away,78.0,12-26-23,16,False,0,8,14,29,0,0.0,0.0,0.0,0.0,0.0,0.0,0.0,0.0,0.0,14.5,0.0,0.0,5.0,35.0,1.0,0.0,0.0,0.0,1.0357142857142858,0.0,0.0,0.35714285714285715,2.5,0.07142857142857142,0.0,0.0,1.0357142857142858
1127,Brevin Jordan,Hou,TE,W 26-3,9.9,Ten,Home,15.0,01-02-24,17,False,0,9,12,30,1,9.9,0.0,0.0,2.0,19.0,1.0,0.0,0.0,0.0,9.9,0.0,0.0,2.0,19.0,1.0,0.0,0.0,0.0,9.9,0.0,0.0,2.0,19.0,1.0,0.0,0.0,9.9
798,Brevin Jordan,Hou,TE,W 23-19,0.0,Ind,Away,76.5,01-09-24,18,False,0,9,12,13,0,4.95,0.0,0.0,1.0,9.5,0.5,0.0,0.0,0.0,9.9,0.0,0.0,2.0,19.0,1.0,0.0,0.0,0.0,4.95,0.0,0.0,1.0,9.5,0.5,0.0,0.0,4.95
182,Brevin Jordan,Hou,TE,L 9-25,0.0,Bal,Away,75.0,09-12-23,1,False,0,9,12,2,0,3.3000000000000003,0.0,0.0,0.6666666666666666,6.333333333333333,0.3333333333333333,0.0,0.0,0.0,9.9,0.0,0.0,2.0,19.0,1.0,0.0,0.0,0.0,3.3000000000000003,0.0,0.0,0.6666666666666666,6.333333333333333,0.3333333333333333,0.0,0.0,3.3000000000000003
1241,Brevin Jordan,Hou,TE,L 20-31,4.7,Ind,Home,36.0,09-19-23,2,False,0,9,12,13,1,3.6500000000000004,0.0,0.0,1.0,11.5,0.25,0.0,0.0,0.0,14.600000000000001,0.0,0.0,4.0,46.0,1.0,0.0,0.0,0.0,3.6500000000000004,0.0,0.0,1.0,11.5,0.25,0.0,0.0,3.6500000000000004
212,Brevin Jordan,Hou,TE,W 37-17,9.3,Jax,Away,12.0,09-26-23,3,False,0,9,12,14,0,4.78,0.0,0.0,1.2,11.8,0.4,0.0,0.0,0.0,23.900000000000002,0.0,0.0,6.0,59.0,2.0,0.0,0.0,0.0,4.78,0.0,0.0,1.2,11.8,0.4,0.0,0.0,4.78
80,Brevin Jordan,Hou,TE,W 30-6,0.0,Pit,Home,79.5,10-03-23,4,False,0,9,12,26,1,2.8000000000000003,0.0,0.0,0.8,8.0,0.2,0.0,0.0,0.0,23.900000000000002,0.0,0.0,6.0,59.0,2.0,0.0,0.0,0.0,3.983333333333334,0.0,0.0,1.0,9.833333333333334,0.3333333333333333,0.0,0.0,3.983333333333334
371,Brevin Jordan,Hou,TE,L 19-21,0.0,Atl,Away,71.0,10-10-23,5,False,0,9,12,1,0,2.8000000000000003,0.0,0.0,0.8,8.0,0.2,0.0,0.0,0.0,23.900000000000002,0.0,0.0,6.0,59.0,2.0,0.0,0.0,0.0,3.4142857142857146,0.0,0.0,0.8571428571428571,8.428571428571429,0.2857142857142857,0.0,0.0,3.4142857142857146
1615,Brevin Jordan,Hou,TE,W 20-13,2.1,NO,Home,37.0,10-17-23,6,False,0,9,12,22,1,3.22,0.0,0.0,1.0,10.2,0.2,0.0,0.0,0.0,26.000000000000004,0.0,0.0,7.0,70.0,2.0,0.0,0.0,0.0,3.2500000000000004,0.0,0.0,0.875,8.75,0.25,0.0,0.0,3.2500000000000004
457,Brevin Jordan,Hou,TE,W 21-16,0.0,Ari,Home,67.0,11-21-23,11,False,0,9,12,0,1,2.2800000000000002,0.0,0.0,0.6,4.8,0.2,0.0,0.0,0.0,26.000000000000004,0.0,0.0,7.0,70.0,2.0,0.0,0.0,0.0,2.8888888888888893,0.0,0.0,0.7777777777777778,7.777777777777778,0.2222222222222222,0.0,0.0,2.8888888888888893
965,Brevin Jordan,Hou,TE,L 21-24,1.9,Jax,Home,49.0,11-28-23,12,False,0,9,12,14,1,0.8000000000000004,0.0,0.0,0.4,4.0,0.0,0.0,0.0,0.0,27.900000000000002,0.0,0.0,8.0,79.0,2.0,0.0,0.0,0.0,2.79,0.0,0.0,0.8,7.9,0.2,0.0,0.0,2.79
484,Brevin Jordan,Hou,TE,W 22-17,9.4,Den,Home,10.5,12-05-23,13,False,0,9,12,9,1,2.6800000000000006,0.0,0.0,1.0,16.8,0.0,0.0,0.0,0.0,37.300000000000004,0.0,0.0,11.0,143.0,2.0,0.0,0.0,0.0,3.390909090909091,0.0,0.0,1.0,13.0,0.18181818181818182,0.0,0.0,3.390909090909091
675,Brevin Jordan,Hou,TE,L 6-30,6.5,NYJ,Away,29.0,12-12-23,14,False,0,9,12,24,0,3.9800000000000004,0.0,0.0,1.6,23.8,0.0,0.0,0.0,0.0,43.800000000000004,0.0,0.0,14.0,178.0,2.0,0.0,0.0,0.0,3.6500000000000004,0.0,0.0,1.1666666666666667,14.833333333333334,0.16666666666666666,0.0,0.0,3.6500000000000004
1350,Brevin Jordan,Hou,TE,W 19-16,2.4,Ten,Away,49.0,12-19-23,15,False,0,9,12,30,0,4.04,0.0,0.0,1.6,24.4,0.0,0.0,0.0,0.0,46.2,0.0,0.0,15.0,192.0,2.0,0.0,0.0,0.0,3.553846153846154,0.0,0.0,1.1538461538461537,14.76923076923077,0.15384615384615385,0.0,0.0,3.553846153846154
1051,Brevin Jordan,Hou,TE,L 22-36,4.7,Cle,Home,34.0,12-26-23,16,False,0,9,12,7,1,4.9799999999999995,0.0,0.0,2.0,29.8,0.0,0.0,0.0,0.0,50.900000000000006,0.0,0.0,17.0,219.0,2.0,0.0,0.0,0.0,3.635714285714286,0.0,0.0,1.2142857142857142,15.642857142857142,0.14285714285714285,0.0,0.0,3.635714285714286
136,Brock Wright,Det,TE,W 21-20,3.7,KC,Away,35.0,09-12-23,1,False,0,10,10,15,0,3.7,0.0,0.0,2.0,17.0,0.0,0.0,0.0,0.0,3.7,0.0,0.0,2.0,17.0,0.0,0.0,0.0,0.0,3.7,0.0,0.0,2.0,17.0,0.0,0.0,0.0,3.7
1269,Brock Wright,Det,TE,L 31-37,0.0,Sea,Home,76.0,09-19-23,2,False,0,10,10,28,1,1.85,0.0,0.0,1.0,8.5,0.0,0.0,0.0,0.0,3.7,0.0,0.0,2.0,17.0,0.0,0.0,0.0,0.0,1.85,0.0,0.0,1.0,8.5,0.0,0.0,0.0,1.85
268,Brock Wright,Det,TE,W 20-6,0.0,Atl,Home,79.0,09-26-23,3,False,0,10,10,1,1,1.2333333333333334,0.0,0.0,0.6666666666666666,5.666666666666667,0.0,0.0,0.0,0.0,3.7,0.0,0.0,2.0,17.0,0.0,0.0,0.0,0.0,1.2333333333333334,0.0,0.0,0.6666666666666666,5.666666666666667,0.0,0.0,0.0,1.2333333333333334
66,Brock Wright,Det,TE,W 34-20,0.0,GB,Away,79.5,10-03-23,4,False,0,10,10,11,0,0.925,0.0,0.0,0.5,4.25,0.0,0.0,0.0,0.0,3.7,0.0,0.0,2.0,17.0,0.0,0.0,0.0,0.0,0.925,0.0,0.0,0.5,4.25,0.0,0.0,0.0,0.925
324,Brock Wright,Det,TE,W 42-24,4.6,Car,Home,26.0,10-10-23,5,False,0,10,10,4,1,1.6600000000000001,0.0,0.0,1.0,6.6,0.0,0.0,0.0,0.0,8.3,0.0,0.0,5.0,33.0,0.0,0.0,0.0,0.0,1.6600000000000001,0.0,0.0,1.0,6.6,0.0,0.0,0.0,1.6600000000000001
1622,Brock Wright,Det,TE,W 20-6,1.7,TB,Away,43.5,10-17-23,6,False,0,10,10,29,0,1.26,0.0,0.0,0.8,4.6,0.0,0.0,0.0,0.0,10.0,0.0,0.0,6.0,40.0,0.0,0.0,0.0,0.0,1.6666666666666667,0.0,0.0,1.0,6.666666666666667,0.0,0.0,0.0,1.6666666666666667
1552,Brock Wright,Det,TE,L 6-38,0.0,Bal,Away,62.0,10-24-23,7,False,0,10,10,2,0,1.26,0.0,0.0,0.8,4.6,0.0,0.0,0.0,0.0,10.0,0.0,0.0,6.0,40.0,0.0,0.0,0.0,0.0,1.4285714285714286,0.0,0.0,0.8571428571428571,5.714285714285714,0.0,0.0,0.0,1.4285714285714286
1449,Brock Wright,Det,TE,W 26-14,1.5,LV,Home,46.0,10-31-23,8,False,0,10,10,18,1,1.56,0.0,0.0,1.0,5.6,0.0,0.0,0.0,0.0,11.5,0.0,0.0,7.0,45.0,0.0,0.0,0.0,0.0,1.4375,0.0,0.0,0.875,5.625,0.0,0.0,0.0,1.4375
841,Brock Wright,Det,TE,W 41-38,10.3,LAC,Away,10.0,11-14-23,10,False,0,10,10,16,0,3.62,0.0,0.0,1.4,10.2,0.2,0.0,0.0,0.0,21.8,0.0,0.0,9.0,68.0,1.0,0.0,0.0,0.0,2.4222222222222225,0.0,0.0,1.0,7.555555555555555,0.1111111111111111,0.0,0.0,2.4222222222222225
436,Brock Wright,Det,TE,W 31-26,0.0,Chi,Home,67.0,11-21-23,11,False,0,10,10,5,1,2.7,0.0,0.0,0.8,7.0,0.2,0.0,0.0,0.0,21.8,0.0,0.0,9.0,68.0,1.0,0.0,0.0,0.0,2.18,0.0,0.0,0.9,6.8,0.1,0.0,0.0,2.18
966,Brock Wright,Det,TE,L 22-29,1.9,GB,Home,49.0,11-28-23,12,False,0,10,10,11,1,2.7400000000000007,0.0,0.0,0.8,7.4,0.2,0.0,0.0,0.0,23.7,0.0,0.0,10.0,77.0,1.0,0.0,0.0,0.0,2.1545454545454543,0.0,0.0,0.9090909090909091,7.0,0.09090909090909091,0.0,0.0,2.1545454545454543
514,Brock Wright,Det,TE,W 33-28,1.8,NO,Away,41.0,12-05-23,13,False,0,10,10,22,0,3.1000000000000005,0.0,0.0,1.0,9.0,0.2,0.0,0.0,0.0,25.5,0.0,0.0,11.0,85.0,1.0,0.0,0.0,0.0,2.125,0.0,0.0,0.9166666666666666,7.083333333333333,0.08333333333333333,0.0,0.0,2.125
686,Brock Wright,Det,TE,L 13-28,2.6,Chi,Away,40.0,12-12-23,14,False,0,10,10,5,0,3.3200000000000003,0.0,0.0,1.2,9.2,0.2,0.0,0.0,0.0,28.1,0.0,0.0,13.0,91.0,1.0,0.0,0.0,0.0,2.161538461538462,0.0,0.0,1.0,7.0,0.07692307692307693,0.0,0.0,2.161538461538462
1373,Brock Wright,Det,TE,W 42-17,0.0,Den,Home,81.5,12-19-23,15,False,0,10,10,9,1,1.2600000000000002,0.0,0.0,0.8,4.6,0.0,0.0,0.0,0.0,28.1,0.0,0.0,13.0,91.0,1.0,0.0,0.0,0.0,2.007142857142857,0.0,0.0,0.9285714285714286,6.5,0.07142857142857142,0.0,0.0,2.007142857142857
1188,Brycen Hopkins,LAR,TE,W 26-25,0.0,NYG,Away,76.0,01-02-24,17,False,0,11,17,23,0,0.0,0.0,0.0,0.0,0.0,0.0,0.0,0.0,0.0,0.0,0.0,0.0,0.0,0.0,0.0,0.0,0.0,0.0,0.0,0.0,0.0,0.0,0.0,0.0,0.0,0.0,0.0
756,Brycen Hopkins,LAR,TE,W 21-20,6.7,SF,Away,18.0,01-09-24,18,False,0,11,17,27,0,3.35,0.0,0.0,1.0,23.5,0.0,0.0,0.0,0.0,6.7,0.0,0.0,2.0,47.0,0.0,0.0,0.0,0.0,3.35,0.0,0.0,1.0,23.5,0.0,0.0,0.0,3.35
139,Brycen Hopkins,LAR,TE,W 30-13,3.1,Sea,Away,37.5,09-12-23,1,False,0,11,17,28,0,3.266666666666667,0.0,0.0,1.0,22.666666666666668,0.0,0.0,0.0,0.0,9.8,0.0,0.0,3.0,68.0,0.0,0.0,0.0,0.0,3.266666666666667,0.0,0.0,1.0,22.666666666666668,0.0,0.0,0.0,3.266666666666667
1279,Brycen Hopkins,LAR,TE,L 23-30,0.0,SF,Home,76.0,09-19-23,2,False,0,11,17,27,1,2.45,0.0,0.0,0.75,17.0,0.0,0.0,0.0,0.0,9.8,0.0,0.0,3.0,68.0,0.0,0.0,0.0,0.0,2.45,0.0,0.0,0.75,17.0,0.0,0.0,0.0,2.45
274,Brycen Hopkins,LAR,TE,L 16-19,0.0,Cin,Away,79.0,09-26-23,3,False,0,11,17,6,0,1.9600000000000002,0.0,0.0,0.6,13.6,0.0,0.0,0.0,0.0,9.8,0.0,0.0,3.0,68.0,0.0,0.0,0.0,0.0,1.9600000000000002,0.0,0.0,0.6,13.6,0.0,0.0,0.0,1.9600000000000002
52,Brycen Hopkins,LAR,TE,W 29-23,1.5,Ind,Away,52.5,10-03-23,4,False,0,11,17,13,0,2.2600000000000002,0.0,0.0,0.8,14.6,0.0,0.0,0.0,0.0,11.3,0.0,0.0,4.0,73.0,0.0,0.0,0.0,0.0,1.8833333333333335,0.0,0.0,0.6666666666666666,12.166666666666666,0.0,0.0,0.0,1.8833333333333335
368,Brycen Hopkins,LAR,TE,L 14-23,0.0,Phi,Home,71.0,10-10-23,5,False,0,11,17,25,1,0.9199999999999999,0.0,0.0,0.4,5.2,0.0,0.0,0.0,0.0,11.3,0.0,0.0,4.0,73.0,0.0,0.0,0.0,0.0,1.6142857142857143,0.0,0.0,0.5714285714285714,10.428571428571429,0.0,0.0,0.0,1.6142857142857143
1648,Brycen Hopkins,LAR,TE,W 26-9,0.0,Ari,Home,72.0,10-17-23,6,False,0,11,17,0,1,0.3,0.0,0.0,0.2,1.0,0.0,0.0,0.0,0.0,11.3,0.0,0.0,4.0,73.0,0.0,0.0,0.0,0.0,1.4125,0.0,0.0,0.5,9.125,0.0,0.0,0.0,1.4125
1536,Brycen Hopkins,LAR,TE,L 17-24,1.5,Pit,Home,38.0,10-24-23,7,False,0,11,17,26,1,0.6,0.0,0.0,0.4,2.0,0.0,0.0,0.0,0.0,12.8,0.0,0.0,5.0,78.0,0.0,0.0,0.0,0.0,1.4222222222222223,0.0,0.0,0.5555555555555556,8.666666666666666,0.0,0.0,0.0,1.4222222222222223
1474,Brycen Hopkins,LAR,TE,L 20-43,0.0,Dal,Away,73.0,10-31-23,8,False,0,11,17,8,0,0.6,0.0,0.0,0.4,2.0,0.0,0.0,0.0,0.0,12.8,0.0,0.0,5.0,78.0,0.0,0.0,0.0,0.0,1.28,0.0,0.0,0.5,7.8,0.0,0.0,0.0,1.28
621,Brycen Hopkins,LAR,TE,L 3-20,0.0,GB,Away,68.0,11-07-23,9,False,0,11,17,11,0,0.3,0.0,0.0,0.2,1.0,0.0,0.0,0.0,0.0,12.8,0.0,0.0,5.0,78.0,0.0,0.0,0.0,0.0,1.1636363636363638,0.0,0.0,0.45454545454545453,7.090909090909091,0.0,0.0,0.0,1.1636363636363638
450,Brycen Hopkins,LAR,TE,W 17-16,0.0,Sea,Home,67.0,11-21-23,11,False,0,11,17,28,1,0.3,0.0,0.0,0.2,1.0,0.0,0.0,0.0,0.0,12.8,0.0,0.0,5.0,78.0,0.0,0.0,0.0,0.0,1.0666666666666667,0.0,0.0,0.4166666666666667,6.5,0.0,0.0,0.0,1.0666666666666667
720,Brycen Hopkins,LAR,TE,L 31-37,0.0,Bal,Away,73.0,12-12-23,14,False,0,11,17,2,0,0.3,0.0,0.0,0.2,1.0,0.0,0.0,0.0,0.0,12.8,0.0,0.0,5.0,78.0,0.0,0.0,0.0,0.0,0.9846153846153847,0.0,0.0,0.38461538461538464,6.0,0.0,0.0,0.0,0.9846153846153847
1384,Brycen Hopkins,LAR,TE,W 28-20,0.0,Wsh,Home,81.5,12-19-23,15,False,0,11,17,31,1,0.0,0.0,0.0,0.0,0.0,0.0,0.0,0.0,0.0,12.8,0.0,0.0,5.0,78.0,0.0,0.0,0.0,0.0,0.9142857142857144,0.0,0.0,0.35714285714285715,5.571428571428571,0.0,0.0,0.0,0.9142857142857144
1097,Brycen Hopkins,LAR,TE,W 30-22,0.0,NO,Home,78.0,12-26-23,16,False,0,11,17,22,1,0.0,0.0,0.0,0.0,0.0,0.0,0.0,0.0,0.0,12.8,0.0,0.0,5.0,78.0,0.0,0.0,0.0,0.0,0.8533333333333334,0.0,0.0,0.3333333333333333,5.2,0.0,0.0,0.0,0.8533333333333334
161,C.J. Uzomah,NYJ,TE,W 22-16,0.0,Buf,Home,75.0,09-12-23,1,False,0,12,24,3,1,0.0,0.0,0.0,0.0,0.0,0.0,0.0,0.0,0.0,0.0,0.0,0.0,0.0,0.0,0.0,0.0,0.0,0.0,0.0,0.0,0.0,0.0,0.0,0.0,0.0,0.0,0.0
1266,C.J. Uzomah,NYJ,TE,L 10-30,0.0,Dal,Away,76.0,09-19-23,2,False,0,12,24,8,0,0.0,0.0,0.0,0.0,0.0,0.0,0.0,0.0,0.0,0.0,0.0,0.0,0.0,0.0,0.0,0.0,0.0,0.0,0.0,0.0,0.0,0.0,0.0,0.0,0.0,0.0,0.0
251,C.J. Uzomah,NYJ,TE,L 10-15,1.9,NE,Home,50.0,09-26-23,3,False,0,12,24,21,1,0.6333333333333333,0.0,0.0,0.3333333333333333,3.0,0.0,0.0,0.0,0.0,1.9,0.0,0.0,1.0,9.0,0.0,0.0,0.0,0.0,0.6333333333333333,0.0,0.0,0.3333333333333333,3.0,0.0,0.0,0.0,0.6333333333333333
22,C.J. Uzomah,NYJ,TE,L 20-23,7.1,KC,Home,23.0,10-03-23,4,False,0,12,24,15,1,2.25,0.0,0.0,0.5,2.5,0.25,0.0,0.0,0.0,9.0,0.0,0.0,2.0,10.0,1.0,0.0,0.0,0.0,2.25,0.0,0.0,0.5,2.5,0.25,0.0,0.0,2.25
335,C.J. Uzomah,NYJ,TE,W 31-21,3.2,Den,Away,38.0,10-10-23,5,False,0,12,24,9,0,2.44,0.0,0.0,0.8,4.4,0.2,0.0,0.0,0.0,12.2,0.0,0.0,4.0,22.0,1.0,0.0,0.0,0.0,2.44,0.0,0.0,0.8,4.4,0.2,0.0,0.0,2.44
1636,C.J. Uzomah,NYJ,TE,W 20-14,0.0,Phi,Home,72.0,10-17-23,6,False,0,12,24,25,1,2.44,0.0,0.0,0.8,4.4,0.2,0.0,0.0,0.0,12.2,0.0,0.0,4.0,22.0,1.0,0.0,0.0,0.0,2.033333333333333,0.0,0.0,0.6666666666666666,3.6666666666666665,0.16666666666666666,0.0,0.0,2.033333333333333
1435,C.J. Uzomah,NYJ,TE,W 13-10,2.9,NYG,Away,32.0,10-31-23,8,False,0,12,24,23,0,3.02,0.0,0.0,1.0,8.2,0.2,0.0,0.0,0.0,15.1,0.0,0.0,5.0,41.0,1.0,0.0,0.0,0.0,2.157142857142857,0.0,0.0,0.7142857142857143,5.857142857142857,0.14285714285714285,0.0,0.0,2.157142857142857
593,C.J. Uzomah,NYJ,TE,L 6-27,3.1,LAC,Home,34.5,11-07-23,9,False,0,12,24,16,1,3.2600000000000002,0.0,0.0,1.2,8.6,0.2,0.0,0.0,0.0,18.2,0.0,0.0,7.0,52.0,1.0,0.0,0.0,0.0,2.275,0.0,0.0,0.875,6.5,0.125,0.0,0.0,2.275
874,C.J. Uzomah,NYJ,TE,L 12-16,1.6,LV,Away,43.0,11-14-23,10,False,0,12,24,18,0,2.16,0.0,0.0,1.2,9.6,0.0,0.0,0.0,0.0,19.8,0.0,0.0,8.0,58.0,1.0,0.0,0.0,0.0,2.2,0.0,0.0,0.8888888888888888,6.444444444444445,0.1111111111111111,0.0,0.0,2.2
437,C.J. Uzomah,NYJ,TE,L 6-32,0.0,Buf,Away,67.0,11-21-23,11,False,0,12,24,3,0,1.52,0.0,0.0,0.8,7.2,0.0,0.0,0.0,0.0,19.8,0.0,0.0,8.0,58.0,1.0,0.0,0.0,0.0,1.98,0.0,0.0,0.8,5.8,0.1,0.0,0.0,1.98
981,C.J. Uzomah,NYJ,TE,L 13-34,0.0,Mia,Home,78.0,11-28-23,12,False,0,12,24,19,1,1.52,0.0,0.0,0.8,7.2,0.0,0.0,0.0,0.0,19.8,0.0,0.0,8.0,58.0,1.0,0.0,0.0,0.0,1.8,0.0,0.0,0.7272727272727273,5.2727272727272725,0.09090909090909091,0.0,0.0,1.8
530,C.J. Uzomah,NYJ,TE,L 8-13,0.0,Atl,Home,66.0,12-05-23,13,False,0,12,24,1,1,0.9399999999999998,0.0,0.0,0.6,3.4,0.0,0.0,0.0,0.0,19.8,0.0,0.0,8.0,58.0,1.0,0.0,0.0,0.0,1.6500000000000001,0.0,0.0,0.6666666666666666,4.833333333333333,0.08333333333333333,0.0,0.0,1.6500000000000001
1154,Cade Otton,TB,TE,L 13-23,3.0,NO,Home,42.0,01-02-24,17,False,0,13,29,22,1,3.0,0.0,0.0,2.0,10.0,0.0,0.0,0.0,0.0,3.0,0.0,0.0,2.0,10.0,0.0,0.0,0.0,0.0,3.0,0.0,0.0,2.0,10.0,0.0,0.0,0.0,3.0
766,Cade Otton,TB,TE,W 9-0,5.0,Car,Away,28.0,01-09-24,18,False,0,13,29,4,0,4.0,0.0,0.0,2.0,20.0,0.0,0.0,0.0,0.0,8.0,0.0,0.0,4.0,40.0,0.0,0.0,0.0,0.0,4.0,0.0,0.0,2.0,20.0,0.0,0.0,0.0,4.0
133,Cade Otton,TB,TE,W 20-17,3.9,Min,Away,32.5,09-12-23,1,False,0,13,29,20,0,3.966666666666667,0.0,0.0,2.0,19.666666666666668,0.0,0.0,0.0,0.0,11.9,0.0,0.0,6.0,59.0,0.0,0.0,0.0,0.0,3.966666666666667,0.0,0.0,2.0,19.666666666666668,0.0,0.0,0.0,3.966666666666667
1216,Cade Otton,TB,TE,W 27-17,10.1,Chi,Home,11.5,09-19-23,2,False,0,13,29,5,1,5.5,0.0,0.0,3.0,25.0,0.0,0.0,0.0,0.0,22.0,0.0,0.0,12.0,100.0,0.0,0.0,0.0,0.0,5.5,0.0,0.0,3.0,25.0,0.0,0.0,0.0,5.5
239,Cade Otton,TB,TE,L 11-25,2.6,Phi,Home,38.5,09-26-23,3,False,0,13,29,25,1,4.92,0.0,0.0,2.6,23.2,0.0,0.0,0.0,0.0,24.6,0.0,0.0,13.0,116.0,0.0,0.0,0.0,0.0,4.92,0.0,0.0,2.6,23.2,0.0,0.0,0.0,4.92
14,Cade Otton,TB,TE,W 26-9,10.3,NO,Away,15.0,10-03-23,4,False,0,13,29,22,0,6.38,0.0,0.0,2.8,23.8,0.2,0.0,0.0,0.0,34.9,0.0,0.0,16.0,129.0,1.0,0.0,0.0,0.0,5.816666666666666,0.0,0.0,2.6666666666666665,21.5,0.16666666666666666,0.0,0.0,5.816666666666666
1612,Cade Otton,TB,TE,L 6-20,2.5,Det,Home,34.0,10-17-23,6,False,0,13,29,10,1,5.88,0.0,0.0,2.6,20.8,0.2,0.0,0.0,0.0,37.4,0.0,0.0,17.0,144.0,1.0,0.0,0.0,0.0,5.3428571428571425,0.0,0.0,2.4285714285714284,20.571428571428573,0.14285714285714285,0.0,0.0,5.3428571428571425
1511,Cade Otton,TB,TE,L 13-16,9.3,Atl,Home,13.0,10-24-23,7,False,0,13,29,1,1,6.960000000000001,0.0,0.0,3.2,25.6,0.2,0.0,0.0,0.0,46.7,0.0,0.0,22.0,187.0,1.0,0.0,0.0,0.0,5.8375,0.0,0.0,2.75,23.375,0.125,0.0,0.0,5.8375
1420,Cade Otton,TB,TE,L 18-24,8.7,Buf,Away,17.0,10-31-23,8,False,0,13,29,3,0,6.68,0.0,0.0,2.8,22.8,0.2,0.0,0.0,0.0,55.4,0.0,0.0,26.0,214.0,1.0,0.0,0.0,0.0,6.155555555555555,0.0,0.0,2.888888888888889,23.77777777777778,0.1111111111111111,0.0,0.0,6.155555555555555
561,Cade Otton,TB,TE,L 37-39,23.0,Hou,Away,3.0,11-07-23,9,False,0,13,29,12,0,10.76,0.0,0.0,3.8,33.6,0.6,0.0,0.0,0.0,78.4,0.0,0.0,32.0,284.0,3.0,0.0,0.0,0.0,7.840000000000001,0.0,0.0,3.2,28.4,0.3,0.0,0.0,7.840000000000001
866,Cade Otton,TB,TE,W 20-6,3.0,Ten,Home,35.0,11-14-23,10,False,0,13,29,30,1,9.3,0.0,0.0,3.6,33.0,0.4,0.0,0.0,0.0,81.4,0.0,0.0,34.0,294.0,3.0,0.0,0.0,0.0,7.4,0.0,0.0,3.090909090909091,26.727272727272727,0.2727272727272727,0.0,0.0,7.4
397,Cade Otton,TB,TE,L 14-27,8.9,SF,Away,12.5,11-21-23,11,False,0,13,29,27,0,10.58,0.0,0.0,4.2,39.8,0.4,0.0,0.0,0.0,90.3,0.0,0.0,38.0,343.0,3.0,0.0,0.0,0.0,7.5249999999999995,0.0,0.0,3.1666666666666665,28.583333333333332,0.25,0.0,0.0,7.5249999999999995
931,Cade Otton,TB,TE,L 20-27,8.5,Ind,Away,14.5,11-28-23,12,False,0,13,29,13,0,10.419999999999998,0.0,0.0,4.0,40.2,0.4,0.0,0.0,0.0,98.8,0.0,0.0,42.0,388.0,3.0,0.0,0.0,0.0,7.6,0.0,0.0,3.230769230769231,29.846153846153847,0.23076923076923078,0.0,0.0,7.6
520,Cade Otton,TB,TE,W 21-18,0.0,Car,Home,66.0,12-05-23,13,False,0,13,29,4,1,8.68,0.0,0.0,3.2,34.8,0.4,0.0,0.0,0.0,98.8,0.0,0.0,42.0,388.0,3.0,0.0,0.0,0.0,7.057142857142857,0.0,0.0,3.0,27.714285714285715,0.21428571428571427,0.0,0.0,7.057142857142857
665,Cade Otton,TB,TE,W 29-25,9.6,Atl,Away,18.5,12-12-23,14,False,0,13,29,1,0,6.0,0.0,0.0,2.4,24.0,0.2,0.0,0.0,0.0,108.4,0.0,0.0,44.0,404.0,4.0,0.0,0.0,0.0,7.2266666666666675,0.0,0.0,2.933333333333333,26.933333333333334,0.26666666666666666,0.0,0.0,7.2266666666666675
1331,Cade Otton,TB,TE,W 34-20,6.4,GB,Away,29.0,12-19-23,15,False,0,13,29,11,0,6.68,0.0,0.0,2.4,30.8,0.2,0.0,0.0,0.0,114.8,0.0,0.0,46.0,448.0,4.0,0.0,0.0,0.0,7.175,0.0,0.0,2.875,28.0,0.25,0.0,0.0,7.175
1068,Cade Otton,TB,TE,W 30-12,1.7,Jax,Home,50.5,12-26-23,16,False,0,13,29,14,1,5.24,0.0,0.0,1.8,22.4,0.2,0.0,0.0,0.0,116.5,0.0,0.0,47.0,455.0,4.0,0.0,0.0,0.0,6.852941176470588,0.0,0.0,2.764705882352941,26.764705882352942,0.23529411764705882,0.0,0.0,6.852941176470588
1129,Charlie Kolar,Bal,TE,W 56-19,8.9,Mia,Home,17.0,01-02-24,17,False,0,14,2,19,1,8.9,0.0,0.0,1.0,19.0,1.0,0.0,0.0,0.0,8.9,0.0,0.0,1.0,19.0,1.0,0.0,0.0,0.0,8.9,0.0,0.0,1.0,19.0,1.0,0.0,0.0,8.9
763,Charlie Kolar,Bal,TE,L 10-17,5.3,Pit,Home,25.0,01-09-24,18,False,0,14,2,26,1,7.1,0.0,0.0,2.0,21.0,0.5,0.0,0.0,0.0,14.2,0.0,0.0,4.0,42.0,1.0,0.0,0.0,0.0,7.1,0.0,0.0,2.0,21.0,0.5,0.0,0.0,7.1
184,Charlie Kolar,Bal,TE,W 25-9,0.0,Hou,Home,75.0,09-12-23,1,False,0,14,2,12,1,4.733333333333333,0.0,0.0,1.3333333333333333,14.0,0.3333333333333333,0.0,0.0,0.0,14.2,0.0,0.0,4.0,42.0,1.0,0.0,0.0,0.0,4.733333333333333,0.0,0.0,1.3333333333333333,14.0,0.3333333333333333,0.0,0.0,4.733333333333333
282,Charlie Kolar,Bal,TE,L 19-22,0.0,Ind,Home,79.0,09-26-23,3,False,0,14,2,13,1,3.55,0.0,0.0,1.0,10.5,0.25,0.0,0.0,0.0,14.2,0.0,0.0,4.0,42.0,1.0,0.0,0.0,0.0,3.55,0.0,0.0,1.0,10.5,0.25,0.0,0.0,3.55
83,Charlie Kolar,Bal,TE,W 28-3,0.0,Cle,Away,79.5,10-03-23,4,False,0,14,2,7,0,2.84,0.0,0.0,0.8,8.4,0.2,0.0,0.0,0.0,14.2,0.0,0.0,4.0,42.0,1.0,0.0,0.0,0.0,2.84,0.0,0.0,0.8,8.4,0.2,0.0,0.0,2.84
1657,Charlie Kolar,Bal,TE,W 24-16,0.0,Ten,Away,72.0,10-17-23,6,False,0,14,2,30,0,1.06,0.0,0.0,0.6,4.6,0.0,0.0,0.0,0.0,14.2,0.0,0.0,4.0,42.0,1.0,0.0,0.0,0.0,2.3666666666666667,0.0,0.0,0.6666666666666666,7.0,0.16666666666666666,0.0,0.0,2.3666666666666667
1569,Charlie Kolar,Bal,TE,W 38-6,0.0,Det,Home,62.0,10-24-23,7,False,0,14,2,10,1,0.0,0.0,0.0,0.0,0.0,0.0,0.0,0.0,0.0,14.2,0.0,0.0,4.0,42.0,1.0,0.0,0.0,0.0,2.0285714285714285,0.0,0.0,0.5714285714285714,6.0,0.14285714285714285,0.0,0.0,2.0285714285714285
1482,Charlie Kolar,Bal,TE,W 31-24,0.0,Ari,Away,73.0,10-31-23,8,False,0,14,2,0,0,0.0,0.0,0.0,0.0,0.0,0.0,0.0,0.0,0.0,14.2,0.0,0.0,4.0,42.0,1.0,0.0,0.0,0.0,1.775,0.0,0.0,0.5,5.25,0.125,0.0,0.0,1.775
629,Charlie Kolar,Bal,TE,W 37-3,0.0,Sea,Home,68.0,11-07-23,9,False,0,14,2,28,1,0.0,0.0,0.0,0.0,0.0,0.0,0.0,0.0,0.0,14.2,0.0,0.0,4.0,42.0,1.0,0.0,0.0,0.0,1.5777777777777777,0.0,0.0,0.4444444444444444,4.666666666666667,0.1111111111111111,0.0,0.0,1.5777777777777777
901,Charlie Kolar,Bal,TE,L 31-33,0.0,Cle,Home,69.5,11-14-23,10,False,0,14,2,7,1,0.0,0.0,0.0,0.0,0.0,0.0,0.0,0.0,0.0,14.2,0.0,0.0,4.0,42.0,1.0,0.0,0.0,0.0,1.42,0.0,0.0,0.4,4.2,0.1,0.0,0.0,1.42
420,Charlie Kolar,Bal,TE,W 34-20,2.3,Cin,Home,35.0,11-21-23,11,False,0,14,2,6,1,0.45999999999999996,0.0,0.0,0.2,2.6,0.0,0.0,0.0,0.0,16.5,0.0,0.0,5.0,55.0,1.0,0.0,0.0,0.0,1.5,0.0,0.0,0.45454545454545453,5.0,0.09090909090909091,0.0,0.0,1.5
988,Charlie Kolar,Bal,TE,W 20-10,0.0,LAC,Away,78.0,11-28-23,12,False,0,14,2,16,0,0.45999999999999996,0.0,0.0,0.2,2.6,0.0,0.0,0.0,0.0,16.5,0.0,0.0,5.0,55.0,1.0,0.0,0.0,0.0,1.375,0.0,0.0,0.4166666666666667,4.583333333333333,0.08333333333333333,0.0,0.0,1.375
710,Charlie Kolar,Bal,TE,W 37-31,0.0,LAR,Home,73.0,12-12-23,14,False,0,14,2,17,1,0.45999999999999996,0.0,0.0,0.2,2.6,0.0,0.0,0.0,0.0,16.5,0.0,0.0,5.0,55.0,1.0,0.0,0.0,0.0,1.2692307692307692,0.0,0.0,0.38461538461538464,4.230769230769231,0.07692307692307693,0.0,0.0,1.2692307692307692
1349,Charlie Kolar,Bal,TE,W 23-7,2.5,Jax,Away,47.0,12-19-23,15,False,0,14,2,14,0,0.96,0.0,0.0,0.4,5.6,0.0,0.0,0.0,0.0,19.0,0.0,0.0,6.0,70.0,1.0,0.0,0.0,0.0,1.3571428571428572,0.0,0.0,0.42857142857142855,5.0,0.07142857142857142,0.0,0.0,1.3571428571428572
1063,Charlie Kolar,Bal,TE,W 33-19,2.7,SF,Away,46.0,12-26-23,16,False,0,14,2,27,0,1.5,0.0,0.0,0.6,9.0,0.0,0.0,0.0,0.0,21.7,0.0,0.0,7.0,87.0,1.0,0.0,0.0,0.0,1.4466666666666665,0.0,0.0,0.4666666666666667,5.8,0.06666666666666667,0.0,0.0,1.4466666666666665
1190,Charlie Woerner,SF,TE,W 27-10,0.0,Wsh,Away,76.0,01-02-24,17,False,0,15,27,31,0,0.0,0.0,0.0,0.0,0.0,0.0,0.0,0.0,0.0,0.0,0.0,0.0,0.0,0.0,0.0,0.0,0.0,0.0,0.0,0.0,0.0,0.0,0.0,0.0,0.0,0.0,0.0
780,Charlie Woerner,SF,TE,L 20-21,3.0,LAR,Home,42.0,01-09-24,18,False,0,15,27,17,1,1.5,0.0,0.0,0.5,10.0,0.0,0.0,0.0,0.0,3.0,0.0,0.0,1.0,20.0,0.0,0.0,0.0,0.0,1.5,0.0,0.0,0.5,10.0,0.0,0.0,0.0,1.5
187,Charlie Woerner,SF,TE,W 30-7,0.0,Pit,Away,75.0,09-12-23,1,False,0,15,27,26,0,1.0,0.0,0.0,0.3333333333333333,6.666666666666667,0.0,0.0,0.0,0.0,3.0,0.0,0.0,1.0,20.0,0.0,0.0,0.0,0.0,1.0,0.0,0.0,0.3333333333333333,6.666666666666667,0.0,0.0,0.0,1.0
1291,Charlie Woerner,SF,TE,W 30-23,0.0,LAR,Away,76.0,09-19-23,2,False,0,15,27,17,0,0.75,0.0,0.0,0.25,5.0,0.0,0.0,0.0,0.0,3.0,0.0,0.0,1.0,20.0,0.0,0.0,0.0,0.0,0.75,0.0,0.0,0.25,5.0,0.0,0.0,0.0,0.75
285,Charlie Woerner,SF,TE,W 30-12,0.0,NYG,Home,79.0,09-26-23,3,False,0,15,27,23,1,0.6,0.0,0.0,0.2,4.0,0.0,0.0,0.0,0.0,3.0,0.0,0.0,1.0,20.0,0.0,0.0,0.0,0.0,0.6,0.0,0.0,0.2,4.0,0.0,0.0,0.0,0.6
85,Charlie Woerner,SF,TE,W 35-16,0.0,Ari,Home,79.5,10-03-23,4,False,0,15,27,0,1,0.6,0.0,0.0,0.2,4.0,0.0,0.0,0.0,0.0,3.0,0.0,0.0,1.0,20.0,0.0,0.0,0.0,0.0,0.5,0.0,0.0,0.16666666666666666,3.3333333333333335,0.0,0.0,0.0,0.5
375,Charlie Woerner,SF,TE,W 42-10,0.0,Dal,Home,71.0,10-10-23,5,False,0,15,27,8,1,0.0,0.0,0.0,0.0,0.0,0.0,0.0,0.0,0.0,3.0,0.0,0.0,1.0,20.0,0.0,0.0,0.0,0.0,0.42857142857142855,0.0,0.0,0.14285714285714285,2.857142857142857,0.0,0.0,0.0,0.42857142857142855
1656,Charlie Woerner,SF,TE,L 17-19,0.0,Cle,Away,72.0,10-17-23,6,False,0,15,27,7,0,0.0,0.0,0.0,0.0,0.0,0.0,0.0,0.0,0.0,3.0,0.0,0.0,1.0,20.0,0.0,0.0,0.0,0.0,0.375,0.0,0.0,0.125,2.5,0.0,0.0,0.0,0.375
1568,Charlie Woerner,SF,TE,L 17-22,0.0,Min,Away,62.0,10-24-23,7,False,0,15,27,20,0,0.0,0.0,0.0,0.0,0.0,0.0,0.0,0.0,0.0,3.0,0.0,0.0,1.0,20.0,0.0,0.0,0.0,0.0,0.3333333333333333,0.0,0.0,0.1111111111111111,2.2222222222222223,0.0,0.0,0.0,0.3333333333333333
1481,Charlie Woerner,SF,TE,L 17-31,0.0,Cin,Home,73.0,10-31-23,8,False,0,15,27,6,1,0.0,0.0,0.0,0.0,0.0,0.0,0.0,0.0,0.0,3.0,0.0,0.0,1.0,20.0,0.0,0.0,0.0,0.0,0.3,0.0,0.0,0.1,2.0,0.0,0.0,0.0,0.3
899,Charlie Woerner,SF,TE,W 34-3,0.0,Jax,Away,69.5,11-14-23,10,False,0,15,27,14,0,0.0,0.0,0.0,0.0,0.0,0.0,0.0,0.0,0.0,3.0,0.0,0.0,1.0,20.0,0.0,0.0,0.0,0.0,0.2727272727272727,0.0,0.0,0.09090909090909091,1.8181818181818181,0.0,0.0,0.0,0.2727272727272727
460,Charlie Woerner,SF,TE,W 27-14,0.0,TB,Home,67.0,11-21-23,11,False,0,15,27,29,1,0.0,0.0,0.0,0.0,0.0,0.0,0.0,0.0,0.0,3.0,0.0,0.0,1.0,20.0,0.0,0.0,0.0,0.0,0.25,0.0,0.0,0.08333333333333333,1.6666666666666667,0.0,0.0,0.0,0.25
969,Charlie Woerner,SF,TE,W 31-13,1.9,Sea,Away,49.0,11-28-23,12,False,0,15,27,28,0,0.38,0.0,0.0,0.2,1.8,0.0,0.0,0.0,0.0,4.9,0.0,0.0,2.0,29.0,0.0,0.0,0.0,0.0,0.37692307692307697,0.0,0.0,0.15384615384615385,2.230769230769231,0.0,0.0,0.0,0.37692307692307697
542,Charlie Woerner,SF,TE,W 42-19,0.0,Phi,Away,66.0,12-05-23,13,False,0,15,27,25,0,0.38,0.0,0.0,0.2,1.8,0.0,0.0,0.0,0.0,4.9,0.0,0.0,2.0,29.0,0.0,0.0,0.0,0.0,0.35000000000000003,0.0,0.0,0.14285714285714285,2.0714285714285716,0.0,0.0,0.0,0.35000000000000003
697,Charlie Woerner,SF,TE,W 28-16,1.3,Sea,Home,50.0,12-12-23,14,False,0,15,27,28,1,0.64,0.0,0.0,0.4,2.4,0.0,0.0,0.0,0.0,6.2,0.0,0.0,3.0,32.0,0.0,0.0,0.0,0.0,0.41333333333333333,0.0,0.0,0.2,2.1333333333333333,0.0,0.0,0.0,0.41333333333333333
1386,Charlie Woerner,SF,TE,W 45-29,0.0,Ari,Away,81.5,12-19-23,15,False,0,15,27,0,0,0.64,0.0,0.0,0.4,2.4,0.0,0.0,0.0,0.0,6.2,0.0,0.0,3.0,32.0,0.0,0.0,0.0,0.0,0.3875,0.0,0.0,0.1875,2.0,0.0,0.0,0.0,0.3875
1098,Charlie Woerner,SF,TE,L 19-33,0.0,Bal,Home,78.0,12-26-23,16,False,0,15,27,2,1,0.64,0.0,0.0,0.4,2.4,0.0,0.0,0.0,0.0,6.2,0.0,0.0,3.0,32.0,0.0,0.0,0.0,0.0,0.3647058823529412,0.0,0.0,0.17647058823529413,1.8823529411764706,0.0,0.0,0.0,0.3647058823529412
1138,Chigoziem Okonkwo,Ten,TE,L 3-26,6.4,Hou,Away,26.0,01-02-24,17,False,0,16,30,12,0,6.4,0.0,0.0,3.0,34.0,0.0,0.0,0.0,0.0,6.4,0.0,0.0,3.0,34.0,0.0,0.0,0.0,0.0,6.4,0.0,0.0,3.0,34.0,0.0,0.0,0.0,6.4
761,Chigoziem Okonkwo,Ten,TE,W 28-20,5.6,Jax,Home,23.0,01-09-24,18,False,0,16,30,14,1,6.0,0.0,0.0,2.5,35.0,0.0,0.0,0.0,0.0,12.0,0.0,0.0,5.0,70.0,0.0,0.0,0.0,0.0,6.0,0.0,0.0,2.5,35.0,0.0,0.0,0.0,6.0
153,Chigoziem Okonkwo,Ten,TE,L 15-16,0.0,NO,Away,75.0,09-12-23,1,False,0,16,30,22,0,4.0,0.0,0.0,1.6666666666666667,23.333333333333332,0.0,0.0,0.0,0.0,12.0,0.0,0.0,5.0,70.0,0.0,0.0,0.0,0.0,4.0,0.0,0.0,1.6666666666666667,23.333333333333332,0.0,0.0,0.0,4.0
1229,Chigoziem Okonkwo,Ten,TE,W 27-24,7.5,LAC,Home,24.0,09-19-23,2,False,0,16,30,16,1,4.875,0.0,0.0,2.25,26.25,0.0,0.0,0.0,0.0,19.5,0.0,0.0,9.0,105.0,0.0,0.0,0.0,0.0,4.875,0.0,0.0,2.25,26.25,0.0,0.0,0.0,4.875
229,Chigoziem Okonkwo,Ten,TE,L 3-27,3.7,Cle,Away,28.5,09-26-23,3,False,0,16,30,7,0,4.64,0.0,0.0,2.4,22.4,0.0,0.0,0.0,0.0,23.2,0.0,0.0,12.0,112.0,0.0,0.0,0.0,0.0,4.64,0.0,0.0,2.4,22.4,0.0,0.0,0.0,4.64
24,Chigoziem Okonkwo,Ten,TE,W 27-3,5.9,Cin,Home,25.0,10-03-23,4,False,0,16,30,6,1,4.54,0.0,0.0,2.4,21.4,0.0,0.0,0.0,0.0,29.1,0.0,0.0,15.0,141.0,0.0,0.0,0.0,0.0,4.8500000000000005,0.0,0.0,2.5,23.5,0.0,0.0,0.0,4.8500000000000005
315,Chigoziem Okonkwo,Ten,TE,L 16-23,8.3,Ind,Away,17.0,10-10-23,5,False,0,16,30,13,0,5.08,0.0,0.0,3.0,20.8,0.0,0.0,0.0,0.0,37.400000000000006,0.0,0.0,20.0,174.0,0.0,0.0,0.0,0.0,5.342857142857143,0.0,0.0,2.857142857142857,24.857142857142858,0.0,0.0,0.0,5.342857142857143
1607,Chigoziem Okonkwo,Ten,TE,L 16-24,3.8,Bal,Home,28.5,10-17-23,6,False,0,16,30,2,1,5.840000000000001,0.0,0.0,3.4,24.4,0.0,0.0,0.0,0.0,41.2,0.0,0.0,22.0,192.0,0.0,0.0,0.0,0.0,5.15,0.0,0.0,2.75,24.0,0.0,0.0,0.0,5.15
1424,Chigoziem Okonkwo,Ten,TE,W 28-23,6.7,Atl,Home,21.0,10-31-23,8,False,0,16,30,1,1,5.680000000000001,0.0,0.0,3.4,22.0,0.0,0.2,0.8,0.0,47.900000000000006,0.0,0.0,26.0,215.0,0.0,1.0,4.0,0.0,5.322222222222223,0.0,0.0,2.888888888888889,23.88888888888889,0.0,0.1111111111111111,0.4444444444444444,5.322222222222223
584,Chigoziem Okonkwo,Ten,TE,L 16-20,5.8,Pit,Away,26.0,11-07-23,9,False,0,16,30,26,0,6.1000000000000005,0.0,0.0,3.4,26.2,0.0,0.2,0.8,0.0,53.7,0.0,0.0,29.0,243.0,0.0,1.0,4.0,0.0,5.37,0.0,0.0,2.9,24.3,0.0,0.1,0.4,5.37
851,Chigoziem Okonkwo,Ten,TE,L 6-20,5.7,TB,Away,20.0,11-14-23,10,False,0,16,30,29,0,6.0600000000000005,0.0,0.0,3.4,25.8,0.0,0.2,0.8,0.0,59.400000000000006,0.0,0.0,32.0,270.0,0.0,1.0,4.0,0.0,5.4,0.0,0.0,2.909090909090909,24.545454545454547,0.0,0.09090909090909091,0.36363636363636365,5.4
427,Chigoziem Okonkwo,Ten,TE,L 14-34,1.6,Jax,Away,42.0,11-21-23,11,False,0,16,30,14,0,4.720000000000001,0.0,0.0,2.6,20.4,0.0,0.2,0.8,0.0,61.0,0.0,0.0,33.0,276.0,0.0,1.0,4.0,0.0,5.083333333333333,0.0,0.0,2.75,23.0,0.0,0.08333333333333333,0.3333333333333333,5.083333333333333
933,Chigoziem Okonkwo,Ten,TE,W 17-10,8.5,Car,Home,14.5,11-28-23,12,False,0,16,30,4,1,5.659999999999999,0.0,0.0,3.0,25.8,0.0,0.2,0.8,0.0,69.5,0.0,0.0,37.0,321.0,0.0,1.0,4.0,0.0,5.346153846153846,0.0,0.0,2.8461538461538463,24.692307692307693,0.0,0.07692307692307693,0.3076923076923077,5.346153846153846
483,Chigoziem Okonkwo,Ten,TE,L 28-31,9.4,Ind,Home,10.5,12-05-23,13,False,0,16,30,13,1,6.2,0.0,0.0,2.8,33.6,0.0,0.2,0.4,0.0,78.9,0.0,0.0,40.0,383.0,0.0,2.0,6.0,0.0,5.635714285714286,0.0,0.0,2.857142857142857,27.357142857142858,0.0,0.14285714285714285,0.42857142857142855,5.635714285714286
663,Chigoziem Okonkwo,Ten,TE,W 28-27,9.6,Mia,Away,18.5,12-12-23,14,False,0,16,30,19,0,6.959999999999999,0.0,0.0,3.2,37.2,0.0,0.2,0.4,0.0,88.5,0.0,0.0,45.0,429.0,0.0,2.0,6.0,0.0,5.9,0.0,0.0,3.0,28.6,0.0,0.13333333333333333,0.4,5.9
1330,Chigoziem Okonkwo,Ten,TE,L 16-19,6.6,Hou,Home,28.0,12-19-23,15,False,0,16,30,12,1,7.140000000000001,0.0,0.0,3.2,39.0,0.0,0.2,0.4,0.0,95.1,0.0,0.0,48.0,465.0,0.0,2.0,6.0,0.0,5.94375,0.0,0.0,3.0,29.0625,0.0,0.125,0.375,5.94375
1019,Chigoziem Okonkwo,Ten,TE,L 17-20,18.3,Sea,Home,2.0,12-26-23,16,False,0,16,30,28,1,10.48,0.0,0.0,4.2,50.4,0.2,0.2,0.4,0.0,113.4,0.0,0.0,54.0,528.0,1.0,2.0,6.0,0.0,6.670588235294118,0.0,0.0,3.176470588235294,31.058823529411764,0.058823529411764705,0.11764705882352941,0.35294117647058826,6.670588235294118
1192,Chris Manhertz,Den,TE,W 16-9,0.0,LAC,Home,76.0,01-02-24,17,False,0,17,9,16,1,0.0,0.0,0.0,0.0,0.0,0.0,0.0,0.0,0.0,0.0,0.0,0.0,0.0,0.0,0.0,0.0,0.0,0.0,0.0,0.0,0.0,0.0,0.0,0.0,0.0,0.0,0.0
185,Chris Manhertz,Den,TE,L 16-17,0.0,LV,Home,75.0,09-12-23,1,False,0,17,9,18,1,0.0,0.0,0.0,0.0,0.0,0.0,0.0,0.0,0.0,0.0,0.0,0.0,0.0,0.0,0.0,0.0,0.0,0.0,0.0,0.0,0.0,0.0,0.0,0.0,0.0,0.0,0.0
1289,Chris Manhertz,Den,TE,L 33-35,0.0,Wsh,Home,76.0,09-19-23,2,False,0,17,9,31,1,0.0,0.0,0.0,0.0,0.0,0.0,0.0,0.0,0.0,0.0,0.0,0.0,0.0,0.0,0.0,0.0,0.0,0.0,0.0,0.0,0.0,0.0,0.0,0.0,0.0,0.0,0.0
283,Chris Manhertz,Den,TE,L 20-70,0.0,Mia,Away,79.0,09-26-23,3,False,0,17,9,19,0,0.0,0.0,0.0,0.0,0.0,0.0,0.0,0.0,0.0,0.0,0.0,0.0,0.0,0.0,0.0,0.0,0.0,0.0,0.0,0.0,0.0,0.0,0.0,0.0,0.0,0.0,0.0
43,Chris Manhertz,Den,TE,W 31-28,2.0,Chi,Away,43.5,10-03-23,4,False,0,17,9,5,0,0.4,0.0,0.0,0.2,2.0,0.0,0.0,0.0,0.0,2.0,0.0,0.0,1.0,10.0,0.0,0.0,0.0,0.0,0.4,0.0,0.0,0.2,2.0,0.0,0.0,0.0,0.4
373,Chris Manhertz,Den,TE,L 21-31,0.0,NYJ,Home,71.0,10-10-23,5,False,0,17,9,24,1,0.4,0.0,0.0,0.2,2.0,0.0,0.0,0.0,0.0,2.0,0.0,0.0,1.0,10.0,0.0,0.0,0.0,0.0,0.3333333333333333,0.0,0.0,0.16666666666666666,1.6666666666666667,0.0,0.0,0.0,0.3333333333333333
1653,Chris Manhertz,Den,TE,L 8-19,0.0,KC,Away,72.0,10-17-23,6,False,0,17,9,15,0,0.4,0.0,0.0,0.2,2.0,0.0,0.0,0.0,0.0,2.0,0.0,0.0,1.0,10.0,0.0,0.0,0.0,0.0,0.2857142857142857,0.0,0.0,0.14285714285714285,1.4285714285714286,0.0,0.0,0.0,0.2857142857142857
1565,Chris Manhertz,Den,TE,W 19-17,0.0,GB,Home,62.0,10-24-23,7,False,0,17,9,11,1,0.4,0.0,0.0,0.2,2.0,0.0,0.0,0.0,0.0,2.0,0.0,0.0,1.0,10.0,0.0,0.0,0.0,0.0,0.25,0.0,0.0,0.125,1.25,0.0,0.0,0.0,0.25
1479,Chris Manhertz,Den,TE,W 24-9,0.0,KC,Home,73.0,10-31-23,8,False,0,17,9,15,1,0.4,0.0,0.0,0.2,2.0,0.0,0.0,0.0,0.0,2.0,0.0,0.0,1.0,10.0,0.0,0.0,0.0,0.0,0.2222222222222222,0.0,0.0,0.1111111111111111,1.1111111111111112,0.0,0.0,0.0,0.2222222222222222
876,Chris Manhertz,Den,TE,W 24-22,1.6,Buf,Away,43.0,11-14-23,10,False,0,17,9,3,0,0.32,0.0,0.0,0.2,1.2,0.0,0.0,0.0,0.0,3.6,0.0,0.0,2.0,16.0,0.0,0.0,0.0,0.0,0.36,0.0,0.0,0.2,1.6,0.0,0.0,0.0,0.36
455,Chris Manhertz,Den,TE,W 21-20,0.0,Min,Home,67.0,11-21-23,11,False,0,17,9,20,1,0.32,0.0,0.0,0.2,1.2,0.0,0.0,0.0,0.0,3.6,0.0,0.0,2.0,16.0,0.0,0.0,0.0,0.0,0.32727272727272727,0.0,0.0,0.18181818181818182,1.4545454545454546,0.0,0.0,0.0,0.32727272727272727
997,Chris Manhertz,Den,TE,W 29-12,0.0,Cle,Home,78.0,11-28-23,12,False,0,17,9,7,1,0.32,0.0,0.0,0.2,1.2,0.0,0.0,0.0,0.0,3.6,0.0,0.0,2.0,16.0,0.0,0.0,0.0,0.0,0.3,0.0,0.0,0.16666666666666666,1.3333333333333333,0.0,0.0,0.0,0.3
544,Chris Manhertz,Den,TE,L 17-22,0.0,Hou,Away,66.0,12-05-23,13,False,0,17,9,12,0,0.32,0.0,0.0,0.2,1.2,0.0,0.0,0.0,0.0,3.6,0.0,0.0,2.0,16.0,0.0,0.0,0.0,0.0,0.27692307692307694,0.0,0.0,0.15384615384615385,1.2307692307692308,0.0,0.0,0.0,0.27692307692307694
721,Chris Manhertz,Den,TE,W 24-7,0.0,LAC,Away,73.0,12-12-23,14,False,0,17,9,16,0,0.32,0.0,0.0,0.2,1.2,0.0,0.0,0.0,0.0,3.6,0.0,0.0,2.0,16.0,0.0,0.0,0.0,0.0,0.2571428571428572,0.0,0.0,0.14285714285714285,1.1428571428571428,0.0,0.0,0.0,0.2571428571428572
1388,Chris Manhertz,Den,TE,L 17-42,0.0,Det,Away,81.5,12-19-23,15,False,0,17,9,10,0,0.0,0.0,0.0,0.0,0.0,0.0,0.0,0.0,0.0,3.6,0.0,0.0,2.0,16.0,0.0,0.0,0.0,0.0,0.24000000000000002,0.0,0.0,0.13333333333333333,1.0666666666666667,0.0,0.0,0.0,0.24000000000000002
1099,Chris Manhertz,Den,TE,L 23-26,0.0,NE,Home,78.0,12-26-23,16,False,0,17,9,21,1,0.0,0.0,0.0,0.0,0.0,0.0,0.0,0.0,0.0,3.6,0.0,0.0,2.0,16.0,0.0,0.0,0.0,0.0,0.225,0.0,0.0,0.125,1.0,0.0,0.0,0.0,0.225
1141,Colby Parkinson,Sea,TE,L 23-30,5.8,Pit,Home,28.5,01-02-24,17,False,0,18,28,26,1,5.8,0.0,0.0,2.0,38.0,0.0,0.0,0.0,0.0,5.8,0.0,0.0,2.0,38.0,0.0,0.0,0.0,0.0,5.8,0.0,0.0,2.0,38.0,0.0,0.0,0.0,5.8
769,Colby Parkinson,Sea,TE,W 21-20,3.8,Ari,Away,31.5,01-09-24,18,False,0,18,28,0,0,4.8,0.0,0.0,2.5,23.0,0.0,0.0,0.0,0.0,9.6,0.0,0.0,5.0,46.0,0.0,0.0,0.0,0.0,4.8,0.0,0.0,2.5,23.0,0.0,0.0,0.0,4.8
146,Colby Parkinson,Sea,TE,L 13-30,1.8,LAR,Home,45.0,09-12-23,1,False,0,18,28,17,1,3.8000000000000003,0.0,0.0,2.0,18.0,0.0,0.0,0.0,0.0,11.4,0.0,0.0,6.0,54.0,0.0,0.0,0.0,0.0,3.8000000000000003,0.0,0.0,2.0,18.0,0.0,0.0,0.0,3.8000000000000003
1236,Colby Parkinson,Sea,TE,W 37-31,6.1,Det,Away,31.0,09-19-23,2,False,0,18,28,10,0,4.375,0.0,0.0,2.0,23.75,0.0,0.0,0.0,0.0,17.5,0.0,0.0,8.0,95.0,0.0,0.0,0.0,0.0,4.375,0.0,0.0,2.0,23.75,0.0,0.0,0.0,4.375
222,Colby Parkinson,Sea,TE,W 37-27,6.8,Car,Home,22.0,09-26-23,3,False,0,18,28,4,1,4.859999999999999,0.0,0.0,2.2,26.6,0.0,0.0,0.0,0.0,24.299999999999997,0.0,0.0,11.0,133.0,0.0,0.0,0.0,0.0,4.859999999999999,0.0,0.0,2.2,26.6,0.0,0.0,0.0,4.859999999999999
70,Colby Parkinson,Sea,TE,W 24-3,0.0,NYG,Away,79.5,10-03-23,4,False,0,18,28,23,0,3.7,0.0,0.0,1.8,19.0,0.0,0.0,0.0,0.0,24.299999999999997,0.0,0.0,11.0,133.0,0.0,0.0,0.0,0.0,4.05,0.0,0.0,1.8333333333333333,22.166666666666668,0.0,0.0,0.0,4.05
1600,Colby Parkinson,Sea,TE,L 13-17,4.9,Cin,Away,22.0,10-17-23,6,False,0,18,28,6,0,3.9200000000000004,0.0,0.0,1.8,21.2,0.0,0.0,0.0,0.0,29.2,0.0,0.0,14.0,152.0,0.0,0.0,0.0,0.0,4.171428571428572,0.0,0.0,2.0,21.714285714285715,0.0,0.0,0.0,4.171428571428572
1522,Colby Parkinson,Sea,TE,W 20-10,4.6,Ari,Home,24.0,10-24-23,7,False,0,18,28,0,1,4.4799999999999995,0.0,0.0,2.0,24.8,0.0,0.0,0.0,0.0,33.8,0.0,0.0,16.0,178.0,0.0,0.0,0.0,0.0,4.225,0.0,0.0,2.0,22.25,0.0,0.0,0.0,4.225
1465,Colby Parkinson,Sea,TE,W 24-20,0.0,Cle,Home,73.0,10-31-23,8,False,0,18,28,7,1,3.2600000000000002,0.0,0.0,1.6,16.6,0.0,0.0,0.0,0.0,33.8,0.0,0.0,16.0,178.0,0.0,0.0,0.0,0.0,3.755555555555555,0.0,0.0,1.7777777777777777,19.77777777777778,0.0,0.0,0.0,3.755555555555555
603,Colby Parkinson,Sea,TE,L 3-37,1.6,Bal,Away,45.0,11-07-23,9,False,0,18,28,2,0,2.2199999999999998,0.0,0.0,1.2,10.2,0.0,0.0,0.0,0.0,35.4,0.0,0.0,17.0,184.0,0.0,0.0,0.0,0.0,3.54,0.0,0.0,1.7,18.4,0.0,0.0,0.0,3.54
880,Colby Parkinson,Sea,TE,W 29-26,1.3,Wsh,Home,49.0,11-14-23,10,False,0,18,28,31,1,2.48,0.0,0.0,1.4,10.8,0.0,0.0,0.0,0.0,36.699999999999996,0.0,0.0,18.0,187.0,0.0,0.0,0.0,0.0,3.336363636363636,0.0,0.0,1.6363636363636365,17.0,0.0,0.0,0.0,3.336363636363636
442,Colby Parkinson,Sea,TE,L 16-17,0.0,LAR,Away,67.0,11-21-23,11,False,0,18,28,17,0,1.5,0.0,0.0,0.8,7.0,0.0,0.0,0.0,0.0,36.699999999999996,0.0,0.0,18.0,187.0,0.0,0.0,0.0,0.0,3.058333333333333,0.0,0.0,1.5,15.583333333333334,0.0,0.0,0.0,3.058333333333333
967,Colby Parkinson,Sea,TE,L 13-31,1.9,SF,Home,49.0,11-28-23,12,False,0,18,28,27,1,0.96,0.0,0.0,0.6,3.6,0.0,0.0,0.0,0.0,38.6,0.0,0.0,19.0,196.0,0.0,0.0,0.0,0.0,2.9692307692307693,0.0,0.0,1.4615384615384615,15.076923076923077,0.0,0.0,0.0,2.9692307692307693
532,Colby Parkinson,Sea,TE,L 35-41,0.0,Dal,Away,66.0,12-05-23,13,False,0,18,28,8,0,0.96,0.0,0.0,0.6,3.6,0.0,0.0,0.0,0.0,38.6,0.0,0.0,19.0,196.0,0.0,0.0,0.0,0.0,2.757142857142857,0.0,0.0,1.3571428571428572,14.0,0.0,0.0,0.0,2.757142857142857
657,Colby Parkinson,Sea,TE,L 16-28,10.8,SF,Away,11.0,12-12-23,14,False,0,18,28,27,0,2.8,0.0,0.0,0.8,8.0,0.2,0.0,0.0,0.0,49.4,0.0,0.0,21.0,224.0,1.0,0.0,0.0,0.0,3.2933333333333334,0.0,0.0,1.4,14.933333333333334,0.06666666666666667,0.0,0.0,3.2933333333333334
1359,Colby Parkinson,Sea,TE,W 20-17,1.6,Phi,Home,56.5,12-19-23,15,False,0,18,28,25,1,2.86,0.0,0.0,0.8,8.6,0.2,0.0,0.0,0.0,51.0,0.0,0.0,22.0,230.0,1.0,0.0,0.0,0.0,3.1875,0.0,0.0,1.375,14.375,0.0625,0.0,0.0,3.1875
1031,Colby Parkinson,Sea,TE,W 20-17,10.7,Ten,Away,14.0,12-26-23,16,False,0,18,28,30,0,5.0,0.0,0.0,1.4,12.0,0.4,0.0,0.0,0.0,61.7,0.0,0.0,25.0,247.0,2.0,0.0,0.0,0.0,3.6294117647058823,0.0,0.0,1.4705882352941178,14.529411764705882,0.11764705882352941,0.0,0.0,3.6294117647058823
1203,Cole Fotheringham,LV,TE,L 20-23,0.0,Ind,Away,76.0,01-02-24,17,False,0,19,18,13,0,0.0,0.0,0.0,0.0,0.0,0.0,0.0,0.0,0.0,0.0,0.0,0.0,0.0,0.0,0.0,0.0,0.0,0.0,0.0,0.0,0.0,0.0,0.0,0.0,0.0,0.0,0.0
1072,Cole Fotheringham,LV,TE,W 20-14,1.6,KC,Away,53.5,12-26-23,16,False,0,19,18,15,0,0.8,0.0,0.0,0.5,3.0,0.0,0.0,0.0,0.0,1.6,0.0,0.0,1.0,6.0,0.0,0.0,0.0,0.0,0.8,0.0,0.0,0.5,3.0,0.0,0.0,0.0,0.8
1172,Cole Kmet,Chi,TE,W 37-17,0.0,Atl,Home,76.0,01-02-24,17,False,0,20,5,1,1,0.0,0.0,0.0,0.0,0.0,0.0,0.0,0.0,0.0,0.0,0.0,0.0,0.0,0.0,0.0,0.0,0.0,0.0,0.0,0.0,0.0,0.0,0.0,0.0,0.0,0.0,0.0
754,Cole Kmet,Chi,TE,L 9-17,7.1,GB,Away,16.0,01-09-24,18,False,0,20,5,11,0,3.55,0.0,0.0,1.5,20.5,0.0,0.0,0.0,0.0,7.1,0.0,0.0,3.0,41.0,0.0,0.0,0.0,0.0,3.55,0.0,0.0,1.5,20.5,0.0,0.0,0.0,3.55
107,Cole Kmet,Chi,TE,L 20-38,9.4,GB,Home,6.0,09-12-23,1,False,0,20,5,11,1,5.5,0.0,0.0,2.6666666666666665,28.333333333333332,0.0,0.3333333333333333,0.0,0.0,16.5,0.0,0.0,8.0,85.0,0.0,1.0,0.0,0.0,5.5,0.0,0.0,2.6666666666666665,28.333333333333332,0.0,0.3333333333333333,0.0,5.5
1226,Cole Kmet,Chi,TE,L 17-27,7.8,TB,Away,21.0,09-19-23,2,False,0,20,5,29,0,6.075,0.0,0.0,3.0,30.75,0.0,0.25,0.0,0.0,24.3,0.0,0.0,12.0,123.0,0.0,1.0,0.0,0.0,6.075,0.0,0.0,3.0,30.75,0.0,0.25,0.0,6.075
227,Cole Kmet,Chi,TE,L 10-41,4.2,KC,Away,27.0,09-26-23,3,False,0,20,5,15,0,5.7,0.0,0.0,2.8,29.0,0.0,0.2,0.0,0.0,28.5,0.0,0.0,14.0,145.0,0.0,1.0,0.0,0.0,5.7,0.0,0.0,2.8,29.0,0.0,0.2,0.0,5.7
0,Cole Kmet,Chi,TE,L 28-31,27.6,Den,Home,1.0,10-03-23,4,False,0,20,5,9,1,11.22,0.0,0.0,4.2,46.0,0.4,0.4,0.2,0.0,56.1,0.0,0.0,21.0,230.0,2.0,2.0,1.0,0.0,9.35,0.0,0.0,3.5,38.333333333333336,0.3333333333333333,0.3333333333333333,0.16666666666666666,9.35
307,Cole Kmet,Chi,TE,W 40-20,15.2,Wsh,Away,9.0,10-10-23,5,False,0,20,5,31,0,12.84,0.0,0.0,4.6,46.2,0.6,0.4,0.2,0.0,71.3,0.0,0.0,26.0,272.0,3.0,2.0,1.0,0.0,10.185714285714285,0.0,0.0,3.7142857142857144,38.857142857142854,0.42857142857142855,0.2857142857142857,0.14285714285714285,10.185714285714285
1609,Cole Kmet,Chi,TE,L 13-19,2.9,Min,Home,31.0,10-17-23,6,False,0,20,5,20,1,11.540000000000001,0.0,0.0,4.0,39.2,0.6,0.2,0.2,0.0,74.2,0.0,0.0,28.0,281.0,3.0,2.0,1.0,0.0,9.275,0.0,0.0,3.5,35.125,0.375,0.25,0.125,9.275
1543,Cole Kmet,Chi,TE,W 30-12,0.0,LV,Home,62.0,10-24-23,7,False,0,20,5,18,1,9.98,0.0,0.0,3.2,31.6,0.6,0.2,0.2,0.0,74.2,0.0,0.0,28.0,281.0,3.0,2.0,1.0,0.0,8.244444444444445,0.0,0.0,3.111111111111111,31.22222222222222,0.3333333333333333,0.2222222222222222,0.1111111111111111,8.244444444444445
1409,Cole Kmet,Chi,TE,L 13-30,17.9,LAC,Away,6.0,10-31-23,8,False,0,20,5,16,0,12.719999999999999,0.0,0.0,4.8,43.0,0.6,0.2,0.2,0.0,92.1,0.0,0.0,38.0,360.0,3.0,2.0,1.0,0.0,9.209999999999999,0.0,0.0,3.8,36.0,0.3,0.2,0.1,9.209999999999999
560,Cole Kmet,Chi,TE,L 17-24,23.5,NO,Away,2.0,11-07-23,9,False,0,20,5,22,0,11.9,0.0,0.0,4.6,37.0,0.6,0.0,0.0,0.0,115.6,0.0,0.0,44.0,415.0,5.0,2.0,1.0,0.0,10.509090909090908,0.0,0.0,4.0,37.72727272727273,0.45454545454545453,0.18181818181818182,0.09090909090909091,10.509090909090908
842,Cole Kmet,Chi,TE,W 16-13,9.6,Car,Home,11.0,11-14-23,10,False,0,20,5,4,1,10.779999999999998,0.0,0.0,4.6,37.6,0.4,0.2,0.2,0.0,125.2,0.0,0.0,49.0,460.0,5.0,3.0,2.0,0.0,10.433333333333334,0.0,0.0,4.083333333333333,38.333333333333336,0.4166666666666667,0.25,0.16666666666666666,10.433333333333334
410,Cole Kmet,Chi,TE,L 26-31,5.0,Det,Away,25.0,11-21-23,11,False,0,20,5,10,0,11.2,0.0,0.0,4.8,39.8,0.4,0.2,0.2,0.0,130.2,0.0,0.0,52.0,480.0,5.0,3.0,2.0,0.0,10.015384615384615,0.0,0.0,4.0,36.92307692307692,0.38461538461538464,0.23076923076923078,0.15384615384615385,10.015384615384615
927,Cole Kmet,Chi,TE,W 12-10,11.3,Min,Away,9.0,11-28-23,12,False,0,20,5,20,0,13.459999999999999,0.0,0.0,6.2,48.4,0.4,0.2,0.2,0.0,141.5,0.0,0.0,59.0,523.0,5.0,3.0,2.0,0.0,10.107142857142858,0.0,0.0,4.214285714285714,37.357142857142854,0.35714285714285715,0.21428571428571427,0.14285714285714285,10.107142857142858
656,Cole Kmet,Chi,TE,W 28-13,11.6,Det,Home,10.0,12-12-23,14,False,0,20,5,10,1,12.2,0.0,0.0,5.2,45.8,0.4,0.2,0.2,0.0,153.1,0.0,0.0,64.0,589.0,5.0,3.0,2.0,0.0,10.206666666666667,0.0,0.0,4.266666666666667,39.266666666666666,0.3333333333333333,0.2,0.13333333333333333,10.206666666666667
1311,Cole Kmet,Chi,TE,L 17-20,13.3,Cle,Away,9.0,12-19-23,15,False,0,20,5,7,0,10.16,0.0,0.0,5.0,39.4,0.2,0.2,0.2,0.0,166.4,0.0,0.0,69.0,612.0,6.0,3.0,2.0,0.0,10.4,0.0,0.0,4.3125,38.25,0.375,0.1875,0.125,10.4
1023,Cole Kmet,Chi,TE,W 27-16,14.7,Ari,Home,6.0,12-26-23,16,False,0,20,5,0,1,11.180000000000001,0.0,0.0,4.8,51.8,0.2,0.0,0.0,0.0,181.1,0.0,0.0,73.0,719.0,6.0,3.0,2.0,0.0,10.652941176470588,0.0,0.0,4.294117647058823,42.294117647058826,0.35294117647058826,0.17647058823529413,0.11764705882352941,10.652941176470588
142,Cole Turner,Wsh,TE,W 20-16,2.7,Ari,Home,41.0,09-12-23,1,False,0,21,31,0,1,2.7,0.0,0.0,1.0,17.0,0.0,0.0,0.0,0.0,2.7,0.0,0.0,1.0,17.0,0.0,0.0,0.0,0.0,2.7,0.0,0.0,1.0,17.0,0.0,0.0,0.0,2.7
1244,Cole Turner,Wsh,TE,W 35-33,4.1,Den,Away,39.0,09-19-23,2,False,0,21,31,9,0,3.4,0.0,0.0,1.5,19.0,0.0,0.0,0.0,0.0,6.8,0.0,0.0,3.0,38.0,0.0,0.0,0.0,0.0,3.4,0.0,0.0,1.5,19.0,0.0,0.0,0.0,3.4
221,Cole Turner,Wsh,TE,L 3-37,7.5,Buf,Home,20.5,09-26-23,3,False,0,21,31,3,1,4.766666666666667,0.0,0.0,2.3333333333333335,24.333333333333332,0.0,0.0,0.0,0.0,14.3,0.0,0.0,7.0,73.0,0.0,0.0,0.0,0.0,4.766666666666667,0.0,0.0,2.3333333333333335,24.333333333333332,0.0,0.0,0.0,4.766666666666667
67,Cole Turner,Wsh,TE,L 31-34,0.0,Phi,Away,79.5,10-03-23,4,False,0,21,31,25,0,3.575,0.0,0.0,1.75,18.25,0.0,0.0,0.0,0.0,14.3,0.0,0.0,7.0,73.0,0.0,0.0,0.0,0.0,3.575,0.0,0.0,1.75,18.25,0.0,0.0,0.0,3.575
347,Cole Turner,Wsh,TE,L 20-40,1.9,Chi,Home,49.0,10-10-23,5,False,0,21,31,5,1,3.2399999999999998,0.0,0.0,1.6,16.4,0.0,0.0,0.0,0.0,16.2,0.0,0.0,8.0,82.0,0.0,0.0,0.0,0.0,3.2399999999999998,0.0,0.0,1.6,16.4,0.0,0.0,0.0,3.2399999999999998
1642,Cole Turner,Wsh,TE,W 24-16,0.0,Atl,Away,72.0,10-17-23,6,False,0,21,31,1,0,2.7,0.0,0.0,1.4,13.0,0.0,0.0,0.0,0.0,16.2,0.0,0.0,8.0,82.0,0.0,0.0,0.0,0.0,2.6999999999999997,0.0,0.0,1.3333333333333333,13.666666666666666,0.0,0.0,0.0,2.6999999999999997
1557,Cole Turner,Wsh,TE,L 7-14,0.0,NYG,Away,62.0,10-24-23,7,False,0,21,31,23,0,1.8799999999999997,0.0,0.0,1.0,8.8,0.0,0.0,0.0,0.0,16.2,0.0,0.0,8.0,82.0,0.0,0.0,0.0,0.0,2.314285714285714,0.0,0.0,1.1428571428571428,11.714285714285714,0.0,0.0,0.0,2.314285714285714
619,Cole Turner,Wsh,TE,W 20-17,0.0,NE,Away,68.0,11-07-23,9,False,0,21,31,21,0,0.38,0.0,0.0,0.2,1.8,0.0,0.0,0.0,0.0,16.2,0.0,0.0,8.0,82.0,0.0,0.0,0.0,0.0,2.025,0.0,0.0,1.0,10.25,0.0,0.0,0.0,2.025
425,Cole Turner,Wsh,TE,L 19-31,1.7,NYG,Home,40.0,11-21-23,11,False,0,21,31,23,1,0.72,0.0,0.0,0.4,3.2,0.0,0.0,0.0,0.0,17.9,0.0,0.0,9.0,89.0,0.0,0.0,0.0,0.0,1.9888888888888887,0.0,0.0,1.0,9.88888888888889,0.0,0.0,0.0,1.9888888888888887
950,Cole Turner,Wsh,TE,L 10-45,3.9,Dal,Away,32.0,11-28-23,12,False,0,21,31,8,0,1.1199999999999999,0.0,0.0,0.4,7.2,0.0,0.0,0.0,0.0,21.8,0.0,0.0,10.0,118.0,0.0,0.0,0.0,0.0,2.18,0.0,0.0,1.0,11.8,0.0,0.0,0.0,2.18
519,Cole Turner,Wsh,TE,L 15-45,1.2,Mia,Home,46.0,12-05-23,13,False,0,21,31,19,1,1.3599999999999999,0.0,0.0,0.6,7.6,0.0,0.0,0.0,0.0,23.0,0.0,0.0,11.0,120.0,0.0,0.0,0.0,0.0,2.090909090909091,0.0,0.0,1.0,10.909090909090908,0.0,0.0,0.0,2.090909090909091
1092,Cole Turner,Wsh,TE,L 28-30,0.0,NYJ,Away,78.0,12-26-23,16,False,0,21,31,24,0,1.3599999999999999,0.0,0.0,0.6,7.6,0.0,0.0,0.0,0.0,23.0,0.0,0.0,11.0,120.0,0.0,0.0,0.0,0.0,1.9166666666666667,0.0,0.0,0.9166666666666666,10.0,0.0,0.0,0.0,1.9166666666666667
1175,Connor Heyward,Pit,TE,W 30-23,0.0,Sea,Away,76.0,01-02-24,17,False,0,22,26,28,0,0.0,0.0,0.0,0.0,0.0,0.0,0.0,0.0,0.0,0.0,0.0,0.0,0.0,0.0,0.0,0.0,0.0,0.0,0.0,0.0,0.0,0.0,0.0,0.0,0.0,0.0,0.0
783,Connor Heyward,Pit,TE,W 17-10,2.4,Bal,Away,45.0,01-09-24,18,False,0,22,26,2,0,1.2,0.0,0.0,1.0,2.0,0.0,0.0,0.0,0.0,2.4,0.0,0.0,2.0,4.0,0.0,0.0,0.0,0.0,1.2,0.0,0.0,1.0,2.0,0.0,0.0,0.0,1.2
134,Connor Heyward,Pit,TE,L 7-30,3.9,SF,Home,32.5,09-12-23,1,False,0,22,26,27,1,2.1,0.0,0.0,1.3333333333333333,7.666666666666667,0.0,0.0,0.0,0.0,6.3,0.0,0.0,4.0,23.0,0.0,0.0,0.0,0.0,2.1,0.0,0.0,1.3333333333333333,7.666666666666667,0.0,0.0,0.0,2.1
1265,Connor Heyward,Pit,TE,W 26-22,0.0,Cle,Home,76.0,09-19-23,2,False,0,22,26,7,1,1.575,0.0,0.0,1.0,5.75,0.0,0.0,0.0,0.0,6.3,0.0,0.0,4.0,23.0,0.0,0.0,0.0,0.0,1.575,0.0,0.0,1.0,5.75,0.0,0.0,0.0,1.575
265,Connor Heyward,Pit,TE,W 23-18,0.0,LV,Away,79.0,09-26-23,3,False,0,22,26,18,0,1.26,0.0,0.0,0.8,4.6,0.0,0.2,0.0,0.0,6.3,0.0,0.0,4.0,23.0,0.0,1.0,0.0,0.0,1.26,0.0,0.0,0.8,4.6,0.0,0.2,0.0,1.26
63,Connor Heyward,Pit,TE,L 6-30,0.0,Hou,Away,79.5,10-03-23,4,False,0,22,26,12,0,1.26,0.0,0.0,0.8,4.6,0.0,0.2,0.0,0.0,6.3,0.0,0.0,4.0,23.0,0.0,1.0,0.0,0.0,1.05,0.0,0.0,0.6666666666666666,3.8333333333333335,0.0,0.16666666666666666,0.0,1.05
321,Connor Heyward,Pit,TE,W 17-10,5.3,Bal,Home,23.0,10-10-23,5,False,0,22,26,2,1,1.8399999999999999,0.0,0.0,1.0,8.4,0.0,0.2,0.0,0.0,11.6,0.0,0.0,7.0,46.0,0.0,1.0,0.0,0.0,1.657142857142857,0.0,0.0,1.0,6.571428571428571,0.0,0.14285714285714285,0.0,1.657142857142857
1523,Connor Heyward,Pit,TE,W 24-17,4.3,LAR,Away,25.0,10-24-23,7,False,0,22,26,17,0,1.92,0.0,0.0,1.0,9.2,0.0,0.2,0.0,0.0,15.899999999999999,0.0,0.0,9.0,69.0,0.0,1.0,0.0,0.0,1.9874999999999998,0.0,0.0,1.125,8.625,0.0,0.125,0.0,1.9874999999999998
1423,Connor Heyward,Pit,TE,L 10-20,7.4,Jax,Home,20.0,10-31-23,8,False,0,22,26,14,1,3.4,0.0,0.0,2.0,14.0,0.0,0.2,0.0,0.0,23.3,0.0,0.0,14.0,93.0,0.0,1.0,0.0,0.0,2.588888888888889,0.0,0.0,1.5555555555555556,10.333333333333334,0.0,0.1111111111111111,0.0,2.588888888888889
589,Connor Heyward,Pit,TE,W 20-16,3.6,Ten,Home,31.0,11-07-23,9,False,0,22,26,30,1,4.12,0.0,0.0,2.4,17.2,0.0,0.0,0.0,0.0,26.9,0.0,0.0,16.0,109.0,0.0,1.0,0.0,0.0,2.69,0.0,0.0,1.6,10.9,0.0,0.1,0.0,2.69
849,Connor Heyward,Pit,TE,W 23-19,6.2,GB,Home,18.0,11-14-23,10,False,0,22,26,11,1,5.36,0.0,0.0,3.0,23.6,0.0,0.0,0.0,0.0,33.1,0.0,0.0,19.0,141.0,0.0,1.0,0.0,0.0,3.0090909090909093,0.0,0.0,1.7272727272727273,12.818181818181818,0.0,0.09090909090909091,0.0,3.0090909090909093
434,Connor Heyward,Pit,TE,L 10-13,0.0,Cle,Away,67.0,11-21-23,11,False,0,22,26,7,0,4.3,0.0,0.0,2.4,19.0,0.0,0.0,0.0,0.0,33.1,0.0,0.0,19.0,141.0,0.0,1.0,0.0,0.0,2.7583333333333333,0.0,0.0,1.5833333333333333,11.75,0.0,0.08333333333333333,0.0,2.7583333333333333
954,Connor Heyward,Pit,TE,W 16-10,3.1,Cin,Away,36.5,11-28-23,12,False,0,22,26,6,0,4.0600000000000005,0.0,0.0,2.4,16.6,0.0,0.0,0.0,0.0,36.2,0.0,0.0,21.0,152.0,0.0,1.0,0.0,0.0,2.784615384615385,0.0,0.0,1.6153846153846154,11.692307692307692,0.0,0.07692307692307693,0.0,2.784615384615385
525,Connor Heyward,Pit,TE,L 10-24,0.0,Ari,Home,66.0,12-05-23,13,False,0,22,26,0,1,2.58,0.0,0.0,1.4,11.8,0.0,0.0,0.0,0.0,36.2,0.0,0.0,21.0,152.0,0.0,1.0,0.0,0.0,2.585714285714286,0.0,0.0,1.5,10.857142857142858,0.0,0.07142857142857142,0.0,2.585714285714286
682,Connor Heyward,Pit,TE,L 18-21,3.5,NE,Home,36.0,12-12-23,14,False,0,22,26,21,1,2.56,0.0,0.0,1.4,11.6,0.0,0.0,0.0,0.0,39.7,0.0,0.0,23.0,167.0,0.0,1.0,0.0,0.0,2.646666666666667,0.0,0.0,1.5333333333333334,11.133333333333333,0.0,0.06666666666666667,0.0,2.646666666666667
1366,Connor Heyward,Pit,TE,L 13-30,0.0,Ind,Away,81.5,12-19-23,15,False,0,22,26,13,0,1.3200000000000003,0.0,0.0,0.8,5.2,0.0,0.0,0.0,0.0,39.7,0.0,0.0,23.0,167.0,0.0,1.0,0.0,0.0,2.48125,0.0,0.0,1.4375,10.4375,0.0,0.0625,0.0,2.48125
1080,Connor Heyward,Pit,TE,W 34-11,0.0,Cin,Home,78.0,12-26-23,16,False,0,22,26,6,1,1.3200000000000003,0.0,0.0,0.8,5.2,0.0,0.0,0.0,0.0,39.7,0.0,0.0,23.0,167.0,0.0,1.0,0.0,0.0,2.335294117647059,0.0,0.0,1.3529411764705883,9.823529411764707,0.0,0.058823529411764705,0.0,2.335294117647059
1116,Dallas Goedert,Phi,TE,L 31-35,15.7,Ari,Home,4.0,01-02-24,17,False,0,23,25,0,1,15.7,0.0,0.0,5.0,47.0,1.0,0.0,0.0,0.0,15.7,0.0,0.0,5.0,47.0,1.0,0.0,0.0,0.0,15.7,0.0,0.0,5.0,47.0,1.0,0.0,0.0,15.7
791,Dallas Goedert,Phi,TE,L 10-27,1.4,NYG,Away,53.5,01-09-24,18,False,0,23,25,23,0,8.549999999999999,0.0,0.0,3.0,25.5,0.5,0.0,0.0,0.0,17.099999999999998,0.0,0.0,6.0,51.0,1.0,0.0,0.0,0.0,8.549999999999999,0.0,0.0,3.0,25.5,0.5,0.0,0.0,8.549999999999999
152,Dallas Goedert,Phi,TE,W 25-20,0.0,NE,Away,75.0,09-12-23,1,False,0,23,25,21,0,5.699999999999999,0.0,0.0,2.0,17.0,0.3333333333333333,0.0,0.0,0.0,17.099999999999998,0.0,0.0,6.0,51.0,1.0,0.0,0.0,0.0,5.699999999999999,0.0,0.0,2.0,17.0,0.3333333333333333,0.0,0.0,5.699999999999999
1225,Dallas Goedert,Phi,TE,W 34-28,8.2,Min,Home,20.0,09-19-23,2,False,0,23,25,20,1,6.324999999999999,0.0,0.0,3.0,18.25,0.25,0.0,0.0,0.0,25.299999999999997,0.0,0.0,12.0,73.0,1.0,0.0,0.0,0.0,6.324999999999999,0.0,0.0,3.0,18.25,0.25,0.0,0.0,6.324999999999999
213,Dallas Goedert,Phi,TE,W 25-11,9.1,TB,Away,13.0,09-26-23,3,False,0,23,25,29,0,6.88,0.0,0.0,3.4,22.8,0.2,0.0,0.0,0.0,34.4,0.0,0.0,17.0,114.0,1.0,0.0,0.0,0.0,6.88,0.0,0.0,3.4,22.8,0.2,0.0,0.0,6.88
27,Dallas Goedert,Phi,TE,W 34-31,4.5,Wsh,Home,28.0,10-03-23,4,False,0,23,25,31,1,4.64,0.0,0.0,2.8,18.4,0.0,0.0,0.0,0.0,38.9,0.0,0.0,19.0,139.0,1.0,0.0,0.0,0.0,6.483333333333333,0.0,0.0,3.1666666666666665,23.166666666666668,0.16666666666666666,0.0,0.0,6.483333333333333
300,Dallas Goedert,Phi,TE,W 23-14,25.7,LAR,Away,2.0,10-10-23,5,False,0,23,25,17,0,9.5,0.0,0.0,4.2,41.0,0.2,0.0,0.0,0.0,64.6,0.0,0.0,27.0,256.0,2.0,0.0,0.0,0.0,9.228571428571428,0.0,0.0,3.857142857142857,36.57142857142857,0.2857142857142857,0.0,0.0,9.228571428571428
1593,Dallas Goedert,Phi,TE,L 14-20,9.2,NYJ,Away,15.0,10-17-23,6,False,0,23,25,24,0,11.34,0.0,0.0,5.2,49.4,0.2,0.0,0.0,0.0,73.8,0.0,0.0,32.0,298.0,2.0,0.0,0.0,0.0,9.225,0.0,0.0,4.0,37.25,0.25,0.0,0.0,9.225
1503,Dallas Goedert,Phi,TE,W 31-17,18.7,Mia,Home,5.0,10-24-23,7,False,0,23,25,19,1,13.439999999999998,0.0,0.0,5.0,60.4,0.4,0.0,0.0,0.0,92.5,0.0,0.0,37.0,375.0,3.0,0.0,0.0,0.0,10.277777777777779,0.0,0.0,4.111111111111111,41.666666666666664,0.3333333333333333,0.0,0.0,10.277777777777779
1422,Dallas Goedert,Phi,TE,W 38-31,7.6,Wsh,Away,19.0,10-31-23,8,False,0,23,25,31,0,13.14,0.0,0.0,4.8,59.4,0.4,0.0,0.0,0.0,100.1,0.0,0.0,41.0,411.0,3.0,0.0,0.0,0.0,10.01,0.0,0.0,4.1,41.1,0.3,0.0,0.0,10.01
578,Dallas Goedert,Phi,TE,W 28-23,8.0,Dal,Home,20.0,11-07-23,9,False,0,23,25,8,1,13.84,0.0,0.0,5.0,64.4,0.4,0.0,0.0,0.0,108.1,0.0,0.0,44.0,461.0,3.0,0.0,0.0,0.0,9.827272727272726,0.0,0.0,4.0,41.90909090909091,0.2727272727272727,0.0,0.0,9.827272727272726
670,Dallas Goedert,Phi,TE,L 13-33,7.0,Dal,Away,24.0,12-12-23,14,False,0,23,25,8,0,10.1,0.0,0.0,4.2,47.0,0.2,0.0,0.0,0.0,115.1,0.0,0.0,48.0,491.0,3.0,0.0,0.0,0.0,9.591666666666667,0.0,0.0,4.0,40.916666666666664,0.25,0.0,0.0,9.591666666666667
1327,Dallas Goedert,Phi,TE,L 17-20,7.1,Sea,Away,25.0,12-19-23,15,False,0,23,25,28,0,9.679999999999998,0.0,0.0,4.0,44.6,0.2,0.2,0.2,0.0,122.19999999999999,0.0,0.0,52.0,521.0,3.0,1.0,1.0,0.0,9.399999999999999,0.0,0.0,4.0,40.07692307692308,0.23076923076923078,0.07692307692307693,0.07692307692307693,9.399999999999999
1025,Dallas Goedert,Phi,TE,W 33-25,14.1,NYG,Home,8.5,12-26-23,16,False,0,23,25,23,1,8.76,0.0,0.0,4.4,43.4,0.0,0.2,0.2,0.0,136.29999999999998,0.0,0.0,59.0,592.0,3.0,1.0,1.0,0.0,9.735714285714284,0.0,0.0,4.214285714285714,42.285714285714285,0.21428571428571427,0.07142857142857142,0.07142857142857142,9.735714285714284
1119,Dalton Kincaid,Buf,TE,W 27-21,12.7,NE,Home,7.0,01-02-24,17,False,0,24,3,21,1,12.7,0.0,0.0,4.0,87.0,0.0,0.0,0.0,0.0,12.7,0.0,0.0,4.0,87.0,0.0,0.0,0.0,0.0,12.7,0.0,0.0,4.0,87.0,0.0,0.0,0.0,12.7
740,Dalton Kincaid,Buf,TE,W 21-14,15.4,Mia,Away,2.0,01-09-24,18,False,0,24,3,19,0,14.05,0.0,0.0,5.5,85.5,0.0,0.0,0.0,0.0,28.1,0.0,0.0,11.0,171.0,0.0,0.0,0.0,0.0,14.05,0.0,0.0,5.5,85.5,0.0,0.0,0.0,14.05
120,Dalton Kincaid,Buf,TE,L 16-22,6.6,NYJ,Away,19.5,09-12-23,1,False,0,24,3,24,0,11.566666666666668,0.0,0.0,5.0,65.66666666666667,0.0,0.0,0.0,0.0,34.7,0.0,0.0,15.0,197.0,0.0,0.0,0.0,0.0,11.566666666666668,0.0,0.0,5.0,65.66666666666667,0.0,0.0,0.0,11.566666666666668
1221,Dalton Kincaid,Buf,TE,W 38-10,9.3,LV,Home,16.0,09-19-23,2,False,0,24,3,18,1,11.0,0.0,0.0,5.0,60.0,0.0,0.0,0.0,0.0,44.0,0.0,0.0,20.0,240.0,0.0,0.0,0.0,0.0,11.0,0.0,0.0,5.0,60.0,0.0,0.0,0.0,11.0
242,Dalton Kincaid,Buf,TE,W 37-3,2.3,Wsh,Away,42.0,09-26-23,3,False,0,24,3,31,0,9.26,0.0,0.0,4.4,48.6,0.0,0.0,0.0,0.0,46.3,0.0,0.0,22.0,243.0,0.0,0.0,0.0,0.0,9.26,0.0,0.0,4.4,48.6,0.0,0.0,0.0,9.26
23,Dalton Kincaid,Buf,TE,W 48-20,6.7,Mia,Home,24.0,10-03-23,4,False,0,24,3,19,1,8.059999999999999,0.0,0.0,4.4,36.6,0.0,0.0,0.0,0.0,53.0,0.0,0.0,26.0,270.0,0.0,0.0,0.0,0.0,8.833333333333334,0.0,0.0,4.333333333333333,45.0,0.0,0.0,0.0,8.833333333333334
328,Dalton Kincaid,Buf,TE,L 20-25,3.9,Jax,Home,30.5,10-10-23,5,False,0,24,3,14,1,5.76,0.0,0.0,3.4,23.6,0.0,0.0,0.0,0.0,56.9,0.0,0.0,28.0,289.0,0.0,0.0,0.0,0.0,8.128571428571428,0.0,0.0,4.0,41.285714285714285,0.0,0.0,0.0,8.128571428571428
1505,Dalton Kincaid,Buf,TE,L 25-29,15.5,NE,Away,7.0,10-24-23,7,False,0,24,3,21,0,7.540000000000001,0.0,0.0,4.2,33.4,0.0,0.0,0.0,0.0,72.4,0.0,0.0,36.0,364.0,0.0,0.0,0.0,0.0,9.05,0.0,0.0,4.5,45.5,0.0,0.0,0.0,9.05
1411,Dalton Kincaid,Buf,TE,W 24-18,17.5,TB,Home,8.0,10-31-23,8,False,0,24,3,29,1,9.180000000000001,0.0,0.0,4.2,37.8,0.2,0.0,0.0,0.0,89.9,0.0,0.0,41.0,429.0,1.0,0.0,0.0,0.0,9.988888888888889,0.0,0.0,4.555555555555555,47.666666666666664,0.1111111111111111,0.0,0.0,9.988888888888889
566,Dalton Kincaid,Buf,TE,L 18-24,16.1,Cin,Away,8.0,11-07-23,9,False,0,24,3,6,0,11.940000000000001,0.0,0.0,5.8,53.4,0.2,0.0,0.0,0.0,106.0,0.0,0.0,51.0,510.0,1.0,0.0,0.0,0.0,10.6,0.0,0.0,5.1,51.0,0.1,0.0,0.0,10.6
835,Dalton Kincaid,Buf,TE,L 22-24,16.1,Den,Home,4.0,11-14-23,10,False,0,24,3,9,1,13.820000000000002,0.0,0.0,6.0,58.2,0.4,0.0,0.0,0.0,122.1,0.0,0.0,56.0,561.0,2.0,0.0,0.0,0.0,11.1,0.0,0.0,5.090909090909091,51.0,0.18181818181818182,0.0,0.0,11.1
392,Dalton Kincaid,Buf,TE,W 32-6,10.6,NYJ,Home,7.0,11-21-23,11,False,0,24,3,24,1,15.16,0.0,0.0,6.8,63.6,0.4,0.0,0.0,0.0,132.7,0.0,0.0,62.0,607.0,2.0,0.0,0.0,0.0,11.058333333333332,0.0,0.0,5.166666666666667,50.583333333333336,0.16666666666666666,0.0,0.0,11.058333333333332
930,Dalton Kincaid,Buf,TE,L 34-37,8.8,Phi,Away,12.0,11-28-23,12,False,0,24,3,25,0,13.820000000000002,0.0,0.0,6.2,56.2,0.4,0.0,0.0,0.0,141.5,0.0,0.0,67.0,645.0,2.0,0.0,0.0,0.0,10.884615384615385,0.0,0.0,5.153846153846154,49.61538461538461,0.15384615384615385,0.0,0.0,10.884615384615385
669,Dalton Kincaid,Buf,TE,W 20-17,7.1,KC,Away,23.0,12-12-23,14,False,0,24,3,15,0,11.74,0.0,0.0,6.2,47.4,0.2,0.0,0.0,0.0,148.6,0.0,0.0,72.0,666.0,2.0,0.0,0.0,0.0,10.614285714285714,0.0,0.0,5.142857142857143,47.57142857142857,0.14285714285714285,0.0,0.0,10.614285714285714
1364,Dalton Kincaid,Buf,TE,W 31-10,0.0,Dal,Home,81.5,12-19-23,15,False,0,24,3,8,1,8.520000000000001,0.0,0.0,4.2,31.2,0.2,0.0,0.0,0.0,148.6,0.0,0.0,72.0,666.0,2.0,0.0,0.0,0.0,9.906666666666666,0.0,0.0,4.8,44.4,0.13333333333333333,0.0,0.0,9.906666666666666
1067,Dalton Kincaid,Buf,TE,W 24-22,1.7,LAC,Away,50.5,12-26-23,16,False,0,24,3,16,0,5.640000000000001,0.0,0.0,3.4,22.4,0.0,0.0,0.0,0.0,150.3,0.0,0.0,73.0,673.0,2.0,0.0,0.0,0.0,9.39375,0.0,0.0,4.5625,42.0625,0.125,0.0,0.0,9.39375
1149,Dalton Schultz,Hou,TE,W 26-3,3.9,Ten,Home,37.0,01-02-24,17,False,0,25,12,30,1,3.9,0.0,0.0,2.0,19.0,0.0,0.0,0.0,0.0,3.9,0.0,0.0,2.0,19.0,0.0,0.0,0.0,0.0,3.9,0.0,0.0,2.0,19.0,0.0,0.0,0.0,3.9
752,Dalton Schultz,Hou,TE,W 23-19,9.2,Ind,Away,14.0,01-09-24,18,False,0,25,12,13,0,6.55,0.0,0.0,3.5,30.5,0.0,0.0,0.0,0.0,13.1,0.0,0.0,7.0,61.0,0.0,0.0,0.0,0.0,6.55,0.0,0.0,3.5,30.5,0.0,0.0,0.0,6.55
143,Dalton Schultz,Hou,TE,L 9-25,2.4,Bal,Away,42.0,09-12-23,1,False,0,25,12,2,0,5.166666666666667,0.0,0.0,3.0,21.666666666666668,0.0,0.0,0.0,0.0,15.5,0.0,0.0,9.0,65.0,0.0,0.0,0.0,0.0,5.166666666666667,0.0,0.0,3.0,21.666666666666668,0.0,0.0,0.0,5.166666666666667
1230,Dalton Schultz,Hou,TE,L 20-31,7.4,Ind,Home,25.0,09-19-23,2,False,0,25,12,13,1,5.725,0.0,0.0,3.25,24.75,0.0,0.0,0.0,0.0,22.9,0.0,0.0,13.0,99.0,0.0,0.0,0.0,0.0,5.725,0.0,0.0,3.25,24.75,0.0,0.0,0.0,5.725
249,Dalton Schultz,Hou,TE,W 37-17,1.9,Jax,Away,50.0,09-26-23,3,False,0,25,12,14,0,4.96,0.0,0.0,2.8,21.6,0.0,0.0,0.0,0.0,24.8,0.0,0.0,14.0,108.0,0.0,0.0,0.0,0.0,4.96,0.0,0.0,2.8,21.6,0.0,0.0,0.0,4.96
5,Dalton Schultz,Hou,TE,W 30-6,13.2,Pit,Home,6.0,10-03-23,4,False,0,25,12,26,1,6.82,0.0,0.0,3.0,26.2,0.2,0.0,0.0,0.0,38.0,0.0,0.0,17.0,150.0,1.0,0.0,0.0,0.0,6.333333333333333,0.0,0.0,2.8333333333333335,25.0,0.16666666666666666,0.0,0.0,6.333333333333333
304,Dalton Schultz,Hou,TE,L 19-21,19.5,Atl,Away,6.0,10-10-23,5,False,0,25,12,1,0,8.879999999999999,0.0,0.0,3.4,30.8,0.4,0.0,0.0,0.0,57.5,0.0,0.0,24.0,215.0,2.0,0.0,0.0,0.0,8.214285714285714,0.0,0.0,3.4285714285714284,30.714285714285715,0.2857142857142857,0.0,0.0,8.214285714285714
1580,Dalton Schultz,Hou,TE,W 20-13,16.1,NO,Home,2.0,10-17-23,6,False,0,25,12,22,1,11.620000000000001,0.0,0.0,3.8,42.2,0.6,0.0,0.0,0.0,73.6,0.0,0.0,28.0,276.0,3.0,0.0,0.0,0.0,9.2,0.0,0.0,3.5,34.5,0.375,0.0,0.0,9.2
1438,Dalton Schultz,Hou,TE,L 13-15,2.5,Car,Away,35.0,10-31-23,8,False,0,25,12,4,0,10.64,0.0,0.0,3.4,36.4,0.6,0.0,0.0,0.0,76.1,0.0,0.0,30.0,281.0,3.0,0.0,0.0,0.0,8.455555555555556,0.0,0.0,3.3333333333333335,31.22222222222222,0.3333333333333333,0.0,0.0,8.455555555555556
559,Dalton Schultz,Hou,TE,W 39-37,27.0,TB,Home,1.0,11-07-23,9,False,0,25,12,29,1,15.660000000000002,0.0,0.0,5.2,60.6,0.8,0.0,0.0,0.0,103.1,0.0,0.0,40.0,411.0,4.0,0.0,0.0,0.0,10.309999999999999,0.0,0.0,4.0,41.1,0.4,0.0,0.0,10.309999999999999
839,Dalton Schultz,Hou,TE,W 30-27,11.1,Cin,Away,8.0,11-14-23,10,False,0,25,12,6,0,15.24,0.0,0.0,5.4,66.4,0.6,0.0,0.0,0.0,114.2,0.0,0.0,44.0,482.0,4.0,0.0,0.0,0.0,10.381818181818183,0.0,0.0,4.0,43.81818181818182,0.36363636363636365,0.0,0.0,10.381818181818183
391,Dalton Schultz,Hou,TE,W 21-16,11.2,Ari,Home,6.0,11-21-23,11,False,0,25,12,0,1,13.580000000000002,0.0,0.0,4.4,59.8,0.6,0.0,0.0,0.0,125.4,0.0,0.0,46.0,514.0,5.0,0.0,0.0,0.0,10.450000000000001,0.0,0.0,3.8333333333333335,42.833333333333336,0.4166666666666667,0.0,0.0,10.450000000000001
973,Dalton Schultz,Hou,TE,L 21-24,1.2,Jax,Home,55.0,11-28-23,12,False,0,25,12,14,1,10.6,0.0,0.0,3.8,48.0,0.4,0.0,0.0,0.0,126.6,0.0,0.0,47.0,516.0,5.0,0.0,0.0,0.0,9.738461538461538,0.0,0.0,3.6153846153846154,39.69230769230769,0.38461538461538464,0.0,0.0,9.738461538461538
1317,Dalton Schultz,Hou,TE,W 19-16,9.8,Ten,Away,15.0,12-19-23,15,False,0,25,12,30,0,12.059999999999999,0.0,0.0,4.2,58.6,0.4,0.0,0.0,0.0,136.4,0.0,0.0,51.0,574.0,5.0,0.0,0.0,0.0,9.742857142857144,0.0,0.0,3.642857142857143,41.0,0.35714285714285715,0.0,0.0,9.742857142857144
1026,Dalton Schultz,Hou,TE,L 22-36,14.1,Cle,Home,8.5,12-26-23,16,False,0,25,12,7,1,9.48,0.0,0.0,3.8,44.8,0.2,0.0,0.0,0.0,150.5,0.0,0.0,59.0,635.0,5.0,0.0,0.0,0.0,10.033333333333333,0.0,0.0,3.933333333333333,42.333333333333336,0.3333333333333333,0.0,0.0,10.033333333333333
1131,Daniel Bellinger,NYG,TE,L 25-26,7.9,LAR,Home,19.0,01-02-24,17,False,0,26,23,17,1,7.9,0.0,0.0,4.0,39.0,0.0,0.0,0.0,0.0,7.9,0.0,0.0,4.0,39.0,0.0,0.0,0.0,0.0,7.9,0.0,0.0,4.0,39.0,0.0,0.0,0.0,7.9
801,Daniel Bellinger,NYG,TE,W 27-10,0.0,Phi,Home,76.5,01-09-24,18,False,0,26,23,25,1,3.95,0.0,0.0,2.0,19.5,0.0,0.0,0.0,0.0,7.9,0.0,0.0,4.0,39.0,0.0,0.0,0.0,0.0,3.95,0.0,0.0,2.0,19.5,0.0,0.0,0.0,3.95
150,Daniel Bellinger,NYG,TE,L 0-40,1.1,Dal,Home,49.0,09-12-23,1,False,0,26,23,8,1,3.0,0.0,0.0,1.6666666666666667,13.333333333333334,0.0,0.0,0.0,0.0,9.0,0.0,0.0,5.0,40.0,0.0,0.0,0.0,0.0,3.0,0.0,0.0,1.6666666666666667,13.333333333333334,0.0,0.0,0.0,3.0
1263,Daniel Bellinger,NYG,TE,W 31-28,0.0,Ari,Away,76.0,09-19-23,2,False,0,26,23,0,0,2.25,0.0,0.0,1.25,10.0,0.0,0.0,0.0,0.0,9.0,0.0,0.0,5.0,40.0,0.0,0.0,0.0,0.0,2.25,0.0,0.0,1.25,10.0,0.0,0.0,0.0,2.25
252,Daniel Bellinger,NYG,TE,L 12-30,1.8,SF,Away,52.5,09-26-23,3,False,0,26,23,27,0,2.16,0.0,0.0,1.2,9.6,0.0,0.0,0.0,0.0,10.8,0.0,0.0,6.0,48.0,0.0,0.0,0.0,0.0,2.16,0.0,0.0,1.2,9.6,0.0,0.0,0.0,2.16
48,Daniel Bellinger,NYG,TE,L 3-24,1.6,Sea,Home,50.0,10-03-23,4,False,0,26,23,28,1,0.9,0.0,0.0,0.6,3.0,0.0,0.0,0.0,0.0,12.4,0.0,0.0,7.0,54.0,0.0,0.0,0.0,0.0,2.066666666666667,0.0,0.0,1.1666666666666667,9.0,0.0,0.0,0.0,2.066666666666667
348,Daniel Bellinger,NYG,TE,L 16-31,1.7,Mia,Away,50.5,10-10-23,5,False,0,26,23,19,0,1.24,0.0,0.0,0.8,4.4,0.0,0.0,0.0,0.0,14.100000000000001,0.0,0.0,8.0,61.0,0.0,0.0,0.0,0.0,2.0142857142857147,0.0,0.0,1.1428571428571428,8.714285714285714,0.0,0.0,0.0,2.0142857142857147
1634,Daniel Bellinger,NYG,TE,L 9-14,0.0,Buf,Away,72.0,10-17-23,6,False,0,26,23,3,0,1.02,0.0,0.0,0.6,4.2,0.0,0.0,0.0,0.0,14.100000000000001,0.0,0.0,8.0,61.0,0.0,0.0,0.0,0.0,1.7625000000000002,0.0,0.0,1.0,7.625,0.0,0.0,0.0,1.7625000000000002
1549,Daniel Bellinger,NYG,TE,W 14-7,0.0,Wsh,Home,62.0,10-24-23,7,False,0,26,23,31,1,1.02,0.0,0.0,0.6,4.2,0.0,0.0,0.0,0.0,14.100000000000001,0.0,0.0,8.0,61.0,0.0,0.0,0.0,0.0,1.5666666666666669,0.0,0.0,0.8888888888888888,6.777777777777778,0.0,0.0,0.0,1.5666666666666669
1460,Daniel Bellinger,NYG,TE,L 10-13,0.0,NYJ,Home,73.0,10-31-23,8,False,0,26,23,24,1,0.6599999999999999,0.0,0.0,0.4,2.6,0.0,0.0,0.0,0.0,14.100000000000001,0.0,0.0,8.0,61.0,0.0,0.0,0.0,0.0,1.4100000000000001,0.0,0.0,0.8,6.1,0.0,0.0,0.0,1.4100000000000001
580,Daniel Bellinger,NYG,TE,L 6-30,7.3,LV,Away,22.0,11-07-23,9,False,0,26,23,18,0,1.8,0.0,0.0,0.8,10.0,0.0,0.0,0.0,0.0,21.4,0.0,0.0,11.0,104.0,0.0,0.0,0.0,0.0,1.9454545454545453,0.0,0.0,1.0,9.454545454545455,0.0,0.0,0.0,1.9454545454545453
852,Daniel Bellinger,NYG,TE,L 17-49,5.4,Dal,Away,21.0,11-14-23,10,False,0,26,23,8,0,2.54,0.0,0.0,1.0,15.4,0.0,0.0,0.0,0.0,26.8,0.0,0.0,13.0,138.0,0.0,0.0,0.0,0.0,2.2333333333333334,0.0,0.0,1.0833333333333333,11.5,0.0,0.0,0.0,2.2333333333333334
404,Daniel Bellinger,NYG,TE,W 31-19,6.8,Wsh,Away,19.0,11-21-23,11,False,0,26,23,31,0,3.9,0.0,0.0,1.6,23.0,0.0,0.0,0.0,0.0,33.6,0.0,0.0,16.0,176.0,0.0,0.0,0.0,0.0,2.5846153846153848,0.0,0.0,1.2307692307692308,13.538461538461538,0.0,0.0,0.0,2.5846153846153848
970,Daniel Bellinger,NYG,TE,W 10-7,1.8,NE,Home,52.0,11-28-23,12,False,0,26,23,21,1,4.26,0.0,0.0,1.8,24.6,0.0,0.0,0.0,0.0,35.4,0.0,0.0,17.0,184.0,0.0,0.0,0.0,0.0,2.5285714285714285,0.0,0.0,1.2142857142857142,13.142857142857142,0.0,0.0,0.0,2.5285714285714285
681,Daniel Bellinger,NYG,TE,W 24-22,3.5,GB,Home,36.0,12-12-23,14,False,0,26,23,11,1,4.96,0.0,0.0,2.2,27.6,0.0,0.0,0.0,0.0,38.9,0.0,0.0,19.0,199.0,0.0,0.0,0.0,0.0,2.5933333333333333,0.0,0.0,1.2666666666666666,13.266666666666667,0.0,0.0,0.0,2.5933333333333333
1346,Daniel Bellinger,NYG,TE,L 6-24,3.3,NO,Away,44.0,12-19-23,15,False,0,26,23,22,0,4.159999999999999,0.0,0.0,2.0,21.6,0.0,0.0,0.0,0.0,42.2,0.0,0.0,21.0,212.0,0.0,0.0,0.0,0.0,2.6375,0.0,0.0,1.3125,13.25,0.0,0.0,0.0,2.6375
1042,Daniel Bellinger,NYG,TE,L 25-33,8.3,Phi,Away,25.0,12-26-23,16,False,0,26,23,25,0,4.74,0.0,0.0,2.4,23.4,0.0,0.0,0.0,0.0,50.5,0.0,0.0,25.0,255.0,0.0,0.0,0.0,0.0,2.9705882352941178,0.0,0.0,1.4705882352941178,15.0,0.0,0.0,0.0,2.9705882352941178
1177,Darnell Washington,Pit,TE,W 30-23,0.0,Sea,Away,76.0,01-02-24,17,False,0,27,26,28,0,0.0,0.0,0.0,0.0,0.0,0.0,0.0,0.0,0.0,0.0,0.0,0.0,0.0,0.0,0.0,0.0,0.0,0.0,0.0,0.0,0.0,0.0,0.0,0.0,0.0,0.0,0.0
803,Darnell Washington,Pit,TE,W 17-10,0.0,Bal,Away,76.5,01-09-24,18,False,0,27,26,2,0,0.0,0.0,0.0,0.0,0.0,0.0,0.0,0.0,0.0,0.0,0.0,0.0,0.0,0.0,0.0,0.0,0.0,0.0,0.0,0.0,0.0,0.0,0.0,0.0,0.0,0.0,0.0
157,Darnell Washington,Pit,TE,L 7-30,0.0,SF,Home,75.0,09-12-23,1,False,0,27,26,27,1,0.0,0.0,0.0,0.0,0.0,0.0,0.0,0.0,0.0,0.0,0.0,0.0,0.0,0.0,0.0,0.0,0.0,0.0,0.0,0.0,0.0,0.0,0.0,0.0,0.0,0.0,0.0
1260,Darnell Washington,Pit,TE,W 26-22,0.0,Cle,Home,76.0,09-19-23,2,False,0,27,26,7,1,0.0,0.0,0.0,0.0,0.0,0.0,0.0,0.0,0.0,0.0,0.0,0.0,0.0,0.0,0.0,0.0,0.0,0.0,0.0,0.0,0.0,0.0,0.0,0.0,0.0,0.0,0.0
260,Darnell Washington,Pit,TE,W 23-18,0.0,LV,Away,79.0,09-26-23,3,False,0,27,26,18,0,0.0,0.0,0.0,0.0,0.0,0.0,0.0,0.0,0.0,0.0,0.0,0.0,0.0,0.0,0.0,0.0,0.0,0.0,0.0,0.0,0.0,0.0,0.0,0.0,0.0,0.0,0.0
42,Darnell Washington,Pit,TE,L 6-30,2.0,Hou,Away,43.5,10-03-23,4,False,0,27,26,12,0,0.4,0.0,0.0,0.2,2.0,0.0,0.0,0.0,0.0,2.0,0.0,0.0,1.0,10.0,0.0,0.0,0.0,0.0,0.3333333333333333,0.0,0.0,0.16666666666666666,1.6666666666666667,0.0,0.0,0.0,0.3333333333333333
357,Darnell Washington,Pit,TE,W 17-10,0.0,Bal,Home,71.0,10-10-23,5,False,0,27,26,2,1,0.4,0.0,0.0,0.2,2.0,0.0,0.0,0.0,0.0,2.0,0.0,0.0,1.0,10.0,0.0,0.0,0.0,0.0,0.2857142857142857,0.0,0.0,0.14285714285714285,1.4285714285714286,0.0,0.0,0.0,0.2857142857142857
362,Darnell Washington,Pit,TE,W 17-10,0.0,Bal,Home,71.0,10-10-23,5,False,0,27,26,2,1,0.4,0.0,0.0,0.2,2.0,0.0,0.0,0.0,0.0,2.0,0.0,0.0,1.0,10.0,0.0,0.0,0.0,0.0,0.25,0.0,0.0,0.125,1.25,0.0,0.0,0.0,0.25
1546,Darnell Washington,Pit,TE,W 24-17,0.0,LAR,Away,62.0,10-24-23,7,False,0,27,26,17,0,0.4,0.0,0.0,0.2,2.0,0.0,0.0,0.0,0.0,2.0,0.0,0.0,1.0,10.0,0.0,0.0,0.0,0.0,0.2222222222222222,0.0,0.0,0.1111111111111111,1.1111111111111112,0.0,0.0,0.0,0.2222222222222222
1457,Darnell Washington,Pit,TE,L 10-20,0.0,Jax,Home,73.0,10-31-23,8,False,0,27,26,14,1,0.4,0.0,0.0,0.2,2.0,0.0,0.0,0.0,0.0,2.0,0.0,0.0,1.0,10.0,0.0,0.0,0.0,0.0,0.2,0.0,0.0,0.1,1.0,0.0,0.0,0.0,0.2
600,Darnell Washington,Pit,TE,W 20-16,1.7,Ten,Home,43.0,11-07-23,9,False,0,27,26,30,1,0.33999999999999997,0.0,0.0,0.2,1.4,0.0,0.0,0.0,0.0,3.7,0.0,0.0,2.0,17.0,0.0,0.0,0.0,0.0,0.33636363636363636,0.0,0.0,0.18181818181818182,1.5454545454545454,0.0,0.0,0.0,0.33636363636363636
873,Darnell Washington,Pit,TE,W 23-19,1.6,GB,Home,43.0,11-14-23,10,False,0,27,26,11,1,0.6599999999999999,0.0,0.0,0.4,2.6,0.0,0.0,0.0,0.0,5.3,0.0,0.0,3.0,23.0,0.0,0.0,0.0,0.0,0.44166666666666665,0.0,0.0,0.25,1.9166666666666667,0.0,0.0,0.0,0.44166666666666665
423,Darnell Washington,Pit,TE,L 10-13,1.8,Cle,Away,38.0,11-21-23,11,False,0,27,26,7,0,1.02,0.0,0.0,0.6,4.2,0.0,0.0,0.0,0.0,7.1,0.0,0.0,4.0,31.0,0.0,0.0,0.0,0.0,0.5461538461538461,0.0,0.0,0.3076923076923077,2.3846153846153846,0.0,0.0,0.0,0.5461538461538461
964,Darnell Washington,Pit,TE,W 16-10,2.0,Cin,Away,45.5,11-28-23,12,False,0,27,26,6,0,1.42,0.0,0.0,0.8,6.2,0.0,0.0,0.0,0.0,9.1,0.0,0.0,5.0,41.0,0.0,0.0,0.0,0.0,0.65,0.0,0.0,0.35714285714285715,2.9285714285714284,0.0,0.0,0.0,0.65
526,Darnell Washington,Pit,TE,L 10-24,0.0,Ari,Home,66.0,12-05-23,13,False,0,27,26,0,1,1.42,0.0,0.0,0.8,6.2,0.0,0.0,0.0,0.0,9.1,0.0,0.0,5.0,41.0,0.0,0.0,0.0,0.0,0.6066666666666667,0.0,0.0,0.3333333333333333,2.7333333333333334,0.0,0.0,0.0,0.6066666666666667
689,Darnell Washington,Pit,TE,L 18-21,2.2,NE,Home,43.0,12-12-23,14,False,0,27,26,21,1,1.52,0.0,0.0,0.8,7.2,0.0,0.0,0.0,0.0,11.3,0.0,0.0,6.0,53.0,0.0,0.0,0.0,0.0,0.70625,0.0,0.0,0.375,3.3125,0.0,0.0,0.0,0.70625
1369,Darnell Washington,Pit,TE,L 13-30,0.0,Ind,Away,81.5,12-19-23,15,False,0,27,26,13,0,1.2,0.0,0.0,0.6,6.0,0.0,0.0,0.0,0.0,11.3,0.0,0.0,6.0,53.0,0.0,0.0,0.0,0.0,0.6647058823529413,0.0,0.0,0.35294117647058826,3.1176470588235294,0.0,0.0,0.0,0.6647058823529413
1066,Darnell Washington,Pit,TE,W 34-11,1.8,Cin,Home,49.0,12-26-23,16,False,0,27,26,6,1,1.2,0.0,0.0,0.6,6.0,0.0,0.0,0.0,0.0,13.1,0.0,0.0,7.0,61.0,0.0,0.0,0.0,0.0,0.7277777777777777,0.0,0.0,0.3888888888888889,3.388888888888889,0.0,0.0,0.0,0.7277777777777777
101,Darrell Daniels,Det,TE,W 34-20,0.0,GB,Away,79.5,10-03-23,4,False,0,28,10,11,0,0.0,0.0,0.0,0.0,0.0,0.0,0.0,0.0,0.0,0.0,0.0,0.0,0.0,0.0,0.0,0.0,0.0,0.0,0.0,0.0,0.0,0.0,0.0,0.0,0.0,0.0,0.0
384,Darrell Daniels,Det,TE,W 42-24,0.0,Car,Home,71.0,10-10-23,5,False,0,28,10,4,1,0.0,0.0,0.0,0.0,0.0,0.0,0.0,0.0,0.0,0.0,0.0,0.0,0.0,0.0,0.0,0.0,0.0,0.0,0.0,0.0,0.0,0.0,0.0,0.0,0.0,0.0,0.0
1669,Darrell Daniels,Det,TE,W 20-6,0.0,TB,Away,72.0,10-17-23,6,False,0,28,10,29,0,0.0,0.0,0.0,0.0,0.0,0.0,0.0,0.0,0.0,0.0,0.0,0.0,0.0,0.0,0.0,0.0,0.0,0.0,0.0,0.0,0.0,0.0,0.0,0.0,0.0,0.0,0.0
1126,Darren Waller,NYG,TE,L 25-26,10.1,LAR,Home,14.0,01-02-24,17,False,0,29,23,17,1,10.1,0.0,0.0,5.0,51.0,0.0,0.0,0.0,0.0,10.1,0.0,0.0,5.0,51.0,0.0,0.0,0.0,0.0,10.1,0.0,0.0,5.0,51.0,0.0,0.0,0.0,10.1
751,Darren Waller,NYG,TE,W 27-10,9.5,Phi,Home,13.0,01-09-24,18,False,0,29,23,25,1,9.8,0.0,0.0,5.0,48.0,0.0,0.0,0.0,0.0,19.6,0.0,0.0,10.0,96.0,0.0,0.0,0.0,0.0,9.8,0.0,0.0,5.0,48.0,0.0,0.0,0.0,9.8
119,Darren Waller,NYG,TE,L 0-40,6.6,Dal,Home,19.5,09-12-23,1,False,0,29,23,8,1,8.733333333333333,0.0,0.0,4.333333333333333,44.0,0.0,0.0,0.0,0.0,26.2,0.0,0.0,13.0,132.0,0.0,0.0,0.0,0.0,8.733333333333333,0.0,0.0,4.333333333333333,44.0,0.0,0.0,0.0,8.733333333333333
1209,Darren Waller,NYG,TE,W 31-28,13.6,Ari,Away,4.0,09-19-23,2,False,0,29,23,0,0,9.95,0.0,0.0,4.75,52.0,0.0,0.0,0.0,0.0,39.8,0.0,0.0,19.0,208.0,0.0,0.0,0.0,0.0,9.95,0.0,0.0,4.75,52.0,0.0,0.0,0.0,9.95
225,Darren Waller,NYG,TE,L 12-30,5.0,SF,Away,25.5,09-26-23,3,False,0,29,23,27,0,8.959999999999999,0.0,0.0,4.4,45.6,0.0,0.0,0.0,0.0,44.8,0.0,0.0,22.0,228.0,0.0,0.0,0.0,0.0,8.959999999999999,0.0,0.0,4.4,45.6,0.0,0.0,0.0,8.959999999999999
25,Darren Waller,NYG,TE,L 3-24,5.1,Sea,Home,26.0,10-03-23,4,False,0,29,23,28,1,7.959999999999999,0.0,0.0,4.0,39.6,0.0,0.0,0.0,0.0,49.9,0.0,0.0,25.0,249.0,0.0,0.0,0.0,0.0,8.316666666666666,0.0,0.0,4.166666666666667,41.5,0.0,0.0,0.0,8.316666666666666
305,Darren Waller,NYG,TE,L 16-31,16.6,Mia,Away,7.0,10-10-23,5,False,0,29,23,19,0,9.379999999999999,0.0,0.0,4.6,47.8,0.0,0.0,0.0,0.0,66.5,0.0,0.0,33.0,335.0,0.0,0.0,0.0,0.0,9.5,0.0,0.0,4.714285714285714,47.857142857142854,0.0,0.0,0.0,9.5
1592,Darren Waller,NYG,TE,L 9-14,9.3,Buf,Away,14.0,10-17-23,6,False,0,29,23,3,0,9.919999999999998,0.0,0.0,5.0,49.2,0.0,0.0,0.0,0.0,75.8,0.0,0.0,38.0,378.0,0.0,0.0,0.0,0.0,9.475,0.0,0.0,4.75,47.25,0.0,0.0,0.0,9.475
1500,Darren Waller,NYG,TE,W 14-7,22.8,Wsh,Home,2.0,10-24-23,7,False,0,29,23,31,1,11.760000000000002,0.0,0.0,5.2,53.6,0.2,0.0,0.0,0.0,98.6,0.0,0.0,45.0,476.0,1.0,0.0,0.0,0.0,10.955555555555556,0.0,0.0,5.0,52.888888888888886,0.1111111111111111,0.0,0.0,10.955555555555556
1451,Darren Waller,NYG,TE,L 10-13,1.4,NYJ,Home,48.5,10-31-23,8,False,0,29,23,24,1,11.040000000000001,0.0,0.0,4.8,50.4,0.2,0.0,0.0,0.0,100.0,0.0,0.0,46.0,480.0,1.0,0.0,0.0,0.0,10.0,0.0,0.0,4.6,48.0,0.1,0.0,0.0,10.0
1321,Darren Waller,NYG,TE,L 6-24,8.0,NO,Away,19.0,12-19-23,15,False,0,29,23,22,0,11.620000000000001,0.0,0.0,5.0,54.2,0.2,0.0,0.0,0.0,108.0,0.0,0.0,50.0,520.0,1.0,0.0,0.0,0.0,9.818181818181818,0.0,0.0,4.545454545454546,47.27272727272727,0.09090909090909091,0.0,0.0,9.818181818181818
1048,Darren Waller,NYG,TE,L 25-33,5.2,Phi,Away,31.0,12-26-23,16,False,0,29,23,25,0,9.34,0.0,0.0,3.8,43.4,0.2,0.0,0.0,0.0,113.2,0.0,0.0,52.0,552.0,1.0,0.0,0.0,0.0,9.433333333333334,0.0,0.0,4.333333333333333,46.0,0.08333333333333333,0.0,0.0,9.433333333333334
1115,David Njoku,Cle,TE,W 37-20,17.4,NYJ,Home,3.0,01-02-24,17,False,0,30,7,24,1,17.4,0.0,0.0,6.0,134.0,0.0,0.0,0.0,0.0,17.4,0.0,0.0,6.0,134.0,0.0,0.0,0.0,0.0,17.4,0.0,0.0,6.0,134.0,0.0,0.0,0.0,17.4
129,David Njoku,Cle,TE,W 24-3,4.4,Cin,Home,28.0,09-12-23,1,False,0,30,7,6,1,10.899999999999999,0.0,0.0,4.0,79.0,0.0,0.0,0.0,0.0,21.799999999999997,0.0,0.0,8.0,158.0,0.0,0.0,0.0,0.0,10.899999999999999,0.0,0.0,4.0,79.0,0.0,0.0,0.0,10.899999999999999
1233,David Njoku,Cle,TE,L 22-26,6.8,Pit,Away,28.5,09-19-23,2,False,0,30,7,26,0,9.533333333333333,0.0,0.0,4.0,68.66666666666667,0.0,0.0,0.0,0.0,28.599999999999998,0.0,0.0,12.0,206.0,0.0,0.0,0.0,0.0,9.533333333333333,0.0,0.0,4.0,68.66666666666667,0.0,0.0,0.0,9.533333333333333
223,David Njoku,Cle,TE,W 27-3,6.0,Ten,Home,23.0,09-26-23,3,False,0,30,7,30,1,8.65,0.0,0.0,4.0,56.5,0.0,0.0,0.0,0.0,34.6,0.0,0.0,16.0,226.0,0.0,0.0,0.0,0.0,8.65,0.0,0.0,4.0,56.5,0.0,0.0,0.0,8.65
10,David Njoku,Cle,TE,L 3-28,10.6,Bal,Home,11.5,10-03-23,4,False,0,30,7,2,1,9.040000000000001,0.0,0.0,4.4,54.4,0.0,0.0,0.0,0.0,45.2,0.0,0.0,22.0,272.0,0.0,0.0,0.0,0.0,9.040000000000001,0.0,0.0,4.4,54.4,0.0,0.0,0.0,9.040000000000001
1598,David Njoku,Cle,TE,W 19-17,5.4,SF,Home,20.5,10-17-23,6,False,0,30,7,27,1,6.640000000000001,0.0,0.0,3.8,32.4,0.0,0.0,0.0,0.0,50.6,0.0,0.0,25.0,296.0,0.0,0.0,0.0,0.0,8.433333333333334,0.0,0.0,4.166666666666667,49.333333333333336,0.0,0.0,0.0,8.433333333333334
1509,David Njoku,Cle,TE,W 39-38,10.4,Ind,Away,11.0,10-24-23,7,False,0,30,7,13,0,7.840000000000001,0.0,0.0,4.4,38.4,0.0,0.0,0.0,0.0,61.0,0.0,0.0,30.0,350.0,0.0,0.0,0.0,0.0,8.714285714285714,0.0,0.0,4.285714285714286,50.0,0.0,0.0,0.0,8.714285714285714
1410,David Njoku,Cle,TE,L 20-24,17.7,Sea,Away,7.0,10-31-23,8,False,0,30,7,28,0,10.02,0.0,0.0,4.4,44.2,0.2,0.0,0.0,0.0,78.7,0.0,0.0,34.0,427.0,1.0,0.0,0.0,0.0,9.8375,0.0,0.0,4.25,53.375,0.125,0.0,0.0,9.8375
572,David Njoku,Cle,TE,W 27-0,12.6,Ari,Home,13.5,11-07-23,9,False,0,30,7,0,1,11.34,0.0,0.0,4.4,45.4,0.4,0.0,0.0,0.0,91.3,0.0,0.0,38.0,453.0,2.0,0.0,0.0,0.0,10.144444444444444,0.0,0.0,4.222222222222222,50.333333333333336,0.2222222222222222,0.0,0.0,10.144444444444444
838,David Njoku,Cle,TE,W 33-31,11.8,Bal,Away,7.0,11-14-23,10,False,0,30,7,2,0,11.58,0.0,0.0,4.4,47.8,0.4,0.0,0.0,0.0,103.1,0.0,0.0,44.0,511.0,2.0,0.0,0.0,0.0,10.309999999999999,0.0,0.0,4.4,51.1,0.2,0.0,0.0,10.309999999999999
389,David Njoku,Cle,TE,W 13-10,12.6,Pit,Home,4.0,11-21-23,11,False,0,30,7,26,1,13.02,0.0,0.0,5.2,54.2,0.4,0.0,0.0,0.0,115.7,0.0,0.0,51.0,567.0,2.0,0.0,0.0,0.0,10.518181818181818,0.0,0.0,4.636363636363637,51.54545454545455,0.18181818181818182,0.0,0.0,10.518181818181818
926,David Njoku,Cle,TE,L 12-29,11.9,Den,Away,8.0,11-28-23,12,False,0,30,7,9,0,13.319999999999999,0.0,0.0,5.4,55.2,0.4,0.0,0.0,0.0,127.6,0.0,0.0,57.0,626.0,2.0,0.0,0.0,0.0,10.633333333333333,0.0,0.0,4.75,52.166666666666664,0.16666666666666666,0.0,0.0,10.633333333333333
499,David Njoku,Cle,TE,L 19-36,3.7,LAR,Away,26.0,12-05-23,13,False,0,30,7,17,0,10.52,0.0,0.0,5.0,43.2,0.2,0.0,0.0,0.0,131.3,0.0,0.0,59.0,643.0,2.0,0.0,0.0,0.0,10.100000000000001,0.0,0.0,4.538461538461538,49.46153846153846,0.15384615384615385,0.0,0.0,10.100000000000001
648,David Njoku,Cle,TE,W 31-27,27.1,Jax,Home,2.0,12-12-23,14,False,0,30,7,14,1,13.420000000000002,0.0,0.0,5.4,56.2,0.4,0.0,0.0,0.0,158.4,0.0,0.0,65.0,734.0,4.0,0.0,0.0,0.0,11.314285714285715,0.0,0.0,4.642857142857143,52.42857142857143,0.2857142857142857,0.0,0.0,11.314285714285715
1304,David Njoku,Cle,TE,W 20-17,26.4,Chi,Home,2.0,12-19-23,15,False,0,30,7,5,1,16.34,0.0,0.0,6.2,65.4,0.6,0.0,0.0,0.0,184.8,0.0,0.0,75.0,838.0,5.0,0.0,0.0,0.0,12.32,0.0,0.0,5.0,55.86666666666667,0.3333333333333333,0.0,0.0,12.32
1021,David Njoku,Cle,TE,W 36-22,16.4,Hou,Away,4.0,12-26-23,16,False,0,30,7,12,0,17.1,0.0,0.0,6.0,63.0,0.8,0.0,0.0,0.0,201.2,0.0,0.0,81.0,882.0,6.0,0.0,0.0,0.0,12.575,0.0,0.0,5.0625,55.125,0.375,0.0,0.0,12.575
1198,David Wells,TB,TE,L 13-23,0.0,NO,Home,76.0,01-02-24,17,False,0,31,29,22,1,0.0,0.0,0.0,0.0,0.0,0.0,0.0,0.0,0.0,0.0,0.0,0.0,0.0,0.0,0.0,0.0,0.0,0.0,0.0,0.0,0.0,0.0,0.0,0.0,0.0,0.0,0.0
198,David Wells,TB,TE,W 20-17,0.0,Min,Away,75.0,09-12-23,1,False,0,31,29,20,0,0.0,0.0,0.0,0.0,0.0,0.0,0.0,0.0,0.0,0.0,0.0,0.0,0.0,0.0,0.0,0.0,0.0,0.0,0.0,0.0,0.0,0.0,0.0,0.0,0.0,0.0,0.0
1259,David Wells,TB,TE,W 27-17,1.0,Chi,Home,54.0,09-19-23,2,False,0,31,29,5,1,0.3333333333333333,0.0,0.0,0.6666666666666666,-3.3333333333333335,0.0,0.0,0.0,0.0,1.0,0.0,0.0,2.0,-10.0,0.0,0.0,0.0,0.0,0.3333333333333333,0.0,0.0,0.6666666666666666,-3.3333333333333335,0.0,0.0,0.0,0.3333333333333333
295,David Wells,TB,TE,L 11-25,0.0,Phi,Home,79.0,09-26-23,3,False,0,31,29,25,1,0.25,0.0,0.0,0.5,-2.5,0.0,0.0,0.0,0.0,1.0,0.0,0.0,2.0,-10.0,0.0,0.0,0.0,0.0,0.25,0.0,0.0,0.5,-2.5,0.0,0.0,0.0,0.25
95,David Wells,TB,TE,W 26-9,0.0,NO,Away,79.5,10-03-23,4,False,0,31,29,22,0,0.2,0.0,0.0,0.4,-2.0,0.0,0.0,0.0,0.0,1.0,0.0,0.0,2.0,-10.0,0.0,0.0,0.0,0.0,0.2,0.0,0.0,0.4,-2.0,0.0,0.0,0.0,0.2
1181,Davis Allen,LAR,TE,W 26-25,0.0,NYG,Away,76.0,01-02-24,17,False,0,32,17,23,0,0.0,0.0,0.0,0.0,0.0,0.0,0.0,0.0,0.0,0.0,0.0,0.0,0.0,0.0,0.0,0.0,0.0,0.0,0.0,0.0,0.0,0.0,0.0,0.0,0.0,0.0,0.0
757,Davis Allen,LAR,TE,W 21-20,6.5,SF,Away,19.0,01-09-24,18,False,0,32,17,27,0,3.25,0.0,0.0,2.0,12.5,0.0,0.0,0.0,0.0,6.5,0.0,0.0,4.0,25.0,0.0,0.0,0.0,0.0,3.25,0.0,0.0,2.0,12.5,0.0,0.0,0.0,3.25
192,Davis Allen,LAR,TE,W 30-13,0.0,Sea,Away,75.0,09-12-23,1,False,0,32,17,28,0,2.1666666666666665,0.0,0.0,1.3333333333333333,8.333333333333334,0.0,0.0,0.0,0.0,6.5,0.0,0.0,4.0,25.0,0.0,0.0,0.0,0.0,2.1666666666666665,0.0,0.0,1.3333333333333333,8.333333333333334,0.0,0.0,0.0,2.1666666666666665
87,Davis Allen,LAR,TE,W 29-23,0.0,Ind,Away,79.5,10-03-23,4,False,0,32,17,13,0,1.625,0.0,0.0,1.0,6.25,0.0,0.0,0.0,0.0,6.5,0.0,0.0,4.0,25.0,0.0,0.0,0.0,0.0,1.625,0.0,0.0,1.0,6.25,0.0,0.0,0.0,1.625
377,Davis Allen,LAR,TE,L 14-23,0.0,Phi,Home,71.0,10-10-23,5,False,0,32,17,25,1,1.3,0.0,0.0,0.8,5.0,0.0,0.0,0.0,0.0,6.5,0.0,0.0,4.0,25.0,0.0,0.0,0.0,0.0,1.3,0.0,0.0,0.8,5.0,0.0,0.0,0.0,1.3
1660,Davis Allen,LAR,TE,W 26-9,0.0,Ari,Home,72.0,10-17-23,6,False,0,32,17,0,1,1.3,0.0,0.0,0.8,5.0,0.0,0.0,0.0,0.0,6.5,0.0,0.0,4.0,25.0,0.0,0.0,0.0,0.0,1.0833333333333333,0.0,0.0,0.6666666666666666,4.166666666666667,0.0,0.0,0.0,1.0833333333333333
1571,Davis Allen,LAR,TE,L 17-24,0.0,Pit,Home,62.0,10-24-23,7,False,0,32,17,26,1,0.0,0.0,0.0,0.0,0.0,0.0,0.0,0.0,0.0,6.5,0.0,0.0,4.0,25.0,0.0,0.0,0.0,0.0,0.9285714285714286,0.0,0.0,0.5714285714285714,3.5714285714285716,0.0,0.0,0.0,0.9285714285714286
1487,Davis Allen,LAR,TE,L 20-43,0.0,Dal,Away,73.0,10-31-23,8,False,0,32,17,8,0,0.0,0.0,0.0,0.0,0.0,0.0,0.0,0.0,0.0,6.5,0.0,0.0,4.0,25.0,0.0,0.0,0.0,0.0,0.8125,0.0,0.0,0.5,3.125,0.0,0.0,0.0,0.8125
635,Davis Allen,LAR,TE,L 3-20,0.0,GB,Away,68.0,11-07-23,9,False,0,32,17,11,0,0.0,0.0,0.0,0.0,0.0,0.0,0.0,0.0,0.0,6.5,0.0,0.0,4.0,25.0,0.0,0.0,0.0,0.0,0.7222222222222222,0.0,0.0,0.4444444444444444,2.7777777777777777,0.0,0.0,0.0,0.7222222222222222
464,Davis Allen,LAR,TE,W 17-16,0.0,Sea,Home,67.0,11-21-23,11,False,0,32,17,28,1,0.0,0.0,0.0,0.0,0.0,0.0,0.0,0.0,0.0,6.5,0.0,0.0,4.0,25.0,0.0,0.0,0.0,0.0,0.65,0.0,0.0,0.4,2.5,0.0,0.0,0.0,0.65
972,Davis Allen,LAR,TE,W 37-14,1.6,Ari,Away,54.0,11-28-23,12,False,0,32,17,0,0,0.32,0.0,0.0,0.2,1.2,0.0,0.0,0.0,0.0,8.1,0.0,0.0,5.0,31.0,0.0,0.0,0.0,0.0,0.7363636363636363,0.0,0.0,0.45454545454545453,2.8181818181818183,0.0,0.0,0.0,0.7363636363636363
529,Davis Allen,LAR,TE,W 36-19,0.0,Cle,Home,66.0,12-05-23,13,False,0,32,17,7,1,0.32,0.0,0.0,0.2,1.2,0.0,0.0,0.0,0.0,8.1,0.0,0.0,5.0,31.0,0.0,0.0,0.0,0.0,0.6749999999999999,0.0,0.0,0.4166666666666667,2.5833333333333335,0.0,0.0,0.0,0.6749999999999999
652,Davis Allen,LAR,TE,L 31-37,15.0,Bal,Away,6.0,12-12-23,14,False,0,32,17,2,0,3.3200000000000003,0.0,0.0,1.0,11.2,0.2,0.0,0.0,0.0,23.1,0.0,0.0,9.0,81.0,1.0,0.0,0.0,0.0,1.776923076923077,0.0,0.0,0.6923076923076923,6.230769230769231,0.07692307692307693,0.0,0.0,1.776923076923077
1351,Davis Allen,LAR,TE,W 28-20,2.4,Wsh,Home,49.0,12-19-23,15,False,0,32,17,31,1,3.8,0.0,0.0,1.2,14.0,0.2,0.0,0.0,0.0,25.5,0.0,0.0,10.0,95.0,1.0,0.0,0.0,0.0,1.8214285714285714,0.0,0.0,0.7142857142857143,6.785714285714286,0.07142857142857142,0.0,0.0,1.8214285714285714
1085,Davis Allen,LAR,TE,W 30-22,0.0,NO,Home,78.0,12-26-23,16,False,0,32,17,22,1,3.8,0.0,0.0,1.2,14.0,0.2,0.0,0.0,0.0,25.5,0.0,0.0,10.0,95.0,1.0,0.0,0.0,0.0,1.7,0.0,0.0,0.6666666666666666,6.333333333333333,0.06666666666666667,0.0,0.0,1.7
1174,Dawson Knox,Buf,TE,W 27-21,0.0,NE,Home,76.0,01-02-24,17,False,0,33,3,21,1,0.0,0.0,0.0,0.0,0.0,0.0,0.0,0.0,0.0,0.0,0.0,0.0,0.0,0.0,0.0,0.0,0.0,0.0,0.0,0.0,0.0,0.0,0.0,0.0,0.0,0.0,0.0
750,Dawson Knox,Buf,TE,W 21-14,10.2,Mia,Away,12.0,01-09-24,18,False,0,33,3,19,0,5.1,0.0,0.0,1.0,11.0,0.5,0.0,0.0,0.0,10.2,0.0,0.0,2.0,22.0,1.0,0.0,0.0,0.0,5.1,0.0,0.0,1.0,11.0,0.5,0.0,0.0,5.1
126,Dawson Knox,Buf,TE,L 16-22,5.5,NYJ,Away,25.0,09-12-23,1,False,0,33,3,24,0,5.233333333333333,0.0,0.0,1.6666666666666667,15.666666666666666,0.3333333333333333,0.0,0.0,0.0,15.7,0.0,0.0,5.0,47.0,1.0,0.0,0.0,0.0,5.233333333333333,0.0,0.0,1.6666666666666667,15.666666666666666,0.3333333333333333,0.0,0.0,5.233333333333333
1219,Dawson Knox,Buf,TE,W 38-10,10.0,LV,Home,13.5,09-19-23,2,False,0,33,3,18,1,6.425,0.0,0.0,2.0,14.25,0.5,0.0,0.0,0.0,25.7,0.0,0.0,8.0,57.0,2.0,0.0,0.0,0.0,6.425,0.0,0.0,2.0,14.25,0.5,0.0,0.0,6.425
243,Dawson Knox,Buf,TE,W 37-3,2.1,Wsh,Away,44.5,09-26-23,3,False,0,33,3,31,0,5.5600000000000005,0.0,0.0,1.8,13.6,0.4,0.0,0.0,0.0,27.8,0.0,0.0,9.0,68.0,2.0,0.0,0.0,0.0,5.5600000000000005,0.0,0.0,1.8,13.6,0.4,0.0,0.0,5.5600000000000005
39,Dawson Knox,Buf,TE,W 48-20,2.2,Mia,Home,40.5,10-03-23,4,False,0,33,3,19,1,6.0,0.0,0.0,2.0,16.0,0.4,0.0,0.0,0.0,30.0,0.0,0.0,10.0,80.0,2.0,0.0,0.0,0.0,5.0,0.0,0.0,1.6666666666666667,13.333333333333334,0.3333333333333333,0.0,0.0,5.0
323,Dawson Knox,Buf,TE,L 20-25,4.7,Jax,Home,25.0,10-10-23,5,False,0,33,3,14,1,4.9,0.0,0.0,2.2,15.0,0.2,0.0,0.0,0.0,34.7,0.0,0.0,13.0,97.0,2.0,0.0,0.0,0.0,4.957142857142857,0.0,0.0,1.8571428571428572,13.857142857142858,0.2857142857142857,0.0,0.0,4.957142857142857
1601,Dawson Knox,Buf,TE,W 14-9,4.7,NYG,Home,23.0,10-17-23,6,False,0,33,3,23,1,4.74,0.0,0.0,2.2,13.4,0.2,0.0,0.0,0.0,39.4,0.0,0.0,16.0,114.0,2.0,0.0,0.0,0.0,4.925,0.0,0.0,2.0,14.25,0.25,0.0,0.0,4.925
1524,Dawson Knox,Buf,TE,L 25-29,4.0,NE,Away,26.0,10-24-23,7,False,0,33,3,21,0,3.54,0.0,0.0,1.8,13.4,0.0,0.0,0.0,0.0,43.4,0.0,0.0,17.0,124.0,2.0,0.0,0.0,0.0,4.822222222222222,0.0,0.0,1.8888888888888888,13.777777777777779,0.2222222222222222,0.0,0.0,4.822222222222222
1455,Dawson Knox,Buf,TE,W 24-18,0.0,TB,Home,73.0,10-31-23,8,False,0,33,3,29,1,3.12,0.0,0.0,1.6,11.2,0.0,0.0,0.0,0.0,43.4,0.0,0.0,17.0,124.0,2.0,0.0,0.0,0.0,4.34,0.0,0.0,1.7,12.4,0.2,0.0,0.0,4.34
674,Dawson Knox,Buf,TE,W 20-17,6.6,KC,Away,28.0,12-12-23,14,False,0,33,3,15,0,4.0,0.0,0.0,2.0,16.0,0.0,0.0,0.0,0.0,50.0,0.0,0.0,20.0,160.0,2.0,0.0,0.0,0.0,4.545454545454546,0.0,0.0,1.8181818181818181,14.545454545454545,0.18181818181818182,0.0,0.0,4.545454545454546
1365,Dawson Knox,Buf,TE,W 31-10,0.0,Dal,Home,81.5,12-19-23,15,False,0,33,3,8,1,3.06,0.0,0.0,1.4,12.6,0.0,0.0,0.0,0.0,50.0,0.0,0.0,20.0,160.0,2.0,0.0,0.0,0.0,4.166666666666667,0.0,0.0,1.6666666666666667,13.333333333333334,0.16666666666666666,0.0,0.0,4.166666666666667
1052,Dawson Knox,Buf,TE,W 24-22,4.6,LAC,Away,35.0,12-26-23,16,False,0,33,3,16,0,3.04,0.0,0.0,1.2,14.4,0.0,0.0,0.0,0.0,54.6,0.0,0.0,22.0,186.0,2.0,0.0,0.0,0.0,4.2,0.0,0.0,1.6923076923076923,14.307692307692308,0.15384615384615385,0.0,0.0,4.2
743,Donald Parham Jr.,LAC,TE,L 12-13,13.3,KC,Home,5.0,01-09-24,18,False,0,34,16,15,1,13.3,0.0,0.0,5.0,83.0,0.0,0.0,0.0,0.0,13.3,0.0,0.0,5.0,83.0,0.0,0.0,0.0,0.0,13.3,0.0,0.0,5.0,83.0,0.0,0.0,0.0,13.3
105,Donald Parham Jr.,LAC,TE,L 34-36,11.2,Mia,Home,4.0,09-12-23,1,False,0,34,16,19,1,12.25,0.0,0.0,4.0,52.5,0.5,0.0,0.0,0.0,24.5,0.0,0.0,8.0,105.0,1.0,0.0,0.0,0.0,12.25,0.0,0.0,4.0,52.5,0.5,0.0,0.0,12.25
1255,Donald Parham Jr.,LAC,TE,L 24-27,1.7,Ten,Away,50.0,09-19-23,2,False,0,34,16,30,0,8.733333333333333,0.0,0.0,3.0,37.333333333333336,0.3333333333333333,0.0,0.0,0.0,26.2,0.0,0.0,9.0,112.0,1.0,0.0,0.0,0.0,8.733333333333333,0.0,0.0,3.0,37.333333333333336,0.3333333333333333,0.0,0.0,8.733333333333333
205,Donald Parham Jr.,LAC,TE,W 28-24,14.4,Min,Away,5.0,09-26-23,3,False,0,34,16,20,0,10.15,0.0,0.0,2.75,29.0,0.75,0.0,0.0,0.0,40.6,0.0,0.0,11.0,116.0,3.0,0.0,0.0,0.0,10.15,0.0,0.0,2.75,29.0,0.75,0.0,0.0,10.15
56,Donald Parham Jr.,LAC,TE,W 24-17,0.0,LV,Home,79.5,10-03-23,4,False,0,34,16,18,1,8.120000000000001,0.0,0.0,2.2,23.2,0.6,0.0,0.0,0.0,40.6,0.0,0.0,11.0,116.0,3.0,0.0,0.0,0.0,8.120000000000001,0.0,0.0,2.2,23.2,0.6,0.0,0.0,8.120000000000001
1604,Donald Parham Jr.,LAC,TE,L 17-20,3.9,Dal,Home,26.5,10-17-23,6,False,0,34,16,8,1,6.24,0.0,0.0,1.6,10.4,0.6,0.0,0.0,0.0,44.5,0.0,0.0,13.0,135.0,3.0,0.0,0.0,0.0,7.416666666666667,0.0,0.0,2.1666666666666665,22.5,0.5,0.0,0.0,7.416666666666667
1531,Donald Parham Jr.,LAC,TE,L 17-31,1.9,KC,Away,33.0,10-24-23,7,False,0,34,16,15,0,4.38,0.0,0.0,1.2,7.8,0.4,0.0,0.0,0.0,46.4,0.0,0.0,14.0,144.0,3.0,0.0,0.0,0.0,6.628571428571428,0.0,0.0,2.0,20.571428571428573,0.42857142857142855,0.0,0.0,6.628571428571428
1415,Donald Parham Jr.,LAC,TE,W 30-13,14.3,Chi,Home,12.0,10-31-23,8,False,0,34,16,5,1,6.9,0.0,0.0,1.8,15.0,0.6,0.0,0.0,0.0,60.7,0.0,0.0,18.0,187.0,4.0,0.0,0.0,0.0,7.5875,0.0,0.0,2.25,23.375,0.5,0.0,0.0,7.5875
608,Donald Parham Jr.,LAC,TE,W 27-6,0.0,NYJ,Away,68.0,11-07-23,9,False,0,34,16,24,0,4.0200000000000005,0.0,0.0,1.4,14.2,0.2,0.0,0.0,0.0,60.7,0.0,0.0,18.0,187.0,4.0,0.0,0.0,0.0,6.7444444444444445,0.0,0.0,2.0,20.77777777777778,0.4444444444444444,0.0,0.0,6.7444444444444445
860,Donald Parham Jr.,LAC,TE,L 38-41,3.8,Det,Home,29.0,11-14-23,10,False,0,34,16,10,1,4.78,0.0,0.0,1.8,17.8,0.2,0.0,0.0,0.0,64.5,0.0,0.0,20.0,205.0,4.0,0.0,0.0,0.0,6.45,0.0,0.0,2.0,20.5,0.4,0.0,0.0,6.45
394,Donald Parham Jr.,LAC,TE,L 20-23,9.7,GB,Away,9.0,11-21-23,11,False,0,34,16,11,0,5.9399999999999995,0.0,0.0,2.2,25.4,0.2,0.0,0.0,0.0,74.2,0.0,0.0,24.0,262.0,4.0,0.0,0.0,0.0,6.745454545454546,0.0,0.0,2.1818181818181817,23.818181818181817,0.36363636363636365,0.0,0.0,6.745454545454546
978,Donald Parham Jr.,LAC,TE,L 10-20,0.0,Bal,Home,78.0,11-28-23,12,False,0,34,16,2,1,5.5600000000000005,0.0,0.0,2.0,23.6,0.2,0.0,0.0,0.0,74.2,0.0,0.0,24.0,262.0,4.0,0.0,0.0,0.0,6.183333333333334,0.0,0.0,2.0,21.833333333333332,0.3333333333333333,0.0,0.0,6.183333333333334
501,Donald Parham Jr.,LAC,TE,W 6-0,3.2,NE,Away,28.0,12-05-23,13,False,0,34,16,21,0,3.34,0.0,0.0,1.6,17.4,0.0,0.0,0.0,0.0,77.4,0.0,0.0,26.0,274.0,4.0,0.0,0.0,0.0,5.953846153846154,0.0,0.0,2.0,21.076923076923077,0.3076923076923077,0.0,0.0,5.953846153846154
690,Donald Parham Jr.,LAC,TE,L 7-24,2.1,Den,Home,44.0,12-12-23,14,False,0,34,16,9,1,3.7600000000000002,0.0,0.0,1.8,19.6,0.0,0.0,0.0,0.0,79.5,0.0,0.0,27.0,285.0,4.0,0.0,0.0,0.0,5.678571428571429,0.0,0.0,1.9285714285714286,20.357142857142858,0.2857142857142857,0.0,0.0,5.678571428571429
141,Drew Ogletree,Ind,TE,L 21-31,3.0,Jax,Home,39.5,09-12-23,1,False,0,35,13,14,1,3.0,0.0,0.0,1.0,20.0,0.0,0.0,0.0,0.0,3.0,0.0,0.0,1.0,20.0,0.0,0.0,0.0,0.0,3.0,0.0,0.0,1.0,20.0,0.0,0.0,0.0,3.0
245,Drew Ogletree,Ind,TE,W 22-19,2.1,Bal,Away,44.5,09-26-23,3,False,0,35,13,2,0,2.55,0.0,0.0,1.0,15.5,0.0,0.0,0.0,0.0,5.1,0.0,0.0,2.0,31.0,0.0,0.0,0.0,0.0,2.55,0.0,0.0,1.0,15.5,0.0,0.0,0.0,2.55
4,Drew Ogletree,Ind,TE,L 23-29,13.8,LAR,Home,5.0,10-03-23,4,False,0,35,13,17,1,6.3,0.0,0.0,1.6666666666666667,26.333333333333332,0.3333333333333333,0.0,0.0,0.0,18.9,0.0,0.0,5.0,79.0,1.0,0.0,0.0,0.0,6.3,0.0,0.0,1.6666666666666667,26.333333333333332,0.3333333333333333,0.0,0.0,6.3
333,Drew Ogletree,Ind,TE,W 23-16,3.6,Ten,Home,35.0,10-10-23,5,False,0,35,13,30,1,5.625,0.0,0.0,1.75,23.75,0.25,0.0,0.0,0.0,22.5,0.0,0.0,7.0,95.0,1.0,0.0,0.0,0.0,5.625,0.0,0.0,1.75,23.75,0.25,0.0,0.0,5.625
1635,Drew Ogletree,Ind,TE,L 20-37,0.0,Jax,Away,72.0,10-17-23,6,False,0,35,13,14,0,4.5,0.0,0.0,1.4,19.0,0.2,0.0,0.0,0.0,22.5,0.0,0.0,7.0,95.0,1.0,0.0,0.0,0.0,4.5,0.0,0.0,1.4,19.0,0.2,0.0,0.0,4.5
1551,Drew Ogletree,Ind,TE,L 38-39,0.0,Cle,Home,62.0,10-24-23,7,False,0,35,13,7,1,3.9,0.0,0.0,1.2,15.0,0.2,0.0,0.0,0.0,22.5,0.0,0.0,7.0,95.0,1.0,0.0,0.0,0.0,3.75,0.0,0.0,1.1666666666666667,15.833333333333334,0.16666666666666666,0.0,0.0,3.75
1418,Drew Ogletree,Ind,TE,L 27-38,10.3,NO,Home,15.0,10-31-23,8,False,0,35,13,22,1,5.54,0.0,0.0,1.2,19.4,0.4,0.0,0.0,0.0,32.8,0.0,0.0,8.0,128.0,2.0,0.0,0.0,0.0,4.685714285714285,0.0,0.0,1.1428571428571428,18.285714285714285,0.2857142857142857,0.0,0.0,4.685714285714285
594,Drew Ogletree,Ind,TE,W 27-13,2.9,Car,Away,36.0,11-07-23,9,False,0,35,13,4,0,3.3600000000000003,0.0,0.0,0.8,13.6,0.2,0.0,0.0,0.0,35.7,0.0,0.0,9.0,147.0,2.0,0.0,0.0,0.0,4.4625,0.0,0.0,1.125,18.375,0.25,0.0,0.0,4.4625
535,Drew Ogletree,Ind,TE,W 31-28,0.0,Ten,Away,66.0,12-05-23,13,False,0,35,13,30,0,2.64,0.0,0.0,0.4,10.4,0.2,0.0,0.0,0.0,35.7,0.0,0.0,9.0,147.0,2.0,0.0,0.0,0.0,3.966666666666667,0.0,0.0,1.0,16.333333333333332,0.2222222222222222,0.0,0.0,3.966666666666667
711,Drew Ogletree,Ind,TE,L 14-34,0.0,Cin,Away,73.0,12-12-23,14,False,0,35,13,6,0,2.64,0.0,0.0,0.4,10.4,0.2,0.0,0.0,0.0,35.7,0.0,0.0,9.0,147.0,2.0,0.0,0.0,0.0,3.5700000000000003,0.0,0.0,0.9,14.7,0.2,0.0,0.0,3.5700000000000003
1376,Drew Ogletree,Ind,TE,W 30-13,0.0,Pit,Home,81.5,12-19-23,15,False,0,35,13,26,1,2.64,0.0,0.0,0.4,10.4,0.2,0.0,0.0,0.0,35.7,0.0,0.0,9.0,147.0,2.0,0.0,0.0,0.0,3.2454545454545456,0.0,0.0,0.8181818181818182,13.363636363636363,0.18181818181818182,0.0,0.0,3.2454545454545456
1088,Drew Ogletree,Ind,TE,L 10-29,0.0,Atl,Away,78.0,12-26-23,16,False,0,35,13,1,0,0.58,0.0,0.0,0.2,3.8,0.0,0.0,0.0,0.0,35.7,0.0,0.0,9.0,147.0,2.0,0.0,0.0,0.0,2.975,0.0,0.0,0.75,12.25,0.16666666666666666,0.0,0.0,2.975
1142,Drew Sample,Cin,TE,L 17-25,5.1,KC,Away,30.0,01-02-24,17,False,0,36,6,15,0,5.1,0.0,0.0,3.0,21.0,0.0,0.0,0.0,0.0,5.1,0.0,0.0,3.0,21.0,0.0,0.0,0.0,0.0,5.1,0.0,0.0,3.0,21.0,0.0,0.0,0.0,5.1
781,Drew Sample,Cin,TE,W 31-14,2.7,Cle,Home,43.5,01-09-24,18,False,0,36,6,7,1,3.9,0.0,0.0,2.5,14.0,0.0,0.0,0.0,0.0,7.8,0.0,0.0,5.0,28.0,0.0,0.0,0.0,0.0,3.9,0.0,0.0,2.5,14.0,0.0,0.0,0.0,3.9
167,Drew Sample,Cin,TE,L 3-24,0.0,Cle,Away,75.0,09-12-23,1,False,0,36,6,7,0,2.6,0.0,0.0,1.6666666666666667,9.333333333333334,0.0,0.0,0.0,0.0,7.8,0.0,0.0,5.0,28.0,0.0,0.0,0.0,0.0,2.6,0.0,0.0,1.6666666666666667,9.333333333333334,0.0,0.0,0.0,2.6
1273,Drew Sample,Cin,TE,L 24-27,0.0,Bal,Home,76.0,09-19-23,2,False,0,36,6,2,1,1.95,0.0,0.0,1.25,7.0,0.0,0.0,0.0,0.0,7.8,0.0,0.0,5.0,28.0,0.0,0.0,0.0,0.0,1.95,0.0,0.0,1.25,7.0,0.0,0.0,0.0,1.95
254,Drew Sample,Cin,TE,W 19-16,1.7,LAR,Home,54.0,09-26-23,3,False,0,36,6,17,1,1.9,0.0,0.0,1.2,7.0,0.0,0.0,0.0,0.0,9.5,0.0,0.0,6.0,35.0,0.0,0.0,0.0,0.0,1.9,0.0,0.0,1.2,7.0,0.0,0.0,0.0,1.9
55,Drew Sample,Cin,TE,L 3-27,0.9,Ten,Away,56.0,10-03-23,4,False,0,36,6,30,0,1.06,0.0,0.0,0.8,2.6,0.0,0.0,0.0,0.0,10.4,0.0,0.0,7.0,34.0,0.0,0.0,0.0,0.0,1.7333333333333334,0.0,0.0,1.1666666666666667,5.666666666666667,0.0,0.0,0.0,1.7333333333333334
363,Drew Sample,Cin,TE,W 34-20,0.0,Ari,Away,71.0,10-10-23,5,False,0,36,6,0,0,0.52,0.0,0.0,0.4,1.2,0.0,0.0,0.0,0.0,10.4,0.0,0.0,7.0,34.0,0.0,0.0,0.0,0.0,1.4857142857142858,0.0,0.0,1.0,4.857142857142857,0.0,0.0,0.0,1.4857142857142858
1626,Drew Sample,Cin,TE,W 17-13,1.4,Sea,Home,47.0,10-17-23,6,False,0,36,6,28,1,0.8,0.0,0.0,0.6,2.0,0.0,0.0,0.0,0.0,11.8,0.0,0.0,8.0,38.0,0.0,0.0,0.0,0.0,1.475,0.0,0.0,1.0,4.75,0.0,0.0,0.0,1.475
1469,Drew Sample,Cin,TE,W 31-17,0.0,SF,Away,73.0,10-31-23,8,False,0,36,6,27,0,0.8,0.0,0.0,0.6,2.0,0.0,0.0,0.0,0.0,11.8,0.0,0.0,8.0,38.0,0.0,0.0,0.0,0.0,1.3111111111111111,0.0,0.0,0.8888888888888888,4.222222222222222,0.0,0.0,0.0,1.3111111111111111
573,Drew Sample,Cin,TE,W 24-18,12.0,Buf,Home,15.0,11-07-23,9,False,0,36,6,3,1,2.8600000000000003,0.0,0.0,1.0,6.6,0.2,0.0,0.0,0.0,23.8,0.0,0.0,11.0,68.0,1.0,0.0,0.0,0.0,2.38,0.0,0.0,1.1,6.8,0.1,0.0,0.0,2.38
865,Drew Sample,Cin,TE,L 27-30,3.2,Hou,Home,34.0,11-14-23,10,False,0,36,6,12,1,3.3200000000000003,0.0,0.0,1.2,9.2,0.2,0.0,0.0,0.0,27.0,0.0,0.0,13.0,80.0,1.0,0.0,0.0,0.0,2.4545454545454546,0.0,0.0,1.1818181818181819,7.2727272727272725,0.09090909090909091,0.0,0.0,2.4545454545454546
413,Drew Sample,Cin,TE,L 20-34,3.9,Bal,Away,28.0,11-21-23,11,False,0,36,6,2,0,4.1,0.0,0.0,1.6,13.0,0.2,0.0,0.0,0.0,30.900000000000002,0.0,0.0,15.0,99.0,1.0,0.0,0.0,0.0,2.575,0.0,0.0,1.25,8.25,0.08333333333333333,0.0,0.0,2.575
936,Drew Sample,Cin,TE,L 10-16,8.1,Pit,Home,17.5,11-28-23,12,False,0,36,6,26,1,5.44,0.0,0.0,1.6,14.4,0.4,0.0,0.0,0.0,39.0,0.0,0.0,16.0,110.0,2.0,0.0,0.0,0.0,3.0,0.0,0.0,1.2307692307692308,8.461538461538462,0.15384615384615385,0.0,0.0,3.0
511,Drew Sample,Cin,TE,W 34-31,2.1,Jax,Away,38.0,12-05-23,13,False,0,36,6,14,0,5.86,0.0,0.0,1.8,16.6,0.4,0.0,0.0,0.0,41.1,0.0,0.0,17.0,121.0,2.0,0.0,0.0,0.0,2.935714285714286,0.0,0.0,1.2142857142857142,8.642857142857142,0.14285714285714285,0.0,0.0,2.935714285714286
688,Drew Sample,Cin,TE,W 34-14,2.4,Ind,Home,41.5,12-12-23,14,False,0,36,6,13,1,3.9400000000000004,0.0,0.0,1.6,11.4,0.2,0.0,0.0,0.0,43.5,0.0,0.0,19.0,125.0,2.0,0.0,0.0,0.0,2.9,0.0,0.0,1.2666666666666666,8.333333333333334,0.13333333333333333,0.0,0.0,2.9
1375,Drew Sample,Cin,TE,W 27-24,0.0,Min,Home,81.5,12-19-23,15,False,0,36,6,20,1,3.3,0.0,0.0,1.2,9.0,0.2,0.0,0.0,0.0,43.5,0.0,0.0,19.0,125.0,2.0,0.0,0.0,0.0,2.71875,0.0,0.0,1.1875,7.8125,0.125,0.0,0.0,2.71875
1046,Drew Sample,Cin,TE,L 11-34,6.8,Pit,Away,29.0,12-26-23,16,False,0,36,6,26,0,3.8800000000000003,0.0,0.0,1.4,12.8,0.2,0.0,0.0,0.0,50.3,0.0,0.0,22.0,163.0,2.0,0.0,0.0,0.0,2.9588235294117644,0.0,0.0,1.2941176470588236,9.588235294117647,0.11764705882352941,0.0,0.0,2.9588235294117644
1130,Durham Smythe,Mia,TE,L 19-56,8.4,Bal,Away,18.0,01-02-24,17,False,0,37,19,2,0,8.4,0.0,0.0,3.0,54.0,0.0,0.0,0.0,0.0,8.4,0.0,0.0,3.0,54.0,0.0,0.0,0.0,0.0,8.4,0.0,0.0,3.0,54.0,0.0,0.0,0.0,8.4
759,Durham Smythe,Mia,TE,L 14-21,6.0,Buf,Home,21.0,01-09-24,18,False,0,37,19,3,1,7.2,0.0,0.0,3.0,42.0,0.0,0.0,0.0,0.0,14.4,0.0,0.0,6.0,84.0,0.0,0.0,0.0,0.0,7.2,0.0,0.0,3.0,42.0,0.0,0.0,0.0,7.2
117,Durham Smythe,Mia,TE,W 36-34,7.4,LAC,Away,16.0,09-12-23,1,False,0,37,19,16,0,7.266666666666667,0.0,0.0,3.0,42.666666666666664,0.0,0.0,0.0,0.0,21.8,0.0,0.0,9.0,128.0,0.0,0.0,0.0,0.0,7.266666666666667,0.0,0.0,3.0,42.666666666666664,0.0,0.0,0.0,7.266666666666667
1238,Durham Smythe,Mia,TE,W 24-17,5.3,NE,Away,33.0,09-19-23,2,False,0,37,19,21,0,6.775,0.0,0.0,3.0,37.75,0.0,0.0,0.0,0.0,27.1,0.0,0.0,12.0,151.0,0.0,0.0,0.0,0.0,6.775,0.0,0.0,3.0,37.75,0.0,0.0,0.0,6.775
240,Durham Smythe,Mia,TE,W 70-20,2.5,Den,Home,40.5,09-26-23,3,False,0,37,19,9,1,5.92,0.0,0.0,2.6,33.2,0.0,0.0,0.0,0.0,29.6,0.0,0.0,13.0,166.0,0.0,0.0,0.0,0.0,5.92,0.0,0.0,2.6,33.2,0.0,0.0,0.0,5.92
19,Durham Smythe,Mia,TE,L 20-48,8.1,Buf,Away,20.0,10-03-23,4,False,0,37,19,3,0,5.86,0.0,0.0,2.8,30.6,0.0,0.0,0.0,0.0,37.7,0.0,0.0,17.0,207.0,0.0,0.0,0.0,0.0,6.283333333333334,0.0,0.0,2.8333333333333335,34.5,0.0,0.0,0.0,6.283333333333334
356,Durham Smythe,Mia,TE,W 31-16,0.0,NYG,Home,71.0,10-10-23,5,False,0,37,19,23,1,4.659999999999999,0.0,0.0,2.2,24.6,0.0,0.0,0.0,0.0,37.7,0.0,0.0,17.0,207.0,0.0,0.0,0.0,0.0,5.385714285714286,0.0,0.0,2.4285714285714284,29.571428571428573,0.0,0.0,0.0,5.385714285714286
1631,Durham Smythe,Mia,TE,W 42-21,0.0,Car,Home,72.0,10-17-23,6,False,0,37,19,4,1,3.1799999999999997,0.0,0.0,1.6,15.8,0.0,0.0,0.0,0.0,37.7,0.0,0.0,17.0,207.0,0.0,0.0,0.0,0.0,4.7125,0.0,0.0,2.125,25.875,0.0,0.0,0.0,4.7125
1545,Durham Smythe,Mia,TE,L 17-31,0.0,Phi,Away,62.0,10-24-23,7,False,0,37,19,25,0,2.1199999999999997,0.0,0.0,1.0,11.2,0.0,0.0,0.0,0.0,37.7,0.0,0.0,17.0,207.0,0.0,0.0,0.0,0.0,4.188888888888889,0.0,0.0,1.8888888888888888,23.0,0.0,0.0,0.0,4.188888888888889
1427,Durham Smythe,Mia,TE,W 31-17,5.8,NE,Home,23.5,10-31-23,8,False,0,37,19,21,1,2.78,0.0,0.0,1.4,13.8,0.0,0.0,0.0,0.0,43.5,0.0,0.0,20.0,235.0,0.0,0.0,0.0,0.0,4.35,0.0,0.0,2.0,23.5,0.0,0.0,0.0,4.35
586,Durham Smythe,Mia,TE,L 14-21,4.7,KC,Away,28.0,11-07-23,9,False,0,37,19,15,0,2.1,0.0,0.0,1.2,9.0,0.0,0.0,0.0,0.0,48.2,0.0,0.0,23.0,252.0,0.0,0.0,0.0,0.0,4.381818181818182,0.0,0.0,2.090909090909091,22.90909090909091,0.0,0.0,0.0,4.381818181818182
963,Durham Smythe,Mia,TE,W 34-13,2.0,NYJ,Away,45.5,11-28-23,12,False,0,37,19,24,0,2.5,0.0,0.0,1.4,11.0,0.0,0.0,0.0,0.0,50.2,0.0,0.0,24.0,262.0,0.0,0.0,0.0,0.0,4.183333333333334,0.0,0.0,2.0,21.833333333333332,0.0,0.0,0.0,4.183333333333334
524,Durham Smythe,Mia,TE,W 45-15,0.0,Wsh,Away,66.0,12-05-23,13,False,0,37,19,31,0,2.5,0.0,0.0,1.4,11.0,0.0,0.0,0.0,0.0,50.2,0.0,0.0,24.0,262.0,0.0,0.0,0.0,0.0,3.8615384615384616,0.0,0.0,1.8461538461538463,20.153846153846153,0.0,0.0,0.0,3.8615384615384616
680,Durham Smythe,Mia,TE,L 27-28,3.6,Ten,Home,34.0,12-12-23,14,False,0,37,19,30,1,3.22,0.0,0.0,1.8,14.2,0.0,0.0,0.0,0.0,53.8,0.0,0.0,26.0,278.0,0.0,0.0,0.0,0.0,3.8428571428571425,0.0,0.0,1.8571428571428572,19.857142857142858,0.0,0.0,0.0,3.8428571428571425
1325,Durham Smythe,Mia,TE,W 30-0,7.2,NYJ,Home,23.5,12-19-23,15,False,0,37,19,24,1,3.5,0.0,0.0,2.0,15.0,0.0,0.0,0.0,0.0,61.0,0.0,0.0,30.0,310.0,0.0,0.0,0.0,0.0,4.066666666666666,0.0,0.0,2.0,20.666666666666668,0.0,0.0,0.0,4.066666666666666
1032,Durham Smythe,Mia,TE,W 22-20,10.6,Dal,Home,15.0,12-26-23,16,False,0,37,19,8,1,4.68,0.0,0.0,2.4,22.8,0.0,0.0,0.0,0.0,71.6,0.0,0.0,35.0,366.0,0.0,0.0,0.0,0.0,4.475,0.0,0.0,2.1875,22.875,0.0,0.0,0.0,4.475
1148,Elijah Higgins,Ari,TE,W 35-31,4.1,Phi,Away,36.0,01-02-24,17,False,0,38,0,25,0,4.1,0.0,0.0,2.0,21.0,0.0,0.0,0.0,0.0,4.1,0.0,0.0,2.0,21.0,0.0,0.0,0.0,0.0,4.1,0.0,0.0,2.0,21.0,0.0,0.0,0.0,4.1
764,Elijah Higgins,Ari,TE,L 20-21,5.2,Sea,Home,26.0,01-09-24,18,False,0,38,0,28,1,4.65,0.0,0.0,2.0,26.5,0.0,0.0,0.0,0.0,9.3,0.0,0.0,4.0,53.0,0.0,0.0,0.0,0.0,4.65,0.0,0.0,2.0,26.5,0.0,0.0,0.0,4.65
1541,Elijah Higgins,Ari,TE,L 10-20,1.0,Sea,Away,43.0,10-24-23,7,False,0,38,0,28,0,3.4333333333333336,0.0,0.0,1.6666666666666667,17.666666666666668,0.0,0.0,0.0,0.0,10.3,0.0,0.0,5.0,53.0,0.0,0.0,0.0,0.0,3.4333333333333336,0.0,0.0,1.6666666666666667,17.666666666666668,0.0,0.0,0.0,3.4333333333333336
1485,Elijah Higgins,Ari,TE,L 24-31,0.0,Bal,Home,73.0,10-31-23,8,False,0,38,0,2,1,2.575,0.0,0.0,1.25,13.25,0.0,0.0,0.0,0.0,10.3,0.0,0.0,5.0,53.0,0.0,0.0,0.0,0.0,2.575,0.0,0.0,1.25,13.25,0.0,0.0,0.0,2.575
631,Elijah Higgins,Ari,TE,L 0-27,0.0,Cle,Away,68.0,11-07-23,9,False,0,38,0,7,0,2.06,0.0,0.0,1.0,10.6,0.0,0.0,0.0,0.0,10.3,0.0,0.0,5.0,53.0,0.0,0.0,0.0,0.0,2.06,0.0,0.0,1.0,10.6,0.0,0.0,0.0,2.06
903,Elijah Higgins,Ari,TE,W 25-23,0.0,Atl,Home,69.5,11-14-23,10,False,0,38,0,1,1,1.24,0.0,0.0,0.6,6.4,0.0,0.0,0.0,0.0,10.3,0.0,0.0,5.0,53.0,0.0,0.0,0.0,0.0,1.7166666666666668,0.0,0.0,0.8333333333333334,8.833333333333334,0.0,0.0,0.0,1.7166666666666668
430,Elijah Higgins,Ari,TE,L 16-21,1.2,Hou,Away,45.0,11-21-23,11,False,0,38,0,12,0,0.44000000000000006,0.0,0.0,0.4,0.4,0.0,0.0,0.0,0.0,11.5,0.0,0.0,6.0,55.0,0.0,0.0,0.0,0.0,1.6428571428571428,0.0,0.0,0.8571428571428571,7.857142857142857,0.0,0.0,0.0,1.6428571428571428
952,Elijah Higgins,Ari,TE,L 14-37,3.6,LAR,Home,34.0,11-28-23,12,False,0,38,0,17,1,0.96,0.0,0.0,0.4,5.6,0.0,0.0,0.0,0.0,15.1,0.0,0.0,7.0,81.0,0.0,0.0,0.0,0.0,1.8875,0.0,0.0,0.875,10.125,0.0,0.0,0.0,1.8875
502,Elijah Higgins,Ari,TE,W 24-10,3.1,Pit,Away,29.0,12-05-23,13,False,0,38,0,26,0,1.58,0.0,0.0,0.6,9.8,0.0,0.0,0.0,0.0,18.2,0.0,0.0,8.0,102.0,0.0,0.0,0.0,0.0,2.022222222222222,0.0,0.0,0.8888888888888888,11.333333333333334,0.0,0.0,0.0,2.022222222222222
1309,Elijah Higgins,Ari,TE,L 29-45,14.4,SF,Home,7.0,12-19-23,15,False,0,38,0,27,1,4.46,0.0,0.0,1.4,18.6,0.2,0.0,0.0,0.0,32.6,0.0,0.0,12.0,146.0,1.0,0.0,0.0,0.0,3.2600000000000002,0.0,0.0,1.2,14.6,0.1,0.0,0.0,3.2600000000000002
1058,Elijah Higgins,Ari,TE,L 16-27,3.7,Chi,Away,41.0,12-26-23,16,False,0,38,0,5,0,5.2,0.0,0.0,1.8,22.0,0.2,0.0,0.0,0.0,36.3,0.0,0.0,14.0,163.0,1.0,0.0,0.0,0.0,3.3,0.0,0.0,1.2727272727272727,14.818181818181818,0.09090909090909091,0.0,0.0,3.3
1170,Eric Saubert,Hou,TE,W 26-3,1.2,Ten,Home,58.0,01-02-24,17,False,0,39,12,30,1,1.2,0.0,0.0,1.0,2.0,0.0,0.0,0.0,0.0,1.2,0.0,0.0,1.0,2.0,0.0,0.0,0.0,0.0,1.2,0.0,0.0,1.0,2.0,0.0,0.0,0.0,1.2
790,Eric Saubert,Hou,TE,W 23-19,1.5,Ind,Away,51.0,01-09-24,18,False,0,39,12,13,0,1.35,0.0,0.0,1.0,3.5,0.0,0.0,0.0,0.0,2.7,0.0,0.0,2.0,7.0,0.0,0.0,0.0,0.0,1.35,0.0,0.0,1.0,3.5,0.0,0.0,0.0,1.35
1492,Eric Saubert,Hou,TE,L 13-15,0.0,Car,Away,73.0,10-31-23,8,False,0,39,12,4,0,0.9,0.0,0.0,0.6666666666666666,2.3333333333333335,0.0,0.0,0.0,0.0,2.7,0.0,0.0,2.0,7.0,0.0,0.0,0.0,0.0,0.9,0.0,0.0,0.6666666666666666,2.3333333333333335,0.0,0.0,0.0,0.9
638,Eric Saubert,Hou,TE,W 39-37,0.0,TB,Home,68.0,11-07-23,9,False,0,39,12,29,1,0.675,0.0,0.0,0.5,1.75,0.0,0.0,0.0,0.0,2.7,0.0,0.0,2.0,7.0,0.0,0.0,0.0,0.0,0.675,0.0,0.0,0.5,1.75,0.0,0.0,0.0,0.675
908,Eric Saubert,Hou,TE,W 30-27,0.0,Cin,Away,69.5,11-14-23,10,False,0,39,12,6,0,0.54,0.0,0.0,0.4,1.4,0.0,0.0,0.0,0.0,2.7,0.0,0.0,2.0,7.0,0.0,0.0,0.0,0.0,0.54,0.0,0.0,0.4,1.4,0.0,0.0,0.0,0.54
1008,Eric Saubert,Hou,TE,L 21-24,0.0,Jax,Home,78.0,11-28-23,12,False,0,39,12,14,1,0.3,0.0,0.0,0.2,1.0,0.0,0.0,0.0,0.0,2.7,0.0,0.0,2.0,7.0,0.0,0.0,0.0,0.0,0.45,0.0,0.0,0.3333333333333333,1.1666666666666667,0.0,0.0,0.0,0.45
518,Eric Saubert,Hou,TE,W 22-17,1.5,Den,Home,45.0,12-05-23,13,False,0,39,12,9,1,0.3,0.0,0.0,0.2,1.0,0.0,0.0,0.0,0.0,4.2,0.0,0.0,3.0,12.0,0.0,0.0,0.0,0.0,0.6,0.0,0.0,0.42857142857142855,1.7142857142857142,0.0,0.0,0.0,0.6
731,Eric Saubert,Hou,TE,L 6-30,0.0,NYJ,Away,73.0,12-12-23,14,False,0,39,12,24,0,0.3,0.0,0.0,0.2,1.0,0.0,0.0,0.0,0.0,4.2,0.0,0.0,3.0,12.0,0.0,0.0,0.0,0.0,0.525,0.0,0.0,0.375,1.5,0.0,0.0,0.0,0.525
1396,Eric Saubert,Hou,TE,W 19-16,0.0,Ten,Away,81.5,12-19-23,15,False,0,39,12,30,0,0.3,0.0,0.0,0.2,1.0,0.0,0.0,0.0,0.0,4.2,0.0,0.0,3.0,12.0,0.0,0.0,0.0,0.0,0.4666666666666667,0.0,0.0,0.3333333333333333,1.3333333333333333,0.0,0.0,0.0,0.4666666666666667
1105,Eric Saubert,Hou,TE,L 22-36,0.0,Cle,Home,78.0,12-26-23,16,False,0,39,12,7,1,0.3,0.0,0.0,0.2,1.0,0.0,0.0,0.0,0.0,4.2,0.0,0.0,3.0,12.0,0.0,0.0,0.0,0.0,0.42000000000000004,0.0,0.0,0.3,1.2,0.0,0.0,0.0,0.42000000000000004
1121,Evan Engram,Jax,TE,W 26-0,12.0,Car,Home,9.0,01-02-24,17,False,0,40,14,4,1,12.0,0.0,0.0,6.0,60.0,0.0,0.0,0.0,0.0,12.0,0.0,0.0,6.0,60.0,0.0,0.0,0.0,0.0,12.0,0.0,0.0,6.0,60.0,0.0,0.0,0.0,12.0
739,Evan Engram,Jax,TE,L 20-28,23.9,Ten,Away,1.0,01-09-24,18,False,0,40,14,30,0,17.95,0.0,0.0,8.0,69.5,0.5,0.0,0.0,0.0,35.9,0.0,0.0,16.0,139.0,1.0,0.0,0.0,0.0,17.95,0.0,0.0,8.0,69.5,0.5,0.0,0.0,17.95
106,Evan Engram,Jax,TE,W 31-21,9.9,Ind,Away,5.0,09-12-23,1,False,0,40,14,13,0,15.266666666666666,0.0,0.0,7.0,62.666666666666664,0.3333333333333333,0.0,0.0,0.0,45.8,0.0,0.0,21.0,188.0,1.0,0.0,0.0,0.0,15.266666666666666,0.0,0.0,7.0,62.666666666666664,0.3333333333333333,0.0,0.0,15.266666666666666
1211,Evan Engram,Jax,TE,L 9-17,11.7,KC,Home,6.0,09-19-23,2,False,0,40,14,15,1,14.375,0.0,0.0,6.75,61.25,0.25,0.0,0.0,0.0,57.5,0.0,0.0,27.0,245.0,1.0,0.0,0.0,0.0,14.375,0.0,0.0,6.75,61.25,0.25,0.0,0.0,14.375
207,Evan Engram,Jax,TE,L 17-37,13.7,Hou,Home,7.0,09-26-23,3,False,0,40,14,12,1,14.24,0.0,0.0,6.8,62.4,0.2,0.0,0.0,0.0,71.2,0.0,0.0,34.0,312.0,1.0,0.0,0.0,0.0,14.24,0.0,0.0,6.8,62.4,0.2,0.0,0.0,14.24
6,Evan Engram,Jax,TE,W 23-7,12.9,Atl,Home,7.0,10-03-23,4,False,0,40,14,1,1,14.419999999999998,0.0,0.0,7.0,62.2,0.2,0.0,0.0,0.0,84.1,0.0,0.0,41.0,371.0,1.0,0.0,0.0,0.0,14.016666666666666,0.0,0.0,6.833333333333333,61.833333333333336,0.16666666666666666,0.0,0.0,14.016666666666666
318,Evan Engram,Jax,TE,W 25-20,6.8,Buf,Away,20.0,10-10-23,5,False,0,40,14,3,0,11.0,0.0,0.0,5.8,52.0,0.0,0.0,0.0,0.0,90.89999999999999,0.0,0.0,45.0,399.0,1.0,0.0,0.0,0.0,12.985714285714284,0.0,0.0,6.428571428571429,57.0,0.14285714285714285,0.0,0.0,12.985714285714284
1585,Evan Engram,Jax,TE,W 37-20,11.1,Ind,Home,7.0,10-17-23,6,False,0,40,14,13,1,11.24,0.0,0.0,6.2,50.4,0.0,0.0,0.0,0.0,102.0,0.0,0.0,52.0,440.0,1.0,0.0,0.0,0.0,12.75,0.0,0.0,6.5,55.0,0.125,0.0,0.0,12.75
1510,Evan Engram,Jax,TE,W 31-24,9.5,NO,Away,12.0,10-24-23,7,False,0,40,14,22,0,10.8,0.0,0.0,6.0,48.0,0.0,0.0,0.0,0.0,111.5,0.0,0.0,57.0,485.0,1.0,0.0,0.0,0.0,12.38888888888889,0.0,0.0,6.333333333333333,53.888888888888886,0.1111111111111111,0.0,0.0,12.38888888888889
1412,Evan Engram,Jax,TE,W 20-10,16.8,Pit,Away,9.0,10-31-23,8,False,0,40,14,26,0,11.42,0.0,0.0,6.6,52.2,0.0,0.0,0.0,0.0,128.3,0.0,0.0,67.0,573.0,1.0,0.0,0.0,0.0,12.830000000000002,0.0,0.0,6.7,57.3,0.1,0.0,0.0,12.830000000000002
853,Evan Engram,Jax,TE,L 3-34,5.2,SF,Home,22.0,11-14-23,10,False,0,40,14,27,1,9.88,0.0,0.0,6.0,42.8,0.0,0.0,0.0,0.0,133.5,0.0,0.0,71.0,585.0,1.0,0.0,0.0,0.0,12.136363636363637,0.0,0.0,6.454545454545454,53.18181818181818,0.09090909090909091,0.0,0.0,12.136363636363637
402,Evan Engram,Jax,TE,W 34-14,6.9,Ten,Home,17.0,11-21-23,11,False,0,40,14,30,1,9.9,0.0,0.0,6.0,43.0,0.0,0.0,0.0,0.0,140.4,0.0,0.0,75.0,614.0,1.0,0.0,0.0,0.0,11.700000000000001,0.0,0.0,6.25,51.166666666666664,0.08333333333333333,0.0,0.0,11.700000000000001
928,Evan Engram,Jax,TE,W 24-21,9.9,Hou,Away,10.0,11-28-23,12,False,0,40,14,12,0,9.66,0.0,0.0,5.6,44.6,0.0,0.0,0.0,0.0,150.3,0.0,0.0,80.0,663.0,1.0,0.0,0.0,0.0,11.561538461538463,0.0,0.0,6.153846153846154,51.0,0.07692307692307693,0.0,0.0,11.561538461538463
475,Evan Engram,Jax,TE,L 31-34,23.2,Cin,Home,2.0,12-05-23,13,False,0,40,14,6,1,12.4,0.0,0.0,6.4,52.0,0.2,0.0,0.0,0.0,173.5,0.0,0.0,89.0,745.0,2.0,0.0,0.0,0.0,12.392857142857142,0.0,0.0,6.357142857142857,53.214285714285715,0.14285714285714285,0.0,0.0,12.392857142857142
647,Evan Engram,Jax,TE,L 27-31,32.5,Cle,Away,1.0,12-12-23,14,False,0,40,14,7,0,15.540000000000001,0.0,0.0,6.6,53.4,0.6,0.0,0.0,0.0,206.0,0.0,0.0,100.0,840.0,4.0,0.0,0.0,0.0,13.733333333333333,0.0,0.0,6.666666666666667,56.0,0.26666666666666666,0.0,0.0,13.733333333333333
1328,Evan Engram,Jax,TE,L 7-23,6.8,Bal,Home,26.0,12-19-23,15,False,0,40,14,2,1,15.86,0.0,0.0,6.6,56.6,0.6,0.0,0.0,0.0,212.8,0.0,0.0,104.0,868.0,4.0,0.0,0.0,0.0,13.3,0.0,0.0,6.5,54.25,0.25,0.0,0.0,13.3
1020,Evan Engram,Jax,TE,L 12-30,17.5,TB,Away,3.0,12-26-23,16,False,0,40,14,29,0,17.98,0.0,0.0,7.8,69.8,0.6,0.0,0.0,0.0,230.3,0.0,0.0,114.0,963.0,4.0,0.0,0.0,0.0,13.547058823529412,0.0,0.0,6.705882352941177,56.64705882352941,0.23529411764705882,0.0,0.0,13.547058823529412
1159,Foster Moreau,NO,TE,W 23-13,2.3,TB,Away,46.5,01-02-24,17,False,0,41,22,29,0,2.3,0.0,0.0,1.0,13.0,0.0,0.0,0.0,0.0,2.3,0.0,0.0,1.0,13.0,0.0,0.0,0.0,0.0,2.3,0.0,0.0,1.0,13.0,0.0,0.0,0.0,2.3
794,Foster Moreau,NO,TE,W 48-17,1.3,Atl,Home,56.0,01-09-24,18,False,0,41,22,1,1,1.7999999999999998,0.0,0.0,1.0,8.0,0.0,0.0,0.0,0.0,3.5999999999999996,0.0,0.0,2.0,16.0,0.0,0.0,0.0,0.0,1.7999999999999998,0.0,0.0,1.0,8.0,0.0,0.0,0.0,1.7999999999999998
162,Foster Moreau,NO,TE,W 16-15,0.0,Ten,Home,75.0,09-12-23,1,False,0,41,22,30,1,1.2,0.0,0.0,0.6666666666666666,5.333333333333333,0.0,0.0,0.0,0.0,3.5999999999999996,0.0,0.0,2.0,16.0,0.0,0.0,0.0,0.0,1.2,0.0,0.0,0.6666666666666666,5.333333333333333,0.0,0.0,0.0,1.2
1246,Foster Moreau,NO,TE,W 20-17,4.0,Car,Away,40.5,09-19-23,2,False,0,41,22,4,0,1.9,0.0,0.0,1.0,9.0,0.0,0.0,0.0,0.0,7.6,0.0,0.0,4.0,36.0,0.0,0.0,0.0,0.0,1.9,0.0,0.0,1.0,9.0,0.0,0.0,0.0,1.9
316,Foster Moreau,NO,TE,W 34-0,7.6,NE,Away,18.0,10-10-23,5,False,0,41,22,21,0,3.04,0.0,0.0,1.0,8.4,0.2,0.0,0.0,0.0,15.2,0.0,0.0,5.0,42.0,1.0,0.0,0.0,0.0,3.04,0.0,0.0,1.0,8.4,0.2,0.0,0.0,3.04
1596,Foster Moreau,NO,TE,L 13-20,7.3,Hou,Away,18.0,10-17-23,6,False,0,41,22,12,0,4.04,0.0,0.0,1.6,12.4,0.2,0.0,0.0,0.0,22.5,0.0,0.0,9.0,75.0,1.0,0.0,0.0,0.0,3.75,0.0,0.0,1.5,12.5,0.16666666666666666,0.0,0.0,3.75
1517,Foster Moreau,NO,TE,L 24-31,6.3,Jax,Home,19.0,10-24-23,7,False,0,41,22,14,1,5.039999999999999,0.0,0.0,2.0,18.4,0.2,0.0,0.0,0.0,28.799999999999997,0.0,0.0,12.0,108.0,1.0,0.0,0.0,0.0,4.114285714285714,0.0,0.0,1.7142857142857142,15.428571428571429,0.14285714285714285,0.0,0.0,4.114285714285714
1464,Foster Moreau,NO,TE,W 38-27,0.0,Ind,Away,73.0,10-31-23,8,False,0,41,22,13,0,5.039999999999999,0.0,0.0,2.0,18.4,0.2,0.0,0.0,0.0,28.799999999999997,0.0,0.0,12.0,108.0,1.0,0.0,0.0,0.0,3.5999999999999996,0.0,0.0,1.5,13.5,0.125,0.0,0.0,3.5999999999999996
590,Foster Moreau,NO,TE,W 24-17,3.3,Chi,Home,32.0,11-07-23,9,False,0,41,22,5,1,4.8999999999999995,0.0,0.0,1.8,19.0,0.2,0.0,0.0,0.0,32.1,0.0,0.0,13.0,131.0,1.0,0.0,0.0,0.0,3.566666666666667,0.0,0.0,1.4444444444444444,14.555555555555555,0.1111111111111111,0.0,0.0,3.566666666666667
887,Foster Moreau,NO,TE,L 19-27,0.0,Min,Away,69.5,11-14-23,10,False,0,41,22,20,0,3.38,0.0,0.0,1.6,17.8,0.0,0.0,0.0,0.0,32.1,0.0,0.0,13.0,131.0,1.0,0.0,0.0,0.0,3.21,0.0,0.0,1.3,13.1,0.1,0.0,0.0,3.21
984,Foster Moreau,NO,TE,L 15-24,0.0,Atl,Away,78.0,11-28-23,12,False,0,41,22,1,0,1.9199999999999995,0.0,0.0,0.8,11.2,0.0,0.0,0.0,0.0,32.1,0.0,0.0,13.0,131.0,1.0,0.0,0.0,0.0,2.9181818181818184,0.0,0.0,1.1818181818181819,11.909090909090908,0.09090909090909091,0.0,0.0,2.9181818181818184
497,Foster Moreau,NO,TE,L 28-33,4.8,Det,Home,24.0,12-05-23,13,False,0,41,22,10,1,1.6199999999999999,0.0,0.0,0.6,10.2,0.0,0.0,0.0,0.0,36.9,0.0,0.0,15.0,159.0,1.0,0.0,0.0,0.0,3.0749999999999997,0.0,0.0,1.25,13.25,0.08333333333333333,0.0,0.0,3.0749999999999997
685,Foster Moreau,NO,TE,W 28-6,2.8,Car,Home,39.0,12-12-23,14,False,0,41,22,4,1,2.1799999999999997,0.0,0.0,1.0,11.8,0.0,0.0,0.0,0.0,39.699999999999996,0.0,0.0,17.0,167.0,1.0,0.0,0.0,0.0,3.0538461538461537,0.0,0.0,1.3076923076923077,12.846153846153847,0.07692307692307693,0.0,0.0,3.0538461538461537
1338,Foster Moreau,NO,TE,W 24-6,4.3,NYG,Home,36.0,12-19-23,15,False,0,41,22,23,1,2.38,0.0,0.0,1.4,9.8,0.0,0.0,0.0,0.0,44.0,0.0,0.0,20.0,180.0,1.0,0.0,0.0,0.0,3.142857142857143,0.0,0.0,1.4285714285714286,12.857142857142858,0.07142857142857142,0.0,0.0,3.142857142857143
1065,Foster Moreau,NO,TE,L 22-30,2.3,LAR,Away,48.0,12-26-23,16,False,0,41,22,17,0,2.84,0.0,0.0,1.6,12.4,0.0,0.0,0.0,0.0,46.3,0.0,0.0,21.0,193.0,1.0,0.0,0.0,0.0,3.0866666666666664,0.0,0.0,1.4,12.866666666666667,0.06666666666666667,0.0,0.0,3.0866666666666664
194,Geoff Swaim,Ari,TE,L 16-20,0.0,Wsh,Away,75.0,09-12-23,1,False,0,42,0,31,0,0.0,0.0,0.0,0.0,0.0,0.0,0.0,0.0,0.0,0.0,0.0,0.0,0.0,0.0,0.0,0.0,0.0,0.0,0.0,0.0,0.0,0.0,0.0,0.0,0.0,0.0,0.0
1299,Geoff Swaim,Ari,TE,L 28-31,0.0,NYG,Home,76.0,09-19-23,2,False,0,42,0,23,1,0.0,0.0,0.0,0.0,0.0,0.0,0.0,0.0,0.0,0.0,0.0,0.0,0.0,0.0,0.0,0.0,0.0,0.0,0.0,0.0,0.0,0.0,0.0,0.0,0.0,0.0,0.0
292,Geoff Swaim,Ari,TE,W 28-16,0.0,Dal,Home,79.0,09-26-23,3,False,0,42,0,8,1,0.0,0.0,0.0,0.0,0.0,0.0,0.0,0.0,0.0,0.0,0.0,0.0,0.0,0.0,0.0,0.0,0.0,0.0,0.0,0.0,0.0,0.0,0.0,0.0,0.0,0.0,0.0
92,Geoff Swaim,Ari,TE,L 16-35,0.0,SF,Away,79.5,10-03-23,4,False,0,42,0,27,0,0.0,0.0,0.0,0.0,0.0,0.0,0.0,0.0,0.0,0.0,0.0,0.0,0.0,0.0,0.0,0.0,0.0,0.0,0.0,0.0,0.0,0.0,0.0,0.0,0.0,0.0,0.0
325,Geoff Swaim,Ari,TE,L 20-34,4.2,Cin,Home,27.0,10-10-23,5,False,0,42,0,6,1,0.8400000000000001,0.0,0.0,0.4,4.4,0.0,0.0,0.0,0.0,4.2,0.0,0.0,2.0,22.0,0.0,0.0,0.0,0.0,0.8400000000000001,0.0,0.0,0.4,4.4,0.0,0.0,0.0,0.8400000000000001
1662,Geoff Swaim,Ari,TE,L 9-26,0.0,LAR,Away,72.0,10-17-23,6,False,0,42,0,17,0,0.8400000000000001,0.0,0.0,0.4,4.4,0.0,0.0,0.0,0.0,4.2,0.0,0.0,2.0,22.0,0.0,0.0,0.0,0.0,0.7000000000000001,0.0,0.0,0.3333333333333333,3.6666666666666665,0.0,0.0,0.0,0.7000000000000001
1533,Geoff Swaim,Ari,TE,L 10-20,1.8,Sea,Away,34.5,10-24-23,7,False,0,42,0,28,0,1.2,0.0,0.0,0.6,6.0,0.0,0.0,0.0,0.0,6.0,0.0,0.0,3.0,30.0,0.0,0.0,0.0,0.0,0.8571428571428571,0.0,0.0,0.42857142857142855,4.285714285714286,0.0,0.0,0.0,0.8571428571428571
1488,Geoff Swaim,Ari,TE,L 24-31,0.0,Bal,Home,73.0,10-31-23,8,False,0,42,0,2,1,1.2,0.0,0.0,0.6,6.0,0.0,0.0,0.0,0.0,6.0,0.0,0.0,3.0,30.0,0.0,0.0,0.0,0.0,0.75,0.0,0.0,0.375,3.75,0.0,0.0,0.0,0.75
634,Geoff Swaim,Ari,TE,L 0-27,0.0,Cle,Away,68.0,11-07-23,9,False,0,42,0,7,0,1.2,0.0,0.0,0.6,6.0,0.0,0.0,0.0,0.0,6.0,0.0,0.0,3.0,30.0,0.0,0.0,0.0,0.0,0.6666666666666666,0.0,0.0,0.3333333333333333,3.3333333333333335,0.0,0.0,0.0,0.6666666666666666
864,Geoff Swaim,Ari,TE,W 25-23,3.3,Atl,Home,33.0,11-14-23,10,False,0,42,0,1,1,1.02,0.0,0.0,0.6,4.2,0.0,0.0,0.0,0.0,9.3,0.0,0.0,5.0,43.0,0.0,0.0,0.0,0.0,0.93,0.0,0.0,0.5,4.3,0.0,0.0,0.0,0.93
416,Geoff Swaim,Ari,TE,L 16-21,3.5,Hou,Away,30.5,11-21-23,11,False,0,42,0,12,0,1.72,0.0,0.0,1.0,7.2,0.0,0.0,0.0,0.0,12.8,0.0,0.0,7.0,58.0,0.0,0.0,0.0,0.0,1.1636363636363638,0.0,0.0,0.6363636363636364,5.2727272727272725,0.0,0.0,0.0,1.1636363636363638
1004,Geoff Swaim,Ari,TE,L 14-37,0.0,LAR,Home,78.0,11-28-23,12,False,0,42,0,17,1,1.3599999999999999,0.0,0.0,0.8,5.6,0.0,0.0,0.0,0.0,12.8,0.0,0.0,7.0,58.0,0.0,0.0,0.0,0.0,1.0666666666666667,0.0,0.0,0.5833333333333334,4.833333333333333,0.0,0.0,0.0,1.0666666666666667
504,Geoff Swaim,Ari,TE,W 24-10,3.0,Pit,Away,30.5,12-05-23,13,False,0,42,0,26,0,1.9600000000000002,0.0,0.0,1.2,7.6,0.0,0.0,0.0,0.0,15.8,0.0,0.0,9.0,68.0,0.0,0.0,0.0,0.0,1.2153846153846155,0.0,0.0,0.6923076923076923,5.230769230769231,0.0,0.0,0.0,1.2153846153846155
1343,Geoff Swaim,Ari,TE,L 29-45,3.6,SF,Home,40.5,12-19-23,15,False,0,42,0,27,1,2.68,0.0,0.0,1.4,12.8,0.0,0.0,0.0,0.0,19.4,0.0,0.0,10.0,94.0,0.0,0.0,0.0,0.0,1.3857142857142857,0.0,0.0,0.7142857142857143,6.714285714285714,0.0,0.0,0.0,1.3857142857142857
1139,George Kittle,SF,TE,W 27-10,5.9,Wsh,Away,27.0,01-02-24,17,False,0,43,27,31,0,5.9,0.0,0.0,3.0,29.0,0.0,0.0,0.0,0.0,5.9,0.0,0.0,3.0,29.0,0.0,0.0,0.0,0.0,5.9,0.0,0.0,3.0,29.0,0.0,0.0,0.0,5.9
127,George Kittle,SF,TE,W 30-7,4.9,Pit,Away,26.0,09-12-23,1,False,0,43,27,26,0,5.4,0.0,0.0,3.0,24.0,0.0,0.0,0.0,0.0,10.8,0.0,0.0,6.0,48.0,0.0,0.0,0.0,0.0,5.4,0.0,0.0,3.0,24.0,0.0,0.0,0.0,5.4
1237,George Kittle,SF,TE,W 30-23,6.0,LAR,Away,32.0,09-19-23,2,False,0,43,27,17,0,5.6000000000000005,0.0,0.0,3.0,26.0,0.0,0.0,0.0,0.0,16.8,0.0,0.0,9.0,78.0,0.0,0.0,0.0,0.0,5.6000000000000005,0.0,0.0,3.0,26.0,0.0,0.0,0.0,5.6000000000000005
203,George Kittle,SF,TE,W 30-12,16.0,NYG,Home,3.0,09-26-23,3,False,0,43,27,23,1,8.2,0.0,0.0,4.0,42.0,0.0,0.0,0.0,0.0,32.8,0.0,0.0,16.0,168.0,0.0,0.0,0.0,0.0,8.2,0.0,0.0,4.0,42.0,0.0,0.0,0.0,8.2
44,George Kittle,SF,TE,W 35-16,1.9,Ari,Home,45.0,10-03-23,4,False,0,43,27,0,1,6.94,0.0,0.0,3.4,35.4,0.0,0.0,0.0,0.0,34.7,0.0,0.0,17.0,177.0,0.0,0.0,0.0,0.0,6.94,0.0,0.0,3.4,35.4,0.0,0.0,0.0,6.94
299,George Kittle,SF,TE,W 42-10,27.7,Dal,Home,1.0,10-10-23,5,False,0,43,27,8,1,11.3,0.0,0.0,3.4,43.0,0.6,0.0,0.0,0.0,62.4,0.0,0.0,20.0,244.0,3.0,0.0,0.0,0.0,10.4,0.0,0.0,3.3333333333333335,40.666666666666664,0.5,0.0,0.0,10.4
1629,George Kittle,SF,TE,L 17-19,1.1,Cle,Away,51.0,10-17-23,6,False,0,43,27,7,0,10.54,0.0,0.0,3.0,39.4,0.6,0.0,0.0,0.0,63.5,0.0,0.0,21.0,245.0,3.0,0.0,0.0,0.0,9.071428571428571,0.0,0.0,3.0,35.0,0.42857142857142855,0.0,0.0,9.071428571428571
1506,George Kittle,SF,TE,L 17-22,13.0,Min,Away,8.0,10-24-23,7,False,0,43,27,20,0,11.940000000000001,0.0,0.0,3.4,49.0,0.6,0.2,0.4,0.0,76.5,0.0,0.0,26.0,323.0,3.0,1.0,2.0,0.0,9.5625,0.0,0.0,3.25,40.375,0.375,0.125,0.25,9.5625
1405,George Kittle,SF,TE,L 17-31,23.9,Cin,Home,2.0,10-31-23,8,False,0,43,27,6,1,13.52,0.0,0.0,3.8,60.8,0.6,0.2,0.4,0.0,100.4,0.0,0.0,35.0,472.0,3.0,1.0,2.0,0.0,11.155555555555557,0.0,0.0,3.888888888888889,52.44444444444444,0.3333333333333333,0.1111111111111111,0.2222222222222222,11.155555555555557
834,George Kittle,SF,TE,W 34-3,20.6,Jax,Away,3.0,11-14-23,10,False,0,43,27,14,0,17.259999999999998,0.0,0.0,4.2,82.2,0.8,0.2,0.4,0.0,121.0,0.0,0.0,38.0,588.0,4.0,1.0,2.0,0.0,12.1,0.0,0.0,3.8,58.8,0.4,0.1,0.2,12.1
386,George Kittle,SF,TE,W 27-14,22.9,TB,Home,1.0,11-21-23,11,False,0,43,27,29,1,16.3,0.0,0.0,5.2,86.6,0.4,0.2,0.4,0.0,143.9,0.0,0.0,46.0,677.0,5.0,1.0,2.0,0.0,13.081818181818182,0.0,0.0,4.181818181818182,61.54545454545455,0.45454545454545453,0.09090909090909091,0.18181818181818182,13.081818181818182
943,George Kittle,SF,TE,W 31-13,4.9,Sea,Away,25.5,11-28-23,12,False,0,43,27,28,0,17.060000000000002,0.0,0.0,5.6,90.2,0.4,0.2,0.4,0.0,148.8,0.0,0.0,49.0,696.0,5.0,1.0,2.0,0.0,12.4,0.0,0.0,4.083333333333333,58.0,0.4166666666666667,0.08333333333333333,0.16666666666666666,12.4
481,George Kittle,SF,TE,W 42-19,10.8,Phi,Away,8.0,12-05-23,13,False,0,43,27,25,0,16.62,0.0,0.0,5.4,88.2,0.4,0.0,0.0,0.0,159.6,0.0,0.0,53.0,764.0,5.0,1.0,2.0,0.0,12.276923076923076,0.0,0.0,4.076923076923077,58.76923076923077,0.38461538461538464,0.07692307692307693,0.15384615384615385,12.276923076923076
651,George Kittle,SF,TE,W 28-16,16.6,Sea,Home,5.0,12-12-23,14,False,0,43,27,28,1,15.160000000000002,0.0,0.0,4.2,73.6,0.6,0.0,0.0,0.0,176.2,0.0,0.0,56.0,840.0,6.0,1.0,2.0,0.0,12.585714285714285,0.0,0.0,4.0,60.0,0.42857142857142855,0.07142857142857142,0.14285714285714285,12.585714285714285
1324,George Kittle,SF,TE,W 45-29,7.4,Ari,Away,22.0,12-19-23,15,False,0,43,27,0,0,12.52,0.0,0.0,4.0,61.2,0.4,0.0,0.0,0.0,183.6,0.0,0.0,58.0,894.0,6.0,1.0,2.0,0.0,12.24,0.0,0.0,3.8666666666666667,59.6,0.4,0.06666666666666667,0.13333333333333333,12.24
1018,George Kittle,SF,TE,L 19-33,19.6,Bal,Home,1.0,12-26-23,16,False,0,43,27,2,1,11.860000000000001,0.0,0.0,3.8,68.6,0.2,0.0,0.0,0.0,203.2,0.0,0.0,65.0,1020.0,6.0,1.0,2.0,0.0,12.7,0.0,0.0,4.0625,63.75,0.375,0.0625,0.125,12.7
1132,Gerald Everett,LAC,TE,L 9-16,7.7,Den,Away,20.0,01-02-24,17,False,0,44,16,9,0,7.7,0.0,0.0,4.0,31.0,0.0,1.0,6.0,0.0,7.7,0.0,0.0,4.0,31.0,0.0,1.0,6.0,0.0,7.7,0.0,0.0,4.0,31.0,0.0,1.0,6.0,7.7
792,Gerald Everett,LAC,TE,L 12-13,1.4,KC,Home,53.5,01-09-24,18,False,0,44,16,15,1,4.55,0.0,0.0,2.5,17.5,0.0,0.5,3.0,0.0,9.1,0.0,0.0,5.0,35.0,0.0,1.0,6.0,0.0,4.55,0.0,0.0,2.5,17.5,0.0,0.5,3.0,4.55
130,Gerald Everett,LAC,TE,L 34-36,4.3,Mia,Home,29.5,09-12-23,1,False,0,44,16,19,1,4.466666666666667,0.0,0.0,2.3333333333333335,18.666666666666668,0.0,0.6666666666666666,2.6666666666666665,0.0,13.4,0.0,0.0,7.0,56.0,0.0,2.0,8.0,0.0,4.466666666666667,0.0,0.0,2.3333333333333335,18.666666666666668,0.0,0.6666666666666666,2.6666666666666665,4.466666666666667
1227,Gerald Everett,LAC,TE,L 24-27,7.7,Ten,Away,22.0,09-19-23,2,False,0,44,16,30,0,5.275,0.0,0.0,2.5,25.75,0.0,0.5,2.0,0.0,21.1,0.0,0.0,10.0,103.0,0.0,2.0,8.0,0.0,5.275,0.0,0.0,2.5,25.75,0.0,0.5,2.0,5.275
214,Gerald Everett,LAC,TE,W 28-24,9.0,Min,Away,14.0,09-26-23,3,False,0,44,16,20,0,6.0200000000000005,0.0,0.0,3.2,26.6,0.0,0.4,1.6,0.0,30.1,0.0,0.0,16.0,133.0,0.0,2.0,8.0,0.0,6.0200000000000005,0.0,0.0,3.2,26.6,0.0,0.4,1.6,6.0200000000000005
36,Gerald Everett,LAC,TE,W 24-17,2.9,LV,Home,37.0,10-03-23,4,False,0,44,16,18,1,5.0600000000000005,0.0,0.0,2.8,22.2,0.0,0.2,0.4,0.0,33.0,0.0,0.0,18.0,142.0,0.0,2.0,8.0,0.0,5.5,0.0,0.0,3.0,23.666666666666668,0.0,0.3333333333333333,1.3333333333333333,5.5
1588,Gerald Everett,LAC,TE,L 17-20,10.8,Dal,Home,10.0,10-17-23,6,False,0,44,16,8,1,6.94,0.0,0.0,3.2,24.6,0.2,0.4,0.8,0.0,43.800000000000004,0.0,0.0,21.0,158.0,1.0,3.0,10.0,0.0,6.257142857142858,0.0,0.0,3.0,22.571428571428573,0.14285714285714285,0.42857142857142855,1.4285714285714286,6.257142857142858
1507,Gerald Everett,LAC,TE,L 17-31,11.6,KC,Away,9.0,10-24-23,7,False,0,44,16,15,0,8.4,0.0,0.0,3.4,25.6,0.4,0.2,0.4,0.0,55.400000000000006,0.0,0.0,24.0,184.0,2.0,3.0,10.0,0.0,6.925000000000001,0.0,0.0,3.0,23.0,0.25,0.375,1.25,6.925000000000001
588,Gerald Everett,LAC,TE,W 27-6,3.8,NYJ,Away,30.0,11-07-23,9,False,0,44,16,24,0,7.62,0.0,0.0,3.2,19.8,0.4,0.2,0.4,0.0,59.2,0.0,0.0,26.0,202.0,2.0,3.0,10.0,0.0,6.577777777777778,0.0,0.0,2.888888888888889,22.444444444444443,0.2222222222222222,0.3333333333333333,1.1111111111111112,6.577777777777778
883,Gerald Everett,LAC,TE,L 38-41,0.0,Det,Home,69.5,11-14-23,10,False,0,44,16,10,1,5.82,0.0,0.0,2.0,13.8,0.4,0.2,0.4,0.0,59.2,0.0,0.0,26.0,202.0,2.0,3.0,10.0,0.0,5.92,0.0,0.0,2.6,20.2,0.2,0.3,1.0,5.92
924,Gerald Everett,LAC,TE,L 10-20,14.3,Bal,Home,6.0,11-28-23,12,False,0,44,16,2,1,8.1,0.0,0.0,2.4,20.6,0.6,0.2,0.4,0.0,73.5,0.0,0.0,30.0,245.0,3.0,3.0,10.0,0.0,6.681818181818182,0.0,0.0,2.727272727272727,22.272727272727273,0.2727272727272727,0.2727272727272727,0.9090909090909091,6.681818181818182
487,Gerald Everett,LAC,TE,W 6-0,8.4,NE,Away,14.0,12-05-23,13,False,0,44,16,21,0,7.62,0.0,0.0,2.6,26.2,0.4,0.0,0.0,0.0,81.9,0.0,0.0,34.0,289.0,3.0,3.0,10.0,0.0,6.825,0.0,0.0,2.8333333333333335,24.083333333333332,0.25,0.25,0.8333333333333334,6.825
667,Gerald Everett,LAC,TE,L 7-24,8.9,Den,Home,21.0,12-12-23,14,False,0,44,16,9,1,7.080000000000001,0.0,0.0,3.0,28.8,0.2,0.0,0.0,0.0,90.80000000000001,0.0,0.0,39.0,328.0,3.0,3.0,10.0,0.0,6.984615384615386,0.0,0.0,3.0,25.23076923076923,0.23076923076923078,0.23076923076923078,0.7692307692307693,6.984615384615386
1318,Gerald Everett,LAC,TE,L 21-63,9.1,LV,Away,16.0,12-19-23,15,False,0,44,16,18,0,8.14,0.0,0.0,3.6,33.4,0.2,0.0,0.0,0.0,99.9,0.0,0.0,44.0,369.0,3.0,3.0,10.0,0.0,7.135714285714286,0.0,0.0,3.142857142857143,26.357142857142858,0.21428571428571427,0.21428571428571427,0.7142857142857143,7.135714285714286
1029,Gerald Everett,LAC,TE,L 22-24,11.2,Buf,Home,12.5,12-26-23,16,False,0,44,16,3,1,10.379999999999999,0.0,0.0,5.0,41.8,0.2,0.0,0.0,0.0,111.10000000000001,0.0,0.0,51.0,411.0,3.0,3.0,10.0,0.0,7.406666666666667,0.0,0.0,3.4,27.4,0.2,0.2,0.6666666666666666,7.406666666666667
149,Giovanni Ricci,Car,TE,L 10-24,1.2,Atl,Away,47.5,09-12-23,1,False,0,45,4,1,0,1.2,0.0,0.0,1.0,2.0,0.0,0.0,0.0,0.0,1.2,0.0,0.0,1.0,2.0,0.0,0.0,0.0,0.0,1.2,0.0,0.0,1.0,2.0,0.0,0.0,0.0,1.2
1302,Giovanni Ricci,Car,TE,L 17-20,0.0,NO,Home,76.0,09-19-23,2,False,0,45,4,22,1,0.6,0.0,0.0,0.5,1.0,0.0,0.0,0.0,0.0,1.2,0.0,0.0,1.0,2.0,0.0,0.0,0.0,0.0,0.6,0.0,0.0,0.5,1.0,0.0,0.0,0.0,0.6
297,Giovanni Ricci,Car,TE,L 27-37,0.0,Sea,Away,79.0,09-26-23,3,False,0,45,4,28,0,0.39999999999999997,0.0,0.0,0.3333333333333333,0.6666666666666666,0.0,0.0,0.0,0.0,1.2,0.0,0.0,1.0,2.0,0.0,0.0,0.0,0.0,0.39999999999999997,0.0,0.0,0.3333333333333333,0.6666666666666666,0.0,0.0,0.0,0.39999999999999997
97,Giovanni Ricci,Car,TE,L 13-21,0.0,Min,Home,79.5,10-03-23,4,False,0,45,4,20,1,0.3,0.0,0.0,0.25,0.5,0.0,0.0,0.0,0.0,1.2,0.0,0.0,1.0,2.0,0.0,0.0,0.0,0.0,0.3,0.0,0.0,0.25,0.5,0.0,0.0,0.0,0.3
381,Giovanni Ricci,Car,TE,L 24-42,0.0,Det,Away,71.0,10-10-23,5,False,0,45,4,10,0,0.24,0.0,0.0,0.2,0.4,0.0,0.0,0.0,0.0,1.2,0.0,0.0,1.0,2.0,0.0,0.0,0.0,0.0,0.24,0.0,0.0,0.2,0.4,0.0,0.0,0.0,0.24
1183,Grant Calcaterra,Phi,TE,L 31-35,0.0,Ari,Home,76.0,01-02-24,17,False,0,46,25,0,1,0.0,0.0,0.0,0.0,0.0,0.0,0.0,0.0,0.0,0.0,0.0,0.0,0.0,0.0,0.0,0.0,0.0,0.0,0.0,0.0,0.0,0.0,0.0,0.0,0.0,0.0,0.0
770,Grant Calcaterra,Phi,TE,L 10-27,3.8,NYG,Away,31.5,01-09-24,18,False,0,46,25,23,0,1.9,0.0,0.0,1.0,9.0,0.0,0.0,0.0,0.0,3.8,0.0,0.0,2.0,18.0,0.0,0.0,0.0,0.0,1.9,0.0,0.0,1.0,9.0,0.0,0.0,0.0,1.9
186,Grant Calcaterra,Phi,TE,W 25-20,0.0,NE,Away,75.0,09-12-23,1,False,0,46,25,21,0,1.2666666666666666,0.0,0.0,0.6666666666666666,6.0,0.0,0.0,0.0,0.0,3.8,0.0,0.0,2.0,18.0,0.0,0.0,0.0,0.0,1.2666666666666666,0.0,0.0,0.6666666666666666,6.0,0.0,0.0,0.0,1.2666666666666666
1290,Grant Calcaterra,Phi,TE,W 34-28,0.0,Min,Home,76.0,09-19-23,2,False,0,46,25,20,1,0.95,0.0,0.0,0.5,4.5,0.0,0.0,0.0,0.0,3.8,0.0,0.0,2.0,18.0,0.0,0.0,0.0,0.0,0.95,0.0,0.0,0.5,4.5,0.0,0.0,0.0,0.95
284,Grant Calcaterra,Phi,TE,W 25-11,0.0,TB,Away,79.0,09-26-23,3,False,0,46,25,29,0,0.76,0.0,0.0,0.4,3.6,0.0,0.0,0.0,0.0,3.8,0.0,0.0,2.0,18.0,0.0,0.0,0.0,0.0,0.76,0.0,0.0,0.4,3.6,0.0,0.0,0.0,0.76
84,Grant Calcaterra,Phi,TE,W 34-31,0.0,Wsh,Home,79.5,10-03-23,4,False,0,46,25,31,1,0.76,0.0,0.0,0.4,3.6,0.0,0.0,0.0,0.0,3.8,0.0,0.0,2.0,18.0,0.0,0.0,0.0,0.0,0.6333333333333333,0.0,0.0,0.3333333333333333,3.0,0.0,0.0,0.0,0.6333333333333333
374,Grant Calcaterra,Phi,TE,W 23-14,0.0,LAR,Away,71.0,10-10-23,5,False,0,46,25,17,0,0.0,0.0,0.0,0.0,0.0,0.0,0.0,0.0,0.0,3.8,0.0,0.0,2.0,18.0,0.0,0.0,0.0,0.0,0.5428571428571428,0.0,0.0,0.2857142857142857,2.5714285714285716,0.0,0.0,0.0,0.5428571428571428
1655,Grant Calcaterra,Phi,TE,L 14-20,0.0,NYJ,Away,72.0,10-17-23,6,False,0,46,25,24,0,0.0,0.0,0.0,0.0,0.0,0.0,0.0,0.0,0.0,3.8,0.0,0.0,2.0,18.0,0.0,0.0,0.0,0.0,0.475,0.0,0.0,0.25,2.25,0.0,0.0,0.0,0.475
1567,Grant Calcaterra,Phi,TE,W 31-17,0.0,Mia,Home,62.0,10-24-23,7,False,0,46,25,19,1,0.0,0.0,0.0,0.0,0.0,0.0,0.0,0.0,0.0,3.8,0.0,0.0,2.0,18.0,0.0,0.0,0.0,0.0,0.4222222222222222,0.0,0.0,0.2222222222222222,2.0,0.0,0.0,0.0,0.4222222222222222
1480,Grant Calcaterra,Phi,TE,W 38-31,0.0,Wsh,Away,73.0,10-31-23,8,False,0,46,25,31,0,0.0,0.0,0.0,0.0,0.0,0.0,0.0,0.0,0.0,3.8,0.0,0.0,2.0,18.0,0.0,0.0,0.0,0.0,0.38,0.0,0.0,0.2,1.8,0.0,0.0,0.0,0.38
440,Grant Calcaterra,Phi,TE,W 21-17,0.0,KC,Away,67.0,11-21-23,11,False,0,46,25,15,0,0.0,0.0,0.0,0.0,0.0,0.0,0.0,0.0,0.0,3.8,0.0,0.0,2.0,18.0,0.0,0.0,0.0,0.0,0.34545454545454546,0.0,0.0,0.18181818181818182,1.6363636363636365,0.0,0.0,0.0,0.34545454545454546
537,Grant Calcaterra,Phi,TE,L 19-42,0.0,SF,Home,66.0,12-05-23,13,False,0,46,25,27,1,0.0,0.0,0.0,0.0,0.0,0.0,0.0,0.0,0.0,3.8,0.0,0.0,2.0,18.0,0.0,0.0,0.0,0.0,0.31666666666666665,0.0,0.0,0.16666666666666666,1.5,0.0,0.0,0.0,0.31666666666666665
712,Grant Calcaterra,Phi,TE,L 13-33,0.0,Dal,Away,73.0,12-12-23,14,False,0,46,25,8,0,0.0,0.0,0.0,0.0,0.0,0.0,0.0,0.0,0.0,3.8,0.0,0.0,2.0,18.0,0.0,0.0,0.0,0.0,0.29230769230769227,0.0,0.0,0.15384615384615385,1.3846153846153846,0.0,0.0,0.0,0.29230769230769227
1378,Grant Calcaterra,Phi,TE,L 17-20,0.0,Sea,Away,81.5,12-19-23,15,False,0,46,25,28,0,0.0,0.0,0.0,0.0,0.0,0.0,0.0,0.0,0.0,3.8,0.0,0.0,2.0,18.0,0.0,0.0,0.0,0.0,0.2714285714285714,0.0,0.0,0.14285714285714285,1.2857142857142858,0.0,0.0,0.0,0.2714285714285714
1056,Grant Calcaterra,Phi,TE,W 33-25,4.1,NYG,Home,39.0,12-26-23,16,False,0,46,25,23,1,0.82,0.0,0.0,0.4,4.2,0.0,0.0,0.0,0.0,7.8999999999999995,0.0,0.0,4.0,39.0,0.0,0.0,0.0,0.0,0.5266666666666666,0.0,0.0,0.26666666666666666,2.6,0.0,0.0,0.0,0.5266666666666666
132,Greg Dulcich,Den,TE,L 16-17,4.2,LV,Home,31.0,09-12-23,1,False,0,47,9,18,1,4.2,0.0,0.0,2.0,22.0,0.0,0.0,0.0,0.0,4.2,0.0,0.0,2.0,22.0,0.0,0.0,0.0,0.0,4.2,0.0,0.0,2.0,22.0,0.0,0.0,0.0,4.2
1627,Greg Dulcich,Den,TE,L 8-19,1.3,KC,Away,49.0,10-17-23,6,False,0,47,9,15,0,2.75,0.0,0.0,1.5,12.5,0.0,0.0,0.0,0.0,5.5,0.0,0.0,3.0,25.0,0.0,0.0,0.0,0.0,2.75,0.0,0.0,1.5,12.5,0.0,0.0,0.0,2.75
1152,Harrison Bryant,Cle,TE,W 37-20,3.4,NYJ,Home,40.5,01-02-24,17,False,0,48,7,24,1,3.4,0.0,0.0,2.0,14.0,0.0,0.0,0.0,0.0,3.4,0.0,0.0,2.0,14.0,0.0,0.0,0.0,0.0,3.4,0.0,0.0,2.0,14.0,0.0,0.0,0.0,3.4
804,Harrison Bryant,Cle,TE,L 14-31,0.0,Cin,Away,76.5,01-09-24,18,False,0,48,7,6,0,1.7,0.0,0.0,1.0,7.0,0.0,0.0,0.0,0.0,3.4,0.0,0.0,2.0,14.0,0.0,0.0,0.0,0.0,1.7,0.0,0.0,1.0,7.0,0.0,0.0,0.0,1.7
110,Harrison Bryant,Cle,TE,W 24-3,8.5,Cin,Home,9.0,09-12-23,1,False,0,48,7,6,1,3.966666666666667,0.0,0.0,1.3333333333333333,6.333333333333333,0.3333333333333333,0.0,0.0,0.0,11.9,0.0,0.0,4.0,19.0,1.0,0.0,0.0,0.0,3.966666666666667,0.0,0.0,1.3333333333333333,6.333333333333333,0.3333333333333333,0.0,0.0,3.966666666666667
1272,Harrison Bryant,Cle,TE,L 22-26,0.0,Pit,Away,76.0,09-19-23,2,False,0,48,7,26,0,2.975,0.0,0.0,1.0,4.75,0.25,0.0,0.0,0.0,11.9,0.0,0.0,4.0,19.0,1.0,0.0,0.0,0.0,2.975,0.0,0.0,1.0,4.75,0.25,0.0,0.0,2.975
259,Harrison Bryant,Cle,TE,W 27-3,0.4,Ten,Home,59.0,09-26-23,3,False,0,48,7,30,1,2.46,0.0,0.0,0.8,3.8,0.2,0.4,0.8,0.0,12.3,0.0,0.0,4.0,19.0,1.0,2.0,4.0,0.0,2.46,0.0,0.0,0.8,3.8,0.2,0.4,0.8,2.46
53,Harrison Bryant,Cle,TE,L 3-28,1.4,Bal,Home,54.0,10-03-23,4,False,0,48,7,2,1,2.06,0.0,0.0,0.6,1.4,0.2,0.6,1.2,0.0,13.7,0.0,0.0,5.0,21.0,1.0,3.0,6.0,0.0,2.283333333333333,0.0,0.0,0.8333333333333334,3.5,0.16666666666666666,0.5,1.0,2.283333333333333
1641,Harrison Bryant,Cle,TE,W 19-17,0.0,SF,Home,72.0,10-17-23,6,False,0,48,7,27,1,2.06,0.0,0.0,0.6,1.4,0.2,0.6,1.2,0.0,13.7,0.0,0.0,5.0,21.0,1.0,3.0,6.0,0.0,1.957142857142857,0.0,0.0,0.7142857142857143,3.0,0.14285714285714285,0.42857142857142855,0.8571428571428571,1.957142857142857
1555,Harrison Bryant,Cle,TE,W 39-38,0.0,Ind,Away,62.0,10-24-23,7,False,0,48,7,13,0,0.36,0.0,0.0,0.2,0.4,0.0,0.6,1.2,0.0,13.7,0.0,0.0,5.0,21.0,1.0,3.0,6.0,0.0,1.7125,0.0,0.0,0.625,2.625,0.125,0.375,0.75,1.7125
1467,Harrison Bryant,Cle,TE,L 20-24,0.0,Sea,Away,73.0,10-31-23,8,False,0,48,7,28,0,0.36,0.0,0.0,0.2,0.4,0.0,0.6,1.2,0.0,13.7,0.0,0.0,5.0,21.0,1.0,3.0,6.0,0.0,1.5222222222222221,0.0,0.0,0.5555555555555556,2.3333333333333335,0.1111111111111111,0.3333333333333333,0.6666666666666666,1.5222222222222221
617,Harrison Bryant,Cle,TE,W 27-0,0.0,Ari,Home,68.0,11-07-23,9,False,0,48,7,0,1,0.27999999999999997,0.0,0.0,0.2,0.4,0.0,0.2,0.4,0.0,13.7,0.0,0.0,5.0,21.0,1.0,3.0,6.0,0.0,1.3699999999999999,0.0,0.0,0.5,2.1,0.1,0.3,0.6,1.3699999999999999
879,Harrison Bryant,Cle,TE,W 33-31,1.5,Bal,Away,47.0,11-14-23,10,False,0,48,7,2,0,0.3,0.0,0.0,0.2,0.6,0.0,0.2,0.4,0.0,15.2,0.0,0.0,6.0,24.0,1.0,4.0,8.0,0.0,1.3818181818181818,0.0,0.0,0.5454545454545454,2.1818181818181817,0.09090909090909091,0.36363636363636365,0.7272727272727273,1.3818181818181818
443,Harrison Bryant,Cle,TE,W 13-10,0.0,Pit,Home,67.0,11-21-23,11,False,0,48,7,26,1,0.3,0.0,0.0,0.2,0.6,0.0,0.2,0.4,0.0,15.2,0.0,0.0,6.0,24.0,1.0,4.0,8.0,0.0,1.2666666666666666,0.0,0.0,0.5,2.0,0.08333333333333333,0.3333333333333333,0.6666666666666666,1.2666666666666666
942,Harrison Bryant,Cle,TE,L 12-29,5.2,Den,Away,24.0,11-28-23,12,False,0,48,7,9,0,1.34,0.0,0.0,0.4,1.0,0.2,0.4,0.4,0.0,20.4,0.0,0.0,7.0,26.0,2.0,5.0,8.0,0.0,1.5692307692307692,0.0,0.0,0.5384615384615384,2.0,0.15384615384615385,0.38461538461538464,0.6153846153846154,1.5692307692307692
478,Harrison Bryant,Cle,TE,L 19-36,15.9,LAR,Away,5.0,12-05-23,13,False,0,48,7,17,0,4.5200000000000005,0.0,0.0,1.4,10.8,0.4,0.4,0.4,0.0,36.3,0.0,0.0,12.0,75.0,3.0,5.0,8.0,0.0,2.5928571428571425,0.0,0.0,0.8571428571428571,5.357142857142857,0.21428571428571427,0.35714285714285715,0.5714285714285714,2.5928571428571425
705,Harrison Bryant,Cle,TE,W 31-27,0.0,Jax,Home,73.0,12-12-23,14,False,0,48,7,14,1,4.5200000000000005,0.0,0.0,1.4,10.8,0.4,0.4,0.4,0.0,36.3,0.0,0.0,12.0,75.0,3.0,5.0,8.0,0.0,2.42,0.0,0.0,0.8,5.0,0.2,0.3333333333333333,0.5333333333333333,2.42
1370,Harrison Bryant,Cle,TE,W 20-17,0.0,Chi,Home,81.5,12-19-23,15,False,0,48,7,5,1,4.220000000000001,0.0,0.0,1.2,10.2,0.4,0.2,0.0,0.0,36.3,0.0,0.0,12.0,75.0,3.0,5.0,8.0,0.0,2.26875,0.0,0.0,0.75,4.6875,0.1875,0.3125,0.5,2.26875
1069,Harrison Bryant,Cle,TE,W 36-22,1.6,Hou,Away,53.5,12-26-23,16,False,0,48,7,12,0,4.54,0.0,0.0,1.4,11.4,0.4,0.2,0.0,0.0,37.9,0.0,0.0,13.0,81.0,3.0,5.0,8.0,0.0,2.2294117647058824,0.0,0.0,0.7647058823529411,4.764705882352941,0.17647058823529413,0.29411764705882354,0.47058823529411764,2.2294117647058824
103,Hayden Hurst,Car,TE,L 10-24,15.1,Atl,Away,2.0,09-12-23,1,False,0,49,4,1,0,15.1,0.0,0.0,5.0,41.0,1.0,0.0,0.0,0.0,15.1,0.0,0.0,5.0,41.0,1.0,0.0,0.0,0.0,15.1,0.0,0.0,5.0,41.0,1.0,0.0,0.0,15.1
1240,Hayden Hurst,Car,TE,L 17-20,5.0,NO,Home,35.0,09-19-23,2,False,0,49,4,22,1,10.05,0.0,0.0,4.0,30.5,0.5,0.0,0.0,0.0,20.1,0.0,0.0,8.0,61.0,1.0,0.0,0.0,0.0,10.05,0.0,0.0,4.0,30.5,0.5,0.0,0.0,10.05
244,Hayden Hurst,Car,TE,L 27-37,2.1,Sea,Away,44.5,09-26-23,3,False,0,49,4,28,0,7.3999999999999995,0.0,0.0,3.0,24.0,0.3333333333333333,0.0,0.0,0.0,22.2,0.0,0.0,9.0,72.0,1.0,0.0,0.0,0.0,7.3999999999999995,0.0,0.0,3.0,24.0,0.3333333333333333,0.0,0.0,7.3999999999999995
46,Hayden Hurst,Car,TE,L 13-21,1.7,Min,Home,47.5,10-03-23,4,False,0,49,4,20,1,5.975,0.0,0.0,2.5,19.75,0.25,0.0,0.0,0.0,23.9,0.0,0.0,10.0,79.0,1.0,0.0,0.0,0.0,5.975,0.0,0.0,2.5,19.75,0.25,0.0,0.0,5.975
322,Hayden Hurst,Car,TE,L 24-42,5.1,Det,Away,24.0,10-10-23,5,False,0,49,4,10,0,5.8,0.0,0.0,2.6,20.0,0.2,0.0,0.0,0.0,29.0,0.0,0.0,13.0,100.0,1.0,0.0,0.0,0.0,5.8,0.0,0.0,2.6,20.0,0.2,0.0,0.0,5.8
1610,Hayden Hurst,Car,TE,L 21-42,2.6,Mia,Away,32.0,10-17-23,6,False,0,49,4,19,0,3.3,0.0,0.0,1.8,15.0,0.0,0.0,0.0,0.0,31.599999999999998,0.0,0.0,14.0,116.0,1.0,0.0,0.0,0.0,5.266666666666667,0.0,0.0,2.3333333333333335,19.333333333333332,0.16666666666666666,0.0,0.0,5.266666666666667
1456,Hayden Hurst,Car,TE,W 15-13,0.0,Hou,Home,73.0,10-31-23,8,False,0,49,4,12,1,2.3,0.0,0.0,1.2,11.0,0.0,0.0,0.0,0.0,31.599999999999998,0.0,0.0,14.0,116.0,1.0,0.0,0.0,0.0,4.514285714285714,0.0,0.0,2.0,16.571428571428573,0.14285714285714285,0.0,0.0,4.514285714285714
579,Hayden Hurst,Car,TE,L 13-27,7.4,Ind,Home,21.0,11-07-23,9,False,0,49,4,13,1,3.3600000000000003,0.0,0.0,1.4,19.6,0.0,0.0,0.0,0.0,39.0,0.0,0.0,16.0,170.0,1.0,0.0,0.0,0.0,4.875,0.0,0.0,2.0,21.25,0.125,0.0,0.0,4.875
863,Hayden Hurst,Car,TE,L 13-16,3.4,Chi,Away,32.0,11-14-23,10,False,0,49,4,5,0,3.7,0.0,0.0,1.6,21.0,0.0,0.0,0.0,0.0,42.4,0.0,0.0,18.0,184.0,1.0,0.0,0.0,0.0,4.711111111111111,0.0,0.0,2.0,20.444444444444443,0.1111111111111111,0.0,0.0,4.711111111111111
1017,Henry Pearson,GB,TE,W 29-22,0.0,Det,Away,78.0,11-28-23,12,False,0,50,11,10,0,0.0,0.0,0.0,0.0,0.0,0.0,0.0,0.0,0.0,0.0,0.0,0.0,0.0,0.0,0.0,0.0,0.0,0.0,0.0,0.0,0.0,0.0,0.0,0.0,0.0,0.0,0.0
551,Henry Pearson,GB,TE,W 27-19,0.0,KC,Home,66.0,12-05-23,13,False,0,50,11,15,1,0.0,0.0,0.0,0.0,0.0,0.0,0.0,0.0,0.0,0.0,0.0,0.0,0.0,0.0,0.0,0.0,0.0,0.0,0.0,0.0,0.0,0.0,0.0,0.0,0.0,0.0,0.0
102,Hunter Henry,NE,TE,L 20-25,16.6,Phi,Home,1.0,09-12-23,1,False,0,51,21,25,1,16.6,0.0,0.0,5.0,56.0,1.0,0.0,0.0,0.0,16.6,0.0,0.0,5.0,56.0,1.0,0.0,0.0,0.0,16.6,0.0,0.0,5.0,56.0,1.0,0.0,0.0,16.6
1207,Hunter Henry,NE,TE,L 17-24,17.2,Mia,Home,2.0,09-19-23,2,False,0,51,21,19,1,16.9,0.0,0.0,5.5,54.0,1.0,0.0,0.0,0.0,33.8,0.0,0.0,11.0,108.0,2.0,0.0,0.0,0.0,16.9,0.0,0.0,5.5,54.0,1.0,0.0,0.0,16.9
228,Hunter Henry,NE,TE,W 15-10,3.7,NYJ,Away,28.5,09-26-23,3,False,0,51,21,24,0,12.5,0.0,0.0,4.333333333333333,41.666666666666664,0.6666666666666666,0.0,0.0,0.0,37.5,0.0,0.0,13.0,125.0,2.0,0.0,0.0,0.0,12.5,0.0,0.0,4.333333333333333,41.666666666666664,0.6666666666666666,0.0,0.0,12.5
17,Hunter Henry,NE,TE,L 3-38,9.1,Dal,Away,18.0,10-03-23,4,False,0,51,21,8,0,11.65,0.0,0.0,4.25,44.0,0.5,0.0,0.0,0.0,46.6,0.0,0.0,17.0,176.0,2.0,0.0,0.0,0.0,11.65,0.0,0.0,4.25,44.0,0.5,0.0,0.0,11.65
353,Hunter Henry,NE,TE,L 0-34,0.0,NO,Home,71.0,10-10-23,5,False,0,51,21,22,1,9.32,0.0,0.0,3.4,35.2,0.4,0.0,0.0,0.0,46.6,0.0,0.0,17.0,176.0,2.0,0.0,0.0,0.0,9.32,0.0,0.0,3.4,35.2,0.4,0.0,0.0,9.32
1621,Hunter Henry,NE,TE,L 17-21,1.7,LV,Away,43.5,10-17-23,6,False,0,51,21,18,0,6.34,0.0,0.0,2.6,25.4,0.2,0.0,0.0,0.0,48.300000000000004,0.0,0.0,18.0,183.0,2.0,0.0,0.0,0.0,8.05,0.0,0.0,3.0,30.5,0.3333333333333333,0.0,0.0,8.05
1521,Hunter Henry,NE,TE,W 29-25,4.7,Buf,Home,23.0,10-24-23,7,False,0,51,21,3,1,3.8400000000000007,0.0,0.0,1.8,20.4,0.0,0.0,0.0,0.0,53.0,0.0,0.0,20.0,210.0,2.0,0.0,0.0,0.0,7.571428571428571,0.0,0.0,2.857142857142857,30.0,0.2857142857142857,0.0,0.0,7.571428571428571
1426,Hunter Henry,NE,TE,L 17-31,5.8,Mia,Away,23.5,10-31-23,8,False,0,51,21,19,0,4.26,0.0,0.0,2.0,22.6,0.0,0.0,0.0,0.0,58.800000000000004,0.0,0.0,23.0,238.0,2.0,0.0,0.0,0.0,7.3500000000000005,0.0,0.0,2.875,29.75,0.25,0.0,0.0,7.3500000000000005
569,Hunter Henry,NE,TE,L 17-20,13.9,Wsh,Home,11.0,11-07-23,9,False,0,51,21,31,1,5.220000000000001,0.0,0.0,2.0,20.2,0.2,0.0,0.0,0.0,72.7,0.0,0.0,27.0,277.0,3.0,0.0,0.0,0.0,8.077777777777778,0.0,0.0,3.0,30.77777777777778,0.3333333333333333,0.0,0.0,8.077777777777778
854,Hunter Henry,NE,TE,L 6-10,5.1,Ind,Home,23.5,11-14-23,10,False,0,51,21,13,1,6.24,0.0,0.0,2.6,24.4,0.2,0.0,0.0,0.0,77.8,0.0,0.0,30.0,298.0,3.0,0.0,0.0,0.0,7.779999999999999,0.0,0.0,3.0,29.8,0.3,0.0,0.0,7.779999999999999
976,Hunter Henry,NE,TE,L 7-10,0.0,NYG,Away,78.0,11-28-23,12,False,0,51,21,23,0,5.9,0.0,0.0,2.4,23.0,0.2,0.0,0.0,0.0,77.8,0.0,0.0,30.0,298.0,3.0,0.0,0.0,0.0,7.072727272727272,0.0,0.0,2.727272727272727,27.09090909090909,0.2727272727272727,0.0,0.0,7.072727272727272
500,Hunter Henry,NE,TE,L 0-6,3.5,LAC,Home,27.0,12-05-23,13,False,0,51,21,16,1,5.659999999999999,0.0,0.0,2.4,20.6,0.2,0.0,0.0,0.0,81.3,0.0,0.0,32.0,313.0,3.0,0.0,0.0,0.0,6.7749999999999995,0.0,0.0,2.6666666666666665,26.083333333333332,0.25,0.0,0.0,6.7749999999999995
650,Hunter Henry,NE,TE,W 21-18,19.0,Pit,Away,4.0,12-12-23,14,False,0,51,21,26,0,8.3,0.0,0.0,2.4,23.0,0.6,0.0,0.0,0.0,100.30000000000001,0.0,0.0,35.0,353.0,5.0,0.0,0.0,0.0,7.715384615384616,0.0,0.0,2.6923076923076925,27.153846153846153,0.38461538461538464,0.0,0.0,7.715384615384616
1306,Hunter Henry,NE,TE,L 17-27,19.6,KC,Home,4.0,12-19-23,15,False,0,51,21,15,1,9.440000000000001,0.0,0.0,3.0,28.4,0.6,0.0,0.0,0.0,119.9,0.0,0.0,42.0,419.0,6.0,0.0,0.0,0.0,8.564285714285715,0.0,0.0,3.0,29.928571428571427,0.42857142857142855,0.0,0.0,8.564285714285715
1013,Hunter Kampmoyer,LAC,TE,L 10-20,0.0,Bal,Home,78.0,11-28-23,12,False,0,52,16,2,1,0.0,0.0,0.0,0.0,0.0,0.0,0.0,0.0,0.0,0.0,0.0,0.0,0.0,0.0,0.0,0.0,0.0,0.0,0.0,0.0,0.0,0.0,0.0,0.0,0.0,0.0,0.0
459,Hunter Long,LAR,TE,W 17-16,0.0,Sea,Home,67.0,11-21-23,11,False,0,53,17,28,1,0.0,0.0,0.0,0.0,0.0,0.0,0.0,0.0,0.0,0.0,0.0,0.0,0.0,0.0,0.0,0.0,0.0,0.0,0.0,0.0,0.0,0.0,0.0,0.0,0.0,0.0,0.0
1000,Hunter Long,LAR,TE,W 37-14,0.0,Ari,Away,78.0,11-28-23,12,False,0,53,17,0,0,0.0,0.0,0.0,0.0,0.0,0.0,0.0,0.0,0.0,0.0,0.0,0.0,0.0,0.0,0.0,0.0,0.0,0.0,0.0,0.0,0.0,0.0,0.0,0.0,0.0,0.0,0.0
546,Hunter Long,LAR,TE,W 36-19,0.0,Cle,Home,66.0,12-05-23,13,False,0,53,17,7,1,0.0,0.0,0.0,0.0,0.0,0.0,0.0,0.0,0.0,0.0,0.0,0.0,0.0,0.0,0.0,0.0,0.0,0.0,0.0,0.0,0.0,0.0,0.0,0.0,0.0,0.0,0.0
723,Hunter Long,LAR,TE,L 31-37,0.0,Bal,Away,73.0,12-12-23,14,False,0,53,17,2,0,0.0,0.0,0.0,0.0,0.0,0.0,0.0,0.0,0.0,0.0,0.0,0.0,0.0,0.0,0.0,0.0,0.0,0.0,0.0,0.0,0.0,0.0,0.0,0.0,0.0,0.0,0.0
1187,Ian Thomas,Car,TE,L 0-26,0.0,Jax,Away,76.0,01-02-24,17,False,0,54,4,14,0,0.0,0.0,0.0,0.0,0.0,0.0,0.0,0.0,0.0,0.0,0.0,0.0,0.0,0.0,0.0,0.0,0.0,0.0,0.0,0.0,0.0,0.0,0.0,0.0,0.0,0.0,0.0
789,Ian Thomas,Car,TE,L 0-9,1.5,TB,Home,51.0,01-09-24,18,False,0,54,4,29,1,0.75,0.0,0.0,0.5,2.5,0.0,0.0,0.0,0.0,1.5,0.0,0.0,1.0,5.0,0.0,0.0,0.0,0.0,0.75,0.0,0.0,0.5,2.5,0.0,0.0,0.0,0.75
180,Ian Thomas,Car,TE,L 10-24,0.0,Atl,Away,75.0,09-12-23,1,False,0,54,4,1,0,0.5,0.0,0.0,0.3333333333333333,1.6666666666666667,0.0,0.0,0.0,0.0,1.5,0.0,0.0,1.0,5.0,0.0,0.0,0.0,0.0,0.5,0.0,0.0,0.3333333333333333,1.6666666666666667,0.0,0.0,0.0,0.5
1286,Ian Thomas,Car,TE,L 17-20,0.0,NO,Home,76.0,09-19-23,2,False,0,54,4,22,1,0.375,0.0,0.0,0.25,1.25,0.0,0.0,0.0,0.0,1.5,0.0,0.0,1.0,5.0,0.0,0.0,0.0,0.0,0.375,0.0,0.0,0.25,1.25,0.0,0.0,0.0,0.375
253,Ian Thomas,Car,TE,L 27-37,1.8,Sea,Away,52.5,09-26-23,3,False,0,54,4,28,0,0.6599999999999999,0.0,0.0,0.4,2.6,0.0,0.0,0.0,0.0,3.3,0.0,0.0,2.0,13.0,0.0,0.0,0.0,0.0,0.6599999999999999,0.0,0.0,0.4,2.6,0.0,0.0,0.0,0.6599999999999999
78,Ian Thomas,Car,TE,L 13-21,0.0,Min,Home,79.5,10-03-23,4,False,0,54,4,20,1,0.6599999999999999,0.0,0.0,0.4,2.6,0.0,0.0,0.0,0.0,3.3,0.0,0.0,2.0,13.0,0.0,0.0,0.0,0.0,0.5499999999999999,0.0,0.0,0.3333333333333333,2.1666666666666665,0.0,0.0,0.0,0.5499999999999999
330,Ian Thomas,Car,TE,L 24-42,3.8,Det,Away,32.0,10-10-23,5,False,0,54,4,10,0,1.1199999999999999,0.0,0.0,0.4,7.2,0.0,0.0,0.0,0.0,7.1,0.0,0.0,3.0,41.0,0.0,0.0,0.0,0.0,1.0142857142857142,0.0,0.0,0.42857142857142855,5.857142857142857,0.0,0.0,0.0,1.0142857142857142
454,Ian Thomas,Car,TE,L 10-33,0.0,Dal,Home,67.0,11-21-23,11,False,0,54,4,8,1,1.1199999999999999,0.0,0.0,0.4,7.2,0.0,0.0,0.0,0.0,7.1,0.0,0.0,3.0,41.0,0.0,0.0,0.0,0.0,0.8875,0.0,0.0,0.375,5.125,0.0,0.0,0.0,0.8875
968,Ian Thomas,Car,TE,L 10-17,1.9,Ten,Away,49.0,11-28-23,12,False,0,54,4,30,0,1.5,0.0,0.0,0.6,9.0,0.0,0.0,0.0,0.0,9.0,0.0,0.0,4.0,50.0,0.0,0.0,0.0,0.0,1.0,0.0,0.0,0.4444444444444444,5.555555555555555,0.0,0.0,0.0,1.0
517,Ian Thomas,Car,TE,L 18-21,1.6,TB,Away,43.0,12-05-23,13,False,0,54,4,29,0,1.46,0.0,0.0,0.6,8.6,0.0,0.0,0.0,0.0,10.6,0.0,0.0,5.0,56.0,0.0,0.0,0.0,0.0,1.06,0.0,0.0,0.5,5.6,0.0,0.0,0.0,1.06
718,Ian Thomas,Car,TE,L 6-28,0.0,NO,Away,73.0,12-12-23,14,False,0,54,4,22,0,1.46,0.0,0.0,0.6,8.6,0.0,0.0,0.0,0.0,10.6,0.0,0.0,5.0,56.0,0.0,0.0,0.0,0.0,0.9636363636363636,0.0,0.0,0.45454545454545453,5.090909090909091,0.0,0.0,0.0,0.9636363636363636
1095,Ian Thomas,Car,TE,L 30-33,0.0,GB,Home,78.0,12-26-23,16,False,0,54,4,11,1,0.7,0.0,0.0,0.4,3.0,0.0,0.0,0.0,0.0,10.6,0.0,0.0,5.0,56.0,0.0,0.0,0.0,0.0,0.8833333333333333,0.0,0.0,0.4166666666666667,4.666666666666667,0.0,0.0,0.0,0.8833333333333333
128,Irv Smith Jr.,Cin,TE,L 3-24,4.7,Cle,Away,27.0,09-12-23,1,False,0,55,6,7,0,4.7,0.0,0.0,3.0,17.0,0.0,0.0,0.0,0.0,4.7,0.0,0.0,3.0,17.0,0.0,0.0,0.0,0.0,4.7,0.0,0.0,3.0,17.0,0.0,0.0,0.0,4.7
1251,Irv Smith Jr.,Cin,TE,L 24-27,3.0,Bal,Home,46.0,09-19-23,2,False,0,55,6,2,1,3.85,0.0,0.0,2.5,13.5,0.0,0.0,0.0,0.0,7.7,0.0,0.0,5.0,27.0,0.0,0.0,0.0,0.0,3.85,0.0,0.0,2.5,13.5,0.0,0.0,0.0,3.85
354,Irv Smith Jr.,Cin,TE,W 34-20,0.0,Ari,Away,71.0,10-10-23,5,False,0,55,6,0,0,2.566666666666667,0.0,0.0,1.6666666666666667,9.0,0.0,0.0,0.0,0.0,7.7,0.0,0.0,5.0,27.0,0.0,0.0,0.0,0.0,2.566666666666667,0.0,0.0,1.6666666666666667,9.0,0.0,0.0,0.0,2.566666666666667
1623,Irv Smith Jr.,Cin,TE,W 17-13,1.5,Sea,Home,45.0,10-17-23,6,False,0,55,6,28,1,2.3,0.0,0.0,1.5,8.0,0.0,0.0,0.0,0.0,9.2,0.0,0.0,6.0,32.0,0.0,0.0,0.0,0.0,2.3,0.0,0.0,1.5,8.0,0.0,0.0,0.0,2.3
1430,Irv Smith Jr.,Cin,TE,W 31-17,4.5,SF,Away,27.5,10-31-23,8,False,0,55,6,27,0,2.7399999999999998,0.0,0.0,2.0,11.4,0.0,0.0,0.0,0.0,13.7,0.0,0.0,10.0,57.0,0.0,0.0,0.0,0.0,2.7399999999999998,0.0,0.0,2.0,11.4,0.0,0.0,0.0,2.7399999999999998
574,Irv Smith Jr.,Cin,TE,W 24-18,11.6,Buf,Home,16.0,11-07-23,9,False,0,55,6,3,1,4.12,0.0,0.0,2.0,13.2,0.2,0.0,0.0,0.0,25.3,0.0,0.0,13.0,83.0,1.0,0.0,0.0,0.0,4.216666666666667,0.0,0.0,2.1666666666666665,13.833333333333334,0.16666666666666666,0.0,0.0,4.216666666666667
872,Irv Smith Jr.,Cin,TE,L 27-30,1.6,Hou,Home,43.0,11-14-23,10,False,0,55,6,12,1,3.8400000000000007,0.0,0.0,1.8,12.4,0.2,0.0,0.0,0.0,26.900000000000002,0.0,0.0,14.0,89.0,1.0,0.0,0.0,0.0,3.842857142857143,0.0,0.0,2.0,12.714285714285714,0.14285714285714285,0.0,0.0,3.842857142857143
431,Irv Smith Jr.,Cin,TE,L 20-34,0.0,Bal,Away,67.0,11-21-23,11,False,0,55,6,2,0,3.8400000000000007,0.0,0.0,1.8,12.4,0.2,0.0,0.0,0.0,26.900000000000002,0.0,0.0,14.0,89.0,1.0,0.0,0.0,0.0,3.3625000000000003,0.0,0.0,1.75,11.125,0.125,0.0,0.0,3.3625000000000003
956,Irv Smith Jr.,Cin,TE,L 10-16,2.8,Pit,Home,38.0,11-28-23,12,False,0,55,6,26,1,4.1,0.0,0.0,2.0,13.0,0.2,0.0,0.0,0.0,29.7,0.0,0.0,16.0,97.0,1.0,0.0,0.0,0.0,3.3,0.0,0.0,1.7777777777777777,10.777777777777779,0.1111111111111111,0.0,0.0,3.3
523,Irv Smith Jr.,Cin,TE,W 34-31,0.0,Jax,Away,66.0,12-05-23,13,False,0,55,6,14,0,3.2,0.0,0.0,1.2,8.0,0.2,0.0,0.0,0.0,29.7,0.0,0.0,16.0,97.0,1.0,0.0,0.0,0.0,2.9699999999999998,0.0,0.0,1.6,9.7,0.1,0.0,0.0,2.9699999999999998
701,Irv Smith Jr.,Cin,TE,W 34-14,0.0,Ind,Home,73.0,12-12-23,14,False,0,55,6,13,1,0.8800000000000001,0.0,0.0,0.6,2.8,0.0,0.0,0.0,0.0,29.7,0.0,0.0,16.0,97.0,1.0,0.0,0.0,0.0,2.6999999999999997,0.0,0.0,1.4545454545454546,8.818181818181818,0.09090909090909091,0.0,0.0,2.6999999999999997
1341,Irv Smith Jr.,Cin,TE,W 27-24,3.8,Min,Home,38.5,12-19-23,15,False,0,55,6,20,1,1.3199999999999998,0.0,0.0,0.8,5.2,0.0,0.0,0.0,0.0,33.5,0.0,0.0,18.0,115.0,1.0,0.0,0.0,0.0,2.7916666666666665,0.0,0.0,1.5,9.583333333333334,0.08333333333333333,0.0,0.0,2.7916666666666665
1114,Isaiah Likely,Bal,TE,W 56-19,18.2,Mia,Home,2.0,01-02-24,17,False,0,56,2,19,1,18.2,0.0,0.0,2.0,42.0,2.0,0.0,0.0,0.0,18.2,0.0,0.0,2.0,42.0,2.0,0.0,0.0,0.0,18.2,0.0,0.0,2.0,42.0,2.0,0.0,0.0,18.2
748,Isaiah Likely,Bal,TE,L 10-17,11.1,Pit,Home,10.0,01-09-24,18,False,0,56,2,26,1,14.649999999999999,0.0,0.0,2.0,36.5,1.5,0.0,0.0,0.0,29.299999999999997,0.0,0.0,4.0,73.0,3.0,0.0,0.0,0.0,14.649999999999999,0.0,0.0,2.0,36.5,1.5,0.0,0.0,14.649999999999999
147,Isaiah Likely,Bal,TE,W 25-9,1.4,Hou,Home,46.0,09-12-23,1,False,0,56,2,12,1,10.233333333333333,0.0,0.0,1.6666666666666667,25.666666666666668,1.0,0.0,0.0,0.0,30.7,0.0,0.0,5.0,77.0,3.0,0.0,0.0,0.0,10.233333333333333,0.0,0.0,1.6666666666666667,25.666666666666668,1.0,0.0,0.0,10.233333333333333
1254,Isaiah Likely,Bal,TE,W 27-24,1.8,Cin,Away,49.0,09-19-23,2,False,0,56,2,6,0,8.125,0.0,0.0,1.5,21.25,0.75,0.0,0.0,0.0,32.5,0.0,0.0,6.0,85.0,3.0,0.0,0.0,0.0,8.125,0.0,0.0,1.5,21.25,0.75,0.0,0.0,8.125
233,Isaiah Likely,Bal,TE,L 19-22,3.0,Ind,Home,33.5,09-26-23,3,False,0,56,2,13,1,7.1,0.0,0.0,1.4,21.0,0.6,0.0,0.0,0.0,35.5,0.0,0.0,7.0,105.0,3.0,0.0,0.0,0.0,7.1,0.0,0.0,1.4,21.0,0.6,0.0,0.0,7.1
57,Isaiah Likely,Bal,TE,W 28-3,0.0,Cle,Away,79.5,10-03-23,4,False,0,56,2,7,0,3.46,0.0,0.0,1.0,12.6,0.2,0.0,0.0,0.0,35.5,0.0,0.0,7.0,105.0,3.0,0.0,0.0,0.0,5.916666666666667,0.0,0.0,1.1666666666666667,17.5,0.5,0.0,0.0,5.916666666666667
355,Isaiah Likely,Bal,TE,L 10-17,0.0,Pit,Away,71.0,10-10-23,5,False,0,56,2,26,0,1.24,0.0,0.0,0.6,6.4,0.0,0.0,0.0,0.0,35.5,0.0,0.0,7.0,105.0,3.0,0.0,0.0,0.0,5.071428571428571,0.0,0.0,1.0,15.0,0.42857142857142855,0.0,0.0,5.071428571428571
1630,Isaiah Likely,Bal,TE,W 24-16,0.0,Ten,Away,72.0,10-17-23,6,False,0,56,2,30,0,0.9600000000000002,0.0,0.0,0.4,5.6,0.0,0.0,0.0,0.0,35.5,0.0,0.0,7.0,105.0,3.0,0.0,0.0,0.0,4.4375,0.0,0.0,0.875,13.125,0.375,0.0,0.0,4.4375
1544,Isaiah Likely,Bal,TE,W 38-6,0.0,Det,Home,62.0,10-24-23,7,False,0,56,2,10,1,0.6,0.0,0.0,0.2,4.0,0.0,0.0,0.0,0.0,35.5,0.0,0.0,7.0,105.0,3.0,0.0,0.0,0.0,3.9444444444444446,0.0,0.0,0.7777777777777778,11.666666666666666,0.3333333333333333,0.0,0.0,3.9444444444444446
1443,Isaiah Likely,Bal,TE,W 31-24,2.0,Ari,Away,40.0,10-31-23,8,False,0,56,2,0,0,0.4,0.0,0.0,0.2,2.0,0.0,0.0,0.0,0.0,37.5,0.0,0.0,8.0,115.0,3.0,0.0,0.0,0.0,3.75,0.0,0.0,0.8,11.5,0.3,0.0,0.0,3.75
577,Isaiah Likely,Bal,TE,W 37-3,8.2,Sea,Home,19.0,11-07-23,9,False,0,56,2,28,1,2.04,0.0,0.0,1.0,10.4,0.0,0.0,0.0,0.0,45.7,0.0,0.0,12.0,157.0,3.0,0.0,0.0,0.0,4.154545454545455,0.0,0.0,1.0909090909090908,14.272727272727273,0.2727272727272727,0.0,0.0,4.154545454545455
877,Isaiah Likely,Bal,TE,L 31-33,1.5,Cle,Home,47.0,11-14-23,10,False,0,56,2,7,1,2.34,0.0,0.0,1.2,11.4,0.0,0.0,0.0,0.0,47.2,0.0,0.0,13.0,162.0,3.0,0.0,0.0,0.0,3.9333333333333336,0.0,0.0,1.0833333333333333,13.5,0.25,0.0,0.0,3.9333333333333336
433,Isaiah Likely,Bal,TE,W 34-20,0.0,Cin,Home,67.0,11-21-23,11,False,0,56,2,6,1,2.34,0.0,0.0,1.2,11.4,0.0,0.0,0.0,0.0,47.2,0.0,0.0,13.0,162.0,3.0,0.0,0.0,0.0,3.630769230769231,0.0,0.0,1.0,12.461538461538462,0.23076923076923078,0.0,0.0,3.630769230769231
937,Isaiah Likely,Bal,TE,W 20-10,8.0,LAC,Away,19.0,11-28-23,12,False,0,56,2,16,0,3.94,0.0,0.0,2.0,19.4,0.0,0.0,0.0,0.0,55.2,0.0,0.0,17.0,202.0,3.0,0.0,0.0,0.0,3.942857142857143,0.0,0.0,1.2142857142857142,14.428571428571429,0.21428571428571427,0.0,0.0,3.942857142857143
649,Isaiah Likely,Bal,TE,W 37-31,19.3,LAR,Home,3.0,12-12-23,14,False,0,56,2,17,1,7.4,0.0,0.0,2.8,34.0,0.2,0.0,0.0,0.0,74.5,0.0,0.0,22.0,285.0,4.0,0.0,0.0,0.0,4.966666666666667,0.0,0.0,1.4666666666666666,19.0,0.26666666666666666,0.0,0.0,4.966666666666667
1307,Isaiah Likely,Bal,TE,W 23-7,18.0,Jax,Away,5.0,12-19-23,15,False,0,56,2,14,0,9.36,0.0,0.0,3.0,39.6,0.4,0.0,0.0,0.0,92.5,0.0,0.0,27.0,355.0,5.0,0.0,0.0,0.0,5.78125,0.0,0.0,1.6875,22.1875,0.3125,0.0,0.0,5.78125
1040,Isaiah Likely,Bal,TE,W 33-19,8.6,SF,Away,23.0,12-26-23,16,False,0,56,2,27,0,10.78,0.0,0.0,3.4,49.8,0.4,0.0,0.0,0.0,101.1,0.0,0.0,30.0,411.0,5.0,0.0,0.0,0.0,5.947058823529411,0.0,0.0,1.7647058823529411,24.176470588235293,0.29411764705882354,0.0,0.0,5.947058823529411
1179,Jack Stoll,Phi,TE,L 31-35,0.0,Ari,Home,76.0,01-02-24,17,False,0,57,25,0,1,0.0,0.0,0.0,0.0,0.0,0.0,0.0,0.0,0.0,0.0,0.0,0.0,0.0,0.0,0.0,0.0,0.0,0.0,0.0,0.0,0.0,0.0,0.0,0.0,0.0,0.0,0.0
786,Jack Stoll,Phi,TE,L 10-27,2.1,NYG,Away,47.5,01-09-24,18,False,0,57,25,23,0,1.05,0.0,0.0,0.5,5.5,0.0,0.0,0.0,0.0,2.1,0.0,0.0,1.0,11.0,0.0,0.0,0.0,0.0,1.05,0.0,0.0,0.5,5.5,0.0,0.0,0.0,1.05
166,Jack Stoll,Phi,TE,W 25-20,0.0,NE,Away,75.0,09-12-23,1,False,0,57,25,21,0,0.7000000000000001,0.0,0.0,0.3333333333333333,3.6666666666666665,0.0,0.0,0.0,0.0,2.1,0.0,0.0,1.0,11.0,0.0,0.0,0.0,0.0,0.7000000000000001,0.0,0.0,0.3333333333333333,3.6666666666666665,0.0,0.0,0.0,0.7000000000000001
1271,Jack Stoll,Phi,TE,W 34-28,0.0,Min,Home,76.0,09-19-23,2,False,0,57,25,20,1,0.525,0.0,0.0,0.25,2.75,0.0,0.0,0.0,0.0,2.1,0.0,0.0,1.0,11.0,0.0,0.0,0.0,0.0,0.525,0.0,0.0,0.25,2.75,0.0,0.0,0.0,0.525
255,Jack Stoll,Phi,TE,W 25-11,1.6,TB,Away,55.0,09-26-23,3,False,0,57,25,29,0,0.74,0.0,0.0,0.4,3.4,0.0,0.0,0.0,0.0,3.7,0.0,0.0,2.0,17.0,0.0,0.0,0.0,0.0,0.74,0.0,0.0,0.4,3.4,0.0,0.0,0.0,0.74
68,Jack Stoll,Phi,TE,W 34-31,0.0,Wsh,Home,79.5,10-03-23,4,False,0,57,25,31,1,0.74,0.0,0.0,0.4,3.4,0.0,0.0,0.0,0.0,3.7,0.0,0.0,2.0,17.0,0.0,0.0,0.0,0.0,0.6166666666666667,0.0,0.0,0.3333333333333333,2.8333333333333335,0.0,0.0,0.0,0.6166666666666667
350,Jack Stoll,Phi,TE,W 23-14,1.4,LAR,Away,52.0,10-10-23,5,False,0,57,25,17,0,0.6,0.0,0.0,0.4,2.0,0.0,0.0,0.0,0.0,5.1,0.0,0.0,3.0,21.0,0.0,0.0,0.0,0.0,0.7285714285714285,0.0,0.0,0.42857142857142855,3.0,0.0,0.0,0.0,0.7285714285714285
1639,Jack Stoll,Phi,TE,L 14-20,0.0,NYJ,Away,72.0,10-17-23,6,False,0,57,25,24,0,0.6,0.0,0.0,0.4,2.0,0.0,0.0,0.0,0.0,5.1,0.0,0.0,3.0,21.0,0.0,0.0,0.0,0.0,0.6375,0.0,0.0,0.375,2.625,0.0,0.0,0.0,0.6375
1554,Jack Stoll,Phi,TE,W 31-17,0.0,Mia,Home,62.0,10-24-23,7,False,0,57,25,19,1,0.6,0.0,0.0,0.4,2.0,0.0,0.0,0.0,0.0,5.1,0.0,0.0,3.0,21.0,0.0,0.0,0.0,0.0,0.5666666666666667,0.0,0.0,0.3333333333333333,2.3333333333333335,0.0,0.0,0.0,0.5666666666666667
1466,Jack Stoll,Phi,TE,W 38-31,0.0,Wsh,Away,73.0,10-31-23,8,False,0,57,25,31,0,0.27999999999999997,0.0,0.0,0.2,0.8,0.0,0.0,0.0,0.0,5.1,0.0,0.0,3.0,21.0,0.0,0.0,0.0,0.0,0.51,0.0,0.0,0.3,2.1,0.0,0.0,0.0,0.51
611,Jack Stoll,Phi,TE,W 28-23,0.0,Dal,Home,68.0,11-07-23,9,False,0,57,25,8,1,0.27999999999999997,0.0,0.0,0.2,0.8,0.0,0.0,0.0,0.0,5.1,0.0,0.0,3.0,21.0,0.0,0.0,0.0,0.0,0.4636363636363636,0.0,0.0,0.2727272727272727,1.9090909090909092,0.0,0.0,0.0,0.4636363636363636
429,Jack Stoll,Phi,TE,W 21-17,1.3,KC,Away,44.0,11-21-23,11,False,0,57,25,15,0,0.26,0.0,0.0,0.2,0.6,0.0,0.0,0.0,0.0,6.4,0.0,0.0,4.0,24.0,0.0,0.0,0.0,0.0,0.5333333333333333,0.0,0.0,0.3333333333333333,2.0,0.0,0.0,0.0,0.5333333333333333
958,Jack Stoll,Phi,TE,W 37-34,2.4,Buf,Home,39.5,11-28-23,12,False,0,57,25,3,1,0.74,0.0,0.0,0.4,3.4,0.0,0.0,0.0,0.0,8.8,0.0,0.0,5.0,38.0,0.0,0.0,0.0,0.0,0.676923076923077,0.0,0.0,0.38461538461538464,2.923076923076923,0.0,0.0,0.0,0.676923076923077
527,Jack Stoll,Phi,TE,L 19-42,0.0,SF,Home,66.0,12-05-23,13,False,0,57,25,27,1,0.74,0.0,0.0,0.4,3.4,0.0,0.0,0.0,0.0,8.8,0.0,0.0,5.0,38.0,0.0,0.0,0.0,0.0,0.6285714285714287,0.0,0.0,0.35714285714285715,2.7142857142857144,0.0,0.0,0.0,0.6285714285714287
707,Jack Stoll,Phi,TE,L 13-33,0.0,Dal,Away,73.0,12-12-23,14,False,0,57,25,8,0,0.74,0.0,0.0,0.4,3.4,0.0,0.0,0.0,0.0,8.8,0.0,0.0,5.0,38.0,0.0,0.0,0.0,0.0,0.5866666666666667,0.0,0.0,0.3333333333333333,2.533333333333333,0.0,0.0,0.0,0.5866666666666667
1372,Jack Stoll,Phi,TE,L 17-20,0.0,Sea,Away,81.5,12-19-23,15,False,0,57,25,28,0,0.74,0.0,0.0,0.4,3.4,0.0,0.0,0.0,0.0,8.8,0.0,0.0,5.0,38.0,0.0,0.0,0.0,0.0,0.55,0.0,0.0,0.3125,2.375,0.0,0.0,0.0,0.55
1084,Jack Stoll,Phi,TE,W 33-25,0.0,NYG,Home,78.0,12-26-23,16,False,0,57,25,23,1,0.47999999999999987,0.0,0.0,0.2,2.8,0.0,0.0,0.0,0.0,8.8,0.0,0.0,5.0,38.0,0.0,0.0,0.0,0.0,0.5176470588235295,0.0,0.0,0.29411764705882354,2.235294117647059,0.0,0.0,0.0,0.5176470588235295
1135,Jake Ferguson,Dal,TE,W 20-19,7.3,Det,Home,23.0,01-02-24,17,False,0,58,8,10,1,7.3,0.0,0.0,4.0,33.0,0.0,0.0,0.0,0.0,7.3,0.0,0.0,4.0,33.0,0.0,0.0,0.0,0.0,7.3,0.0,0.0,4.0,33.0,0.0,0.0,0.0,7.3
744,Jake Ferguson,Dal,TE,W 38-10,12.9,Wsh,Away,6.0,01-09-24,18,False,0,58,8,31,0,10.1,0.0,0.0,5.0,51.0,0.0,0.0,0.0,0.0,20.2,0.0,0.0,10.0,102.0,0.0,0.0,0.0,0.0,10.1,0.0,0.0,5.0,51.0,0.0,0.0,0.0,10.1
138,Jake Ferguson,Dal,TE,W 40-0,3.1,NYG,Away,37.5,09-12-23,1,False,0,58,8,23,0,7.766666666666667,0.0,0.0,4.0,37.666666666666664,0.0,0.0,0.0,0.0,23.3,0.0,0.0,12.0,113.0,0.0,0.0,0.0,0.0,7.766666666666667,0.0,0.0,4.0,37.666666666666664,0.0,0.0,0.0,7.766666666666667
1217,Jake Ferguson,Dal,TE,W 30-10,10.1,NYJ,Home,11.5,09-19-23,2,False,0,58,8,24,1,8.35,0.0,0.0,3.75,31.0,0.25,0.0,0.0,0.0,33.4,0.0,0.0,15.0,124.0,1.0,0.0,0.0,0.0,8.35,0.0,0.0,3.75,31.0,0.25,0.0,0.0,8.35
211,Jake Ferguson,Dal,TE,L 16-28,9.8,Ari,Away,11.0,09-26-23,3,False,0,58,8,0,0,8.64,0.0,0.0,4.0,34.4,0.2,0.0,0.0,0.0,43.2,0.0,0.0,20.0,172.0,1.0,0.0,0.0,0.0,8.64,0.0,0.0,4.0,34.4,0.2,0.0,0.0,8.64
3,Jake Ferguson,Dal,TE,W 38-3,14.7,NE,Home,4.0,10-03-23,4,False,0,58,8,21,1,10.120000000000001,0.0,0.0,4.6,43.2,0.2,0.0,0.0,0.0,57.9,0.0,0.0,27.0,249.0,1.0,0.0,0.0,0.0,9.65,0.0,0.0,4.5,41.5,0.16666666666666666,0.0,0.0,9.65
320,Jake Ferguson,Dal,TE,L 10-42,5.8,SF,Away,22.0,10-10-23,5,False,0,58,8,27,0,8.700000000000001,0.0,0.0,4.0,35.0,0.2,0.0,0.0,0.0,63.7,0.0,0.0,30.0,277.0,1.0,0.0,0.0,0.0,9.1,0.0,0.0,4.285714285714286,39.57142857142857,0.14285714285714285,0.0,0.0,9.1
1611,Jake Ferguson,Dal,TE,W 20-17,2.5,LAC,Away,34.0,10-17-23,6,False,0,58,8,16,0,8.580000000000002,0.0,0.0,3.8,35.8,0.2,0.0,0.0,0.0,66.2,0.0,0.0,31.0,292.0,1.0,0.0,0.0,0.0,8.275,0.0,0.0,3.875,36.5,0.125,0.0,0.0,8.275
1414,Jake Ferguson,Dal,TE,W 43-20,14.7,LAR,Home,11.0,10-31-23,8,False,0,58,8,17,1,9.5,0.0,0.0,4.0,43.0,0.2,0.0,0.0,0.0,80.9,0.0,0.0,35.0,339.0,2.0,0.0,0.0,0.0,8.988888888888889,0.0,0.0,3.888888888888889,37.666666666666664,0.2222222222222222,0.0,0.0,8.988888888888889
562,Jake Ferguson,Dal,TE,L 23-28,22.1,Phi,Away,4.0,11-07-23,9,False,0,58,8,25,0,11.96,0.0,0.0,4.4,51.6,0.4,0.0,0.0,0.0,103.0,0.0,0.0,42.0,430.0,3.0,0.0,0.0,0.0,10.3,0.0,0.0,4.2,43.0,0.3,0.0,0.0,10.3
837,Jake Ferguson,Dal,TE,W 49-17,12.6,NYG,Home,6.0,11-14-23,10,False,0,58,8,23,1,11.540000000000001,0.0,0.0,3.8,41.4,0.6,0.0,0.0,0.0,115.6,0.0,0.0,46.0,456.0,4.0,0.0,0.0,0.0,10.509090909090908,0.0,0.0,4.181818181818182,41.45454545454545,0.36363636363636365,0.0,0.0,10.509090909090908
406,Jake Ferguson,Dal,TE,W 33-10,6.2,Car,Away,21.0,11-21-23,11,False,0,58,8,4,0,11.620000000000001,0.0,0.0,3.8,42.2,0.6,0.0,0.0,0.0,121.8,0.0,0.0,49.0,488.0,4.0,0.0,0.0,0.0,10.15,0.0,0.0,4.083333333333333,40.666666666666664,0.3333333333333333,0.0,0.0,10.15
946,Jake Ferguson,Dal,TE,W 45-10,4.5,Wsh,Home,28.5,11-28-23,12,False,0,58,8,31,1,12.02,0.0,0.0,3.8,46.2,0.6,0.0,0.0,0.0,126.3,0.0,0.0,50.0,523.0,4.0,0.0,0.0,0.0,9.715384615384615,0.0,0.0,3.8461538461538463,40.23076923076923,0.3076923076923077,0.0,0.0,9.715384615384615
477,Jake Ferguson,Dal,TE,W 41-35,19.7,Sea,Home,4.0,12-05-23,13,False,0,58,8,28,1,13.02,0.0,0.0,4.2,52.2,0.6,0.0,0.0,0.0,146.0,0.0,0.0,56.0,600.0,5.0,0.0,0.0,0.0,10.428571428571429,0.0,0.0,4.0,42.857142857142854,0.35714285714285715,0.0,0.0,10.428571428571429
655,Jake Ferguson,Dal,TE,W 33-13,12.2,Phi,Home,9.0,12-12-23,14,False,0,58,8,25,1,11.040000000000001,0.0,0.0,3.8,48.4,0.4,0.0,0.0,0.0,158.2,0.0,0.0,61.0,672.0,5.0,0.0,0.0,0.0,10.546666666666665,0.0,0.0,4.066666666666666,44.8,0.3333333333333333,0.0,0.0,10.546666666666665
1314,Jake Ferguson,Dal,TE,L 10-31,10.4,Buf,Away,12.0,12-19-23,15,False,0,58,8,3,0,10.6,0.0,0.0,4.2,52.0,0.2,0.0,0.0,0.0,168.6,0.0,0.0,67.0,716.0,5.0,0.0,0.0,0.0,10.5375,0.0,0.0,4.1875,44.75,0.3125,0.0,0.0,10.5375
1041,Jake Ferguson,Dal,TE,L 20-22,8.5,Mia,Away,24.0,12-26-23,16,False,0,58,8,19,0,11.06,0.0,0.0,4.4,54.6,0.2,0.0,0.0,0.0,177.1,0.0,0.0,71.0,761.0,5.0,0.0,0.0,0.0,10.41764705882353,0.0,0.0,4.176470588235294,44.76470588235294,0.29411764705882354,0.0,0.0,10.41764705882353
1169,James Mitchell,Det,TE,L 19-20,1.4,Dal,Away,57.0,01-02-24,17,False,0,59,10,8,0,1.4,0.0,0.0,1.0,4.0,0.0,0.0,0.0,0.0,1.4,0.0,0.0,1.0,4.0,0.0,0.0,0.0,0.0,1.4,0.0,0.0,1.0,4.0,0.0,0.0,0.0,1.4
773,James Mitchell,Det,TE,W 30-20,3.4,Min,Home,35.0,01-09-24,18,False,0,59,10,20,1,2.4,0.0,0.0,1.0,14.0,0.0,0.0,0.0,0.0,4.8,0.0,0.0,2.0,28.0,0.0,0.0,0.0,0.0,2.4,0.0,0.0,1.0,14.0,0.0,0.0,0.0,2.4
177,James Mitchell,Det,TE,W 21-20,0.0,KC,Away,75.0,09-12-23,1,False,0,59,10,15,0,1.5999999999999999,0.0,0.0,0.6666666666666666,9.333333333333334,0.0,0.0,0.0,0.0,4.8,0.0,0.0,2.0,28.0,0.0,0.0,0.0,0.0,1.5999999999999999,0.0,0.0,0.6666666666666666,9.333333333333334,0.0,0.0,0.0,1.5999999999999999
1283,James Mitchell,Det,TE,L 31-37,0.0,Sea,Home,76.0,09-19-23,2,False,0,59,10,28,1,1.2,0.0,0.0,0.5,7.0,0.0,0.0,0.0,0.0,4.8,0.0,0.0,2.0,28.0,0.0,0.0,0.0,0.0,1.2,0.0,0.0,0.5,7.0,0.0,0.0,0.0,1.2
277,James Mitchell,Det,TE,W 20-6,0.0,Atl,Home,79.0,09-26-23,3,False,0,59,10,1,1,0.96,0.0,0.0,0.4,5.6,0.0,0.0,0.0,0.0,4.8,0.0,0.0,2.0,28.0,0.0,0.0,0.0,0.0,0.96,0.0,0.0,0.4,5.6,0.0,0.0,0.0,0.96
76,James Mitchell,Det,TE,W 34-20,0.0,GB,Away,79.5,10-03-23,4,False,0,59,10,11,0,0.6799999999999999,0.0,0.0,0.2,4.8,0.0,0.0,0.0,0.0,4.8,0.0,0.0,2.0,28.0,0.0,0.0,0.0,0.0,0.7999999999999999,0.0,0.0,0.3333333333333333,4.666666666666667,0.0,0.0,0.0,0.7999999999999999
1561,James Mitchell,Det,TE,L 6-38,0.0,Bal,Away,62.0,10-24-23,7,False,0,59,10,2,0,0.0,0.0,0.0,0.0,0.0,0.0,0.0,0.0,0.0,4.8,0.0,0.0,2.0,28.0,0.0,0.0,0.0,0.0,0.6857142857142857,0.0,0.0,0.2857142857142857,4.0,0.0,0.0,0.0,0.6857142857142857
1476,James Mitchell,Det,TE,W 26-14,0.0,LV,Home,73.0,10-31-23,8,False,0,59,10,18,1,0.0,0.0,0.0,0.0,0.0,0.0,0.0,0.0,0.0,4.8,0.0,0.0,2.0,28.0,0.0,0.0,0.0,0.0,0.6,0.0,0.0,0.25,3.5,0.0,0.0,0.0,0.6
895,James Mitchell,Det,TE,W 41-38,0.0,LAC,Away,69.5,11-14-23,10,False,0,59,10,16,0,0.0,0.0,0.0,0.0,0.0,0.0,0.0,0.0,0.0,4.8,0.0,0.0,2.0,28.0,0.0,0.0,0.0,0.0,0.5333333333333333,0.0,0.0,0.2222222222222222,3.111111111111111,0.0,0.0,0.0,0.5333333333333333
451,James Mitchell,Det,TE,W 31-26,0.0,Chi,Home,67.0,11-21-23,11,False,0,59,10,5,1,0.0,0.0,0.0,0.0,0.0,0.0,0.0,0.0,0.0,4.8,0.0,0.0,2.0,28.0,0.0,0.0,0.0,0.0,0.48,0.0,0.0,0.2,2.8,0.0,0.0,0.0,0.48
995,James Mitchell,Det,TE,L 22-29,0.0,GB,Home,78.0,11-28-23,12,False,0,59,10,11,1,0.0,0.0,0.0,0.0,0.0,0.0,0.0,0.0,0.0,4.8,0.0,0.0,2.0,28.0,0.0,0.0,0.0,0.0,0.43636363636363634,0.0,0.0,0.18181818181818182,2.5454545454545454,0.0,0.0,0.0,0.43636363636363634
541,James Mitchell,Det,TE,W 33-28,0.0,NO,Away,66.0,12-05-23,13,False,0,59,10,22,0,0.0,0.0,0.0,0.0,0.0,0.0,0.0,0.0,0.0,4.8,0.0,0.0,2.0,28.0,0.0,0.0,0.0,0.0,0.39999999999999997,0.0,0.0,0.16666666666666666,2.3333333333333335,0.0,0.0,0.0,0.39999999999999997
716,James Mitchell,Det,TE,L 13-28,0.0,Chi,Away,73.0,12-12-23,14,False,0,59,10,5,0,0.0,0.0,0.0,0.0,0.0,0.0,0.0,0.0,0.0,4.8,0.0,0.0,2.0,28.0,0.0,0.0,0.0,0.0,0.3692307692307692,0.0,0.0,0.15384615384615385,2.1538461538461537,0.0,0.0,0.0,0.3692307692307692
1382,James Mitchell,Det,TE,W 42-17,0.0,Den,Home,81.5,12-19-23,15,False,0,59,10,9,1,0.0,0.0,0.0,0.0,0.0,0.0,0.0,0.0,0.0,4.8,0.0,0.0,2.0,28.0,0.0,0.0,0.0,0.0,0.34285714285714286,0.0,0.0,0.14285714285714285,2.0,0.0,0.0,0.0,0.34285714285714286
1093,James Mitchell,Det,TE,W 30-24,0.0,Min,Away,78.0,12-26-23,16,False,0,59,10,20,0,0.0,0.0,0.0,0.0,0.0,0.0,0.0,0.0,0.0,4.8,0.0,0.0,2.0,28.0,0.0,0.0,0.0,0.0,0.32,0.0,0.0,0.13333333333333333,1.8666666666666667,0.0,0.0,0.0,0.32
173,Jeremy Ruckert,NYJ,TE,W 22-16,0.0,Buf,Home,75.0,09-12-23,1,False,0,60,24,3,1,0.0,0.0,0.0,0.0,0.0,0.0,0.0,0.0,0.0,0.0,0.0,0.0,0.0,0.0,0.0,0.0,0.0,0.0,0.0,0.0,0.0,0.0,0.0,0.0,0.0,0.0,0.0
1277,Jeremy Ruckert,NYJ,TE,L 10-30,0.0,Dal,Away,76.0,09-19-23,2,False,0,60,24,8,0,0.0,0.0,0.0,0.0,0.0,0.0,0.0,0.0,0.0,0.0,0.0,0.0,0.0,0.0,0.0,0.0,0.0,0.0,0.0,0.0,0.0,0.0,0.0,0.0,0.0,0.0,0.0
271,Jeremy Ruckert,NYJ,TE,L 10-15,0.0,NE,Home,79.0,09-26-23,3,False,0,60,24,21,1,0.0,0.0,0.0,0.0,0.0,0.0,0.0,0.0,0.0,0.0,0.0,0.0,0.0,0.0,0.0,0.0,0.0,0.0,0.0,0.0,0.0,0.0,0.0,0.0,0.0,0.0,0.0
26,Jeremy Ruckert,NYJ,TE,L 20-23,4.6,KC,Home,27.0,10-03-23,4,False,0,60,24,15,1,1.15,0.0,0.0,0.5,6.5,0.0,0.0,0.0,0.0,4.6,0.0,0.0,2.0,26.0,0.0,0.0,0.0,0.0,1.15,0.0,0.0,0.5,6.5,0.0,0.0,0.0,1.15
351,Jeremy Ruckert,NYJ,TE,W 31-21,1.2,Den,Away,53.0,10-10-23,5,False,0,60,24,9,0,1.16,0.0,0.0,0.6,5.6,0.0,0.0,0.0,0.0,5.8,0.0,0.0,3.0,28.0,0.0,0.0,0.0,0.0,1.16,0.0,0.0,0.6,5.6,0.0,0.0,0.0,1.16
1619,Jeremy Ruckert,NYJ,TE,W 20-14,1.8,Phi,Home,41.5,10-17-23,6,False,0,60,24,25,1,1.52,0.0,0.0,0.8,7.2,0.0,0.0,0.0,0.0,7.6,0.0,0.0,4.0,36.0,0.0,0.0,0.0,0.0,1.2666666666666666,0.0,0.0,0.6666666666666666,6.0,0.0,0.0,0.0,1.2666666666666666
1473,Jeremy Ruckert,NYJ,TE,W 13-10,0.0,NYG,Away,73.0,10-31-23,8,False,0,60,24,23,0,1.52,0.0,0.0,0.8,7.2,0.0,0.0,0.0,0.0,7.6,0.0,0.0,4.0,36.0,0.0,0.0,0.0,0.0,1.0857142857142856,0.0,0.0,0.5714285714285714,5.142857142857143,0.0,0.0,0.0,1.0857142857142856
601,Jeremy Ruckert,NYJ,TE,L 6-27,1.7,LAC,Home,43.0,11-07-23,9,False,0,60,24,16,1,1.8599999999999999,0.0,0.0,1.0,8.6,0.0,0.0,0.0,0.0,9.299999999999999,0.0,0.0,5.0,43.0,0.0,0.0,0.0,0.0,1.1624999999999999,0.0,0.0,0.625,5.375,0.0,0.0,0.0,1.1624999999999999
890,Jeremy Ruckert,NYJ,TE,L 12-16,0.0,LV,Away,69.5,11-14-23,10,False,0,60,24,18,0,0.9400000000000001,0.0,0.0,0.6,3.4,0.0,0.0,0.0,0.0,9.299999999999999,0.0,0.0,5.0,43.0,0.0,0.0,0.0,0.0,1.0333333333333332,0.0,0.0,0.5555555555555556,4.777777777777778,0.0,0.0,0.0,1.0333333333333332
407,Jeremy Ruckert,NYJ,TE,L 6-32,5.5,Buf,Away,22.0,11-21-23,11,False,0,60,24,3,0,1.8,0.0,0.0,1.0,8.0,0.0,0.0,0.0,0.0,14.8,0.0,0.0,8.0,68.0,0.0,0.0,0.0,0.0,1.48,0.0,0.0,0.8,6.8,0.0,0.0,0.0,1.48
951,Jeremy Ruckert,NYJ,TE,L 13-34,3.8,Mia,Home,33.0,11-28-23,12,False,0,60,24,19,1,2.2,0.0,0.0,1.2,10.0,0.0,0.0,0.0,0.0,18.6,0.0,0.0,10.0,86.0,0.0,0.0,0.0,0.0,1.6909090909090911,0.0,0.0,0.9090909090909091,7.818181818181818,0.0,0.0,0.0,1.6909090909090911
509,Jeremy Ruckert,NYJ,TE,L 8-13,2.2,Atl,Home,36.0,12-05-23,13,False,0,60,24,1,1,2.6399999999999997,0.0,0.0,1.4,12.4,0.0,0.0,0.0,0.0,20.8,0.0,0.0,11.0,98.0,0.0,0.0,0.0,0.0,1.7333333333333334,0.0,0.0,0.9166666666666666,8.166666666666666,0.0,0.0,0.0,1.7333333333333334
673,Jeremy Ruckert,NYJ,TE,W 30-6,6.7,Hou,Home,26.5,12-12-23,14,False,0,60,24,12,1,3.6400000000000006,0.0,0.0,1.8,18.4,0.0,0.0,0.0,0.0,27.5,0.0,0.0,14.0,135.0,0.0,0.0,0.0,0.0,2.1153846153846154,0.0,0.0,1.0769230769230769,10.384615384615385,0.0,0.0,0.0,2.1153846153846154
1342,Jeremy Ruckert,NYJ,TE,L 0-30,3.6,Mia,Away,40.5,12-19-23,15,False,0,60,24,19,0,4.36,0.0,0.0,2.2,21.6,0.0,0.0,0.0,0.0,31.1,0.0,0.0,16.0,151.0,0.0,0.0,0.0,0.0,2.2214285714285715,0.0,0.0,1.1428571428571428,10.785714285714286,0.0,0.0,0.0,2.2214285714285715
1083,Jeremy Ruckert,NYJ,TE,W 30-28,0.0,Wsh,Home,78.0,12-26-23,16,False,0,60,24,31,1,3.2600000000000002,0.0,0.0,1.6,16.6,0.0,0.0,0.0,0.0,31.1,0.0,0.0,16.0,151.0,0.0,0.0,0.0,0.0,2.0733333333333333,0.0,0.0,1.0666666666666667,10.066666666666666,0.0,0.0,0.0,2.0733333333333333
196,Jesper Horsted,LV,TE,W 17-16,0.0,Den,Away,75.0,09-12-23,1,False,0,61,18,9,0,0.0,0.0,0.0,0.0,0.0,0.0,0.0,0.0,0.0,0.0,0.0,0.0,0.0,0.0,0.0,0.0,0.0,0.0,0.0,0.0,0.0,0.0,0.0,0.0,0.0,0.0,0.0
1300,Jesper Horsted,LV,TE,L 10-38,0.0,Buf,Away,76.0,09-19-23,2,False,0,61,18,3,0,0.0,0.0,0.0,0.0,0.0,0.0,0.0,0.0,0.0,0.0,0.0,0.0,0.0,0.0,0.0,0.0,0.0,0.0,0.0,0.0,0.0,0.0,0.0,0.0,0.0,0.0,0.0
294,Jesper Horsted,LV,TE,L 18-23,0.0,Pit,Home,79.0,09-26-23,3,False,0,61,18,26,1,0.0,0.0,0.0,0.0,0.0,0.0,0.0,0.0,0.0,0.0,0.0,0.0,0.0,0.0,0.0,0.0,0.0,0.0,0.0,0.0,0.0,0.0,0.0,0.0,0.0,0.0,0.0
94,Jesper Horsted,LV,TE,L 17-24,0.0,LAC,Away,79.5,10-03-23,4,False,0,61,18,16,0,0.0,0.0,0.0,0.0,0.0,0.0,0.0,0.0,0.0,0.0,0.0,0.0,0.0,0.0,0.0,0.0,0.0,0.0,0.0,0.0,0.0,0.0,0.0,0.0,0.0,0.0,0.0
1664,Jesper Horsted,LV,TE,W 21-17,0.0,NE,Home,72.0,10-17-23,6,False,0,61,18,21,1,0.0,0.0,0.0,0.0,0.0,0.0,0.0,0.0,0.0,0.0,0.0,0.0,0.0,0.0,0.0,0.0,0.0,0.0,0.0,0.0,0.0,0.0,0.0,0.0,0.0,0.0,0.0
1538,Jesper Horsted,LV,TE,L 12-30,1.4,Chi,Away,40.0,10-24-23,7,False,0,61,18,5,0,0.27999999999999997,0.0,0.0,0.2,0.8,0.0,0.0,0.0,0.0,1.4,0.0,0.0,1.0,4.0,0.0,0.0,0.0,0.0,0.2333333333333333,0.0,0.0,0.16666666666666666,0.6666666666666666,0.0,0.0,0.0,0.2333333333333333
1493,Jesper Horsted,LV,TE,L 14-26,0.0,Det,Away,73.0,10-31-23,8,False,0,61,18,10,0,0.27999999999999997,0.0,0.0,0.2,0.8,0.0,0.0,0.0,0.0,1.4,0.0,0.0,1.0,4.0,0.0,0.0,0.0,0.0,0.19999999999999998,0.0,0.0,0.14285714285714285,0.5714285714285714,0.0,0.0,0.0,0.19999999999999998
640,Jesper Horsted,LV,TE,W 30-6,0.0,NYG,Home,68.0,11-07-23,9,False,0,61,18,23,1,0.27999999999999997,0.0,0.0,0.2,0.8,0.0,0.0,0.0,0.0,1.4,0.0,0.0,1.0,4.0,0.0,0.0,0.0,0.0,0.175,0.0,0.0,0.125,0.5,0.0,0.0,0.0,0.175
911,Jesper Horsted,LV,TE,W 16-12,0.0,NYJ,Home,69.5,11-14-23,10,False,0,61,18,24,1,0.27999999999999997,0.0,0.0,0.2,0.8,0.0,0.0,0.0,0.0,1.4,0.0,0.0,1.0,4.0,0.0,0.0,0.0,0.0,0.15555555555555556,0.0,0.0,0.1111111111111111,0.4444444444444444,0.0,0.0,0.0,0.15555555555555556
466,Jesper Horsted,LV,TE,L 13-20,0.0,Mia,Away,67.0,11-21-23,11,False,0,61,18,19,0,0.27999999999999997,0.0,0.0,0.2,0.8,0.0,0.0,0.0,0.0,1.4,0.0,0.0,1.0,4.0,0.0,0.0,0.0,0.0,0.13999999999999999,0.0,0.0,0.1,0.4,0.0,0.0,0.0,0.13999999999999999
1010,Jesper Horsted,LV,TE,L 17-31,0.0,KC,Home,78.0,11-28-23,12,False,0,61,18,15,1,0.0,0.0,0.0,0.0,0.0,0.0,0.0,0.0,0.0,1.4,0.0,0.0,1.0,4.0,0.0,0.0,0.0,0.0,0.12727272727272726,0.0,0.0,0.09090909090909091,0.36363636363636365,0.0,0.0,0.0,0.12727272727272726
1397,Jesper Horsted,LV,TE,W 63-21,0.0,LAC,Home,81.5,12-19-23,15,False,0,61,18,16,1,0.0,0.0,0.0,0.0,0.0,0.0,0.0,0.0,0.0,1.4,0.0,0.0,1.0,4.0,0.0,0.0,0.0,0.0,0.11666666666666665,0.0,0.0,0.08333333333333333,0.3333333333333333,0.0,0.0,0.0,0.11666666666666665
1178,Jimmy Graham,NO,TE,W 23-13,0.0,TB,Away,76.0,01-02-24,17,False,0,62,22,29,0,0.0,0.0,0.0,0.0,0.0,0.0,0.0,0.0,0.0,0.0,0.0,0.0,0.0,0.0,0.0,0.0,0.0,0.0,0.0,0.0,0.0,0.0,0.0,0.0,0.0,0.0,0.0
805,Jimmy Graham,NO,TE,W 48-17,0.0,Atl,Home,76.5,01-09-24,18,False,0,62,22,1,1,0.0,0.0,0.0,0.0,0.0,0.0,0.0,0.0,0.0,0.0,0.0,0.0,0.0,0.0,0.0,0.0,0.0,0.0,0.0,0.0,0.0,0.0,0.0,0.0,0.0,0.0,0.0
159,Jimmy Graham,NO,TE,W 16-15,0.0,Ten,Home,75.0,09-12-23,1,False,0,62,22,30,1,0.0,0.0,0.0,0.0,0.0,0.0,0.0,0.0,0.0,0.0,0.0,0.0,0.0,0.0,0.0,0.0,0.0,0.0,0.0,0.0,0.0,0.0,0.0,0.0,0.0,0.0,0.0
1261,Jimmy Graham,NO,TE,W 20-17,0.0,Car,Away,76.0,09-19-23,2,False,0,62,22,4,0,0.0,0.0,0.0,0.0,0.0,0.0,0.0,0.0,0.0,0.0,0.0,0.0,0.0,0.0,0.0,0.0,0.0,0.0,0.0,0.0,0.0,0.0,0.0,0.0,0.0,0.0,0.0
219,Jimmy Graham,NO,TE,L 17-18,7.8,GB,Away,19.0,09-26-23,3,False,0,62,22,11,0,1.56,0.0,0.0,0.2,1.6,0.2,0.0,0.0,0.0,7.8,0.0,0.0,1.0,8.0,1.0,0.0,0.0,0.0,1.56,0.0,0.0,0.2,1.6,0.2,0.0,0.0,1.56
60,Jimmy Graham,NO,TE,L 9-26,0.0,TB,Home,79.5,10-03-23,4,False,0,62,22,29,1,1.56,0.0,0.0,0.2,1.6,0.2,0.0,0.0,0.0,7.8,0.0,0.0,1.0,8.0,1.0,0.0,0.0,0.0,1.3,0.0,0.0,0.16666666666666666,1.3333333333333333,0.16666666666666666,0.0,0.0,1.3
359,Jimmy Graham,NO,TE,W 34-0,0.0,NE,Away,71.0,10-10-23,5,False,0,62,22,21,0,1.56,0.0,0.0,0.2,1.6,0.2,0.0,0.0,0.0,7.8,0.0,0.0,1.0,8.0,1.0,0.0,0.0,0.0,1.1142857142857143,0.0,0.0,0.14285714285714285,1.1428571428571428,0.14285714285714285,0.0,0.0,1.1142857142857143
1633,Jimmy Graham,NO,TE,L 13-20,0.0,Hou,Away,72.0,10-17-23,6,False,0,62,22,12,0,1.56,0.0,0.0,0.2,1.6,0.2,0.0,0.0,0.0,7.8,0.0,0.0,1.0,8.0,1.0,0.0,0.0,0.0,0.975,0.0,0.0,0.125,1.0,0.125,0.0,0.0,0.975
1547,Jimmy Graham,NO,TE,L 24-31,0.0,Jax,Home,62.0,10-24-23,7,False,0,62,22,14,1,1.56,0.0,0.0,0.2,1.6,0.2,0.0,0.0,0.0,7.8,0.0,0.0,1.0,8.0,1.0,0.0,0.0,0.0,0.8666666666666667,0.0,0.0,0.1111111111111111,0.8888888888888888,0.1111111111111111,0.0,0.0,0.8666666666666667
488,Jimmy Graham,NO,TE,L 28-33,7.6,Det,Home,15.0,12-05-23,13,False,0,62,22,10,1,1.52,0.0,0.0,0.2,1.2,0.2,0.0,0.0,0.0,15.399999999999999,0.0,0.0,2.0,14.0,2.0,0.0,0.0,0.0,1.5399999999999998,0.0,0.0,0.2,1.4,0.2,0.0,0.0,1.5399999999999998
666,Jimmy Graham,NO,TE,W 28-6,9.6,Car,Home,18.5,12-12-23,14,False,0,62,22,4,1,3.44,0.0,0.0,0.6,4.4,0.4,0.0,0.0,0.0,25.0,0.0,0.0,4.0,30.0,3.0,0.0,0.0,0.0,2.272727272727273,0.0,0.0,0.36363636363636365,2.727272727272727,0.2727272727272727,0.0,0.0,2.272727272727273
1319,Jimmy Graham,NO,TE,W 24-6,8.9,NYG,Home,17.0,12-19-23,15,False,0,62,22,23,1,5.220000000000001,0.0,0.0,1.0,6.2,0.6,0.0,0.0,0.0,33.9,0.0,0.0,6.0,39.0,4.0,0.0,0.0,0.0,2.8249999999999997,0.0,0.0,0.5,3.25,0.3333333333333333,0.0,0.0,2.8249999999999997
1082,Jimmy Graham,NO,TE,L 22-30,0.0,LAR,Away,78.0,12-26-23,16,False,0,62,22,17,0,5.220000000000001,0.0,0.0,1.0,6.2,0.6,0.0,0.0,0.0,33.9,0.0,0.0,6.0,39.0,4.0,0.0,0.0,0.0,2.6076923076923078,0.0,0.0,0.46153846153846156,3.0,0.3076923076923077,0.0,0.0,2.6076923076923078
1165,John Bates,Wsh,TE,L 10-27,1.6,SF,Home,53.0,01-02-24,17,False,0,63,31,27,1,1.6,0.0,0.0,1.0,6.0,0.0,0.0,0.0,0.0,1.6,0.0,0.0,1.0,6.0,0.0,0.0,0.0,0.0,1.6,0.0,0.0,1.0,6.0,0.0,0.0,0.0,1.6
807,John Bates,Wsh,TE,L 10-38,0.0,Dal,Home,76.5,01-09-24,18,False,0,63,31,8,1,0.8,0.0,0.0,0.5,3.0,0.0,0.0,0.0,0.0,1.6,0.0,0.0,1.0,6.0,0.0,0.0,0.0,0.0,0.8,0.0,0.0,0.5,3.0,0.0,0.0,0.0,0.8
170,John Bates,Wsh,TE,W 20-16,0.0,Ari,Home,75.0,09-12-23,1,False,0,63,31,0,1,0.5333333333333333,0.0,0.0,0.3333333333333333,2.0,0.0,0.0,0.0,0.0,1.6,0.0,0.0,1.0,6.0,0.0,0.0,0.0,0.0,0.5333333333333333,0.0,0.0,0.3333333333333333,2.0,0.0,0.0,0.0,0.5333333333333333
1228,John Bates,Wsh,TE,W 35-33,7.6,Den,Away,23.0,09-19-23,2,False,0,63,31,9,0,2.3,0.0,0.0,1.0,13.0,0.0,0.0,0.0,0.0,9.2,0.0,0.0,4.0,52.0,0.0,0.0,0.0,0.0,2.3,0.0,0.0,1.0,13.0,0.0,0.0,0.0,2.3
231,John Bates,Wsh,TE,L 3-37,3.2,Buf,Home,30.5,09-26-23,3,False,0,63,31,3,1,2.4799999999999995,0.0,0.0,1.2,12.8,0.0,0.0,0.0,0.0,12.399999999999999,0.0,0.0,6.0,64.0,0.0,0.0,0.0,0.0,2.4799999999999995,0.0,0.0,1.2,12.8,0.0,0.0,0.0,2.4799999999999995
49,John Bates,Wsh,TE,L 31-34,1.6,Phi,Away,50.0,10-03-23,4,False,0,63,31,25,0,2.48,0.0,0.0,1.2,12.8,0.0,0.0,0.0,0.0,14.0,0.0,0.0,7.0,70.0,0.0,0.0,0.0,0.0,2.3333333333333335,0.0,0.0,1.1666666666666667,11.666666666666666,0.0,0.0,0.0,2.3333333333333335
329,John Bates,Wsh,TE,L 20-40,3.9,Chi,Home,30.5,10-10-23,5,False,0,63,31,5,1,3.2600000000000002,0.0,0.0,1.6,16.6,0.0,0.0,0.0,0.0,17.9,0.0,0.0,9.0,89.0,0.0,0.0,0.0,0.0,2.557142857142857,0.0,0.0,1.2857142857142858,12.714285714285714,0.0,0.0,0.0,2.557142857142857
1643,John Bates,Wsh,TE,W 24-16,0.0,Atl,Away,72.0,10-17-23,6,False,0,63,31,1,0,3.2600000000000002,0.0,0.0,1.6,16.6,0.0,0.0,0.0,0.0,17.9,0.0,0.0,9.0,89.0,0.0,0.0,0.0,0.0,2.2375,0.0,0.0,1.125,11.125,0.0,0.0,0.0,2.2375
1559,John Bates,Wsh,TE,L 7-14,0.0,NYG,Away,62.0,10-24-23,7,False,0,63,31,23,0,1.7399999999999998,0.0,0.0,1.0,7.4,0.0,0.0,0.0,0.0,17.9,0.0,0.0,9.0,89.0,0.0,0.0,0.0,0.0,1.9888888888888887,0.0,0.0,1.0,9.88888888888889,0.0,0.0,0.0,1.9888888888888887
1437,John Bates,Wsh,TE,L 31-38,2.7,Phi,Home,34.0,10-31-23,8,False,0,63,31,25,1,1.64,0.0,0.0,0.8,8.4,0.0,0.0,0.0,0.0,20.6,0.0,0.0,10.0,106.0,0.0,0.0,0.0,0.0,2.06,0.0,0.0,1.0,10.6,0.0,0.0,0.0,2.06
605,John Bates,Wsh,TE,W 20-17,0.5,NE,Away,47.0,11-07-23,9,False,0,63,31,21,0,1.4200000000000002,0.0,0.0,0.8,6.2,0.0,0.0,0.0,0.0,21.1,0.0,0.0,11.0,101.0,0.0,0.0,0.0,0.0,1.9181818181818182,0.0,0.0,1.0,9.181818181818182,0.0,0.0,0.0,1.9181818181818182
855,John Bates,Wsh,TE,L 26-29,5.1,Sea,Away,23.5,11-14-23,10,False,0,63,31,28,0,1.6600000000000001,0.0,0.0,1.0,6.6,0.0,0.0,0.0,0.0,26.2,0.0,0.0,14.0,122.0,0.0,0.0,0.0,0.0,2.183333333333333,0.0,0.0,1.1666666666666667,10.166666666666666,0.0,0.0,0.0,2.183333333333333
415,John Bates,Wsh,TE,L 19-31,3.5,NYG,Home,30.5,11-21-23,11,False,0,63,31,23,1,2.3600000000000003,0.0,0.0,1.4,9.6,0.0,0.0,0.0,0.0,29.7,0.0,0.0,16.0,137.0,0.0,0.0,0.0,0.0,2.2846153846153845,0.0,0.0,1.2307692307692308,10.538461538461538,0.0,0.0,0.0,2.2846153846153845
986,John Bates,Wsh,TE,L 10-45,0.0,Dal,Away,78.0,11-28-23,12,False,0,63,31,8,0,2.3600000000000003,0.0,0.0,1.4,9.6,0.0,0.0,0.0,0.0,29.7,0.0,0.0,16.0,137.0,0.0,0.0,0.0,0.0,2.1214285714285714,0.0,0.0,1.1428571428571428,9.785714285714286,0.0,0.0,0.0,2.1214285714285714
536,John Bates,Wsh,TE,L 15-45,0.0,Mia,Home,66.0,12-05-23,13,False,0,63,31,19,1,1.8200000000000003,0.0,0.0,1.2,6.2,0.0,0.0,0.0,0.0,29.7,0.0,0.0,16.0,137.0,0.0,0.0,0.0,0.0,1.98,0.0,0.0,1.0666666666666667,9.133333333333333,0.0,0.0,0.0,1.98
1377,John Bates,Wsh,TE,L 20-28,0.0,LAR,Away,81.5,12-19-23,15,False,0,63,31,17,0,1.7200000000000002,0.0,0.0,1.0,7.2,0.0,0.0,0.0,0.0,29.7,0.0,0.0,16.0,137.0,0.0,0.0,0.0,0.0,1.85625,0.0,0.0,1.0,8.5625,0.0,0.0,0.0,1.85625
1054,John Bates,Wsh,TE,L 28-30,4.4,NYJ,Away,37.0,12-26-23,16,False,0,63,31,24,0,1.58,0.0,0.0,1.0,5.8,0.0,0.0,0.0,0.0,34.1,0.0,0.0,19.0,151.0,0.0,0.0,0.0,0.0,2.0058823529411764,0.0,0.0,1.1176470588235294,8.882352941176471,0.0,0.0,0.0,2.0058823529411764
784,John FitzPatrick,Atl,TE,L 17-48,2.2,NO,Away,46.0,01-09-24,18,False,0,64,1,22,0,2.2,0.0,0.0,1.0,12.0,0.0,0.0,0.0,0.0,2.2,0.0,0.0,1.0,12.0,0.0,0.0,0.0,0.0,2.2,0.0,0.0,1.0,12.0,0.0,0.0,0.0,2.2
1296,John FitzPatrick,Atl,TE,W 25-24,0.0,GB,Home,76.0,09-19-23,2,False,0,64,1,11,1,1.1,0.0,0.0,0.5,6.0,0.0,0.0,0.0,0.0,2.2,0.0,0.0,1.0,12.0,0.0,0.0,0.0,0.0,1.1,0.0,0.0,0.5,6.0,0.0,0.0,0.0,1.1
290,John FitzPatrick,Atl,TE,L 6-20,0.0,Det,Away,79.0,09-26-23,3,False,0,64,1,10,0,0.7333333333333334,0.0,0.0,0.3333333333333333,4.0,0.0,0.0,0.0,0.0,2.2,0.0,0.0,1.0,12.0,0.0,0.0,0.0,0.0,0.7333333333333334,0.0,0.0,0.3333333333333333,4.0,0.0,0.0,0.0,0.7333333333333334
89,John FitzPatrick,Atl,TE,L 7-23,0.0,Jax,Away,79.5,10-03-23,4,False,0,64,1,14,0,0.55,0.0,0.0,0.25,3.0,0.0,0.0,0.0,0.0,2.2,0.0,0.0,1.0,12.0,0.0,0.0,0.0,0.0,0.55,0.0,0.0,0.25,3.0,0.0,0.0,0.0,0.55
379,John FitzPatrick,Atl,TE,W 21-19,0.0,Hou,Home,71.0,10-10-23,5,False,0,64,1,12,1,0.44000000000000006,0.0,0.0,0.2,2.4,0.0,0.0,0.0,0.0,2.2,0.0,0.0,1.0,12.0,0.0,0.0,0.0,0.0,0.44000000000000006,0.0,0.0,0.2,2.4,0.0,0.0,0.0,0.44000000000000006
1489,John FitzPatrick,Atl,TE,L 23-28,0.0,Ten,Away,73.0,10-31-23,8,False,0,64,1,30,0,0.0,0.0,0.0,0.0,0.0,0.0,0.0,0.0,0.0,2.2,0.0,0.0,1.0,12.0,0.0,0.0,0.0,0.0,0.3666666666666667,0.0,0.0,0.16666666666666666,2.0,0.0,0.0,0.0,0.3666666666666667
636,John FitzPatrick,Atl,TE,L 28-31,0.0,Min,Home,68.0,11-07-23,9,False,0,64,1,20,1,0.0,0.0,0.0,0.0,0.0,0.0,0.0,0.0,0.0,2.2,0.0,0.0,1.0,12.0,0.0,0.0,0.0,0.0,0.31428571428571433,0.0,0.0,0.14285714285714285,1.7142857142857142,0.0,0.0,0.0,0.31428571428571433
906,John FitzPatrick,Atl,TE,L 23-25,0.0,Ari,Away,69.5,11-14-23,10,False,0,64,1,0,0,0.0,0.0,0.0,0.0,0.0,0.0,0.0,0.0,0.0,2.2,0.0,0.0,1.0,12.0,0.0,0.0,0.0,0.0,0.275,0.0,0.0,0.125,1.5,0.0,0.0,0.0,0.275
729,John FitzPatrick,Atl,TE,L 25-29,0.0,TB,Home,73.0,12-12-23,14,False,0,64,1,29,1,0.0,0.0,0.0,0.0,0.0,0.0,0.0,0.0,0.0,2.2,0.0,0.0,1.0,12.0,0.0,0.0,0.0,0.0,0.24444444444444446,0.0,0.0,0.1111111111111111,1.3333333333333333,0.0,0.0,0.0,0.24444444444444446
1394,John FitzPatrick,Atl,TE,L 7-9,0.0,Car,Away,81.5,12-19-23,15,False,0,64,1,4,0,0.0,0.0,0.0,0.0,0.0,0.0,0.0,0.0,0.0,2.2,0.0,0.0,1.0,12.0,0.0,0.0,0.0,0.0,0.22000000000000003,0.0,0.0,0.1,1.2,0.0,0.0,0.0,0.22000000000000003
1118,Johnny Mundt,Min,TE,L 10-33,13.9,GB,Home,6.0,01-02-24,17,False,0,65,20,11,1,13.9,0.0,0.0,4.0,39.0,1.0,0.0,0.0,0.0,13.9,0.0,0.0,4.0,39.0,1.0,0.0,0.0,0.0,13.9,0.0,0.0,4.0,39.0,1.0,0.0,0.0,13.9
749,Johnny Mundt,Min,TE,L 20-30,10.8,Det,Away,11.0,01-09-24,18,False,0,65,20,10,0,12.350000000000001,0.0,0.0,4.5,48.5,0.5,0.0,0.0,0.0,24.700000000000003,0.0,0.0,9.0,97.0,1.0,0.0,0.0,0.0,12.350000000000001,0.0,0.0,4.5,48.5,0.5,0.0,0.0,12.350000000000001
183,Johnny Mundt,Min,TE,L 17-20,0.0,TB,Home,75.0,09-12-23,1,False,0,65,20,29,1,8.233333333333334,0.0,0.0,3.0,32.333333333333336,0.3333333333333333,0.0,0.0,0.0,24.700000000000003,0.0,0.0,9.0,97.0,1.0,0.0,0.0,0.0,8.233333333333334,0.0,0.0,3.0,32.333333333333336,0.3333333333333333,0.0,0.0,8.233333333333334
1288,Johnny Mundt,Min,TE,L 28-34,0.0,Phi,Away,76.0,09-19-23,2,False,0,65,20,25,0,6.175000000000001,0.0,0.0,2.25,24.25,0.25,0.0,0.0,0.0,24.700000000000003,0.0,0.0,9.0,97.0,1.0,0.0,0.0,0.0,6.175000000000001,0.0,0.0,2.25,24.25,0.25,0.0,0.0,6.175000000000001
280,Johnny Mundt,Min,TE,L 24-28,0.0,LAC,Home,79.0,09-26-23,3,False,0,65,20,16,1,4.94,0.0,0.0,1.8,19.4,0.2,0.0,0.0,0.0,24.700000000000003,0.0,0.0,9.0,97.0,1.0,0.0,0.0,0.0,4.94,0.0,0.0,1.8,19.4,0.2,0.0,0.0,4.94
81,Johnny Mundt,Min,TE,W 21-13,0.0,Car,Away,79.5,10-03-23,4,False,0,65,20,4,0,2.16,0.0,0.0,1.0,11.6,0.0,0.0,0.0,0.0,24.700000000000003,0.0,0.0,9.0,97.0,1.0,0.0,0.0,0.0,4.116666666666667,0.0,0.0,1.5,16.166666666666668,0.16666666666666666,0.0,0.0,4.116666666666667
346,Johnny Mundt,Min,TE,L 20-27,2.1,KC,Home,48.0,10-10-23,5,False,0,65,20,15,1,0.42000000000000004,0.0,0.0,0.2,2.2,0.0,0.0,0.0,0.0,26.8,0.0,0.0,10.0,108.0,1.0,0.0,0.0,0.0,3.8285714285714287,0.0,0.0,1.4285714285714286,15.428571428571429,0.14285714285714285,0.0,0.0,3.8285714285714287
1651,Johnny Mundt,Min,TE,W 19-13,0.0,Chi,Away,72.0,10-17-23,6,False,0,65,20,5,0,0.42000000000000004,0.0,0.0,0.2,2.2,0.0,0.0,0.0,0.0,26.8,0.0,0.0,10.0,108.0,1.0,0.0,0.0,0.0,3.35,0.0,0.0,1.25,13.5,0.125,0.0,0.0,3.35
1564,Johnny Mundt,Min,TE,W 22-17,0.0,SF,Home,62.0,10-24-23,7,False,0,65,20,27,1,0.42000000000000004,0.0,0.0,0.2,2.2,0.0,0.0,0.0,0.0,26.8,0.0,0.0,10.0,108.0,1.0,0.0,0.0,0.0,2.977777777777778,0.0,0.0,1.1111111111111112,12.0,0.1111111111111111,0.0,0.0,2.977777777777778
1445,Johnny Mundt,Min,TE,W 24-10,1.8,GB,Away,41.5,10-31-23,8,False,0,65,20,11,0,0.78,0.0,0.0,0.4,3.8,0.0,0.0,0.0,0.0,28.6,0.0,0.0,11.0,116.0,1.0,0.0,0.0,0.0,2.8600000000000003,0.0,0.0,1.1,11.6,0.1,0.0,0.0,2.8600000000000003
595,Johnny Mundt,Min,TE,W 31-28,2.8,Atl,Away,37.0,11-07-23,9,False,0,65,20,1,0,1.34,0.0,0.0,0.6,7.4,0.0,0.0,0.0,0.0,31.400000000000002,0.0,0.0,12.0,134.0,1.0,0.0,0.0,0.0,2.854545454545455,0.0,0.0,1.0909090909090908,12.181818181818182,0.09090909090909091,0.0,0.0,2.854545454545455
867,Johnny Mundt,Min,TE,W 27-19,2.8,NO,Home,36.0,11-14-23,10,False,0,65,20,22,1,1.48,0.0,0.0,0.8,6.8,0.0,0.0,0.0,0.0,34.2,0.0,0.0,14.0,142.0,1.0,0.0,0.0,0.0,2.85,0.0,0.0,1.1666666666666667,11.833333333333334,0.08333333333333333,0.0,0.0,2.85
452,Johnny Mundt,Min,TE,L 20-21,0.0,Den,Away,67.0,11-21-23,11,False,0,65,20,9,0,1.48,0.0,0.0,0.8,6.8,0.0,0.0,0.0,0.0,34.2,0.0,0.0,14.0,142.0,1.0,0.0,0.0,0.0,2.630769230769231,0.0,0.0,1.0769230769230769,10.923076923076923,0.07692307692307693,0.0,0.0,2.630769230769231
998,Johnny Mundt,Min,TE,L 10-12,0.0,Chi,Home,78.0,11-28-23,12,False,0,65,20,5,1,1.48,0.0,0.0,0.8,6.8,0.0,0.0,0.0,0.0,34.2,0.0,0.0,14.0,142.0,1.0,0.0,0.0,0.0,2.442857142857143,0.0,0.0,1.0,10.142857142857142,0.07142857142857142,0.0,0.0,2.442857142857143
692,Johnny Mundt,Min,TE,W 3-0,1.4,LV,Away,47.0,12-12-23,14,False,0,65,20,18,0,1.4,0.0,0.0,0.8,6.0,0.0,0.0,0.0,0.0,35.6,0.0,0.0,15.0,146.0,1.0,0.0,0.0,0.0,2.3733333333333335,0.0,0.0,1.0,9.733333333333333,0.06666666666666667,0.0,0.0,2.3733333333333335
1363,Johnny Mundt,Min,TE,L 24-27,1.3,Cin,Away,61.0,12-19-23,15,False,0,65,20,6,0,1.1,0.0,0.0,0.8,3.0,0.0,0.0,0.0,0.0,36.9,0.0,0.0,16.0,149.0,1.0,0.0,0.0,0.0,2.30625,0.0,0.0,1.0,9.3125,0.0625,0.0,0.0,2.30625
1060,Johnny Mundt,Min,TE,L 24-30,3.3,Det,Home,44.0,12-26-23,16,False,0,65,20,10,1,1.2,0.0,0.0,0.6,6.0,0.0,0.0,0.0,0.0,40.2,0.0,0.0,17.0,172.0,1.0,0.0,0.0,0.0,2.364705882352941,0.0,0.0,1.0,10.117647058823529,0.058823529411764705,0.0,0.0,2.364705882352941
1173,Jonnu Smith,Atl,TE,L 17-37,0.0,Chi,Away,76.0,01-02-24,17,False,0,66,1,5,0,0.0,0.0,0.0,0.0,0.0,0.0,0.0,0.0,0.0,0.0,0.0,0.0,0.0,0.0,0.0,0.0,0.0,0.0,0.0,0.0,0.0,0.0,0.0,0.0,0.0,0.0,0.0
747,Jonnu Smith,Atl,TE,L 17-48,11.9,NO,Away,8.5,01-09-24,18,False,0,66,1,22,0,5.95,0.0,0.0,1.5,14.5,0.5,0.0,0.0,0.0,11.9,0.0,0.0,3.0,29.0,1.0,0.0,0.0,0.0,5.95,0.0,0.0,1.5,14.5,0.5,0.0,0.0,5.95
154,Jonnu Smith,Atl,TE,W 24-10,0.0,Car,Home,75.0,09-12-23,1,False,0,66,1,4,1,3.966666666666667,0.0,0.0,1.0,9.666666666666666,0.3333333333333333,0.0,0.0,0.0,11.9,0.0,0.0,3.0,29.0,1.0,0.0,0.0,0.0,3.966666666666667,0.0,0.0,1.0,9.666666666666666,0.3333333333333333,0.0,0.0,3.966666666666667
1223,Jonnu Smith,Atl,TE,W 25-24,8.7,GB,Home,18.0,09-19-23,2,False,0,66,1,11,1,5.15,0.0,0.0,1.75,19.0,0.25,0.0,0.0,0.0,20.6,0.0,0.0,7.0,76.0,1.0,0.0,0.0,0.0,5.15,0.0,0.0,1.75,19.0,0.25,0.0,0.0,5.15
216,Jonnu Smith,Atl,TE,L 6-20,8.7,Det,Away,15.5,09-26-23,3,False,0,66,1,10,0,5.859999999999999,0.0,0.0,2.4,22.6,0.2,0.0,0.0,0.0,29.299999999999997,0.0,0.0,12.0,113.0,1.0,0.0,0.0,0.0,5.859999999999999,0.0,0.0,2.4,22.6,0.2,0.0,0.0,5.859999999999999
2,Jonnu Smith,Atl,TE,L 7-23,15.5,Jax,Away,3.0,10-03-23,4,False,0,66,1,14,0,8.959999999999999,0.0,0.0,3.6,41.6,0.2,0.0,0.0,0.0,44.8,0.0,0.0,18.0,208.0,1.0,0.0,0.0,0.0,7.466666666666666,0.0,0.0,3.0,34.666666666666664,0.16666666666666666,0.0,0.0,7.466666666666666
311,Jonnu Smith,Atl,TE,W 21-19,10.7,Hou,Home,12.5,10-10-23,5,False,0,66,1,12,1,8.72,0.0,0.0,4.2,49.2,0.0,0.0,0.0,0.0,55.5,0.0,0.0,24.0,275.0,1.0,0.0,0.0,0.0,7.928571428571429,0.0,0.0,3.4285714285714284,39.285714285714285,0.14285714285714285,0.0,0.0,7.928571428571429
1582,Jonnu Smith,Atl,TE,L 16-24,13.6,Wsh,Home,4.0,10-17-23,6,False,0,66,1,31,1,11.440000000000001,0.0,0.0,5.0,56.4,0.2,0.0,0.0,0.0,69.1,0.0,0.0,28.0,311.0,2.0,0.0,0.0,0.0,8.6375,0.0,0.0,3.5,38.875,0.25,0.0,0.0,8.6375
1519,Jonnu Smith,Atl,TE,W 16-13,5.7,TB,Away,21.0,10-24-23,7,False,0,66,1,29,0,10.84,0.0,0.0,4.8,52.4,0.2,0.0,0.0,0.0,74.8,0.0,0.0,31.0,338.0,2.0,0.0,0.0,0.0,8.31111111111111,0.0,0.0,3.4444444444444446,37.55555555555556,0.2222222222222222,0.0,0.0,8.31111111111111
1439,Jonnu Smith,Atl,TE,L 23-28,2.3,Ten,Away,37.0,10-31-23,8,False,0,66,1,30,0,9.559999999999999,0.0,0.0,4.0,47.6,0.2,0.0,0.0,0.0,77.1,0.0,0.0,32.0,351.0,2.0,0.0,0.0,0.0,7.709999999999999,0.0,0.0,3.2,35.1,0.2,0.0,0.0,7.709999999999999
563,Jonnu Smith,Atl,TE,L 28-31,21.0,Min,Home,5.0,11-07-23,9,False,0,66,1,20,1,10.66,0.0,0.0,3.8,48.6,0.4,0.2,0.0,0.0,98.1,0.0,0.0,37.0,451.0,3.0,1.0,0.0,0.0,8.918181818181818,0.0,0.0,3.3636363636363638,41.0,0.2727272727272727,0.09090909090909091,0.0,8.918181818181818
882,Jonnu Smith,Atl,TE,L 23-25,1.1,Ari,Away,51.0,11-14-23,10,False,0,66,1,0,0,8.739999999999998,0.0,0.0,2.8,35.4,0.4,0.2,0.0,0.0,99.2,0.0,0.0,38.0,452.0,3.0,1.0,0.0,0.0,8.266666666666667,0.0,0.0,3.1666666666666665,37.666666666666664,0.25,0.08333333333333333,0.0,8.266666666666667
975,Jonnu Smith,Atl,TE,W 24-15,0.0,NO,Home,78.0,11-28-23,12,False,0,66,1,22,1,6.0200000000000005,0.0,0.0,2.0,28.2,0.2,0.2,0.0,0.0,99.2,0.0,0.0,38.0,452.0,3.0,1.0,0.0,0.0,7.630769230769231,0.0,0.0,2.923076923076923,34.76923076923077,0.23076923076923078,0.07692307692307693,0.0,7.630769230769231
503,Jonnu Smith,Atl,TE,W 13-8,3.0,NYJ,Away,30.5,12-05-23,13,False,0,66,1,24,0,5.48,0.0,0.0,1.8,24.8,0.2,0.2,0.0,0.0,102.2,0.0,0.0,40.0,462.0,3.0,1.0,0.0,0.0,7.3,0.0,0.0,2.857142857142857,33.0,0.21428571428571427,0.07142857142857142,0.0,7.3
672,Jonnu Smith,Atl,TE,L 25-29,6.7,TB,Home,26.5,12-12-23,14,False,0,66,1,29,1,6.36,0.0,0.0,2.4,27.6,0.2,0.2,0.0,0.0,108.9,0.0,0.0,44.0,489.0,3.0,1.0,0.0,0.0,7.260000000000001,0.0,0.0,2.933333333333333,32.6,0.2,0.06666666666666667,0.0,7.260000000000001
1320,Jonnu Smith,Atl,TE,L 7-9,8.1,Car,Away,18.0,12-19-23,15,False,0,66,1,4,0,3.78,0.0,0.0,1.8,19.8,0.0,0.0,0.0,0.0,117.0,0.0,0.0,46.0,550.0,3.0,1.0,0.0,0.0,7.3125,0.0,0.0,2.875,34.375,0.1875,0.0625,0.0,7.3125
1044,Jonnu Smith,Atl,TE,W 29-10,7.2,Ind,Home,27.0,12-26-23,16,False,0,66,1,13,1,5.0,0.0,0.0,2.4,26.0,0.0,0.0,0.0,0.0,124.2,0.0,0.0,50.0,582.0,3.0,1.0,0.0,0.0,7.305882352941176,0.0,0.0,2.9411764705882355,34.23529411764706,0.17647058823529413,0.058823529411764705,0.0,7.305882352941176
1150,Jordan Akins,Cle,TE,W 37-20,3.8,NYJ,Home,38.5,01-02-24,17,False,0,67,7,24,1,3.8,0.0,0.0,1.0,28.0,0.0,0.0,0.0,0.0,3.8,0.0,0.0,1.0,28.0,0.0,0.0,0.0,0.0,3.8,0.0,0.0,1.0,28.0,0.0,0.0,0.0,3.8
762,Jordan Akins,Cle,TE,L 14-31,5.4,Cin,Away,24.0,01-09-24,18,False,0,67,7,6,0,4.6,0.0,0.0,2.0,26.0,0.0,0.0,0.0,0.0,9.2,0.0,0.0,4.0,52.0,0.0,0.0,0.0,0.0,4.6,0.0,0.0,2.0,26.0,0.0,0.0,0.0,4.6
144,Jordan Akins,Cle,TE,W 24-3,2.2,Cin,Home,43.0,09-12-23,1,False,0,67,7,6,1,3.8000000000000003,0.0,0.0,1.6666666666666667,21.333333333333332,0.0,0.0,0.0,0.0,11.4,0.0,0.0,5.0,64.0,0.0,0.0,0.0,0.0,3.8000000000000003,0.0,0.0,1.6666666666666667,21.333333333333332,0.0,0.0,0.0,3.8000000000000003
1258,Jordan Akins,Cle,TE,L 22-26,1.2,Pit,Away,52.0,09-19-23,2,False,0,67,7,26,0,3.15,0.0,0.0,1.5,16.5,0.0,0.0,0.0,0.0,12.6,0.0,0.0,6.0,66.0,0.0,0.0,0.0,0.0,3.15,0.0,0.0,1.5,16.5,0.0,0.0,0.0,3.15
272,Jordan Akins,Cle,TE,W 27-3,0.0,Ten,Home,79.0,09-26-23,3,False,0,67,7,30,1,2.52,0.0,0.0,1.2,13.2,0.0,0.0,0.0,0.0,12.6,0.0,0.0,6.0,66.0,0.0,0.0,0.0,0.0,2.52,0.0,0.0,1.2,13.2,0.0,0.0,0.0,2.52
50,Jordan Akins,Cle,TE,L 3-28,1.6,Bal,Home,50.0,10-03-23,4,False,0,67,7,2,1,2.0800000000000005,0.0,0.0,1.2,8.8,0.0,0.0,0.0,0.0,14.200000000000001,0.0,0.0,7.0,72.0,0.0,0.0,0.0,0.0,2.3666666666666667,0.0,0.0,1.1666666666666667,12.0,0.0,0.0,0.0,2.3666666666666667
1645,Jordan Akins,Cle,TE,W 19-17,0.0,SF,Home,72.0,10-17-23,6,False,0,67,7,27,1,1.0,0.0,0.0,0.6,4.0,0.0,0.0,0.0,0.0,14.200000000000001,0.0,0.0,7.0,72.0,0.0,0.0,0.0,0.0,2.028571428571429,0.0,0.0,1.0,10.285714285714286,0.0,0.0,0.0,2.028571428571429
1560,Jordan Akins,Cle,TE,W 39-38,0.0,Ind,Away,62.0,10-24-23,7,False,0,67,7,13,0,0.5599999999999999,0.0,0.0,0.4,1.6,0.0,0.0,0.0,0.0,14.200000000000001,0.0,0.0,7.0,72.0,0.0,0.0,0.0,0.0,1.7750000000000001,0.0,0.0,0.875,9.0,0.0,0.0,0.0,1.7750000000000001
1446,Jordan Akins,Cle,TE,L 20-24,1.6,Sea,Away,43.5,10-31-23,8,False,0,67,7,28,0,0.64,0.0,0.0,0.4,2.4,0.0,0.0,0.0,0.0,15.8,0.0,0.0,8.0,78.0,0.0,0.0,0.0,0.0,1.7555555555555555,0.0,0.0,0.8888888888888888,8.666666666666666,0.0,0.0,0.0,1.7555555555555555
598,Jordan Akins,Cle,TE,W 27-0,2.1,Ari,Home,39.0,11-07-23,9,False,0,67,7,0,1,1.06,0.0,0.0,0.6,4.6,0.0,0.0,0.0,0.0,17.9,0.0,0.0,9.0,89.0,0.0,0.0,0.0,0.0,1.7899999999999998,0.0,0.0,0.9,8.9,0.0,0.0,0.0,1.7899999999999998
869,Jordan Akins,Cle,TE,W 33-31,1.8,Bal,Away,38.0,11-14-23,10,False,0,67,7,2,0,1.1,0.0,0.0,0.6,5.0,0.0,0.0,0.0,0.0,19.7,0.0,0.0,10.0,97.0,0.0,0.0,0.0,0.0,1.7909090909090908,0.0,0.0,0.9090909090909091,8.818181818181818,0.0,0.0,0.0,1.7909090909090908
448,Jordan Akins,Cle,TE,W 13-10,0.0,Pit,Home,67.0,11-21-23,11,False,0,67,7,26,1,1.1,0.0,0.0,0.6,5.0,0.0,0.0,0.0,0.0,19.7,0.0,0.0,10.0,97.0,0.0,0.0,0.0,0.0,1.6416666666666666,0.0,0.0,0.8333333333333334,8.083333333333334,0.0,0.0,0.0,1.6416666666666666
992,Jordan Akins,Cle,TE,L 12-29,0.0,Den,Away,78.0,11-28-23,12,False,0,67,7,9,0,1.1,0.0,0.0,0.6,5.0,0.0,0.0,0.0,0.0,19.7,0.0,0.0,10.0,97.0,0.0,0.0,0.0,0.0,1.5153846153846153,0.0,0.0,0.7692307692307693,7.461538461538462,0.0,0.0,0.0,1.5153846153846153
516,Jordan Akins,Cle,TE,L 19-36,1.6,LAR,Away,43.0,12-05-23,13,False,0,67,7,17,0,1.1,0.0,0.0,0.6,5.0,0.0,0.0,0.0,0.0,21.3,0.0,0.0,11.0,103.0,0.0,0.0,0.0,0.0,1.5214285714285716,0.0,0.0,0.7857142857142857,7.357142857142857,0.0,0.0,0.0,1.5214285714285716
696,Jordan Akins,Cle,TE,W 31-27,1.3,Jax,Home,50.0,12-12-23,14,False,0,67,7,14,1,0.9400000000000001,0.0,0.0,0.6,3.4,0.0,0.0,0.0,0.0,22.6,0.0,0.0,12.0,106.0,0.0,0.0,0.0,0.0,1.5066666666666668,0.0,0.0,0.8,7.066666666666666,0.0,0.0,0.0,1.5066666666666668
1355,Jordan Akins,Cle,TE,W 20-17,1.8,Chi,Home,53.0,12-19-23,15,False,0,67,7,5,1,0.9400000000000001,0.0,0.0,0.6,3.4,0.0,0.0,0.0,0.0,24.400000000000002,0.0,0.0,13.0,114.0,0.0,0.0,0.0,0.0,1.5250000000000001,0.0,0.0,0.8125,7.125,0.0,0.0,0.0,1.5250000000000001
1057,Jordan Akins,Cle,TE,W 36-22,3.8,Hou,Away,40.0,12-26-23,16,False,0,67,7,12,0,1.7,0.0,0.0,1.0,7.0,0.0,0.0,0.0,0.0,28.2,0.0,0.0,15.0,132.0,0.0,0.0,0.0,0.0,1.6588235294117646,0.0,0.0,0.8823529411764706,7.764705882352941,0.0,0.0,0.0,1.6588235294117646
1156,Josh Oliver,Min,TE,L 10-33,2.7,GB,Home,44.0,01-02-24,17,False,0,68,20,11,1,2.7,0.0,0.0,1.0,17.0,0.0,0.0,0.0,0.0,2.7,0.0,0.0,1.0,17.0,0.0,0.0,0.0,0.0,2.7,0.0,0.0,1.0,17.0,0.0,0.0,0.0,2.7
765,Josh Oliver,Min,TE,L 20-30,5.1,Det,Away,27.0,01-09-24,18,False,0,68,20,10,0,3.9,0.0,0.0,1.5,24.0,0.0,0.0,0.0,0.0,7.8,0.0,0.0,3.0,48.0,0.0,0.0,0.0,0.0,3.9,0.0,0.0,1.5,24.0,0.0,0.0,0.0,3.9
124,Josh Oliver,Min,TE,L 17-20,6.2,TB,Home,23.0,09-12-23,1,False,0,68,20,29,1,4.666666666666667,0.0,0.0,2.0,26.666666666666668,0.0,0.0,0.0,0.0,14.0,0.0,0.0,6.0,80.0,0.0,0.0,0.0,0.0,4.666666666666667,0.0,0.0,2.0,26.666666666666668,0.0,0.0,0.0,4.666666666666667
1250,Josh Oliver,Min,TE,L 28-34,3.3,Phi,Away,44.5,09-19-23,2,False,0,68,20,25,0,4.325,0.0,0.0,2.0,23.25,0.0,0.0,0.0,0.0,17.3,0.0,0.0,8.0,93.0,0.0,0.0,0.0,0.0,4.325,0.0,0.0,2.0,23.25,0.0,0.0,0.0,4.325
217,Josh Oliver,Min,TE,L 24-28,8.4,LAC,Home,17.0,09-26-23,3,False,0,68,20,16,1,5.14,0.0,0.0,2.0,19.4,0.2,0.0,0.0,0.0,25.7,0.0,0.0,10.0,97.0,1.0,0.0,0.0,0.0,5.14,0.0,0.0,2.0,19.4,0.2,0.0,0.0,5.14
65,Josh Oliver,Min,TE,W 21-13,0.0,Car,Away,79.5,10-03-23,4,False,0,68,20,4,0,4.6,0.0,0.0,1.8,16.0,0.2,0.0,0.0,0.0,25.7,0.0,0.0,10.0,97.0,1.0,0.0,0.0,0.0,4.283333333333333,0.0,0.0,1.6666666666666667,16.166666666666668,0.16666666666666666,0.0,0.0,4.283333333333333
352,Josh Oliver,Min,TE,L 20-27,0.5,KC,Home,54.0,10-10-23,5,False,0,68,20,15,1,3.6799999999999997,0.0,0.0,1.6,12.8,0.2,0.0,0.0,0.0,26.2,0.0,0.0,11.0,112.0,1.0,0.0,0.0,0.0,3.742857142857143,0.0,0.0,1.5714285714285714,16.0,0.14285714285714285,0.0,0.0,3.742857142857143
1638,Josh Oliver,Min,TE,W 19-13,0.0,Chi,Away,72.0,10-17-23,6,False,0,68,20,5,0,2.44,0.0,0.0,1.0,6.4,0.2,0.0,0.0,0.0,26.2,0.0,0.0,11.0,112.0,1.0,0.0,0.0,0.0,3.275,0.0,0.0,1.375,14.0,0.125,0.0,0.0,3.275
1528,Josh Oliver,Min,TE,W 22-17,2.6,SF,Home,30.5,10-24-23,7,False,0,68,20,27,1,2.3,0.0,0.0,1.0,5.0,0.2,0.0,0.0,0.0,28.8,0.0,0.0,13.0,118.0,1.0,0.0,0.0,0.0,3.2,0.0,0.0,1.4444444444444444,13.11111111111111,0.1111111111111111,0.0,0.0,3.2
1461,Josh Oliver,Min,TE,W 24-10,0.0,GB,Away,73.0,10-31-23,8,False,0,68,20,11,0,0.62,0.0,0.0,0.6,4.2,0.0,0.0,0.0,0.0,28.8,0.0,0.0,13.0,118.0,1.0,0.0,0.0,0.0,2.88,0.0,0.0,1.3,11.8,0.1,0.0,0.0,2.88
596,Josh Oliver,Min,TE,W 31-28,2.1,Atl,Away,39.0,11-07-23,9,False,0,68,20,1,0,1.04,0.0,0.0,1.0,4.4,0.0,0.0,0.0,0.0,30.9,0.0,0.0,15.0,119.0,1.0,0.0,0.0,0.0,2.809090909090909,0.0,0.0,1.3636363636363635,10.818181818181818,0.09090909090909091,0.0,0.0,2.809090909090909
885,Josh Oliver,Min,TE,W 27-19,0.0,NO,Home,69.5,11-14-23,10,False,0,68,20,22,1,0.9400000000000001,0.0,0.0,0.8,1.4,0.0,0.0,0.0,0.0,30.9,0.0,0.0,15.0,119.0,1.0,0.0,0.0,0.0,2.5749999999999997,0.0,0.0,1.25,9.916666666666666,0.08333333333333333,0.0,0.0,2.5749999999999997
388,Josh Oliver,Min,TE,L 20-21,14.7,Den,Away,3.0,11-21-23,11,False,0,68,20,9,0,3.88,0.0,0.0,1.6,10.8,0.2,0.0,0.0,0.0,45.599999999999994,0.0,0.0,19.0,166.0,2.0,0.0,0.0,0.0,3.507692307692307,0.0,0.0,1.4615384615384615,12.76923076923077,0.15384615384615385,0.0,0.0,3.507692307692307
980,Josh Oliver,Min,TE,L 10-12,0.0,Chi,Home,78.0,11-28-23,12,False,0,68,20,5,1,3.3599999999999994,0.0,0.0,1.2,9.6,0.2,0.0,0.0,0.0,45.599999999999994,0.0,0.0,19.0,166.0,2.0,0.0,0.0,0.0,3.2571428571428567,0.0,0.0,1.3571428571428572,11.857142857142858,0.14285714285714285,0.0,0.0,3.2571428571428567
704,Josh Oliver,Min,TE,W 3-0,0.0,LV,Away,73.0,12-12-23,14,False,0,68,20,18,0,3.3599999999999994,0.0,0.0,1.2,9.6,0.2,0.0,0.0,0.0,45.599999999999994,0.0,0.0,19.0,166.0,2.0,0.0,0.0,0.0,3.0399999999999996,0.0,0.0,1.2666666666666666,11.066666666666666,0.13333333333333333,0.0,0.0,3.0399999999999996
1345,Josh Oliver,Min,TE,L 24-27,3.4,Cin,Away,42.5,12-19-23,15,False,0,68,20,6,0,3.6199999999999997,0.0,0.0,1.2,12.2,0.2,0.0,0.0,0.0,49.0,0.0,0.0,21.0,180.0,2.0,0.0,0.0,0.0,3.0625,0.0,0.0,1.3125,11.25,0.125,0.0,0.0,3.0625
1055,Josh Oliver,Min,TE,L 24-30,4.3,Det,Home,38.0,12-26-23,16,False,0,68,20,10,1,4.4799999999999995,0.0,0.0,1.4,18.8,0.2,0.0,0.0,0.0,53.3,0.0,0.0,22.0,213.0,2.0,0.0,0.0,0.0,3.135294117647059,0.0,0.0,1.2941176470588236,12.529411764705882,0.11764705882352941,0.0,0.0,3.135294117647059
556,Josh Pederson,Jax,TE,L 31-34,0.0,Cin,Home,66.0,12-05-23,13,False,0,69,14,6,1,0.0,0.0,0.0,0.0,0.0,0.0,0.0,0.0,0.0,0.0,0.0,0.0,0.0,0.0,0.0,0.0,0.0,0.0,0.0,0.0,0.0,0.0,0.0,0.0,0.0,0.0,0.0
736,Josh Pederson,Jax,TE,L 27-31,0.0,Cle,Away,73.0,12-12-23,14,False,0,69,14,7,0,0.0,0.0,0.0,0.0,0.0,0.0,0.0,0.0,0.0,0.0,0.0,0.0,0.0,0.0,0.0,0.0,0.0,0.0,0.0,0.0,0.0,0.0,0.0,0.0,0.0,0.0,0.0
1402,Josh Pederson,Jax,TE,L 7-23,0.0,Bal,Home,81.5,12-19-23,15,False,0,69,14,2,1,0.0,0.0,0.0,0.0,0.0,0.0,0.0,0.0,0.0,0.0,0.0,0.0,0.0,0.0,0.0,0.0,0.0,0.0,0.0,0.0,0.0,0.0,0.0,0.0,0.0,0.0,0.0
190,Josh Whyle,Ten,TE,L 15-16,0.0,NO,Away,75.0,09-12-23,1,False,0,70,30,22,0,0.0,0.0,0.0,0.0,0.0,0.0,0.0,0.0,0.0,0.0,0.0,0.0,0.0,0.0,0.0,0.0,0.0,0.0,0.0,0.0,0.0,0.0,0.0,0.0,0.0,0.0,0.0
1294,Josh Whyle,Ten,TE,W 27-24,0.0,LAC,Home,76.0,09-19-23,2,False,0,70,30,16,1,0.0,0.0,0.0,0.0,0.0,0.0,0.0,0.0,0.0,0.0,0.0,0.0,0.0,0.0,0.0,0.0,0.0,0.0,0.0,0.0,0.0,0.0,0.0,0.0,0.0,0.0,0.0
287,Josh Whyle,Ten,TE,L 3-27,0.0,Cle,Away,79.0,09-26-23,3,False,0,70,30,7,0,0.0,0.0,0.0,0.0,0.0,0.0,0.0,0.0,0.0,0.0,0.0,0.0,0.0,0.0,0.0,0.0,0.0,0.0,0.0,0.0,0.0,0.0,0.0,0.0,0.0,0.0,0.0
11,Josh Whyle,Ten,TE,W 27-3,10.6,Cin,Home,11.5,10-03-23,4,False,0,70,30,6,1,2.65,0.0,0.0,0.5,6.5,0.25,0.0,0.0,0.0,10.6,0.0,0.0,2.0,26.0,1.0,0.0,0.0,0.0,2.65,0.0,0.0,0.5,6.5,0.25,0.0,0.0,2.65
349,Josh Whyle,Ten,TE,L 16-23,1.7,Ind,Away,50.5,10-10-23,5,False,0,70,30,13,0,2.46,0.0,0.0,0.6,6.6,0.2,0.0,0.0,0.0,12.299999999999999,0.0,0.0,3.0,33.0,1.0,0.0,0.0,0.0,2.46,0.0,0.0,0.6,6.6,0.2,0.0,0.0,2.46
1616,Josh Whyle,Ten,TE,L 16-24,2.1,Bal,Home,37.0,10-17-23,6,False,0,70,30,2,1,2.88,0.0,0.0,0.8,8.8,0.2,0.0,0.0,0.0,14.399999999999999,0.0,0.0,4.0,44.0,1.0,0.0,0.0,0.0,2.4,0.0,0.0,0.6666666666666666,7.333333333333333,0.16666666666666666,0.0,0.0,2.4
627,Josh Whyle,Ten,TE,L 16-20,0.0,Pit,Away,68.0,11-07-23,9,False,0,70,30,26,0,2.88,0.0,0.0,0.8,8.8,0.2,0.0,0.0,0.0,14.399999999999999,0.0,0.0,4.0,44.0,1.0,0.0,0.0,0.0,2.057142857142857,0.0,0.0,0.5714285714285714,6.285714285714286,0.14285714285714285,0.0,0.0,2.057142857142857
861,Josh Whyle,Ten,TE,L 6-20,3.6,TB,Away,30.0,11-14-23,10,False,0,70,30,29,0,3.6,0.0,0.0,1.2,12.0,0.2,0.0,0.0,0.0,18.0,0.0,0.0,6.0,60.0,1.0,0.0,0.0,0.0,2.25,0.0,0.0,0.75,7.5,0.125,0.0,0.0,2.25
426,Josh Whyle,Ten,TE,L 14-34,1.7,Jax,Away,40.0,11-21-23,11,False,0,70,30,14,0,1.8199999999999998,0.0,0.0,1.0,8.2,0.0,0.0,0.0,0.0,19.7,0.0,0.0,7.0,67.0,1.0,0.0,0.0,0.0,2.1888888888888887,0.0,0.0,0.7777777777777778,7.444444444444445,0.1111111111111111,0.0,0.0,2.1888888888888887
962,Josh Whyle,Ten,TE,W 17-10,2.1,Car,Home,44.0,11-28-23,12,False,0,70,30,4,1,1.9,0.0,0.0,1.0,9.0,0.0,0.0,0.0,0.0,21.8,0.0,0.0,8.0,78.0,1.0,0.0,0.0,0.0,2.18,0.0,0.0,0.8,7.8,0.1,0.0,0.0,2.18
506,Josh Whyle,Ten,TE,L 28-31,2.6,Ind,Home,32.5,12-05-23,13,False,0,70,30,13,1,2.0,0.0,0.0,1.0,10.0,0.0,0.0,0.0,0.0,24.4,0.0,0.0,9.0,94.0,1.0,0.0,0.0,0.0,2.2181818181818183,0.0,0.0,0.8181818181818182,8.545454545454545,0.09090909090909091,0.0,0.0,2.2181818181818183
1184,Josiah Deguara,GB,TE,W 33-10,0.0,Min,Away,76.0,01-02-24,17,False,0,71,11,20,0,0.0,0.0,0.0,0.0,0.0,0.0,0.0,0.0,0.0,0.0,0.0,0.0,0.0,0.0,0.0,0.0,0.0,0.0,0.0,0.0,0.0,0.0,0.0,0.0,0.0,0.0,0.0
809,Josiah Deguara,GB,TE,W 17-9,0.0,Chi,Home,76.5,01-09-24,18,False,0,71,11,5,1,0.0,0.0,0.0,0.0,0.0,0.0,0.0,0.0,0.0,0.0,0.0,0.0,0.0,0.0,0.0,0.0,0.0,0.0,0.0,0.0,0.0,0.0,0.0,0.0,0.0,0.0,0.0
169,Josiah Deguara,GB,TE,W 38-20,0.0,Chi,Away,75.0,09-12-23,1,False,0,71,11,5,0,0.0,0.0,0.0,0.0,0.0,0.0,0.0,0.0,0.0,0.0,0.0,0.0,0.0,0.0,0.0,0.0,0.0,0.0,0.0,0.0,0.0,0.0,0.0,0.0,0.0,0.0,0.0
1253,Josiah Deguara,GB,TE,L 24-25,2.5,Atl,Away,47.5,09-19-23,2,False,0,71,11,1,0,0.625,0.0,0.0,0.5,1.25,0.0,0.0,0.0,0.0,2.5,0.0,0.0,2.0,5.0,0.0,0.0,0.0,0.0,0.625,0.0,0.0,0.5,1.25,0.0,0.0,0.0,0.625
270,Josiah Deguara,GB,TE,W 18-17,0.0,NO,Home,79.0,09-26-23,3,False,0,71,11,22,1,0.5,0.0,0.0,0.4,1.0,0.0,0.0,0.0,0.0,2.5,0.0,0.0,2.0,5.0,0.0,0.0,0.0,0.0,0.5,0.0,0.0,0.4,1.0,0.0,0.0,0.0,0.5
20,Josiah Deguara,GB,TE,L 20-34,7.4,Det,Home,21.0,10-03-23,4,False,0,71,11,10,1,1.98,0.0,0.0,1.2,7.8,0.0,0.0,0.0,0.0,9.9,0.0,0.0,6.0,39.0,0.0,0.0,0.0,0.0,1.6500000000000001,0.0,0.0,1.0,6.5,0.0,0.0,0.0,1.6500000000000001
342,Josiah Deguara,GB,TE,L 13-17,2.9,LV,Away,44.0,10-10-23,5,False,0,71,11,18,0,2.56,0.0,0.0,1.4,11.6,0.0,0.0,0.0,0.0,12.8,0.0,0.0,7.0,58.0,0.0,0.0,0.0,0.0,1.8285714285714287,0.0,0.0,1.0,8.285714285714286,0.0,0.0,0.0,1.8285714285714287
1558,Josiah Deguara,GB,TE,L 17-19,0.0,Den,Away,62.0,10-24-23,7,False,0,71,11,9,0,2.56,0.0,0.0,1.4,11.6,0.0,0.0,0.0,0.0,12.8,0.0,0.0,7.0,58.0,0.0,0.0,0.0,0.0,1.6,0.0,0.0,0.875,7.25,0.0,0.0,0.0,1.6
1471,Josiah Deguara,GB,TE,L 10-24,0.0,Min,Home,73.0,10-31-23,8,False,0,71,11,20,1,2.06,0.0,0.0,1.0,10.6,0.0,0.0,0.0,0.0,12.8,0.0,0.0,7.0,58.0,0.0,0.0,0.0,0.0,1.4222222222222223,0.0,0.0,0.7777777777777778,6.444444444444445,0.0,0.0,0.0,1.4222222222222223
602,Josiah Deguara,GB,TE,W 20-3,1.7,LAR,Home,43.0,11-07-23,9,False,0,71,11,17,1,2.4,0.0,0.0,1.2,12.0,0.0,0.0,0.0,0.0,14.5,0.0,0.0,8.0,65.0,0.0,0.0,0.0,0.0,1.45,0.0,0.0,0.8,6.5,0.0,0.0,0.0,1.45
891,Josiah Deguara,GB,TE,L 19-23,0.0,Pit,Away,69.5,11-14-23,10,False,0,71,11,26,0,0.9199999999999999,0.0,0.0,0.4,5.2,0.0,0.0,0.0,0.0,14.5,0.0,0.0,8.0,65.0,0.0,0.0,0.0,0.0,1.3181818181818181,0.0,0.0,0.7272727272727273,5.909090909090909,0.0,0.0,0.0,1.3181818181818181
446,Josiah Deguara,GB,TE,W 23-20,0.0,LAC,Home,67.0,11-21-23,11,False,0,71,11,16,1,0.33999999999999997,0.0,0.0,0.2,1.4,0.0,0.0,0.0,0.0,14.5,0.0,0.0,8.0,65.0,0.0,0.0,0.0,0.0,1.2083333333333333,0.0,0.0,0.6666666666666666,5.416666666666667,0.0,0.0,0.0,1.2083333333333333
713,Josiah Deguara,GB,TE,L 22-24,0.0,NYG,Away,73.0,12-12-23,14,False,0,71,11,23,0,0.33999999999999997,0.0,0.0,0.2,1.4,0.0,0.0,0.0,0.0,14.5,0.0,0.0,8.0,65.0,0.0,0.0,0.0,0.0,1.1153846153846154,0.0,0.0,0.6153846153846154,5.0,0.0,0.0,0.0,1.1153846153846154
1379,Josiah Deguara,GB,TE,L 20-34,0.0,TB,Home,81.5,12-19-23,15,False,0,71,11,29,1,0.33999999999999997,0.0,0.0,0.2,1.4,0.0,0.0,0.0,0.0,14.5,0.0,0.0,8.0,65.0,0.0,0.0,0.0,0.0,1.0357142857142858,0.0,0.0,0.5714285714285714,4.642857142857143,0.0,0.0,0.0,1.0357142857142858
1090,Josiah Deguara,GB,TE,W 33-30,0.0,Car,Away,78.0,12-26-23,16,False,0,71,11,4,0,0.0,0.0,0.0,0.0,0.0,0.0,0.0,0.0,0.0,14.5,0.0,0.0,8.0,65.0,0.0,0.0,0.0,0.0,0.9666666666666667,0.0,0.0,0.5333333333333333,4.333333333333333,0.0,0.0,0.0,0.9666666666666667
1161,Julian Hill,Mia,TE,L 19-56,1.9,Bal,Away,48.5,01-02-24,17,False,0,72,19,2,0,1.9,0.0,0.0,1.0,9.0,0.0,0.0,0.0,0.0,1.9,0.0,0.0,1.0,9.0,0.0,0.0,0.0,0.0,1.9,0.0,0.0,1.0,9.0,0.0,0.0,0.0,1.9
796,Julian Hill,Mia,TE,L 14-21,1.2,Buf,Home,58.0,01-09-24,18,False,0,72,19,3,1,1.5499999999999998,0.0,0.0,1.0,5.5,0.0,0.0,0.0,0.0,3.0999999999999996,0.0,0.0,2.0,11.0,0.0,0.0,0.0,0.0,1.5499999999999998,0.0,0.0,1.0,5.5,0.0,0.0,0.0,1.5499999999999998
281,Julian Hill,Mia,TE,W 70-20,0.0,Den,Home,79.0,09-26-23,3,False,0,72,19,9,1,1.0333333333333332,0.0,0.0,0.6666666666666666,3.6666666666666665,0.0,0.0,0.0,0.0,3.0999999999999996,0.0,0.0,2.0,11.0,0.0,0.0,0.0,0.0,1.0333333333333332,0.0,0.0,0.6666666666666666,3.6666666666666665,0.0,0.0,0.0,1.0333333333333332
82,Julian Hill,Mia,TE,L 20-48,0.0,Buf,Away,79.5,10-03-23,4,False,0,72,19,3,0,0.7749999999999999,0.0,0.0,0.5,2.75,0.0,0.0,0.0,0.0,3.0999999999999996,0.0,0.0,2.0,11.0,0.0,0.0,0.0,0.0,0.7749999999999999,0.0,0.0,0.5,2.75,0.0,0.0,0.0,0.7749999999999999
372,Julian Hill,Mia,TE,W 31-16,0.0,NYG,Home,71.0,10-10-23,5,False,0,72,19,23,1,0.6199999999999999,0.0,0.0,0.4,2.2,0.0,0.0,0.0,0.0,3.0999999999999996,0.0,0.0,2.0,11.0,0.0,0.0,0.0,0.0,0.6199999999999999,0.0,0.0,0.4,2.2,0.0,0.0,0.0,0.6199999999999999
1652,Julian Hill,Mia,TE,W 42-21,0.0,Car,Home,72.0,10-17-23,6,False,0,72,19,4,1,0.24,0.0,0.0,0.2,0.4,0.0,0.0,0.0,0.0,3.0999999999999996,0.0,0.0,2.0,11.0,0.0,0.0,0.0,0.0,0.5166666666666666,0.0,0.0,0.3333333333333333,1.8333333333333333,0.0,0.0,0.0,0.5166666666666666
1562,Julian Hill,Mia,TE,L 17-31,0.0,Phi,Away,62.0,10-24-23,7,False,0,72,19,25,0,0.0,0.0,0.0,0.0,0.0,0.0,0.0,0.0,0.0,3.0999999999999996,0.0,0.0,2.0,11.0,0.0,0.0,0.0,0.0,0.4428571428571428,0.0,0.0,0.2857142857142857,1.5714285714285714,0.0,0.0,0.0,0.4428571428571428
1452,Julian Hill,Mia,TE,W 31-17,1.4,NE,Home,48.5,10-31-23,8,False,0,72,19,21,1,0.27999999999999997,0.0,0.0,0.2,0.8,0.0,0.0,0.0,0.0,4.5,0.0,0.0,3.0,15.0,0.0,0.0,0.0,0.0,0.5625,0.0,0.0,0.375,1.875,0.0,0.0,0.0,0.5625
623,Julian Hill,Mia,TE,L 14-21,0.0,KC,Away,68.0,11-07-23,9,False,0,72,19,15,0,0.27999999999999997,0.0,0.0,0.2,0.8,0.0,0.0,0.0,0.0,4.5,0.0,0.0,3.0,15.0,0.0,0.0,0.0,0.0,0.5,0.0,0.0,0.3333333333333333,1.6666666666666667,0.0,0.0,0.0,0.5
449,Julian Hill,Mia,TE,W 20-13,0.0,LV,Home,67.0,11-21-23,11,False,0,72,19,18,1,0.27999999999999997,0.0,0.0,0.4,2.8,0.0,0.0,0.0,0.0,4.5,0.0,0.0,4.0,25.0,0.0,0.0,0.0,0.0,0.45,0.0,0.0,0.4,2.5,0.0,0.0,0.0,0.45
993,Julian Hill,Mia,TE,W 34-13,0.0,NYJ,Away,78.0,11-28-23,12,False,0,72,19,24,0,0.27999999999999997,0.0,0.0,0.4,2.8,0.0,0.0,0.0,0.0,4.5,0.0,0.0,4.0,25.0,0.0,0.0,0.0,0.0,0.4090909090909091,0.0,0.0,0.36363636363636365,2.272727272727273,0.0,0.0,0.0,0.4090909090909091
498,Julian Hill,Mia,TE,W 45-15,4.3,Wsh,Away,25.0,12-05-23,13,False,0,72,19,31,0,1.14,0.0,0.0,0.8,7.4,0.0,0.0,0.0,0.0,8.8,0.0,0.0,6.0,48.0,0.0,0.0,0.0,0.0,0.7333333333333334,0.0,0.0,0.5,4.0,0.0,0.0,0.0,0.7333333333333334
715,Julian Hill,Mia,TE,L 27-28,0.0,Ten,Home,73.0,12-12-23,14,False,0,72,19,30,1,0.86,0.0,0.0,0.6,6.6,0.0,0.0,0.0,0.0,8.8,0.0,0.0,6.0,48.0,0.0,0.0,0.0,0.0,0.676923076923077,0.0,0.0,0.46153846153846156,3.6923076923076925,0.0,0.0,0.0,0.676923076923077
1381,Julian Hill,Mia,TE,W 30-0,0.0,NYJ,Home,81.5,12-19-23,15,False,0,72,19,24,1,0.8600000000000001,0.0,0.0,0.6,6.6,0.0,0.0,0.0,0.0,8.8,0.0,0.0,6.0,48.0,0.0,0.0,0.0,0.0,0.6285714285714287,0.0,0.0,0.42857142857142855,3.4285714285714284,0.0,0.0,0.0,0.6285714285714287
1091,Julian Hill,Mia,TE,W 22-20,0.0,Dal,Home,78.0,12-26-23,16,False,0,72,19,8,1,0.8600000000000001,0.0,0.0,0.4,4.6,0.0,0.0,0.0,0.0,8.8,0.0,0.0,6.0,48.0,0.0,0.0,0.0,0.0,0.5866666666666667,0.0,0.0,0.4,3.2,0.0,0.0,0.0,0.5866666666666667
1113,Juwan Johnson,NO,TE,W 23-13,23.0,TB,Away,1.0,01-02-24,17,False,0,73,22,29,0,23.0,0.0,0.0,8.0,90.0,1.0,0.0,0.0,0.0,23.0,0.0,0.0,8.0,90.0,1.0,0.0,0.0,0.0,23.0,0.0,0.0,8.0,90.0,1.0,0.0,0.0,23.0
755,Juwan Johnson,NO,TE,W 48-17,7.0,Atl,Home,17.0,01-09-24,18,False,0,73,22,1,1,15.0,0.0,0.0,5.5,65.0,0.5,0.0,0.0,0.0,30.0,0.0,0.0,11.0,130.0,1.0,0.0,0.0,0.0,15.0,0.0,0.0,5.5,65.0,0.5,0.0,0.0,15.0
121,Juwan Johnson,NO,TE,W 16-15,6.6,Ten,Home,19.5,09-12-23,1,False,0,73,22,30,1,12.200000000000001,0.0,0.0,4.666666666666667,55.333333333333336,0.3333333333333333,0.0,0.0,0.0,36.6,0.0,0.0,14.0,166.0,1.0,0.0,0.0,0.0,12.200000000000001,0.0,0.0,4.666666666666667,55.333333333333336,0.3333333333333333,0.0,0.0,12.200000000000001
1249,Juwan Johnson,NO,TE,W 20-17,3.3,Car,Away,44.5,09-19-23,2,False,0,73,22,4,0,9.975,0.0,0.0,4.0,44.75,0.25,0.0,0.0,0.0,39.9,0.0,0.0,16.0,179.0,1.0,0.0,0.0,0.0,9.975,0.0,0.0,4.0,44.75,0.25,0.0,0.0,9.975
230,Juwan Johnson,NO,TE,L 17-18,3.2,GB,Away,30.5,09-26-23,3,False,0,73,22,11,0,8.620000000000001,0.0,0.0,3.6,38.2,0.2,0.0,0.0,0.0,43.1,0.0,0.0,18.0,191.0,1.0,0.0,0.0,0.0,8.620000000000001,0.0,0.0,3.6,38.2,0.2,0.0,0.0,8.620000000000001
1448,Juwan Johnson,NO,TE,W 38-27,1.5,Ind,Away,46.0,10-31-23,8,False,0,73,22,13,0,4.32,0.0,0.0,2.2,21.2,0.0,0.0,0.0,0.0,44.6,0.0,0.0,19.0,196.0,1.0,0.0,0.0,0.0,7.433333333333334,0.0,0.0,3.1666666666666665,32.666666666666664,0.16666666666666666,0.0,0.0,7.433333333333334
570,Juwan Johnson,NO,TE,W 24-17,13.9,Chi,Home,11.0,11-07-23,9,False,0,73,22,5,1,5.7,0.0,0.0,2.6,19.0,0.2,0.0,0.0,0.0,58.5,0.0,0.0,24.0,225.0,2.0,0.0,0.0,0.0,8.357142857142858,0.0,0.0,3.4285714285714284,32.142857142857146,0.2857142857142857,0.0,0.0,8.357142857142858
881,Juwan Johnson,NO,TE,L 19-27,1.2,Min,Away,50.0,11-14-23,10,False,0,73,22,20,0,4.619999999999999,0.0,0.0,2.2,12.2,0.2,0.0,0.0,0.0,59.7,0.0,0.0,25.0,227.0,2.0,0.0,0.0,0.0,7.4625,0.0,0.0,3.125,28.375,0.25,0.0,0.0,7.4625
932,Juwan Johnson,NO,TE,L 15-24,8.5,Atl,Away,14.5,11-28-23,12,False,0,73,22,1,0,5.66,0.0,0.0,2.6,18.6,0.2,0.0,0.0,0.0,68.2,0.0,0.0,29.0,272.0,2.0,0.0,0.0,0.0,7.577777777777778,0.0,0.0,3.2222222222222223,30.22222222222222,0.2222222222222222,0.0,0.0,7.577777777777778
521,Juwan Johnson,NO,TE,L 28-33,0.0,Det,Home,66.0,12-05-23,13,False,0,73,22,10,1,5.0200000000000005,0.0,0.0,2.2,16.2,0.2,0.0,0.0,0.0,68.2,0.0,0.0,29.0,272.0,2.0,0.0,0.0,0.0,6.82,0.0,0.0,2.9,27.2,0.2,0.0,0.0,6.82
684,Juwan Johnson,NO,TE,W 28-6,3.0,Car,Home,38.0,12-12-23,14,False,0,73,22,4,1,5.32,0.0,0.0,2.4,17.2,0.2,0.0,0.0,0.0,71.2,0.0,0.0,31.0,282.0,2.0,0.0,0.0,0.0,6.472727272727273,0.0,0.0,2.8181818181818183,25.636363636363637,0.18181818181818182,0.0,0.0,6.472727272727273
1313,Juwan Johnson,NO,TE,W 24-6,11.8,NYG,Home,11.0,12-19-23,15,False,0,73,22,23,1,4.9,0.0,0.0,1.8,19.0,0.2,0.0,0.0,0.0,83.0,0.0,0.0,33.0,320.0,3.0,0.0,0.0,0.0,6.916666666666667,0.0,0.0,2.75,26.666666666666668,0.25,0.0,0.0,6.916666666666667
1022,Juwan Johnson,NO,TE,L 22-30,14.8,LAR,Away,5.0,12-26-23,16,False,0,73,22,17,0,7.62,0.0,0.0,2.4,28.2,0.4,0.0,0.0,0.0,97.8,0.0,0.0,37.0,368.0,4.0,0.0,0.0,0.0,7.523076923076923,0.0,0.0,2.8461538461538463,28.307692307692307,0.3076923076923077,0.0,0.0,7.523076923076923
1144,Kenny Yeboah,NYJ,TE,L 20-37,4.8,Cle,Away,32.0,01-02-24,17,False,0,74,24,7,0,4.8,0.0,0.0,2.0,28.0,0.0,0.0,0.0,0.0,4.8,0.0,0.0,2.0,28.0,0.0,0.0,0.0,0.0,4.8,0.0,0.0,2.0,28.0,0.0,0.0,0.0,4.8
824,Kenny Yeboah,NYJ,TE,W 17-3,0.0,NE,Away,76.5,01-09-24,18,False,0,74,24,21,0,2.4,0.0,0.0,1.0,14.0,0.0,0.0,0.0,0.0,4.8,0.0,0.0,2.0,28.0,0.0,0.0,0.0,0.0,2.4,0.0,0.0,1.0,14.0,0.0,0.0,0.0,2.4
730,Kenny Yeboah,NYJ,TE,W 30-6,0.0,Hou,Home,73.0,12-12-23,14,False,0,74,24,12,1,1.5999999999999999,0.0,0.0,0.6666666666666666,9.333333333333334,0.0,0.0,0.0,0.0,4.8,0.0,0.0,2.0,28.0,0.0,0.0,0.0,0.0,1.5999999999999999,0.0,0.0,0.6666666666666666,9.333333333333334,0.0,0.0,0.0,1.5999999999999999
1395,Kenny Yeboah,NYJ,TE,L 0-30,0.0,Mia,Away,81.5,12-19-23,15,False,0,74,24,19,0,1.2,0.0,0.0,0.5,7.0,0.0,0.0,0.0,0.0,4.8,0.0,0.0,2.0,28.0,0.0,0.0,0.0,0.0,1.2,0.0,0.0,0.5,7.0,0.0,0.0,0.0,1.2
1104,Kenny Yeboah,NYJ,TE,W 30-28,0.0,Wsh,Home,78.0,12-26-23,16,False,0,74,24,31,1,0.96,0.0,0.0,0.4,5.6,0.0,0.0,0.0,0.0,4.8,0.0,0.0,2.0,28.0,0.0,0.0,0.0,0.0,0.96,0.0,0.0,0.4,5.6,0.0,0.0,0.0,0.96
1167,Kevin Rader,Ten,TE,L 3-26,1.6,Hou,Away,53.0,01-02-24,17,False,0,75,30,12,0,1.6,0.0,0.0,1.0,6.0,0.0,0.0,0.0,0.0,1.6,0.0,0.0,1.0,6.0,0.0,0.0,0.0,0.0,1.6,0.0,0.0,1.0,6.0,0.0,0.0,0.0,1.6
827,Kevin Rader,Ten,TE,W 28-20,0.0,Jax,Home,76.5,01-09-24,18,False,0,75,30,14,1,0.8,0.0,0.0,0.5,3.0,0.0,0.0,0.0,0.0,1.6,0.0,0.0,1.0,6.0,0.0,0.0,0.0,0.0,0.8,0.0,0.0,0.5,3.0,0.0,0.0,0.0,0.8
100,Kevin Rader,Ten,TE,W 27-3,0.0,Cin,Home,79.5,10-03-23,4,False,0,75,30,6,1,0.5333333333333333,0.0,0.0,0.3333333333333333,2.0,0.0,0.0,0.0,0.0,1.6,0.0,0.0,1.0,6.0,0.0,0.0,0.0,0.0,0.5333333333333333,0.0,0.0,0.3333333333333333,2.0,0.0,0.0,0.0,0.5333333333333333
383,Kevin Rader,Ten,TE,L 16-23,0.0,Ind,Away,71.0,10-10-23,5,False,0,75,30,13,0,0.4,0.0,0.0,0.25,1.5,0.0,0.0,0.0,0.0,1.6,0.0,0.0,1.0,6.0,0.0,0.0,0.0,0.0,0.4,0.0,0.0,0.25,1.5,0.0,0.0,0.0,0.4
1670,Kevin Rader,Ten,TE,L 16-24,0.0,Bal,Home,72.0,10-17-23,6,False,0,75,30,2,1,0.32,0.0,0.0,0.2,1.2,0.0,0.0,0.0,0.0,1.6,0.0,0.0,1.0,6.0,0.0,0.0,0.0,0.0,0.32,0.0,0.0,0.2,1.2,0.0,0.0,0.0,0.32
1498,Kevin Rader,Ten,TE,W 28-23,0.0,Atl,Home,73.0,10-31-23,8,False,0,75,30,1,1,0.0,0.0,0.0,0.0,0.0,0.0,0.0,0.0,0.0,1.6,0.0,0.0,1.0,6.0,0.0,0.0,0.0,0.0,0.26666666666666666,0.0,0.0,0.16666666666666666,1.0,0.0,0.0,0.0,0.26666666666666666
644,Kevin Rader,Ten,TE,L 16-20,0.0,Pit,Away,68.0,11-07-23,9,False,0,75,30,26,0,0.0,0.0,0.0,0.0,0.0,0.0,0.0,0.0,0.0,1.6,0.0,0.0,1.0,6.0,0.0,0.0,0.0,0.0,0.2285714285714286,0.0,0.0,0.14285714285714285,0.8571428571428571,0.0,0.0,0.0,0.2285714285714286
916,Kevin Rader,Ten,TE,L 6-20,0.0,TB,Away,69.5,11-14-23,10,False,0,75,30,29,0,0.0,0.0,0.0,0.0,0.0,0.0,0.0,0.0,0.0,1.6,0.0,0.0,1.0,6.0,0.0,0.0,0.0,0.0,0.2,0.0,0.0,0.125,0.75,0.0,0.0,0.0,0.2
472,Kevin Rader,Ten,TE,L 14-34,0.0,Jax,Away,67.0,11-21-23,11,False,0,75,30,14,0,0.0,0.0,0.0,0.0,0.0,0.0,0.0,0.0,0.0,1.6,0.0,0.0,1.0,6.0,0.0,0.0,0.0,0.0,0.17777777777777778,0.0,0.0,0.1111111111111111,0.6666666666666666,0.0,0.0,0.0,0.17777777777777778
1015,Kevin Rader,Ten,TE,W 17-10,0.0,Car,Home,78.0,11-28-23,12,False,0,75,30,4,1,0.0,0.0,0.0,0.0,0.0,0.0,0.0,0.0,0.0,1.6,0.0,0.0,1.0,6.0,0.0,0.0,0.0,0.0,0.16,0.0,0.0,0.1,0.6,0.0,0.0,0.0,0.16
552,Kevin Rader,Ten,TE,L 28-31,0.0,Ind,Home,66.0,12-05-23,13,False,0,75,30,13,1,0.0,0.0,0.0,0.0,0.0,0.0,0.0,0.0,0.0,1.6,0.0,0.0,1.0,6.0,0.0,0.0,0.0,0.0,0.14545454545454548,0.0,0.0,0.09090909090909091,0.5454545454545454,0.0,0.0,0.0,0.14545454545454548
733,Kevin Rader,Ten,TE,W 28-27,0.0,Mia,Away,73.0,12-12-23,14,False,0,75,30,19,0,0.0,0.0,0.0,0.0,0.0,0.0,0.0,0.0,0.0,1.6,0.0,0.0,1.0,6.0,0.0,0.0,0.0,0.0,0.13333333333333333,0.0,0.0,0.08333333333333333,0.5,0.0,0.0,0.0,0.13333333333333333
1399,Kevin Rader,Ten,TE,L 16-19,0.0,Hou,Home,81.5,12-19-23,15,False,0,75,30,12,1,0.0,0.0,0.0,0.0,0.0,0.0,0.0,0.0,0.0,1.6,0.0,0.0,1.0,6.0,0.0,0.0,0.0,0.0,0.12307692307692308,0.0,0.0,0.07692307692307693,0.46153846153846156,0.0,0.0,0.0,0.12307692307692308
1108,Kevin Rader,Ten,TE,L 17-20,0.0,Sea,Home,78.0,12-26-23,16,False,0,75,30,28,1,0.0,0.0,0.0,0.0,0.0,0.0,0.0,0.0,0.0,1.6,0.0,0.0,1.0,6.0,0.0,0.0,0.0,0.0,0.1142857142857143,0.0,0.0,0.07142857142857142,0.42857142857142855,0.0,0.0,0.0,0.1142857142857143
818,Ko Kieft,TB,TE,W 9-0,0.0,Car,Away,76.5,01-09-24,18,False,0,76,29,4,0,0.0,0.0,0.0,0.0,0.0,0.0,0.0,0.0,0.0,0.0,0.0,0.0,0.0,0.0,0.0,0.0,0.0,0.0,0.0,0.0,0.0,0.0,0.0,0.0,0.0,0.0,0.0
181,Ko Kieft,TB,TE,W 20-17,0.0,Min,Away,75.0,09-12-23,1,False,0,76,29,20,0,0.0,0.0,0.0,0.0,0.0,0.0,0.0,0.0,0.0,0.0,0.0,0.0,0.0,0.0,0.0,0.0,0.0,0.0,0.0,0.0,0.0,0.0,0.0,0.0,0.0,0.0,0.0
1287,Ko Kieft,TB,TE,W 27-17,0.0,Chi,Home,76.0,09-19-23,2,False,0,76,29,5,1,0.0,0.0,0.0,0.0,0.0,0.0,0.0,0.0,0.0,0.0,0.0,0.0,0.0,0.0,0.0,0.0,0.0,0.0,0.0,0.0,0.0,0.0,0.0,0.0,0.0,0.0,0.0
279,Ko Kieft,TB,TE,L 11-25,0.0,Phi,Home,79.0,09-26-23,3,False,0,76,29,25,1,0.0,0.0,0.0,0.0,0.0,0.0,0.0,0.0,0.0,0.0,0.0,0.0,0.0,0.0,0.0,0.0,0.0,0.0,0.0,0.0,0.0,0.0,0.0,0.0,0.0,0.0,0.0
79,Ko Kieft,TB,TE,W 26-9,0.0,NO,Away,79.5,10-03-23,4,False,0,76,29,22,0,0.0,0.0,0.0,0.0,0.0,0.0,0.0,0.0,0.0,0.0,0.0,0.0,0.0,0.0,0.0,0.0,0.0,0.0,0.0,0.0,0.0,0.0,0.0,0.0,0.0,0.0,0.0
1650,Ko Kieft,TB,TE,L 6-20,0.0,Det,Home,72.0,10-17-23,6,False,0,76,29,10,1,0.0,0.0,0.0,0.0,0.0,0.0,0.0,0.0,0.0,0.0,0.0,0.0,0.0,0.0,0.0,0.0,0.0,0.0,0.0,0.0,0.0,0.0,0.0,0.0,0.0,0.0,0.0
1563,Ko Kieft,TB,TE,L 13-16,0.0,Atl,Home,62.0,10-24-23,7,False,0,76,29,1,1,0.0,0.0,0.0,0.0,0.0,0.0,0.0,0.0,0.0,0.0,0.0,0.0,0.0,0.0,0.0,0.0,0.0,0.0,0.0,0.0,0.0,0.0,0.0,0.0,0.0,0.0,0.0
1478,Ko Kieft,TB,TE,L 18-24,0.0,Buf,Away,73.0,10-31-23,8,False,0,76,29,3,0,0.0,0.0,0.0,0.0,0.0,0.0,0.0,0.0,0.0,0.0,0.0,0.0,0.0,0.0,0.0,0.0,0.0,0.0,0.0,0.0,0.0,0.0,0.0,0.0,0.0,0.0,0.0
625,Ko Kieft,TB,TE,L 37-39,0.0,Hou,Away,68.0,11-07-23,9,False,0,76,29,12,0,0.0,0.0,0.0,0.0,0.0,0.0,0.0,0.0,0.0,0.0,0.0,0.0,0.0,0.0,0.0,0.0,0.0,0.0,0.0,0.0,0.0,0.0,0.0,0.0,0.0,0.0,0.0
897,Ko Kieft,TB,TE,W 20-6,0.0,Ten,Home,69.5,11-14-23,10,False,0,76,29,30,1,0.0,0.0,0.0,0.0,0.0,0.0,0.0,0.0,0.0,0.0,0.0,0.0,0.0,0.0,0.0,0.0,0.0,0.0,0.0,0.0,0.0,0.0,0.0,0.0,0.0,0.0,0.0
456,Ko Kieft,TB,TE,L 14-27,0.0,SF,Away,67.0,11-21-23,11,False,0,76,29,27,0,0.0,0.0,0.0,0.0,0.0,0.0,0.0,0.0,0.0,0.0,0.0,0.0,0.0,0.0,0.0,0.0,0.0,0.0,0.0,0.0,0.0,0.0,0.0,0.0,0.0,0.0,0.0
999,Ko Kieft,TB,TE,L 20-27,0.0,Ind,Away,78.0,11-28-23,12,False,0,76,29,13,0,0.0,0.0,0.0,0.0,0.0,0.0,0.0,0.0,0.0,0.0,0.0,0.0,0.0,0.0,0.0,0.0,0.0,0.0,0.0,0.0,0.0,0.0,0.0,0.0,0.0,0.0,0.0
545,Ko Kieft,TB,TE,W 21-18,0.0,Car,Home,66.0,12-05-23,13,False,0,76,29,4,1,0.0,0.0,0.0,0.0,0.0,0.0,0.0,0.0,0.0,0.0,0.0,0.0,0.0,0.0,0.0,0.0,0.0,0.0,0.0,0.0,0.0,0.0,0.0,0.0,0.0,0.0,0.0
722,Ko Kieft,TB,TE,W 29-25,0.0,Atl,Away,73.0,12-12-23,14,False,0,76,29,1,0,0.0,0.0,0.0,0.0,0.0,0.0,0.0,0.0,0.0,0.0,0.0,0.0,0.0,0.0,0.0,0.0,0.0,0.0,0.0,0.0,0.0,0.0,0.0,0.0,0.0,0.0,0.0
1326,Ko Kieft,TB,TE,W 34-20,7.2,GB,Away,23.5,12-19-23,15,False,0,76,29,11,0,1.44,0.0,0.0,0.2,0.4,0.2,0.0,0.0,0.0,7.2,0.0,0.0,1.0,2.0,1.0,0.0,0.0,0.0,0.48000000000000004,0.0,0.0,0.06666666666666667,0.13333333333333333,0.06666666666666667,0.0,0.0,0.48000000000000004
1100,Ko Kieft,TB,TE,W 30-12,0.0,Jax,Home,78.0,12-26-23,16,False,0,76,29,14,1,1.44,0.0,0.0,0.2,0.4,0.2,0.0,0.0,0.0,7.2,0.0,0.0,1.0,2.0,1.0,0.0,0.0,0.0,0.45,0.0,0.0,0.0625,0.125,0.0625,0.0,0.0,0.45
1168,Kyle Pitts,Atl,TE,L 17-37,1.5,Chi,Away,56.0,01-02-24,17,False,0,77,1,5,0,1.5,0.0,0.0,1.0,5.0,0.0,0.0,0.0,0.0,1.5,0.0,0.0,1.0,5.0,0.0,0.0,0.0,0.0,1.5,0.0,0.0,1.0,5.0,0.0,0.0,0.0,1.5
767,Kyle Pitts,Atl,TE,L 17-48,4.7,NO,Away,29.0,01-09-24,18,False,0,77,1,22,0,3.1,0.0,0.0,1.5,16.0,0.0,0.0,0.0,0.0,6.2,0.0,0.0,3.0,32.0,0.0,0.0,0.0,0.0,3.1,0.0,0.0,1.5,16.0,0.0,0.0,0.0,3.1
123,Kyle Pitts,Atl,TE,W 24-10,6.4,Car,Home,22.0,09-12-23,1,False,0,77,1,4,1,4.2,0.0,0.0,1.6666666666666667,25.333333333333332,0.0,0.0,0.0,0.0,12.600000000000001,0.0,0.0,5.0,76.0,0.0,0.0,0.0,0.0,4.2,0.0,0.0,1.6666666666666667,25.333333333333332,0.0,0.0,0.0,4.2
1247,Kyle Pitts,Atl,TE,W 25-24,3.5,GB,Home,42.0,09-19-23,2,False,0,77,1,11,1,4.025,0.0,0.0,1.75,22.75,0.0,0.0,0.0,0.0,16.1,0.0,0.0,7.0,91.0,0.0,0.0,0.0,0.0,4.025,0.0,0.0,1.75,22.75,0.0,0.0,0.0,4.025
215,Kyle Pitts,Atl,TE,L 6-20,8.7,Det,Away,15.5,09-26-23,3,False,0,77,1,10,0,4.96,0.0,0.0,2.4,26.4,0.0,0.2,-0.8,0.0,24.8,0.0,0.0,12.0,132.0,0.0,1.0,-4.0,0.0,4.96,0.0,0.0,2.4,26.4,0.0,0.2,-0.8,4.96
30,Kyle Pitts,Atl,TE,L 7-23,4.1,Jax,Away,31.0,10-03-23,4,False,0,77,1,14,0,5.4799999999999995,0.0,0.0,2.6,29.6,0.0,0.2,-0.8,0.0,28.9,0.0,0.0,14.0,153.0,0.0,1.0,-4.0,0.0,4.816666666666666,0.0,0.0,2.3333333333333335,25.5,0.0,0.16666666666666666,-0.6666666666666666,4.816666666666666
306,Kyle Pitts,Atl,TE,W 21-19,15.7,Hou,Home,8.0,10-10-23,5,False,0,77,1,12,1,7.68,0.0,0.0,3.6,41.6,0.0,0.2,-0.8,0.0,44.6,0.0,0.0,21.0,240.0,0.0,1.0,-4.0,0.0,6.371428571428572,0.0,0.0,3.0,34.285714285714285,0.0,0.14285714285714285,-0.5714285714285714,6.371428571428572
1581,Kyle Pitts,Atl,TE,L 16-24,14.3,Wsh,Home,3.0,10-17-23,6,False,0,77,1,31,1,9.26,0.0,0.0,4.0,41.4,0.2,0.2,-0.8,0.0,58.9,0.0,0.0,25.0,283.0,1.0,1.0,-4.0,0.0,7.3625,0.0,0.0,3.125,35.375,0.125,0.125,-0.5,7.3625
1514,Kyle Pitts,Atl,TE,W 16-13,7.7,TB,Away,16.0,10-24-23,7,False,0,77,1,29,0,10.1,0.0,0.0,4.2,47.8,0.2,0.2,-0.8,0.0,66.6,0.0,0.0,28.0,330.0,1.0,1.0,-4.0,0.0,7.3999999999999995,0.0,0.0,3.111111111111111,36.666666666666664,0.1111111111111111,0.1111111111111111,-0.4444444444444444,7.3999999999999995
1425,Kyle Pitts,Atl,TE,L 23-28,6.5,Ten,Away,22.0,10-31-23,8,False,0,77,1,30,0,9.66,0.0,0.0,3.8,46.6,0.2,0.0,0.0,0.0,73.1,0.0,0.0,31.0,365.0,1.0,1.0,-4.0,0.0,7.31,0.0,0.0,3.1,36.5,0.1,0.1,-0.4,7.31
575,Kyle Pitts,Atl,TE,L 28-31,9.6,Min,Home,17.0,11-07-23,9,False,0,77,1,20,1,10.76,0.0,0.0,4.2,53.6,0.2,0.0,0.0,0.0,82.7,0.0,0.0,35.0,421.0,1.0,1.0,-4.0,0.0,7.5181818181818185,0.0,0.0,3.1818181818181817,38.27272727272727,0.09090909090909091,0.09090909090909091,-0.36363636363636365,7.5181818181818185
850,Kyle Pitts,Atl,TE,L 23-25,6.0,Ari,Away,19.0,11-14-23,10,False,0,77,1,0,0,8.819999999999999,0.0,0.0,3.4,42.2,0.2,0.0,0.0,0.0,88.7,0.0,0.0,38.0,451.0,1.0,1.0,-4.0,0.0,7.391666666666667,0.0,0.0,3.1666666666666665,37.583333333333336,0.08333333333333333,0.08333333333333333,-0.3333333333333333,7.391666666666667
948,Kyle Pitts,Atl,TE,W 24-15,4.2,NO,Home,30.0,11-28-23,12,False,0,77,1,22,1,6.8,0.0,0.0,3.0,38.0,0.0,0.0,0.0,0.0,92.9,0.0,0.0,40.0,473.0,1.0,1.0,-4.0,0.0,7.1461538461538465,0.0,0.0,3.076923076923077,36.38461538461539,0.07692307692307693,0.07692307692307693,-0.3076923076923077,7.1461538461538465
485,Kyle Pitts,Atl,TE,W 13-8,9.1,NYJ,Away,12.0,12-05-23,13,False,0,77,1,24,0,7.08,0.0,0.0,3.2,38.8,0.0,0.0,0.0,0.0,102.0,0.0,0.0,44.0,524.0,1.0,1.0,-4.0,0.0,7.285714285714286,0.0,0.0,3.142857142857143,37.42857142857143,0.07142857142857142,0.07142857142857142,-0.2857142857142857,7.285714285714286
653,Kyle Pitts,Atl,TE,L 25-29,14.7,TB,Home,7.0,12-12-23,14,False,0,77,1,29,1,8.719999999999999,0.0,0.0,3.2,43.2,0.2,0.0,0.0,0.0,116.7,0.0,0.0,47.0,581.0,2.0,1.0,-4.0,0.0,7.78,0.0,0.0,3.1333333333333333,38.733333333333334,0.13333333333333333,0.06666666666666667,-0.26666666666666666,7.78
1329,Kyle Pitts,Atl,TE,L 7-9,6.7,Car,Away,27.0,12-19-23,15,False,0,77,1,4,0,8.14,0.0,0.0,3.0,39.4,0.2,0.0,0.0,0.0,123.4,0.0,0.0,50.0,618.0,2.0,1.0,-4.0,0.0,7.7125,0.0,0.0,3.125,38.625,0.125,0.0625,-0.25,7.7125
1027,Kyle Pitts,Atl,TE,W 29-10,13.9,Ind,Home,10.0,12-26-23,16,False,0,77,1,13,1,9.720000000000002,0.0,0.0,3.0,43.2,0.4,0.0,0.0,0.0,137.3,0.0,0.0,53.0,667.0,3.0,1.0,-4.0,0.0,8.076470588235296,0.0,0.0,3.1176470588235294,39.23529411764706,0.17647058823529413,0.058823529411764705,-0.23529411764705882,8.076470588235296
1158,Kylen Granson,Ind,TE,W 23-20,2.3,LV,Home,46.5,01-02-24,17,False,0,78,13,18,1,2.3,0.0,0.0,1.0,13.0,0.0,0.0,0.0,0.0,2.3,0.0,0.0,1.0,13.0,0.0,0.0,0.0,0.0,2.3,0.0,0.0,1.0,13.0,0.0,0.0,0.0,2.3
775,Kylen Granson,Ind,TE,L 19-23,3.3,Hou,Home,37.0,01-09-24,18,False,0,78,13,12,1,2.8,0.0,0.0,1.0,18.0,0.0,0.0,0.0,0.0,5.6,0.0,0.0,2.0,36.0,0.0,0.0,0.0,0.0,2.8,0.0,0.0,1.0,18.0,0.0,0.0,0.0,2.8
116,Kylen Granson,Ind,TE,L 21-31,7.9,Jax,Home,14.5,09-12-23,1,False,0,78,13,14,1,4.5,0.0,0.0,2.0,25.0,0.0,0.0,0.0,0.0,13.5,0.0,0.0,6.0,75.0,0.0,0.0,0.0,0.0,4.5,0.0,0.0,2.0,25.0,0.0,0.0,0.0,4.5
1214,Kylen Granson,Ind,TE,W 31-20,10.6,Hou,Away,9.0,09-19-23,2,False,0,78,13,12,0,6.025,0.0,0.0,2.25,22.75,0.25,0.0,0.0,0.0,24.1,0.0,0.0,9.0,91.0,1.0,0.0,0.0,0.0,6.025,0.0,0.0,2.25,22.75,0.25,0.0,0.0,6.025
235,Kylen Granson,Ind,TE,W 22-19,2.9,Bal,Away,35.0,09-26-23,3,False,0,78,13,2,0,5.4,0.0,0.0,2.2,20.0,0.2,0.0,0.0,0.0,27.0,0.0,0.0,11.0,100.0,1.0,0.0,0.0,0.0,5.4,0.0,0.0,2.2,20.0,0.2,0.0,0.0,5.4
29,Kylen Granson,Ind,TE,L 23-29,4.4,LAR,Home,29.5,10-03-23,4,False,0,78,13,17,1,5.82,0.0,0.0,2.4,22.2,0.2,0.0,0.0,0.0,31.4,0.0,0.0,13.0,124.0,1.0,0.0,0.0,0.0,5.233333333333333,0.0,0.0,2.1666666666666665,20.666666666666668,0.16666666666666666,0.0,0.0,5.233333333333333
334,Kylen Granson,Ind,TE,W 23-16,3.5,Ten,Home,36.0,10-10-23,5,False,0,78,13,30,1,5.860000000000001,0.0,0.0,2.6,20.6,0.2,0.0,0.0,0.0,34.9,0.0,0.0,15.0,139.0,1.0,0.0,0.0,0.0,4.985714285714286,0.0,0.0,2.142857142857143,19.857142857142858,0.14285714285714285,0.0,0.0,4.985714285714286
1591,Kylen Granson,Ind,TE,L 20-37,9.7,Jax,Away,13.0,10-17-23,6,False,0,78,13,14,0,6.220000000000001,0.0,0.0,2.4,26.2,0.2,0.0,0.0,0.0,44.6,0.0,0.0,18.0,206.0,1.0,0.0,0.0,0.0,5.575,0.0,0.0,2.25,25.75,0.125,0.0,0.0,5.575
610,Kylen Granson,Ind,TE,W 27-13,0.0,Car,Away,68.0,11-07-23,9,False,0,78,13,4,0,4.1,0.0,0.0,1.8,23.0,0.0,0.0,0.0,0.0,44.6,0.0,0.0,18.0,206.0,1.0,0.0,0.0,0.0,4.955555555555556,0.0,0.0,2.0,22.88888888888889,0.1111111111111111,0.0,0.0,4.955555555555556
878,Kylen Granson,Ind,TE,W 10-6,1.5,NE,Away,47.0,11-14-23,10,False,0,78,13,21,0,3.8200000000000003,0.0,0.0,1.6,22.2,0.0,0.0,0.0,0.0,46.1,0.0,0.0,19.0,211.0,1.0,0.0,0.0,0.0,4.61,0.0,0.0,1.9,21.1,0.1,0.0,0.0,4.61
979,Kylen Granson,Ind,TE,W 27-20,0.0,TB,Home,78.0,11-28-23,12,False,0,78,13,29,1,2.94,0.0,0.0,1.2,17.4,0.0,0.0,0.0,0.0,46.1,0.0,0.0,19.0,211.0,1.0,0.0,0.0,0.0,4.190909090909091,0.0,0.0,1.7272727272727273,19.181818181818183,0.09090909090909091,0.0,0.0,4.190909090909091
482,Kylen Granson,Ind,TE,W 31-28,10.4,Ten,Away,9.0,12-05-23,13,False,0,78,13,30,0,4.32,0.0,0.0,1.4,28.8,0.0,0.2,0.4,0.0,56.5,0.0,0.0,22.0,283.0,1.0,1.0,2.0,0.0,4.708333333333333,0.0,0.0,1.8333333333333333,23.583333333333332,0.08333333333333333,0.08333333333333333,0.16666666666666666,4.708333333333333
679,Kylen Granson,Ind,TE,L 14-34,3.7,Cin,Away,33.0,12-12-23,14,False,0,78,13,6,0,3.12,0.0,0.0,1.2,18.8,0.0,0.2,0.4,0.0,60.2,0.0,0.0,24.0,300.0,1.0,1.0,2.0,0.0,4.630769230769231,0.0,0.0,1.8461538461538463,23.076923076923077,0.07692307692307693,0.07692307692307693,0.15384615384615385,4.630769230769231
1358,Kylen Granson,Ind,TE,W 30-13,1.6,Pit,Home,56.5,12-19-23,15,False,0,78,13,26,1,3.44,0.0,0.0,1.4,20.0,0.0,0.2,0.4,0.0,61.8,0.0,0.0,25.0,306.0,1.0,1.0,2.0,0.0,4.414285714285714,0.0,0.0,1.7857142857142858,21.857142857142858,0.07142857142857142,0.07142857142857142,0.14285714285714285,4.414285714285714
1030,Kylen Granson,Ind,TE,L 10-29,11.2,Atl,Away,12.5,12-26-23,16,False,0,78,13,1,0,5.38,0.0,0.0,2.2,31.4,0.0,0.2,0.4,0.0,73.0,0.0,0.0,30.0,368.0,1.0,1.0,2.0,0.0,4.866666666666666,0.0,0.0,2.0,24.533333333333335,0.06666666666666667,0.06666666666666667,0.13333333333333333,4.866666666666666
137,Lawrence Cager,NYG,TE,L 0-40,3.7,Dal,Home,35.0,09-12-23,1,False,0,79,23,8,1,3.7,0.0,0.0,2.0,17.0,0.0,0.0,0.0,0.0,3.7,0.0,0.0,2.0,17.0,0.0,0.0,0.0,0.0,3.7,0.0,0.0,2.0,17.0,0.0,0.0,0.0,3.7
289,Lawrence Cager,NYG,TE,L 12-30,0.0,SF,Away,79.0,09-26-23,3,False,0,79,23,27,0,1.85,0.0,0.0,1.0,8.5,0.0,0.0,0.0,0.0,3.7,0.0,0.0,2.0,17.0,0.0,0.0,0.0,0.0,1.85,0.0,0.0,1.0,8.5,0.0,0.0,0.0,1.85
88,Lawrence Cager,NYG,TE,L 3-24,0.0,Sea,Home,79.5,10-03-23,4,False,0,79,23,28,1,1.2333333333333334,0.0,0.0,0.6666666666666666,5.666666666666667,0.0,0.0,0.0,0.0,3.7,0.0,0.0,2.0,17.0,0.0,0.0,0.0,0.0,1.2333333333333334,0.0,0.0,0.6666666666666666,5.666666666666667,0.0,0.0,0.0,1.2333333333333334
378,Lawrence Cager,NYG,TE,L 16-31,0.0,Mia,Away,71.0,10-10-23,5,False,0,79,23,19,0,0.925,0.0,0.0,0.5,4.25,0.0,0.0,0.0,0.0,3.7,0.0,0.0,2.0,17.0,0.0,0.0,0.0,0.0,0.925,0.0,0.0,0.5,4.25,0.0,0.0,0.0,0.925
628,Lawrence Cager,NYG,TE,L 6-30,0.0,LV,Away,68.0,11-07-23,9,False,0,79,23,18,0,0.74,0.0,0.0,0.4,3.4,0.0,0.0,0.0,0.0,3.7,0.0,0.0,2.0,17.0,0.0,0.0,0.0,0.0,0.74,0.0,0.0,0.4,3.4,0.0,0.0,0.0,0.74
847,Lawrence Cager,NYG,TE,L 17-49,8.0,Dal,Away,15.5,11-14-23,10,False,0,79,23,8,0,1.6,0.0,0.0,0.2,2.0,0.2,0.0,0.0,0.0,11.7,0.0,0.0,3.0,27.0,1.0,0.0,0.0,0.0,1.95,0.0,0.0,0.5,4.5,0.16666666666666666,0.0,0.0,1.95
458,Lawrence Cager,NYG,TE,W 31-19,0.0,Wsh,Away,67.0,11-21-23,11,False,0,79,23,31,0,1.6,0.0,0.0,0.2,2.0,0.2,0.0,0.0,0.0,11.7,0.0,0.0,3.0,27.0,1.0,0.0,0.0,0.0,1.6714285714285713,0.0,0.0,0.42857142857142855,3.857142857142857,0.14285714285714285,0.0,0.0,1.6714285714285713
1002,Lawrence Cager,NYG,TE,W 10-7,0.0,NE,Home,78.0,11-28-23,12,False,0,79,23,21,1,1.6,0.0,0.0,0.2,2.0,0.2,0.0,0.0,0.0,11.7,0.0,0.0,3.0,27.0,1.0,0.0,0.0,0.0,1.4625,0.0,0.0,0.375,3.375,0.125,0.0,0.0,1.4625
726,Lawrence Cager,NYG,TE,W 24-22,0.0,GB,Home,73.0,12-12-23,14,False,0,79,23,11,1,1.6,0.0,0.0,0.2,2.0,0.2,0.0,0.0,0.0,11.7,0.0,0.0,3.0,27.0,1.0,0.0,0.0,0.0,1.2999999999999998,0.0,0.0,0.3333333333333333,3.0,0.1111111111111111,0.0,0.0,1.2999999999999998
1353,Lawrence Cager,NYG,TE,L 6-24,1.9,NO,Away,51.5,12-19-23,15,False,0,79,23,22,0,1.98,0.0,0.0,0.4,3.8,0.2,0.0,0.0,0.0,13.6,0.0,0.0,4.0,36.0,1.0,0.0,0.0,0.0,1.3599999999999999,0.0,0.0,0.4,3.6,0.1,0.0,0.0,1.3599999999999999
1143,Logan Thomas,Wsh,TE,L 10-27,5.0,SF,Home,31.0,01-02-24,17,False,0,80,31,27,1,5.0,0.0,0.0,3.0,20.0,0.0,0.0,0.0,0.0,5.0,0.0,0.0,3.0,20.0,0.0,0.0,0.0,0.0,5.0,0.0,0.0,3.0,20.0,0.0,0.0,0.0,5.0
787,Logan Thomas,Wsh,TE,L 10-38,1.9,Dal,Home,49.0,01-09-24,18,False,0,80,31,8,1,3.45,0.0,0.0,2.0,14.5,0.0,0.0,0.0,0.0,6.9,0.0,0.0,4.0,29.0,0.0,0.0,0.0,0.0,3.45,0.0,0.0,2.0,14.5,0.0,0.0,0.0,3.45
112,Logan Thomas,Wsh,TE,W 20-16,8.3,Ari,Home,11.0,09-12-23,1,False,0,80,31,0,1,5.066666666666667,0.0,0.0,2.6666666666666665,24.0,0.0,0.0,0.0,0.0,15.200000000000001,0.0,0.0,8.0,72.0,0.0,0.0,0.0,0.0,5.066666666666667,0.0,0.0,2.6666666666666665,24.0,0.0,0.0,0.0,5.066666666666667
1215,Logan Thomas,Wsh,TE,W 35-33,10.2,Den,Away,10.0,09-19-23,2,False,0,80,31,9,0,6.35,0.0,0.0,2.5,23.5,0.25,0.0,0.0,0.0,25.4,0.0,0.0,10.0,94.0,1.0,0.0,0.0,0.0,6.35,0.0,0.0,2.5,23.5,0.25,0.0,0.0,6.35
21,Logan Thomas,Wsh,TE,L 31-34,7.3,Phi,Away,22.0,10-03-23,4,False,0,80,31,25,0,6.540000000000001,0.0,0.0,2.6,27.0,0.2,0.2,0.4,0.0,32.7,0.0,0.0,13.0,135.0,1.0,1.0,2.0,0.0,6.540000000000001,0.0,0.0,2.6,27.0,0.2,0.2,0.4,6.540000000000001
302,Logan Thomas,Wsh,TE,L 20-40,20.7,Chi,Home,4.0,10-10-23,5,False,0,80,31,5,1,9.68,0.0,0.0,3.8,38.4,0.4,0.2,0.4,0.0,53.4,0.0,0.0,22.0,212.0,2.0,1.0,2.0,0.0,8.9,0.0,0.0,3.6666666666666665,35.333333333333336,0.3333333333333333,0.16666666666666666,0.3333333333333333,8.9
1628,Logan Thomas,Wsh,TE,W 24-16,1.2,Atl,Away,50.0,10-17-23,6,False,0,80,31,1,0,9.540000000000001,0.0,0.0,3.8,37.0,0.4,0.2,0.4,0.0,54.6,0.0,0.0,23.0,214.0,2.0,1.0,2.0,0.0,7.8,0.0,0.0,3.2857142857142856,30.571428571428573,0.2857142857142857,0.14285714285714285,0.2857142857142857,7.8
1512,Logan Thomas,Wsh,TE,L 7-14,9.1,NYG,Away,14.0,10-24-23,7,False,0,80,31,23,0,9.7,0.0,0.0,3.8,38.6,0.4,0.2,0.4,0.0,63.699999999999996,0.0,0.0,27.0,265.0,2.0,1.0,2.0,0.0,7.9624999999999995,0.0,0.0,3.375,33.125,0.25,0.125,0.25,7.9624999999999995
1413,Logan Thomas,Wsh,TE,L 31-38,16.4,Phi,Home,10.0,10-31-23,8,False,0,80,31,25,1,10.94,0.0,0.0,4.6,43.0,0.4,0.2,0.4,0.0,80.1,0.0,0.0,33.0,309.0,3.0,1.0,2.0,0.0,8.899999999999999,0.0,0.0,3.6666666666666665,34.333333333333336,0.3333333333333333,0.1111111111111111,0.2222222222222222,8.899999999999999
581,Logan Thomas,Wsh,TE,W 20-17,7.1,NE,Away,23.0,11-07-23,9,False,0,80,31,21,0,10.899999999999999,0.0,0.0,4.8,41.0,0.4,0.0,0.0,0.0,87.19999999999999,0.0,0.0,37.0,340.0,3.0,1.0,2.0,0.0,8.719999999999999,0.0,0.0,3.7,34.0,0.3,0.1,0.2,8.719999999999999
844,Logan Thomas,Wsh,TE,L 26-29,9.0,Sea,Away,13.0,11-14-23,10,False,0,80,31,28,0,8.559999999999999,0.0,0.0,4.0,33.6,0.2,0.0,0.0,0.0,96.19999999999999,0.0,0.0,42.0,380.0,3.0,1.0,2.0,0.0,8.745454545454544,0.0,0.0,3.8181818181818183,34.54545454545455,0.2727272727272727,0.09090909090909091,0.18181818181818182,8.745454545454544
399,Logan Thomas,Wsh,TE,L 19-31,8.8,NYG,Home,14.0,11-21-23,11,False,0,80,31,23,1,10.079999999999998,0.0,0.0,4.8,44.8,0.2,0.0,0.0,0.0,105.0,0.0,0.0,47.0,438.0,3.0,1.0,2.0,0.0,8.75,0.0,0.0,3.9166666666666665,36.5,0.25,0.08333333333333333,0.16666666666666666,8.75
953,Logan Thomas,Wsh,TE,L 10-45,3.5,Dal,Away,35.0,11-28-23,12,False,0,80,31,8,0,8.959999999999999,0.0,0.0,4.4,37.6,0.2,0.0,0.0,0.0,108.5,0.0,0.0,49.0,453.0,3.0,1.0,2.0,0.0,8.346153846153847,0.0,0.0,3.769230769230769,34.84615384615385,0.23076923076923078,0.07692307692307693,0.15384615384615385,8.346153846153847
512,Logan Thomas,Wsh,TE,L 15-45,2.0,Mia,Home,39.0,12-05-23,13,False,0,80,31,19,1,6.08,0.0,0.0,3.2,28.8,0.0,0.0,0.0,0.0,110.5,0.0,0.0,49.0,453.0,3.0,1.0,2.0,0.0,7.892857142857143,0.0,0.0,3.5,32.357142857142854,0.21428571428571427,0.07142857142857142,0.14285714285714285,7.892857142857143
1356,Logan Thomas,Wsh,TE,L 20-28,1.7,LAR,Away,54.5,12-19-23,15,False,0,80,31,17,0,5.0,0.0,0.0,2.6,24.0,0.0,0.0,0.0,0.0,112.19999999999999,0.0,0.0,50.0,460.0,3.0,1.0,2.0,0.0,7.4799999999999995,0.0,0.0,3.3333333333333335,30.666666666666668,0.2,0.06666666666666667,0.13333333333333333,7.4799999999999995
1024,Logan Thomas,Wsh,TE,L 28-30,14.6,NYJ,Away,7.0,12-26-23,16,False,0,80,31,24,0,6.119999999999999,0.0,0.0,2.6,23.2,0.2,0.0,0.0,0.0,126.8,0.0,0.0,55.0,496.0,4.0,1.0,2.0,0.0,7.925,0.0,0.0,3.4375,31.0,0.25,0.0625,0.125,7.925
1153,Lucas Krull,Den,TE,W 16-9,3.4,LAC,Home,40.5,01-02-24,17,False,0,81,9,16,1,3.4,0.0,0.0,2.0,14.0,0.0,0.0,0.0,0.0,3.4,0.0,0.0,2.0,14.0,0.0,0.0,0.0,0.0,3.4,0.0,0.0,2.0,14.0,0.0,0.0,0.0,3.4
810,Lucas Krull,Den,TE,L 14-27,0.0,LV,Away,76.5,01-09-24,18,False,0,81,9,18,0,1.7,0.0,0.0,1.0,7.0,0.0,0.0,0.0,0.0,3.4,0.0,0.0,2.0,14.0,0.0,0.0,0.0,0.0,1.7,0.0,0.0,1.0,7.0,0.0,0.0,0.0,1.7
909,Lucas Krull,Den,TE,W 24-22,0.0,Buf,Away,69.5,11-14-23,10,False,0,81,9,3,0,1.1333333333333333,0.0,0.0,0.6666666666666666,4.666666666666667,0.0,0.0,0.0,0.0,3.4,0.0,0.0,2.0,14.0,0.0,0.0,0.0,0.0,1.1333333333333333,0.0,0.0,0.6666666666666666,4.666666666666667,0.0,0.0,0.0,1.1333333333333333
538,Lucas Krull,Den,TE,L 17-22,0.0,Hou,Away,66.0,12-05-23,13,False,0,81,9,12,0,0.85,0.0,0.0,0.5,3.5,0.0,0.0,0.0,0.0,3.4,0.0,0.0,2.0,14.0,0.0,0.0,0.0,0.0,0.85,0.0,0.0,0.5,3.5,0.0,0.0,0.0,0.85
678,Lucas Krull,Den,TE,W 24-7,4.5,LAC,Away,32.0,12-12-23,14,False,0,81,9,16,0,1.58,0.0,0.0,0.6,9.8,0.0,0.0,0.0,0.0,7.9,0.0,0.0,3.0,49.0,0.0,0.0,0.0,0.0,1.58,0.0,0.0,0.6,9.8,0.0,0.0,0.0,1.58
1348,Lucas Krull,Den,TE,L 17-42,2.8,Det,Away,46.0,12-19-23,15,False,0,81,9,10,0,1.46,0.0,0.0,0.4,10.6,0.0,0.0,0.0,0.0,10.7,0.0,0.0,4.0,67.0,0.0,0.0,0.0,0.0,1.7833333333333332,0.0,0.0,0.6666666666666666,11.166666666666666,0.0,0.0,0.0,1.7833333333333332
1028,Lucas Krull,Den,TE,L 23-26,12.8,NE,Home,11.0,12-26-23,16,False,0,81,9,21,1,4.0200000000000005,0.0,0.0,1.2,16.2,0.2,0.0,0.0,0.0,23.5,0.0,0.0,8.0,95.0,1.0,0.0,0.0,0.0,3.357142857142857,0.0,0.0,1.1428571428571428,13.571428571428571,0.14285714285714285,0.0,0.0,3.357142857142857
1162,Luke Farrell,Jax,TE,W 26-0,1.7,Car,Home,50.0,01-02-24,17,False,0,82,14,4,1,1.7,0.0,0.0,1.0,7.0,0.0,0.0,0.0,0.0,1.7,0.0,0.0,1.0,7.0,0.0,0.0,0.0,0.0,1.7,0.0,0.0,1.0,7.0,0.0,0.0,0.0,1.7
813,Luke Farrell,Jax,TE,L 20-28,0.0,Ten,Away,76.5,01-09-24,18,False,0,82,14,30,0,0.85,0.0,0.0,0.5,3.5,0.0,0.0,0.0,0.0,1.7,0.0,0.0,1.0,7.0,0.0,0.0,0.0,0.0,0.85,0.0,0.0,0.5,3.5,0.0,0.0,0.0,0.85
189,Luke Farrell,Jax,TE,W 31-21,0.0,Ind,Away,75.0,09-12-23,1,False,0,82,14,13,0,0.5666666666666667,0.0,0.0,0.3333333333333333,2.3333333333333335,0.0,0.0,0.0,0.0,1.7,0.0,0.0,1.0,7.0,0.0,0.0,0.0,0.0,0.5666666666666667,0.0,0.0,0.3333333333333333,2.3333333333333335,0.0,0.0,0.0,0.5666666666666667
1293,Luke Farrell,Jax,TE,L 9-17,0.0,KC,Home,76.0,09-19-23,2,False,0,82,14,15,1,0.425,0.0,0.0,0.25,1.75,0.0,0.0,0.0,0.0,1.7,0.0,0.0,1.0,7.0,0.0,0.0,0.0,0.0,0.425,0.0,0.0,0.25,1.75,0.0,0.0,0.0,0.425
256,Luke Farrell,Jax,TE,L 17-37,1.4,Hou,Home,56.0,09-26-23,3,False,0,82,14,12,1,0.6199999999999999,0.0,0.0,0.4,2.2,0.0,0.0,0.0,0.0,3.0999999999999996,0.0,0.0,2.0,11.0,0.0,0.0,0.0,0.0,0.6199999999999999,0.0,0.0,0.4,2.2,0.0,0.0,0.0,0.6199999999999999
35,Luke Farrell,Jax,TE,W 23-7,3.0,Atl,Home,36.0,10-03-23,4,False,0,82,14,1,1,0.8799999999999999,0.0,0.0,0.6,2.8,0.0,0.0,0.0,0.0,6.1,0.0,0.0,4.0,21.0,0.0,0.0,0.0,0.0,1.0166666666666666,0.0,0.0,0.6666666666666666,3.5,0.0,0.0,0.0,1.0166666666666666
344,Luke Farrell,Jax,TE,W 25-20,2.6,Buf,Away,46.0,10-10-23,5,False,0,82,14,3,0,1.4,0.0,0.0,0.8,6.0,0.0,0.0,0.0,0.0,8.7,0.0,0.0,5.0,37.0,0.0,0.0,0.0,0.0,1.2428571428571427,0.0,0.0,0.7142857142857143,5.285714285714286,0.0,0.0,0.0,1.2428571428571427
1654,Luke Farrell,Jax,TE,W 37-20,0.0,Ind,Home,72.0,10-17-23,6,False,0,82,14,13,1,1.4,0.0,0.0,0.8,6.0,0.0,0.0,0.0,0.0,8.7,0.0,0.0,5.0,37.0,0.0,0.0,0.0,0.0,1.0875,0.0,0.0,0.625,4.625,0.0,0.0,0.0,1.0875
1566,Luke Farrell,Jax,TE,W 31-24,0.0,NO,Away,62.0,10-24-23,7,False,0,82,14,22,0,1.4,0.0,0.0,0.8,6.0,0.0,0.0,0.0,0.0,8.7,0.0,0.0,5.0,37.0,0.0,0.0,0.0,0.0,0.9666666666666666,0.0,0.0,0.5555555555555556,4.111111111111111,0.0,0.0,0.0,0.9666666666666666
1450,Luke Farrell,Jax,TE,W 20-10,1.5,Pit,Away,46.0,10-31-23,8,False,0,82,14,26,0,1.42,0.0,0.0,0.8,6.2,0.0,0.0,0.0,0.0,10.2,0.0,0.0,6.0,42.0,0.0,0.0,0.0,0.0,1.02,0.0,0.0,0.6,4.2,0.0,0.0,0.0,1.02
898,Luke Farrell,Jax,TE,L 3-34,0.0,SF,Home,69.5,11-14-23,10,False,0,82,14,27,1,0.82,0.0,0.0,0.4,4.2,0.0,0.0,0.0,0.0,10.2,0.0,0.0,6.0,42.0,0.0,0.0,0.0,0.0,0.9272727272727272,0.0,0.0,0.5454545454545454,3.8181818181818183,0.0,0.0,0.0,0.9272727272727272
412,Luke Farrell,Jax,TE,W 34-14,4.1,Ten,Home,27.0,11-21-23,11,False,0,82,14,30,1,1.1199999999999999,0.0,0.0,0.6,5.2,0.0,0.0,0.0,0.0,14.299999999999999,0.0,0.0,8.0,63.0,0.0,0.0,0.0,0.0,1.1916666666666667,0.0,0.0,0.6666666666666666,5.25,0.0,0.0,0.0,1.1916666666666667
934,Luke Farrell,Jax,TE,W 24-21,8.5,Hou,Away,14.5,11-28-23,12,False,0,82,14,12,0,2.82,0.0,0.0,1.2,16.2,0.0,0.0,0.0,0.0,22.799999999999997,0.0,0.0,11.0,118.0,0.0,0.0,0.0,0.0,1.7538461538461536,0.0,0.0,0.8461538461538461,9.076923076923077,0.0,0.0,0.0,1.7538461538461536
513,Luke Farrell,Jax,TE,L 31-34,1.9,Cin,Home,40.0,12-05-23,13,False,0,82,14,6,1,3.2,0.0,0.0,1.4,18.0,0.0,0.0,0.0,0.0,24.7,0.0,0.0,12.0,127.0,0.0,0.0,0.0,0.0,1.7642857142857142,0.0,0.0,0.8571428571428571,9.071428571428571,0.0,0.0,0.0,1.7642857142857142
719,Luke Farrell,Jax,TE,L 27-31,0.0,Cle,Away,73.0,12-12-23,14,False,0,82,14,7,0,2.9,0.0,0.0,1.2,17.0,0.0,0.0,0.0,0.0,24.7,0.0,0.0,12.0,127.0,0.0,0.0,0.0,0.0,1.6466666666666667,0.0,0.0,0.8,8.466666666666667,0.0,0.0,0.0,1.6466666666666667
1340,Luke Farrell,Jax,TE,L 7-23,3.8,Bal,Home,38.5,12-19-23,15,False,0,82,14,2,1,3.66,0.0,0.0,1.4,22.6,0.0,0.0,0.0,0.0,28.5,0.0,0.0,13.0,155.0,0.0,0.0,0.0,0.0,1.78125,0.0,0.0,0.8125,9.6875,0.0,0.0,0.0,1.78125
1096,Luke Farrell,Jax,TE,L 12-30,0.0,TB,Away,78.0,12-26-23,16,False,0,82,14,29,0,2.84,0.0,0.0,1.0,18.4,0.0,0.0,0.0,0.0,28.5,0.0,0.0,13.0,155.0,0.0,0.0,0.0,0.0,1.6764705882352942,0.0,0.0,0.7647058823529411,9.117647058823529,0.0,0.0,0.0,1.6764705882352942
785,Luke Musgrave,GB,TE,W 17-9,2.1,Chi,Home,47.5,01-09-24,18,False,0,83,11,5,1,2.1,0.0,0.0,1.0,11.0,0.0,0.0,0.0,0.0,2.1,0.0,0.0,1.0,11.0,0.0,0.0,0.0,0.0,2.1,0.0,0.0,1.0,11.0,0.0,0.0,0.0,2.1
114,Luke Musgrave,GB,TE,W 38-20,8.0,Chi,Away,13.0,09-12-23,1,False,0,83,11,5,0,5.05,0.0,0.0,2.0,30.5,0.0,0.0,0.0,0.0,10.1,0.0,0.0,4.0,61.0,0.0,0.0,0.0,0.0,5.05,0.0,0.0,2.0,30.5,0.0,0.0,0.0,5.05
1242,Luke Musgrave,GB,TE,L 24-25,4.5,Atl,Away,37.0,09-19-23,2,False,0,83,11,1,0,4.866666666666666,0.0,0.0,2.0,28.666666666666668,0.0,0.0,0.0,0.0,14.6,0.0,0.0,6.0,86.0,0.0,0.0,0.0,0.0,4.866666666666666,0.0,0.0,2.0,28.666666666666668,0.0,0.0,0.0,4.866666666666666
210,Luke Musgrave,GB,TE,W 18-17,10.9,NO,Home,10.0,09-26-23,3,False,0,83,11,22,1,6.375,0.0,0.0,3.0,33.75,0.0,0.0,0.0,0.0,25.5,0.0,0.0,12.0,135.0,0.0,0.0,0.0,0.0,6.375,0.0,0.0,3.0,33.75,0.0,0.0,0.0,6.375
54,Luke Musgrave,GB,TE,L 20-34,1.1,Det,Home,55.0,10-03-23,4,False,0,83,11,10,1,5.32,0.0,0.0,2.6,27.2,0.0,0.0,0.0,0.0,26.6,0.0,0.0,13.0,136.0,0.0,0.0,0.0,0.0,5.32,0.0,0.0,2.6,27.2,0.0,0.0,0.0,5.32
313,Luke Musgrave,GB,TE,L 13-17,9.4,LV,Away,15.0,10-10-23,5,False,0,83,11,18,0,6.779999999999999,0.0,0.0,3.6,31.8,0.0,0.0,0.0,0.0,36.0,0.0,0.0,19.0,170.0,0.0,0.0,0.0,0.0,6.0,0.0,0.0,3.1666666666666665,28.333333333333332,0.0,0.0,0.0,6.0
1516,Luke Musgrave,GB,TE,L 17-19,7.0,Den,Away,18.0,10-24-23,7,False,0,83,11,9,0,6.58,0.0,0.0,3.8,27.8,0.0,0.0,0.0,0.0,43.0,0.0,0.0,23.0,200.0,0.0,0.0,0.0,0.0,6.142857142857143,0.0,0.0,3.2857142857142856,28.571428571428573,0.0,0.0,0.0,6.142857142857143
1436,Luke Musgrave,GB,TE,L 10-24,2.9,Min,Home,32.0,10-31-23,8,False,0,83,11,20,1,6.26,0.0,0.0,3.8,24.6,0.0,0.0,0.0,0.0,45.9,0.0,0.0,25.0,209.0,0.0,0.0,0.0,0.0,5.7375,0.0,0.0,3.125,26.125,0.0,0.0,0.0,5.7375
567,Luke Musgrave,GB,TE,W 20-3,14.1,LAR,Home,9.0,11-07-23,9,False,0,83,11,17,1,6.9,0.0,0.0,3.2,25.0,0.2,0.0,0.0,0.0,60.0,0.0,0.0,28.0,260.0,1.0,0.0,0.0,0.0,6.666666666666667,0.0,0.0,3.111111111111111,28.88888888888889,0.1111111111111111,0.0,0.0,6.666666666666667
845,Luke Musgrave,GB,TE,L 19-23,8.4,Pit,Away,14.0,11-14-23,10,False,0,83,11,26,0,8.36,0.0,0.0,3.4,37.6,0.2,0.0,0.0,0.0,68.4,0.0,0.0,30.0,324.0,1.0,0.0,0.0,0.0,6.840000000000001,0.0,0.0,3.0,32.4,0.1,0.0,0.0,6.840000000000001
403,Luke Musgrave,GB,TE,W 23-20,6.8,LAC,Home,19.0,11-21-23,11,False,0,83,11,16,1,7.840000000000001,0.0,0.0,3.0,36.4,0.2,0.0,0.0,0.0,75.2,0.0,0.0,34.0,352.0,1.0,0.0,0.0,0.0,6.836363636363637,0.0,0.0,3.090909090909091,32.0,0.09090909090909091,0.0,0.0,6.836363636363637
1176,Luke Schoonmaker,Dal,TE,W 20-19,0.0,Det,Home,76.0,01-02-24,17,False,0,84,8,10,1,0.0,0.0,0.0,0.0,0.0,0.0,0.0,0.0,0.0,0.0,0.0,0.0,0.0,0.0,0.0,0.0,0.0,0.0,0.0,0.0,0.0,0.0,0.0,0.0,0.0,0.0,0.0
802,Luke Schoonmaker,Dal,TE,W 38-10,0.0,Wsh,Away,76.5,01-09-24,18,False,0,84,8,31,0,0.0,0.0,0.0,0.0,0.0,0.0,0.0,0.0,0.0,0.0,0.0,0.0,0.0,0.0,0.0,0.0,0.0,0.0,0.0,0.0,0.0,0.0,0.0,0.0,0.0,0.0,0.0
158,Luke Schoonmaker,Dal,TE,W 40-0,0.0,NYG,Away,75.0,09-12-23,1,False,0,84,8,23,0,0.0,0.0,0.0,0.0,0.0,0.0,0.0,0.0,0.0,0.0,0.0,0.0,0.0,0.0,0.0,0.0,0.0,0.0,0.0,0.0,0.0,0.0,0.0,0.0,0.0,0.0,0.0
1231,Luke Schoonmaker,Dal,TE,W 30-10,7.1,NYJ,Home,26.0,09-19-23,2,False,0,84,8,24,1,1.775,0.0,0.0,0.25,0.25,0.25,0.0,0.0,0.0,7.1,0.0,0.0,1.0,1.0,1.0,0.0,0.0,0.0,1.775,0.0,0.0,0.25,0.25,0.25,0.0,0.0,1.775
262,Luke Schoonmaker,Dal,TE,L 16-28,0.0,Ari,Away,79.0,09-26-23,3,False,0,84,8,0,0,1.42,0.0,0.0,0.2,0.2,0.2,0.0,0.0,0.0,7.1,0.0,0.0,1.0,1.0,1.0,0.0,0.0,0.0,1.42,0.0,0.0,0.2,0.2,0.2,0.0,0.0,1.42
59,Luke Schoonmaker,Dal,TE,W 38-3,0.0,NE,Home,79.5,10-03-23,4,False,0,84,8,21,1,1.42,0.0,0.0,0.2,0.2,0.2,0.0,0.0,0.0,7.1,0.0,0.0,1.0,1.0,1.0,0.0,0.0,0.0,1.1833333333333333,0.0,0.0,0.16666666666666666,0.16666666666666666,0.16666666666666666,0.0,0.0,1.1833333333333333
358,Luke Schoonmaker,Dal,TE,L 10-42,0.0,SF,Away,71.0,10-10-23,5,False,0,84,8,27,0,1.42,0.0,0.0,0.2,0.2,0.2,0.0,0.0,0.0,7.1,0.0,0.0,1.0,1.0,1.0,0.0,0.0,0.0,1.0142857142857142,0.0,0.0,0.14285714285714285,0.14285714285714285,0.14285714285714285,0.0,0.0,1.0142857142857142
1632,Luke Schoonmaker,Dal,TE,W 20-17,0.0,LAC,Away,72.0,10-17-23,6,False,0,84,8,16,0,1.42,0.0,0.0,0.2,0.2,0.2,0.0,0.0,0.0,7.1,0.0,0.0,1.0,1.0,1.0,0.0,0.0,0.0,0.8875,0.0,0.0,0.125,0.125,0.125,0.0,0.0,0.8875
1440,Luke Schoonmaker,Dal,TE,W 43-20,2.3,LAR,Home,37.0,10-31-23,8,False,0,84,8,17,1,0.45999999999999996,0.0,0.0,0.2,2.6,0.0,0.0,0.0,0.0,9.399999999999999,0.0,0.0,2.0,14.0,1.0,0.0,0.0,0.0,1.0444444444444443,0.0,0.0,0.2222222222222222,1.5555555555555556,0.1111111111111111,0.0,0.0,1.0444444444444443
604,Luke Schoonmaker,Dal,TE,L 23-28,1.0,Phi,Away,46.0,11-07-23,9,False,0,84,8,25,0,0.6599999999999999,0.0,0.0,0.4,2.6,0.0,0.0,0.0,0.0,10.399999999999999,0.0,0.0,3.0,14.0,1.0,0.0,0.0,0.0,1.0399999999999998,0.0,0.0,0.3,1.4,0.1,0.0,0.0,1.0399999999999998
884,Luke Schoonmaker,Dal,TE,W 49-17,0.0,NYG,Home,69.5,11-14-23,10,False,0,84,8,23,1,0.6599999999999999,0.0,0.0,0.4,2.6,0.0,0.0,0.0,0.0,10.399999999999999,0.0,0.0,3.0,14.0,1.0,0.0,0.0,0.0,0.9454545454545453,0.0,0.0,0.2727272727272727,1.2727272727272727,0.09090909090909091,0.0,0.0,0.9454545454545453
393,Luke Schoonmaker,Dal,TE,W 33-10,10.3,Car,Away,8.0,11-21-23,11,False,0,84,8,4,0,2.72,0.0,0.0,0.8,7.2,0.2,0.0,0.0,0.0,20.7,0.0,0.0,5.0,37.0,2.0,0.0,0.0,0.0,1.7249999999999999,0.0,0.0,0.4166666666666667,3.0833333333333335,0.16666666666666666,0.0,0.0,1.7249999999999999
960,Luke Schoonmaker,Dal,TE,W 45-10,2.2,Wsh,Home,42.5,11-28-23,12,False,0,84,8,31,1,3.16,0.0,0.0,1.0,9.6,0.2,0.0,0.0,0.0,22.9,0.0,0.0,6.0,49.0,2.0,0.0,0.0,0.0,1.7615384615384615,0.0,0.0,0.46153846153846156,3.769230769230769,0.15384615384615385,0.0,0.0,1.7615384615384615
508,Luke Schoonmaker,Dal,TE,W 41-35,2.2,Sea,Home,36.0,12-05-23,13,False,0,84,8,28,1,3.14,0.0,0.0,1.0,9.4,0.2,0.0,0.0,0.0,25.1,0.0,0.0,7.0,61.0,2.0,0.0,0.0,0.0,1.792857142857143,0.0,0.0,0.5,4.357142857142857,0.14285714285714285,0.0,0.0,1.792857142857143
703,Luke Schoonmaker,Dal,TE,W 33-13,0.0,Phi,Home,73.0,12-12-23,14,False,0,84,8,25,1,2.9400000000000004,0.0,0.0,0.8,9.4,0.2,0.0,0.0,0.0,25.1,0.0,0.0,7.0,61.0,2.0,0.0,0.0,0.0,1.6733333333333333,0.0,0.0,0.4666666666666667,4.066666666666666,0.13333333333333333,0.0,0.0,1.6733333333333333
1368,Luke Schoonmaker,Dal,TE,L 10-31,0.0,Buf,Away,81.5,12-19-23,15,False,0,84,8,3,0,2.9400000000000004,0.0,0.0,0.8,9.4,0.2,0.0,0.0,0.0,25.1,0.0,0.0,7.0,61.0,2.0,0.0,0.0,0.0,1.56875,0.0,0.0,0.4375,3.8125,0.125,0.0,0.0,1.56875
1075,Luke Schoonmaker,Dal,TE,L 20-22,1.4,Mia,Away,58.5,12-26-23,16,False,0,84,8,19,0,1.1600000000000006,0.0,0.0,0.6,5.6,0.0,0.0,0.0,0.0,26.5,0.0,0.0,8.0,65.0,2.0,0.0,0.0,0.0,1.5588235294117647,0.0,0.0,0.47058823529411764,3.823529411764706,0.11764705882352941,0.0,0.0,1.5588235294117647
1189,Marcedes Lewis,Chi,TE,W 37-17,0.0,Atl,Home,76.0,01-02-24,17,False,0,85,5,1,1,0.0,0.0,0.0,0.0,0.0,0.0,0.0,0.0,0.0,0.0,0.0,0.0,0.0,0.0,0.0,0.0,0.0,0.0,0.0,0.0,0.0,0.0,0.0,0.0,0.0,0.0,0.0
814,Marcedes Lewis,Chi,TE,L 9-17,0.0,GB,Away,76.5,01-09-24,18,False,0,85,5,11,0,0.0,0.0,0.0,0.0,0.0,0.0,0.0,0.0,0.0,0.0,0.0,0.0,0.0,0.0,0.0,0.0,0.0,0.0,0.0,0.0,0.0,0.0,0.0,0.0,0.0,0.0,0.0
188,Marcedes Lewis,Chi,TE,L 20-38,0.0,GB,Home,75.0,09-12-23,1,False,0,85,5,11,1,0.0,0.0,0.0,0.0,0.0,0.0,0.0,0.0,0.0,0.0,0.0,0.0,0.0,0.0,0.0,0.0,0.0,0.0,0.0,0.0,0.0,0.0,0.0,0.0,0.0,0.0,0.0
1292,Marcedes Lewis,Chi,TE,L 17-27,0.0,TB,Away,76.0,09-19-23,2,False,0,85,5,29,0,0.0,0.0,0.0,0.0,0.0,0.0,0.0,0.0,0.0,0.0,0.0,0.0,0.0,0.0,0.0,0.0,0.0,0.0,0.0,0.0,0.0,0.0,0.0,0.0,0.0,0.0,0.0
286,Marcedes Lewis,Chi,TE,L 10-41,0.0,KC,Away,79.0,09-26-23,3,False,0,85,5,15,0,0.0,0.0,0.0,0.0,0.0,0.0,0.0,0.0,0.0,0.0,0.0,0.0,0.0,0.0,0.0,0.0,0.0,0.0,0.0,0.0,0.0,0.0,0.0,0.0,0.0,0.0,0.0
45,Marcedes Lewis,Chi,TE,L 28-31,1.8,Den,Home,46.0,10-03-23,4,False,0,85,5,9,1,0.36,0.0,0.0,0.2,1.6,0.0,0.0,0.0,0.0,1.8,0.0,0.0,1.0,8.0,0.0,0.0,0.0,0.0,0.3,0.0,0.0,0.16666666666666666,1.3333333333333333,0.0,0.0,0.0,0.3
376,Marcedes Lewis,Chi,TE,W 40-20,0.0,Wsh,Away,71.0,10-10-23,5,False,0,85,5,31,0,0.36,0.0,0.0,0.2,1.6,0.0,0.0,0.0,0.0,1.8,0.0,0.0,1.0,8.0,0.0,0.0,0.0,0.0,0.2571428571428572,0.0,0.0,0.14285714285714285,1.1428571428571428,0.0,0.0,0.0,0.2571428571428572
1658,Marcedes Lewis,Chi,TE,L 13-19,0.0,Min,Home,72.0,10-17-23,6,False,0,85,5,20,1,0.36,0.0,0.0,0.2,1.6,0.0,0.0,0.0,0.0,1.8,0.0,0.0,1.0,8.0,0.0,0.0,0.0,0.0,0.225,0.0,0.0,0.125,1.0,0.0,0.0,0.0,0.225
1529,Marcedes Lewis,Chi,TE,W 30-12,2.6,LV,Home,30.5,10-24-23,7,False,0,85,5,18,1,0.8800000000000001,0.0,0.0,0.4,4.8,0.0,0.0,0.0,0.0,4.4,0.0,0.0,2.0,24.0,0.0,0.0,0.0,0.0,0.48888888888888893,0.0,0.0,0.2222222222222222,2.6666666666666665,0.0,0.0,0.0,0.48888888888888893
1483,Marcedes Lewis,Chi,TE,L 13-30,0.0,LAC,Away,73.0,10-31-23,8,False,0,85,5,16,0,0.8800000000000001,0.0,0.0,0.4,4.8,0.0,0.0,0.0,0.0,4.4,0.0,0.0,2.0,24.0,0.0,0.0,0.0,0.0,0.44000000000000006,0.0,0.0,0.2,2.4,0.0,0.0,0.0,0.44000000000000006
626,Marcedes Lewis,Chi,TE,L 17-24,0.0,NO,Away,68.0,11-07-23,9,False,0,85,5,22,0,0.52,0.0,0.0,0.2,3.2,0.0,0.0,0.0,0.0,4.4,0.0,0.0,2.0,24.0,0.0,0.0,0.0,0.0,0.4,0.0,0.0,0.18181818181818182,2.1818181818181817,0.0,0.0,0.0,0.4
900,Marcedes Lewis,Chi,TE,W 16-13,0.0,Car,Home,69.5,11-14-23,10,False,0,85,5,4,1,0.5199999999999999,0.0,0.0,0.2,3.2,0.0,0.0,0.0,0.0,4.4,0.0,0.0,2.0,24.0,0.0,0.0,0.0,0.0,0.3666666666666667,0.0,0.0,0.16666666666666666,2.0,0.0,0.0,0.0,0.3666666666666667
461,Marcedes Lewis,Chi,TE,L 26-31,0.0,Det,Away,67.0,11-21-23,11,False,0,85,5,10,0,0.5199999999999999,0.0,0.0,0.2,3.2,0.0,0.0,0.0,0.0,4.4,0.0,0.0,2.0,24.0,0.0,0.0,0.0,0.0,0.3384615384615385,0.0,0.0,0.15384615384615385,1.8461538461538463,0.0,0.0,0.0,0.3384615384615385
1001,Marcedes Lewis,Chi,TE,W 12-10,0.0,Min,Away,78.0,11-28-23,12,False,0,85,5,20,0,0.0,0.0,0.0,0.0,0.0,0.0,0.0,0.0,0.0,4.4,0.0,0.0,2.0,24.0,0.0,0.0,0.0,0.0,0.31428571428571433,0.0,0.0,0.14285714285714285,1.7142857142857142,0.0,0.0,0.0,0.31428571428571433
694,Marcedes Lewis,Chi,TE,W 28-13,1.4,Det,Home,47.0,12-12-23,14,False,0,85,5,10,1,0.27999999999999997,0.0,0.0,0.2,0.8,0.0,0.0,0.0,0.0,5.8,0.0,0.0,3.0,28.0,0.0,0.0,0.0,0.0,0.38666666666666666,0.0,0.0,0.2,1.8666666666666667,0.0,0.0,0.0,0.38666666666666666
1385,Marcedes Lewis,Chi,TE,L 17-20,0.0,Cle,Away,81.5,12-19-23,15,False,0,85,5,7,0,0.27999999999999997,0.0,0.0,0.2,0.8,0.0,0.0,0.0,0.0,5.8,0.0,0.0,3.0,28.0,0.0,0.0,0.0,0.0,0.3625,0.0,0.0,0.1875,1.75,0.0,0.0,0.0,0.3625
1045,Marcedes Lewis,Chi,TE,W 27-16,7.1,Ari,Home,28.0,12-26-23,16,False,0,85,5,0,1,1.7,0.0,0.0,0.4,1.0,0.2,0.0,0.0,0.0,12.899999999999999,0.0,0.0,4.0,29.0,1.0,0.0,0.0,0.0,0.7588235294117647,0.0,0.0,0.23529411764705882,1.7058823529411764,0.058823529411764705,0.0,0.0,0.7588235294117647
1208,Mark Andrews,Bal,TE,W 27-24,15.5,Cin,Away,3.0,09-19-23,2,False,0,86,2,6,0,15.5,0.0,0.0,5.0,45.0,1.0,0.0,0.0,0.0,15.5,0.0,0.0,5.0,45.0,1.0,0.0,0.0,0.0,15.5,0.0,0.0,5.0,45.0,1.0,0.0,0.0,15.5
220,Mark Andrews,Bal,TE,L 19-22,7.5,Ind,Home,20.5,09-26-23,3,False,0,86,2,13,1,11.5,0.0,0.0,4.5,40.0,0.5,0.0,0.0,0.0,23.0,0.0,0.0,9.0,80.0,1.0,0.0,0.0,0.0,11.5,0.0,0.0,4.5,40.0,0.5,0.0,0.0,11.5
1,Mark Andrews,Bal,TE,W 28-3,25.0,Cle,Away,2.0,10-03-23,4,False,0,86,2,7,0,16.0,0.0,0.0,4.666666666666667,53.333333333333336,1.0,0.0,0.0,0.0,48.0,0.0,0.0,14.0,160.0,3.0,0.0,0.0,0.0,16.0,0.0,0.0,4.666666666666667,53.333333333333336,1.0,0.0,0.0,16.0
309,Mark Andrews,Bal,TE,L 10-17,12.5,Pit,Away,11.0,10-10-23,5,False,0,86,2,26,0,15.125,0.0,0.0,5.0,56.25,0.75,0.0,0.0,0.0,60.5,0.0,0.0,20.0,225.0,3.0,0.0,0.0,0.0,15.125,0.0,0.0,5.0,56.25,0.75,0.0,0.0,15.125
1587,Mark Andrews,Bal,TE,W 24-16,10.9,Ten,Away,9.0,10-17-23,6,False,0,86,2,30,0,14.280000000000001,0.0,0.0,4.8,58.8,0.6,0.2,0.0,0.0,71.4,0.0,0.0,24.0,294.0,3.0,1.0,0.0,0.0,14.280000000000001,0.0,0.0,4.8,58.8,0.6,0.2,0.0,14.280000000000001
1501,Mark Andrews,Bal,TE,W 38-6,22.3,Det,Home,3.0,10-24-23,7,False,0,86,2,10,1,15.64,0.0,0.0,4.6,62.4,0.8,0.2,0.0,0.0,93.7,0.0,0.0,28.0,357.0,5.0,1.0,0.0,0.0,15.616666666666667,0.0,0.0,4.666666666666667,59.5,0.8333333333333334,0.16666666666666666,0.0,15.616666666666667
1416,Mark Andrews,Bal,TE,W 31-24,14.0,Ari,Away,13.0,10-31-23,8,False,0,86,2,0,0,16.94,0.0,0.0,4.6,63.4,1.0,0.2,0.0,0.0,107.7,0.0,0.0,32.0,397.0,6.0,1.0,0.0,0.0,15.385714285714286,0.0,0.0,4.571428571428571,56.714285714285715,0.8571428571428571,0.14285714285714285,0.0,15.385714285714286
565,Mark Andrews,Bal,TE,W 37-3,17.0,Sea,Home,7.0,11-07-23,9,False,0,86,2,28,1,15.34,0.0,0.0,5.4,63.4,0.6,0.2,0.0,0.0,124.7,0.0,0.0,41.0,477.0,6.0,1.0,0.0,0.0,15.5875,0.0,0.0,5.125,59.625,0.75,0.125,0.0,15.5875
848,Mark Andrews,Bal,TE,L 31-33,6.4,Cle,Home,17.0,11-14-23,10,False,0,86,2,7,1,14.120000000000001,0.0,0.0,4.6,59.2,0.6,0.2,0.0,0.0,131.1,0.0,0.0,43.0,521.0,6.0,1.0,0.0,0.0,14.566666666666666,0.0,0.0,4.777777777777778,57.888888888888886,0.6666666666666666,0.1111111111111111,0.0,14.566666666666666
411,Mark Andrews,Bal,TE,W 34-20,4.3,Cin,Home,26.0,11-21-23,11,False,0,86,2,6,1,12.8,0.0,0.0,4.2,50.0,0.6,0.0,0.0,0.0,135.4,0.0,0.0,45.0,544.0,6.0,1.0,0.0,0.0,13.540000000000001,0.0,0.0,4.5,54.4,0.6,0.1,0.0,13.540000000000001
197,Matt Bushman,KC,TE,L 20-21,0.0,Det,Home,75.0,09-12-23,1,False,0,87,15,10,1,0.0,0.0,0.0,0.0,0.0,0.0,0.0,0.0,0.0,0.0,0.0,0.0,0.0,0.0,0.0,0.0,0.0,0.0,0.0,0.0,0.0,0.0,0.0,0.0,0.0,0.0,0.0
1197,Matt Sokol,NE,TE,L 21-27,0.0,Buf,Away,76.0,01-02-24,17,False,0,88,21,3,0,0.0,0.0,0.0,0.0,0.0,0.0,0.0,0.0,0.0,0.0,0.0,0.0,0.0,0.0,0.0,0.0,0.0,0.0,0.0,0.0,0.0,0.0,0.0,0.0,0.0,0.0,0.0
826,Matt Sokol,NE,TE,L 3-17,0.0,NYJ,Home,76.5,01-09-24,18,False,0,88,21,24,1,0.0,0.0,0.0,0.0,0.0,0.0,0.0,0.0,0.0,0.0,0.0,0.0,0.0,0.0,0.0,0.0,0.0,0.0,0.0,0.0,0.0,0.0,0.0,0.0,0.0,0.0,0.0
1106,Matt Sokol,NE,TE,W 26-23,0.0,Den,Away,78.0,12-26-23,16,False,0,88,21,9,0,0.0,0.0,0.0,0.0,0.0,0.0,0.0,0.0,0.0,0.0,0.0,0.0,0.0,0.0,0.0,0.0,0.0,0.0,0.0,0.0,0.0,0.0,0.0,0.0,0.0,0.0,0.0
156,Michael Mayer,LV,TE,W 17-16,0.0,Den,Away,75.0,09-12-23,1,False,0,89,18,9,0,0.0,0.0,0.0,0.0,0.0,0.0,0.0,0.0,0.0,0.0,0.0,0.0,0.0,0.0,0.0,0.0,0.0,0.0,0.0,0.0,0.0,0.0,0.0,0.0,0.0,0.0,0.0
1257,Michael Mayer,LV,TE,L 10-38,1.2,Buf,Away,52.0,09-19-23,2,False,0,89,18,3,0,0.6,0.0,0.0,0.5,1.0,0.0,0.0,0.0,0.0,1.2,0.0,0.0,1.0,2.0,0.0,0.0,0.0,0.0,0.6,0.0,0.0,0.5,1.0,0.0,0.0,0.0,0.6
247,Michael Mayer,LV,TE,L 18-23,2.0,Pit,Home,47.5,09-26-23,3,False,0,89,18,26,1,1.0666666666666667,0.0,0.0,0.3333333333333333,0.6666666666666666,0.0,0.0,0.0,0.0,3.2,0.0,0.0,1.0,2.0,0.0,0.0,0.0,0.0,1.0666666666666667,0.0,0.0,0.3333333333333333,0.6666666666666666,0.0,0.0,0.0,1.0666666666666667
58,Michael Mayer,LV,TE,L 17-24,0.0,LAC,Away,79.5,10-03-23,4,False,0,89,18,16,0,0.8,0.0,0.0,0.25,0.5,0.0,0.0,0.0,0.0,3.2,0.0,0.0,1.0,2.0,0.0,0.0,0.0,0.0,0.8,0.0,0.0,0.25,0.5,0.0,0.0,0.0,0.8
319,Michael Mayer,LV,TE,W 17-13,5.9,GB,Home,21.0,10-10-23,5,False,0,89,18,11,1,1.8200000000000003,0.0,0.0,0.6,8.2,0.0,0.0,0.0,0.0,9.100000000000001,0.0,0.0,3.0,41.0,0.0,0.0,0.0,0.0,1.8200000000000003,0.0,0.0,0.6,8.2,0.0,0.0,0.0,1.8200000000000003
1583,Michael Mayer,LV,TE,W 21-17,12.5,NE,Home,5.0,10-17-23,6,False,0,89,18,21,1,4.32,0.0,0.0,1.6,23.2,0.0,0.0,0.0,0.0,21.6,0.0,0.0,8.0,116.0,0.0,0.0,0.0,0.0,3.6,0.0,0.0,1.3333333333333333,19.333333333333332,0.0,0.0,0.0,3.6
1527,Michael Mayer,LV,TE,L 12-30,3.3,Chi,Away,29.0,10-24-23,7,False,0,89,18,5,0,4.74,0.0,0.0,1.8,25.4,0.0,0.0,0.0,0.0,24.900000000000002,0.0,0.0,10.0,129.0,0.0,0.0,0.0,0.0,3.5571428571428574,0.0,0.0,1.4285714285714286,18.428571428571427,0.0,0.0,0.0,3.5571428571428574
1434,Michael Mayer,LV,TE,L 14-26,2.9,Det,Away,32.0,10-31-23,8,False,0,89,18,10,0,4.92,0.0,0.0,2.0,29.2,0.0,0.0,0.0,0.0,27.8,0.0,0.0,11.0,148.0,0.0,0.0,0.0,0.0,3.475,0.0,0.0,1.375,18.5,0.0,0.0,0.0,3.475
592,Michael Mayer,LV,TE,W 30-6,3.1,NYG,Home,34.5,11-07-23,9,False,0,89,18,23,1,5.540000000000001,0.0,0.0,2.4,31.4,0.0,0.0,0.0,0.0,30.900000000000002,0.0,0.0,13.0,159.0,0.0,0.0,0.0,0.0,3.4333333333333336,0.0,0.0,1.4444444444444444,17.666666666666668,0.0,0.0,0.0,3.4333333333333336
840,Michael Mayer,LV,TE,W 16-12,10.9,NYJ,Home,9.0,11-14-23,10,False,0,89,18,24,1,6.540000000000001,0.0,0.0,2.6,27.4,0.2,0.0,0.0,0.0,41.8,0.0,0.0,16.0,178.0,1.0,0.0,0.0,0.0,4.18,0.0,0.0,1.6,17.8,0.1,0.0,0.0,4.18
400,Michael Mayer,LV,TE,L 13-20,8.6,Mia,Away,15.0,11-21-23,11,False,0,89,18,19,0,5.76,0.0,0.0,2.4,21.6,0.2,0.0,0.0,0.0,50.4,0.0,0.0,20.0,224.0,1.0,0.0,0.0,0.0,4.581818181818182,0.0,0.0,1.8181818181818181,20.363636363636363,0.09090909090909091,0.0,0.0,4.581818181818182
945,Michael Mayer,LV,TE,L 17-31,4.7,KC,Home,27.0,11-28-23,12,False,0,89,18,15,1,6.04,0.0,0.0,2.4,24.4,0.2,0.0,0.0,0.0,55.1,0.0,0.0,22.0,251.0,1.0,0.0,0.0,0.0,4.591666666666667,0.0,0.0,1.8333333333333333,20.916666666666668,0.08333333333333333,0.0,0.0,4.591666666666667
687,Michael Mayer,LV,TE,L 0-3,2.4,Min,Home,41.5,12-12-23,14,False,0,89,18,20,1,5.9399999999999995,0.0,0.0,2.4,23.4,0.2,0.0,0.0,0.0,57.5,0.0,0.0,23.0,265.0,1.0,0.0,0.0,0.0,4.423076923076923,0.0,0.0,1.7692307692307692,20.384615384615383,0.07692307692307693,0.0,0.0,4.423076923076923
1310,Michael Mayer,LV,TE,W 63-21,13.9,LAC,Home,8.0,12-19-23,15,False,0,89,18,16,1,8.1,0.0,0.0,2.8,29.0,0.4,0.0,0.0,0.0,71.4,0.0,0.0,27.0,304.0,2.0,0.0,0.0,0.0,5.1000000000000005,0.0,0.0,1.9285714285714286,21.714285714285715,0.14285714285714285,0.0,0.0,5.1000000000000005
1133,Mike Gesicki,NE,TE,L 21-27,7.5,Buf,Away,21.0,01-02-24,17,False,0,90,21,3,0,7.5,0.0,0.0,4.0,35.0,0.0,0.0,0.0,0.0,7.5,0.0,0.0,4.0,35.0,0.0,0.0,0.0,0.0,7.5,0.0,0.0,4.0,35.0,0.0,0.0,0.0,7.5
788,Mike Gesicki,NE,TE,L 3-17,1.5,NYJ,Home,51.0,01-09-24,18,False,0,90,21,24,1,4.5,0.0,0.0,2.5,20.0,0.0,0.0,0.0,0.0,9.0,0.0,0.0,5.0,40.0,0.0,0.0,0.0,0.0,4.5,0.0,0.0,2.5,20.0,0.0,0.0,0.0,4.5
122,Mike Gesicki,NE,TE,L 20-25,6.6,Phi,Home,19.5,09-12-23,1,False,0,90,21,25,1,5.2,0.0,0.0,2.6666666666666665,25.333333333333332,0.0,0.0,0.0,0.0,15.6,0.0,0.0,8.0,76.0,0.0,0.0,0.0,0.0,5.2,0.0,0.0,2.6666666666666665,25.333333333333332,0.0,0.0,0.0,5.2
1224,Mike Gesicki,NE,TE,L 17-24,8.3,Mia,Home,19.0,09-19-23,2,False,0,90,21,19,1,5.975,0.0,0.0,3.25,27.25,0.0,0.0,0.0,0.0,23.9,0.0,0.0,13.0,109.0,0.0,0.0,0.0,0.0,5.975,0.0,0.0,3.25,27.25,0.0,0.0,0.0,5.975
236,Mike Gesicki,NE,TE,W 15-10,2.8,NYJ,Away,36.0,09-26-23,3,False,0,90,21,24,0,5.34,0.0,0.0,2.8,25.4,0.0,0.0,0.0,0.0,26.7,0.0,0.0,14.0,127.0,0.0,0.0,0.0,0.0,5.34,0.0,0.0,2.8,25.4,0.0,0.0,0.0,5.34
40,Mike Gesicki,NE,TE,L 3-38,2.2,Dal,Away,40.5,10-03-23,4,False,0,90,21,8,0,4.279999999999999,0.0,0.0,2.2,20.8,0.0,0.0,0.0,0.0,28.9,0.0,0.0,15.0,139.0,0.0,0.0,0.0,0.0,4.816666666666666,0.0,0.0,2.5,23.166666666666668,0.0,0.0,0.0,4.816666666666666
331,Mike Gesicki,NE,TE,L 0-34,3.7,NO,Home,33.5,10-10-23,5,False,0,90,21,22,1,4.720000000000001,0.0,0.0,2.4,23.2,0.0,0.0,0.0,0.0,32.6,0.0,0.0,17.0,156.0,0.0,0.0,0.0,0.0,4.6571428571428575,0.0,0.0,2.4285714285714284,22.285714285714285,0.0,0.0,0.0,4.6571428571428575
1597,Mike Gesicki,NE,TE,L 17-21,5.8,LV,Away,19.0,10-17-23,6,False,0,90,21,18,0,4.56,0.0,0.0,2.4,21.6,0.0,0.0,0.0,0.0,38.4,0.0,0.0,20.0,184.0,0.0,0.0,0.0,0.0,4.8,0.0,0.0,2.5,23.0,0.0,0.0,0.0,4.8
1513,Mike Gesicki,NE,TE,W 29-25,8.5,Buf,Home,15.0,10-24-23,7,False,0,90,21,3,1,4.6,0.0,0.0,1.8,16.0,0.2,0.0,0.0,0.0,46.9,0.0,0.0,22.0,189.0,1.0,0.0,0.0,0.0,5.211111111111111,0.0,0.0,2.4444444444444446,21.0,0.1111111111111111,0.0,0.0,5.211111111111111
1433,Mike Gesicki,NE,TE,L 17-31,3.1,Mia,Away,30.0,10-31-23,8,False,0,90,21,19,0,4.66,0.0,0.0,2.0,14.6,0.2,0.0,0.0,0.0,50.0,0.0,0.0,24.0,200.0,1.0,0.0,0.0,0.0,5.0,0.0,0.0,2.4,20.0,0.1,0.0,0.0,5.0
607,Mike Gesicki,NE,TE,L 17-20,0.0,Wsh,Home,68.0,11-07-23,9,False,0,90,21,31,1,4.220000000000001,0.0,0.0,1.8,12.2,0.2,0.0,0.0,0.0,50.0,0.0,0.0,24.0,200.0,1.0,0.0,0.0,0.0,4.545454545454546,0.0,0.0,2.1818181818181817,18.181818181818183,0.09090909090909091,0.0,0.0,4.545454545454546
858,Mike Gesicki,NE,TE,L 6-10,4.2,Ind,Home,27.5,11-14-23,10,False,0,90,21,13,1,4.32,0.0,0.0,1.8,13.2,0.2,0.0,0.0,0.0,54.2,0.0,0.0,26.0,222.0,1.0,0.0,0.0,0.0,4.516666666666667,0.0,0.0,2.1666666666666665,18.5,0.08333333333333333,0.0,0.0,4.516666666666667
977,Mike Gesicki,NE,TE,L 7-10,0.0,NYG,Away,78.0,11-28-23,12,False,0,90,21,23,0,3.16,0.0,0.0,1.2,7.6,0.2,0.0,0.0,0.0,54.2,0.0,0.0,26.0,222.0,1.0,0.0,0.0,0.0,4.1692307692307695,0.0,0.0,2.0,17.076923076923077,0.07692307692307693,0.0,0.0,4.1692307692307695
522,Mike Gesicki,NE,TE,L 0-6,0.0,LAC,Home,66.0,12-05-23,13,False,0,90,21,16,1,1.4600000000000002,0.0,0.0,0.8,6.6,0.0,0.0,0.0,0.0,54.2,0.0,0.0,26.0,222.0,1.0,0.0,0.0,0.0,3.8714285714285714,0.0,0.0,1.8571428571428572,15.857142857142858,0.07142857142857142,0.0,0.0,3.8714285714285714
700,Mike Gesicki,NE,TE,W 21-18,0.0,Pit,Away,73.0,12-12-23,14,False,0,90,21,26,0,0.8400000000000002,0.0,0.0,0.4,4.4,0.0,0.0,0.0,0.0,54.2,0.0,0.0,26.0,222.0,1.0,0.0,0.0,0.0,3.6133333333333337,0.0,0.0,1.7333333333333334,14.8,0.06666666666666667,0.0,0.0,3.6133333333333337
1357,Mike Gesicki,NE,TE,L 17-27,1.7,KC,Home,54.5,12-19-23,15,False,0,90,21,15,1,1.1800000000000002,0.0,0.0,0.6,5.8,0.0,0.0,0.0,0.0,55.9,0.0,0.0,27.0,229.0,1.0,0.0,0.0,0.0,3.49375,0.0,0.0,1.6875,14.3125,0.0625,0.0,0.0,3.49375
1036,Mike Gesicki,NE,TE,W 26-23,9.5,Den,Away,19.0,12-26-23,16,False,0,90,21,9,0,2.2399999999999998,0.0,0.0,0.6,4.4,0.2,0.0,0.0,0.0,65.4,0.0,0.0,29.0,244.0,2.0,0.0,0.0,0.0,3.8470588235294123,0.0,0.0,1.7058823529411764,14.352941176470589,0.11764705882352941,0.0,0.0,3.8470588235294123
1191,Mitchell Wilcox,Cin,TE,L 17-25,0.0,KC,Away,76.0,01-02-24,17,False,0,91,6,15,0,0.0,0.0,0.0,0.0,0.0,0.0,0.0,0.0,0.0,0.0,0.0,0.0,0.0,0.0,0.0,0.0,0.0,0.0,0.0,0.0,0.0,0.0,0.0,0.0,0.0,0.0,0.0
817,Mitchell Wilcox,Cin,TE,W 31-14,0.0,Cle,Home,76.5,01-09-24,18,False,0,91,6,7,1,0.0,0.0,0.0,0.0,0.0,0.0,0.0,0.0,0.0,0.0,0.0,0.0,0.0,0.0,0.0,0.0,0.0,0.0,0.0,0.0,0.0,0.0,0.0,0.0,0.0,0.0,0.0
178,Mitchell Wilcox,Cin,TE,L 3-24,0.0,Cle,Away,75.0,09-12-23,1,False,0,91,6,7,0,0.0,0.0,0.0,0.0,0.0,0.0,0.0,0.0,0.0,0.0,0.0,0.0,0.0,0.0,0.0,0.0,0.0,0.0,0.0,0.0,0.0,0.0,0.0,0.0,0.0,0.0,0.0
1284,Mitchell Wilcox,Cin,TE,L 24-27,0.0,Bal,Home,76.0,09-19-23,2,False,0,91,6,2,1,0.0,0.0,0.0,0.0,0.0,0.0,0.0,0.0,0.0,0.0,0.0,0.0,0.0,0.0,0.0,0.0,0.0,0.0,0.0,0.0,0.0,0.0,0.0,0.0,0.0,0.0,0.0
234,Mitchell Wilcox,Cin,TE,W 19-16,3.0,LAR,Home,33.5,09-26-23,3,False,0,91,6,17,1,0.6,0.0,0.0,0.4,2.0,0.0,0.0,0.0,0.0,3.0,0.0,0.0,2.0,10.0,0.0,0.0,0.0,0.0,0.6,0.0,0.0,0.4,2.0,0.0,0.0,0.0,0.6
47,Mitchell Wilcox,Cin,TE,L 3-27,1.7,Ten,Away,47.5,10-03-23,4,False,0,91,6,30,0,0.9400000000000001,0.0,0.0,0.6,3.4,0.0,0.0,0.0,0.0,4.7,0.0,0.0,3.0,17.0,0.0,0.0,0.0,0.0,0.7833333333333333,0.0,0.0,0.5,2.8333333333333335,0.0,0.0,0.0,0.7833333333333333
369,Mitchell Wilcox,Cin,TE,W 34-20,0.0,Ari,Away,71.0,10-10-23,5,False,0,91,6,0,0,0.9400000000000001,0.0,0.0,0.6,3.4,0.0,0.0,0.0,0.0,4.7,0.0,0.0,3.0,17.0,0.0,0.0,0.0,0.0,0.6714285714285715,0.0,0.0,0.42857142857142855,2.4285714285714284,0.0,0.0,0.0,0.6714285714285715
1649,Mitchell Wilcox,Cin,TE,W 17-13,0.0,Sea,Home,72.0,10-17-23,6,False,0,91,6,28,1,0.9400000000000001,0.0,0.0,0.6,3.4,0.0,0.0,0.0,0.0,4.7,0.0,0.0,3.0,17.0,0.0,0.0,0.0,0.0,0.5875,0.0,0.0,0.375,2.125,0.0,0.0,0.0,0.5875
1477,Mitchell Wilcox,Cin,TE,W 31-17,0.0,SF,Away,73.0,10-31-23,8,False,0,91,6,27,0,0.9400000000000001,0.0,0.0,0.6,3.4,0.0,0.0,0.0,0.0,4.7,0.0,0.0,3.0,17.0,0.0,0.0,0.0,0.0,0.5222222222222223,0.0,0.0,0.3333333333333333,1.8888888888888888,0.0,0.0,0.0,0.5222222222222223
624,Mitchell Wilcox,Cin,TE,W 24-18,0.0,Buf,Home,68.0,11-07-23,9,False,0,91,6,3,1,0.33999999999999997,0.0,0.0,0.2,1.4,0.0,0.0,0.0,0.0,4.7,0.0,0.0,3.0,17.0,0.0,0.0,0.0,0.0,0.47000000000000003,0.0,0.0,0.3,1.7,0.0,0.0,0.0,0.47000000000000003
896,Mitchell Wilcox,Cin,TE,L 27-30,0.0,Hou,Home,69.5,11-14-23,10,False,0,91,6,12,1,0.0,0.0,0.0,0.0,0.0,0.0,0.0,0.0,0.0,4.7,0.0,0.0,3.0,17.0,0.0,0.0,0.0,0.0,0.4272727272727273,0.0,0.0,0.2727272727272727,1.5454545454545454,0.0,0.0,0.0,0.4272727272727273
453,Mitchell Wilcox,Cin,TE,L 20-34,0.0,Bal,Away,67.0,11-21-23,11,False,0,91,6,2,0,0.0,0.0,0.0,0.0,0.0,0.0,0.0,0.0,0.0,4.7,0.0,0.0,3.0,17.0,0.0,0.0,0.0,0.0,0.39166666666666666,0.0,0.0,0.25,1.4166666666666667,0.0,0.0,0.0,0.39166666666666666
974,Mitchell Wilcox,Cin,TE,L 10-16,1.1,Pit,Home,56.0,11-28-23,12,False,0,91,6,26,1,0.22000000000000003,0.0,0.0,0.2,0.2,0.0,0.0,0.0,0.0,5.8,0.0,0.0,4.0,18.0,0.0,0.0,0.0,0.0,0.4461538461538461,0.0,0.0,0.3076923076923077,1.3846153846153846,0.0,0.0,0.0,0.4461538461538461
510,Mitchell Wilcox,Cin,TE,W 34-31,2.2,Jax,Away,36.0,12-05-23,13,False,0,91,6,14,0,0.66,0.0,0.0,0.4,2.6,0.0,0.0,0.0,0.0,8.0,0.0,0.0,5.0,30.0,0.0,0.0,0.0,0.0,0.5714285714285714,0.0,0.0,0.35714285714285715,2.142857142857143,0.0,0.0,0.0,0.5714285714285714
699,Mitchell Wilcox,Cin,TE,W 34-14,1.0,Ind,Home,53.0,12-12-23,14,False,0,91,6,13,1,0.8600000000000001,0.0,0.0,0.6,2.6,0.0,0.0,0.0,0.0,9.0,0.0,0.0,6.0,30.0,0.0,0.0,0.0,0.0,0.6,0.0,0.0,0.4,2.0,0.0,0.0,0.0,0.6
1339,Mitchell Wilcox,Cin,TE,W 27-24,4.0,Min,Home,37.0,12-19-23,15,False,0,91,6,20,1,1.6600000000000001,0.0,0.0,1.0,6.6,0.0,0.0,0.0,0.0,13.0,0.0,0.0,8.0,50.0,0.0,0.0,0.0,0.0,0.8125,0.0,0.0,0.5,3.125,0.0,0.0,0.0,0.8125
1071,Mitchell Wilcox,Cin,TE,L 11-34,1.6,Pit,Away,53.5,12-26-23,16,False,0,91,6,26,0,1.98,0.0,0.0,1.2,7.8,0.0,0.0,0.0,0.0,14.6,0.0,0.0,9.0,56.0,0.0,0.0,0.0,0.0,0.8588235294117647,0.0,0.0,0.5294117647058824,3.2941176470588234,0.0,0.0,0.0,0.8588235294117647
1151,Mo Alie-Cox,Ind,TE,W 23-20,3.8,LV,Home,38.5,01-02-24,17,False,0,92,13,18,1,3.8,0.0,0.0,2.0,18.0,0.0,0.0,0.0,0.0,3.8,0.0,0.0,2.0,18.0,0.0,0.0,0.0,0.0,3.8,0.0,0.0,2.0,18.0,0.0,0.0,0.0,3.8
760,Mo Alie-Cox,Ind,TE,L 19-23,5.8,Hou,Home,22.0,01-09-24,18,False,0,92,13,12,1,4.8,0.0,0.0,2.0,18.0,0.0,0.0,0.0,0.0,9.6,0.0,0.0,4.0,36.0,0.0,0.0,0.0,0.0,4.8,0.0,0.0,2.0,18.0,0.0,0.0,0.0,4.8
164,Mo Alie-Cox,Ind,TE,L 21-31,0.0,Jax,Home,75.0,09-12-23,1,False,0,92,13,14,1,3.1999999999999997,0.0,0.0,1.3333333333333333,12.0,0.0,0.0,0.0,0.0,9.6,0.0,0.0,4.0,36.0,0.0,0.0,0.0,0.0,3.1999999999999997,0.0,0.0,1.3333333333333333,12.0,0.0,0.0,0.0,3.1999999999999997
1252,Mo Alie-Cox,Ind,TE,W 31-20,2.5,Hou,Away,47.5,09-19-23,2,False,0,92,13,12,0,3.025,0.0,0.0,1.25,12.75,0.0,0.0,0.0,0.0,12.1,0.0,0.0,5.0,51.0,0.0,0.0,0.0,0.0,3.025,0.0,0.0,1.25,12.75,0.0,0.0,0.0,3.025
269,Mo Alie-Cox,Ind,TE,W 22-19,0.0,Bal,Away,79.0,09-26-23,3,False,0,92,13,2,0,2.42,0.0,0.0,1.0,10.2,0.0,0.0,0.0,0.0,12.1,0.0,0.0,5.0,51.0,0.0,0.0,0.0,0.0,2.42,0.0,0.0,1.0,10.2,0.0,0.0,0.0,2.42
12,Mo Alie-Cox,Ind,TE,L 23-29,10.5,LAR,Home,13.0,10-03-23,4,False,0,92,13,17,1,3.7600000000000002,0.0,0.0,0.8,13.6,0.2,0.0,0.0,0.0,22.6,0.0,0.0,6.0,86.0,1.0,0.0,0.0,0.0,3.766666666666667,0.0,0.0,1.0,14.333333333333334,0.16666666666666666,0.0,0.0,3.766666666666667
343,Mo Alie-Cox,Ind,TE,W 23-16,2.7,Ten,Home,45.0,10-10-23,5,False,0,92,13,30,1,3.1399999999999997,0.0,0.0,0.6,13.4,0.2,0.0,0.0,0.0,25.3,0.0,0.0,7.0,103.0,1.0,0.0,0.0,0.0,3.6142857142857143,0.0,0.0,1.0,14.714285714285714,0.14285714285714285,0.0,0.0,3.6142857142857143
1640,Mo Alie-Cox,Ind,TE,L 20-37,0.0,Jax,Away,72.0,10-17-23,6,False,0,92,13,14,0,3.1399999999999997,0.0,0.0,0.6,13.4,0.2,0.0,0.0,0.0,25.3,0.0,0.0,7.0,103.0,1.0,0.0,0.0,0.0,3.1625,0.0,0.0,0.875,12.875,0.125,0.0,0.0,3.1625
1542,Mo Alie-Cox,Ind,TE,L 38-39,0.4,Cle,Home,44.0,10-24-23,7,False,0,92,13,7,1,2.7199999999999998,0.0,0.0,0.6,9.2,0.2,0.0,0.0,0.0,25.7,0.0,0.0,8.0,97.0,1.0,0.0,0.0,0.0,2.8555555555555556,0.0,0.0,0.8888888888888888,10.777777777777779,0.1111111111111111,0.0,0.0,2.8555555555555556
1442,Mo Alie-Cox,Ind,TE,L 27-38,2.1,NO,Home,39.0,10-31-23,8,False,0,92,13,22,1,3.1399999999999997,0.0,0.0,0.8,11.4,0.2,0.0,0.0,0.0,27.8,0.0,0.0,9.0,108.0,1.0,0.0,0.0,0.0,2.7800000000000002,0.0,0.0,0.9,10.8,0.1,0.0,0.0,2.7800000000000002
616,Mo Alie-Cox,Ind,TE,W 27-13,0.0,Car,Away,68.0,11-07-23,9,False,0,92,13,4,0,1.04,0.0,0.0,0.6,4.4,0.0,0.0,0.0,0.0,27.8,0.0,0.0,9.0,108.0,1.0,0.0,0.0,0.0,2.5272727272727273,0.0,0.0,0.8181818181818182,9.818181818181818,0.09090909090909091,0.0,0.0,2.5272727272727273
888,Mo Alie-Cox,Ind,TE,W 10-6,0.0,NE,Away,69.5,11-14-23,10,False,0,92,13,21,0,0.5,0.0,0.0,0.4,1.0,0.0,0.0,0.0,0.0,27.8,0.0,0.0,9.0,108.0,1.0,0.0,0.0,0.0,2.316666666666667,0.0,0.0,0.75,9.0,0.08333333333333333,0.0,0.0,2.316666666666667
949,Mo Alie-Cox,Ind,TE,W 27-20,4.0,TB,Home,31.0,11-28-23,12,False,0,92,13,29,1,1.3,0.0,0.0,0.6,7.0,0.0,0.0,0.0,0.0,31.8,0.0,0.0,10.0,138.0,1.0,0.0,0.0,0.0,2.4461538461538463,0.0,0.0,0.7692307692307693,10.615384615384615,0.07692307692307693,0.0,0.0,2.4461538461538463
533,Mo Alie-Cox,Ind,TE,W 31-28,0.0,Ten,Away,66.0,12-05-23,13,False,0,92,13,30,0,1.22,0.0,0.0,0.4,8.2,0.0,0.0,0.0,0.0,31.8,0.0,0.0,10.0,138.0,1.0,0.0,0.0,0.0,2.2714285714285714,0.0,0.0,0.7142857142857143,9.857142857142858,0.07142857142857142,0.0,0.0,2.2714285714285714
668,Mo Alie-Cox,Ind,TE,L 14-34,7.2,Cin,Away,22.0,12-12-23,14,False,0,92,13,6,0,2.2399999999999998,0.0,0.0,0.4,6.4,0.2,0.0,0.0,0.0,39.0,0.0,0.0,11.0,140.0,2.0,0.0,0.0,0.0,2.6,0.0,0.0,0.7333333333333333,9.333333333333334,0.13333333333333333,0.0,0.0,2.6
1315,Mo Alie-Cox,Ind,TE,W 30-13,10.1,Pit,Home,13.0,12-19-23,15,False,0,92,13,26,1,4.26,0.0,0.0,0.8,10.6,0.4,0.0,0.0,0.0,49.1,0.0,0.0,13.0,161.0,3.0,0.0,0.0,0.0,3.06875,0.0,0.0,0.8125,10.0625,0.1875,0.0,0.0,3.06875
1086,Mo Alie-Cox,Ind,TE,L 10-29,0.0,Atl,Away,78.0,12-26-23,16,False,0,92,13,1,0,4.26,0.0,0.0,0.8,10.6,0.4,0.0,0.0,0.0,49.1,0.0,0.0,13.0,161.0,3.0,0.0,0.0,0.0,2.888235294117647,0.0,0.0,0.7647058823529411,9.470588235294118,0.17647058823529413,0.0,0.0,2.888235294117647
1157,MyCole Pruitt,Atl,TE,L 17-37,2.4,Chi,Away,45.0,01-02-24,17,False,0,93,1,5,0,2.4,0.0,0.0,1.0,14.0,0.0,0.0,0.0,0.0,2.4,0.0,0.0,1.0,14.0,0.0,0.0,0.0,0.0,2.4,0.0,0.0,1.0,14.0,0.0,0.0,0.0,2.4
782,MyCole Pruitt,Atl,TE,L 17-48,2.7,NO,Away,43.5,01-09-24,18,False,0,93,1,22,0,2.55,0.0,0.0,1.0,15.5,0.0,0.0,0.0,0.0,5.1,0.0,0.0,2.0,31.0,0.0,0.0,0.0,0.0,2.55,0.0,0.0,1.0,15.5,0.0,0.0,0.0,2.55
193,MyCole Pruitt,Atl,TE,W 24-10,0.0,Car,Home,75.0,09-12-23,1,False,0,93,1,4,1,1.7,0.0,0.0,0.6666666666666666,10.333333333333334,0.0,0.0,0.0,0.0,5.1,0.0,0.0,2.0,31.0,0.0,0.0,0.0,0.0,1.7,0.0,0.0,0.6666666666666666,10.333333333333334,0.0,0.0,0.0,1.7
1297,MyCole Pruitt,Atl,TE,W 25-24,0.0,GB,Home,76.0,09-19-23,2,False,0,93,1,11,1,1.275,0.0,0.0,0.5,7.75,0.0,0.0,0.0,0.0,5.1,0.0,0.0,2.0,31.0,0.0,0.0,0.0,0.0,1.275,0.0,0.0,0.5,7.75,0.0,0.0,0.0,1.275
248,MyCole Pruitt,Atl,TE,L 6-20,2.0,Det,Away,47.5,09-26-23,3,False,0,93,1,10,0,1.42,0.0,0.0,0.6,8.2,0.0,0.0,0.0,0.0,7.1,0.0,0.0,3.0,41.0,0.0,0.0,0.0,0.0,1.42,0.0,0.0,0.6,8.2,0.0,0.0,0.0,1.42
90,MyCole Pruitt,Atl,TE,L 7-23,0.0,Jax,Away,79.5,10-03-23,4,False,0,93,1,14,0,0.9399999999999998,0.0,0.0,0.4,5.4,0.0,0.0,0.0,0.0,7.1,0.0,0.0,3.0,41.0,0.0,0.0,0.0,0.0,1.1833333333333333,0.0,0.0,0.5,6.833333333333333,0.0,0.0,0.0,1.1833333333333333
337,MyCole Pruitt,Atl,TE,W 21-19,3.2,Hou,Home,38.0,10-10-23,5,False,0,93,1,12,1,1.04,0.0,0.0,0.4,6.4,0.0,0.0,0.0,0.0,10.3,0.0,0.0,4.0,63.0,0.0,0.0,0.0,0.0,1.4714285714285715,0.0,0.0,0.5714285714285714,9.0,0.0,0.0,0.0,1.4714285714285715
1618,MyCole Pruitt,Atl,TE,L 16-24,1.9,Wsh,Home,39.5,10-17-23,6,False,0,93,1,31,1,1.42,0.0,0.0,0.6,8.2,0.0,0.0,0.0,0.0,12.2,0.0,0.0,5.0,72.0,0.0,0.0,0.0,0.0,1.525,0.0,0.0,0.625,9.0,0.0,0.0,0.0,1.525
1570,MyCole Pruitt,Atl,TE,W 16-13,0.0,TB,Away,62.0,10-24-23,7,False,0,93,1,29,0,1.42,0.0,0.0,0.6,8.2,0.0,0.0,0.0,0.0,12.2,0.0,0.0,5.0,72.0,0.0,0.0,0.0,0.0,1.3555555555555554,0.0,0.0,0.5555555555555556,8.0,0.0,0.0,0.0,1.3555555555555554
1453,MyCole Pruitt,Atl,TE,L 23-28,1.3,Ten,Away,50.0,10-31-23,8,False,0,93,1,30,0,1.28,0.0,0.0,0.6,6.8,0.0,0.0,0.0,0.0,13.5,0.0,0.0,6.0,75.0,0.0,0.0,0.0,0.0,1.35,0.0,0.0,0.6,7.5,0.0,0.0,0.0,1.35
632,MyCole Pruitt,Atl,TE,L 28-31,0.0,Min,Home,68.0,11-07-23,9,False,0,93,1,20,1,1.28,0.0,0.0,0.6,6.8,0.0,0.0,0.0,0.0,13.5,0.0,0.0,6.0,75.0,0.0,0.0,0.0,0.0,1.2272727272727273,0.0,0.0,0.5454545454545454,6.818181818181818,0.0,0.0,0.0,1.2272727272727273
904,MyCole Pruitt,Atl,TE,L 23-25,0.0,Ari,Away,69.5,11-14-23,10,False,0,93,1,0,0,0.64,0.0,0.0,0.4,2.4,0.0,0.0,0.0,0.0,13.5,0.0,0.0,6.0,75.0,0.0,0.0,0.0,0.0,1.125,0.0,0.0,0.5,6.25,0.0,0.0,0.0,1.125
1006,MyCole Pruitt,Atl,TE,W 24-15,0.0,NO,Home,78.0,11-28-23,12,False,0,93,1,22,1,0.26,0.0,0.0,0.2,0.6,0.0,0.0,0.0,0.0,13.5,0.0,0.0,6.0,75.0,0.0,0.0,0.0,0.0,1.0384615384615385,0.0,0.0,0.46153846153846156,5.769230769230769,0.0,0.0,0.0,1.0384615384615385
486,MyCole Pruitt,Atl,TE,W 13-8,9.0,NYJ,Away,13.0,12-05-23,13,False,0,93,1,24,0,2.06,0.0,0.0,0.4,4.6,0.2,0.0,0.0,0.0,22.5,0.0,0.0,7.0,95.0,1.0,0.0,0.0,0.0,1.6071428571428572,0.0,0.0,0.5,6.785714285714286,0.07142857142857142,0.0,0.0,1.6071428571428572
683,MyCole Pruitt,Atl,TE,L 25-29,3.5,TB,Home,36.0,12-12-23,14,False,0,93,1,29,1,2.5,0.0,0.0,0.6,7.0,0.2,0.0,0.0,0.0,26.0,0.0,0.0,9.0,110.0,1.0,0.0,0.0,0.0,1.7333333333333334,0.0,0.0,0.6,7.333333333333333,0.06666666666666667,0.0,0.0,1.7333333333333334
1391,MyCole Pruitt,Atl,TE,L 7-9,0.0,Car,Away,81.5,12-19-23,15,False,0,93,1,4,0,2.5,0.0,0.0,0.6,7.0,0.2,0.0,0.0,0.0,26.0,0.0,0.0,9.0,110.0,1.0,0.0,0.0,0.0,1.625,0.0,0.0,0.5625,6.875,0.0625,0.0,0.0,1.625
1102,MyCole Pruitt,Atl,TE,W 29-10,0.0,Ind,Home,78.0,12-26-23,16,False,0,93,1,13,1,2.5,0.0,0.0,0.6,7.0,0.2,0.0,0.0,0.0,26.0,0.0,0.0,9.0,110.0,1.0,0.0,0.0,0.0,1.5294117647058822,0.0,0.0,0.5294117647058824,6.470588235294118,0.058823529411764705,0.0,0.0,1.5294117647058822
1195,Nate Adkins,Den,TE,W 16-9,0.0,LAC,Home,76.0,01-02-24,17,False,0,94,9,16,1,0.0,0.0,0.0,0.0,0.0,0.0,0.0,0.0,0.0,0.0,0.0,0.0,0.0,0.0,0.0,0.0,0.0,0.0,0.0,0.0,0.0,0.0,0.0,0.0,0.0,0.0,0.0
823,Nate Adkins,Den,TE,L 14-27,0.0,LV,Away,76.5,01-09-24,18,False,0,94,9,18,0,0.0,0.0,0.0,0.0,0.0,0.0,0.0,0.0,0.0,0.0,0.0,0.0,0.0,0.0,0.0,0.0,0.0,0.0,0.0,0.0,0.0,0.0,0.0,0.0,0.0,0.0,0.0
1298,Nate Adkins,Den,TE,L 33-35,0.0,Wsh,Home,76.0,09-19-23,2,False,0,94,9,31,1,0.0,0.0,0.0,0.0,0.0,0.0,0.0,0.0,0.0,0.0,0.0,0.0,0.0,0.0,0.0,0.0,0.0,0.0,0.0,0.0,0.0,0.0,0.0,0.0,0.0,0.0,0.0
246,Nate Adkins,Den,TE,L 20-70,2.1,Mia,Away,44.5,09-26-23,3,False,0,94,9,19,0,0.525,0.0,0.0,0.25,2.75,0.0,0.0,0.0,0.0,2.1,0.0,0.0,1.0,11.0,0.0,0.0,0.0,0.0,0.525,0.0,0.0,0.25,2.75,0.0,0.0,0.0,0.525
37,Nate Adkins,Den,TE,W 31-28,2.8,Chi,Away,38.0,10-03-23,4,False,0,94,9,5,0,0.9800000000000001,0.0,0.0,0.6,3.8,0.0,0.0,0.0,0.0,4.9,0.0,0.0,3.0,19.0,0.0,0.0,0.0,0.0,0.9800000000000001,0.0,0.0,0.6,3.8,0.0,0.0,0.0,0.9800000000000001
380,Nate Adkins,Den,TE,L 21-31,0.0,NYJ,Home,71.0,10-10-23,5,False,0,94,9,24,1,0.9800000000000001,0.0,0.0,0.6,3.8,0.0,0.0,0.0,0.0,4.9,0.0,0.0,3.0,19.0,0.0,0.0,0.0,0.0,0.8166666666666668,0.0,0.0,0.5,3.1666666666666665,0.0,0.0,0.0,0.8166666666666668
1539,Nate Adkins,Den,TE,W 19-17,1.3,GB,Home,41.0,10-24-23,7,False,0,94,9,11,1,1.24,0.0,0.0,0.8,4.4,0.0,0.0,0.0,0.0,6.2,0.0,0.0,4.0,22.0,0.0,0.0,0.0,0.0,0.8857142857142858,0.0,0.0,0.5714285714285714,3.142857142857143,0.0,0.0,0.0,0.8857142857142858
1490,Nate Adkins,Den,TE,W 24-9,0.0,KC,Home,73.0,10-31-23,8,False,0,94,9,15,1,1.24,0.0,0.0,0.8,4.4,0.0,0.0,0.0,0.0,6.2,0.0,0.0,4.0,22.0,0.0,0.0,0.0,0.0,0.775,0.0,0.0,0.5,2.75,0.0,0.0,0.0,0.775
463,Nate Adkins,Den,TE,W 21-20,0.0,Min,Home,67.0,11-21-23,11,False,0,94,9,20,1,0.82,0.0,0.0,0.6,2.2,0.0,0.0,0.0,0.0,6.2,0.0,0.0,4.0,22.0,0.0,0.0,0.0,0.0,0.6888888888888889,0.0,0.0,0.4444444444444444,2.4444444444444446,0.0,0.0,0.0,0.6888888888888889
1005,Nate Adkins,Den,TE,W 29-12,0.0,Cle,Home,78.0,11-28-23,12,False,0,94,9,7,1,0.26,0.0,0.0,0.2,0.6,0.0,0.0,0.0,0.0,6.2,0.0,0.0,4.0,22.0,0.0,0.0,0.0,0.0,0.62,0.0,0.0,0.4,2.2,0.0,0.0,0.0,0.62
1196,Nick Muse,Min,TE,L 10-33,0.0,GB,Home,76.0,01-02-24,17,False,0,95,20,11,1,0.0,0.0,0.0,0.0,0.0,0.0,0.0,0.0,0.0,0.0,0.0,0.0,0.0,0.0,0.0,0.0,0.0,0.0,0.0,0.0,0.0,0.0,0.0,0.0,0.0,0.0,0.0
776,Nick Muse,Min,TE,L 20-30,3.2,Det,Away,38.0,01-09-24,18,False,0,95,20,10,0,1.6,0.0,0.0,0.5,11.0,0.0,0.0,0.0,0.0,3.2,0.0,0.0,1.0,22.0,0.0,0.0,0.0,0.0,1.6,0.0,0.0,0.5,11.0,0.0,0.0,0.0,1.6
1199,Nick Vannett,LAC,TE,L 9-16,0.0,Den,Away,76.0,01-02-24,17,False,0,96,16,9,0,0.0,0.0,0.0,0.0,0.0,0.0,0.0,0.0,0.0,0.0,0.0,0.0,0.0,0.0,0.0,0.0,0.0,0.0,0.0,0.0,0.0,0.0,0.0,0.0,0.0,0.0,0.0
795,Nick Vannett,LAC,TE,L 12-13,1.3,KC,Home,56.0,01-09-24,18,False,0,96,16,15,1,0.65,0.0,0.0,0.5,1.5,0.0,0.0,0.0,0.0,1.3,0.0,0.0,1.0,3.0,0.0,0.0,0.0,0.0,0.65,0.0,0.0,0.5,1.5,0.0,0.0,0.0,0.65
645,Nick Vannett,LAC,TE,W 27-6,0.0,NYJ,Away,68.0,11-07-23,9,False,0,96,16,24,0,0.43333333333333335,0.0,0.0,0.3333333333333333,1.0,0.0,0.0,0.0,0.0,1.3,0.0,0.0,1.0,3.0,0.0,0.0,0.0,0.0,0.43333333333333335,0.0,0.0,0.3333333333333333,1.0,0.0,0.0,0.0,0.43333333333333335
917,Nick Vannett,LAC,TE,L 38-41,0.0,Det,Home,69.5,11-14-23,10,False,0,96,16,10,1,0.325,0.0,0.0,0.25,0.75,0.0,0.0,0.0,0.0,1.3,0.0,0.0,1.0,3.0,0.0,0.0,0.0,0.0,0.325,0.0,0.0,0.25,0.75,0.0,0.0,0.0,0.325
471,Nick Vannett,LAC,TE,L 20-23,0.0,GB,Away,67.0,11-21-23,11,False,0,96,16,11,0,0.26,0.0,0.0,0.2,0.6,0.0,0.0,0.0,0.0,1.3,0.0,0.0,1.0,3.0,0.0,0.0,0.0,0.0,0.26,0.0,0.0,0.2,0.6,0.0,0.0,0.0,0.26
732,Nick Vannett,LAC,TE,L 7-24,0.0,Den,Home,73.0,12-12-23,14,False,0,96,16,9,1,0.26,0.0,0.0,0.2,0.6,0.0,0.0,0.0,0.0,1.3,0.0,0.0,1.0,3.0,0.0,0.0,0.0,0.0,0.21666666666666667,0.0,0.0,0.16666666666666666,0.5,0.0,0.0,0.0,0.21666666666666667
1398,Nick Vannett,LAC,TE,L 21-63,0.0,LV,Away,81.5,12-19-23,15,False,0,96,16,18,0,0.0,0.0,0.0,0.0,0.0,0.0,0.0,0.0,0.0,1.3,0.0,0.0,1.0,3.0,0.0,0.0,0.0,0.0,0.18571428571428572,0.0,0.0,0.14285714285714285,0.42857142857142855,0.0,0.0,0.0,0.18571428571428572
1107,Nick Vannett,LAC,TE,L 22-24,0.0,Buf,Home,78.0,12-26-23,16,False,0,96,16,3,1,0.0,0.0,0.0,0.0,0.0,0.0,0.0,0.0,0.0,1.3,0.0,0.0,1.0,3.0,0.0,0.0,0.0,0.0,0.1625,0.0,0.0,0.125,0.375,0.0,0.0,0.0,0.1625
1123,Noah Fant,Sea,TE,L 23-30,10.9,Pit,Home,11.0,01-02-24,17,False,0,97,28,26,1,10.9,0.0,0.0,5.0,59.0,0.0,0.0,0.0,0.0,10.9,0.0,0.0,5.0,59.0,0.0,0.0,0.0,0.0,10.9,0.0,0.0,5.0,59.0,0.0,0.0,0.0,10.9
799,Noah Fant,Sea,TE,W 21-20,0.0,Ari,Away,76.5,01-09-24,18,False,0,97,28,0,0,5.45,0.0,0.0,2.5,29.5,0.0,0.0,0.0,0.0,10.9,0.0,0.0,5.0,59.0,0.0,0.0,0.0,0.0,5.45,0.0,0.0,2.5,29.5,0.0,0.0,0.0,5.45
155,Noah Fant,Sea,TE,L 13-30,0.0,LAR,Home,75.0,09-12-23,1,False,0,97,28,17,1,3.6333333333333333,0.0,0.0,1.6666666666666667,19.666666666666668,0.0,0.0,0.0,0.0,10.9,0.0,0.0,5.0,59.0,0.0,0.0,0.0,0.0,3.6333333333333333,0.0,0.0,1.6666666666666667,19.666666666666668,0.0,0.0,0.0,3.6333333333333333
1220,Noah Fant,Sea,TE,W 37-31,9.6,Det,Away,15.0,09-19-23,2,False,0,97,28,10,0,5.125,0.0,0.0,2.25,28.75,0.0,0.0,0.0,0.0,20.5,0.0,0.0,9.0,115.0,0.0,0.0,0.0,0.0,5.125,0.0,0.0,2.25,28.75,0.0,0.0,0.0,5.125
218,Noah Fant,Sea,TE,W 37-27,8.1,Car,Home,18.0,09-26-23,3,False,0,97,28,4,1,5.720000000000001,0.0,0.0,2.6,31.2,0.0,0.0,0.0,0.0,28.6,0.0,0.0,13.0,156.0,0.0,0.0,0.0,0.0,5.720000000000001,0.0,0.0,2.6,31.2,0.0,0.0,0.0,5.720000000000001
18,Noah Fant,Sea,TE,W 24-3,8.3,NYG,Away,19.0,10-03-23,4,False,0,97,28,23,0,5.2,0.0,0.0,2.0,32.0,0.0,0.0,0.0,0.0,36.9,0.0,0.0,15.0,219.0,0.0,0.0,0.0,0.0,6.1499999999999995,0.0,0.0,2.5,36.5,0.0,0.0,0.0,6.1499999999999995
1617,Noah Fant,Sea,TE,L 13-17,1.9,Cin,Away,39.5,10-17-23,6,False,0,97,28,6,0,5.58,0.0,0.0,2.2,33.8,0.0,0.0,0.0,0.0,38.8,0.0,0.0,16.0,228.0,0.0,0.0,0.0,0.0,5.542857142857143,0.0,0.0,2.2857142857142856,32.57142857142857,0.0,0.0,0.0,5.542857142857143
1526,Noah Fant,Sea,TE,W 20-10,3.5,Ari,Home,28.0,10-24-23,7,False,0,97,28,0,1,6.279999999999999,0.0,0.0,2.4,38.8,0.0,0.0,0.0,0.0,42.3,0.0,0.0,17.0,253.0,0.0,0.0,0.0,0.0,5.2875,0.0,0.0,2.125,31.625,0.0,0.0,0.0,5.2875
1429,Noah Fant,Sea,TE,W 24-20,5.2,Cle,Home,26.0,10-31-23,8,False,0,97,28,7,1,5.4,0.0,0.0,2.0,34.0,0.0,0.0,0.0,0.0,47.5,0.0,0.0,19.0,285.0,0.0,0.0,0.0,0.0,5.277777777777778,0.0,0.0,2.111111111111111,31.666666666666668,0.0,0.0,0.0,5.277777777777778
609,Noah Fant,Sea,TE,L 3-37,0.0,Bal,Away,68.0,11-07-23,9,False,0,97,28,2,0,3.78,0.0,0.0,1.2,25.8,0.0,0.0,0.0,0.0,47.5,0.0,0.0,19.0,285.0,0.0,0.0,0.0,0.0,4.75,0.0,0.0,1.9,28.5,0.0,0.0,0.0,4.75
868,Noah Fant,Sea,TE,W 29-26,2.6,Wsh,Home,37.0,11-14-23,10,False,0,97,28,31,1,2.6399999999999997,0.0,0.0,1.2,14.4,0.0,0.0,0.0,0.0,50.1,0.0,0.0,21.0,291.0,0.0,0.0,0.0,0.0,4.554545454545455,0.0,0.0,1.9090909090909092,26.454545454545453,0.0,0.0,0.0,4.554545454545455
428,Noah Fant,Sea,TE,L 16-17,1.4,LAR,Away,43.0,11-21-23,11,False,0,97,28,17,0,2.54,0.0,0.0,1.2,13.4,0.0,0.0,0.0,0.0,51.5,0.0,0.0,22.0,295.0,0.0,0.0,0.0,0.0,4.291666666666667,0.0,0.0,1.8333333333333333,24.583333333333332,0.0,0.0,0.0,4.291666666666667
947,Noah Fant,Sea,TE,L 13-31,4.5,SF,Home,28.5,11-28-23,12,False,0,97,28,27,1,2.7399999999999998,0.0,0.0,1.4,13.4,0.0,0.0,0.0,0.0,56.0,0.0,0.0,24.0,320.0,0.0,0.0,0.0,0.0,4.3076923076923075,0.0,0.0,1.8461538461538463,24.615384615384617,0.0,0.0,0.0,4.3076923076923075
490,Noah Fant,Sea,TE,L 35-41,7.3,Dal,Away,17.0,12-05-23,13,False,0,97,28,8,0,3.16,0.0,0.0,1.6,15.6,0.0,0.0,0.0,0.0,63.3,0.0,0.0,27.0,363.0,0.0,0.0,0.0,0.0,4.521428571428571,0.0,0.0,1.9285714285714286,25.928571428571427,0.0,0.0,0.0,4.521428571428571
676,Noah Fant,Sea,TE,L 16-28,5.5,SF,Away,30.0,12-12-23,14,False,0,97,28,27,0,4.26,0.0,0.0,2.0,22.6,0.0,0.0,0.0,0.0,68.8,0.0,0.0,29.0,398.0,0.0,0.0,0.0,0.0,4.586666666666667,0.0,0.0,1.9333333333333333,26.533333333333335,0.0,0.0,0.0,4.586666666666667
1336,Noah Fant,Sea,TE,W 20-17,4.6,Phi,Home,33.5,12-19-23,15,False,0,97,28,25,1,4.659999999999999,0.0,0.0,2.2,24.6,0.0,0.0,0.0,0.0,73.4,0.0,0.0,32.0,414.0,0.0,0.0,0.0,0.0,4.5875,0.0,0.0,2.0,25.875,0.0,0.0,0.0,4.5875
1079,Noah Fant,Sea,TE,W 20-17,0.0,Ten,Away,78.0,12-26-23,16,False,0,97,28,30,0,4.38,0.0,0.0,2.0,23.8,0.0,0.0,0.0,0.0,73.4,0.0,0.0,32.0,414.0,0.0,0.0,0.0,0.0,4.31764705882353,0.0,0.0,1.8823529411764706,24.352941176470587,0.0,0.0,0.0,4.31764705882353
1145,Noah Gray,KC,TE,W 25-17,4.7,Cin,Home,33.0,01-02-24,17,False,0,98,15,6,1,4.7,0.0,0.0,3.0,17.0,0.0,0.0,0.0,0.0,4.7,0.0,0.0,3.0,17.0,0.0,0.0,0.0,0.0,4.7,0.0,0.0,3.0,17.0,0.0,0.0,0.0,4.7
800,Noah Gray,KC,TE,W 13-12,0.0,LAC,Away,76.5,01-09-24,18,False,0,98,15,16,0,2.35,0.0,0.0,1.5,8.5,0.0,0.0,0.0,0.0,4.7,0.0,0.0,3.0,17.0,0.0,0.0,0.0,0.0,2.35,0.0,0.0,1.5,8.5,0.0,0.0,0.0,2.35
125,Noah Gray,KC,TE,L 20-21,6.1,Det,Home,24.0,09-12-23,1,False,0,98,15,10,1,3.6,0.0,0.0,2.0,16.0,0.0,0.0,0.0,0.0,10.8,0.0,0.0,6.0,48.0,0.0,0.0,0.0,0.0,3.6,0.0,0.0,2.0,16.0,0.0,0.0,0.0,3.6
1234,Noah Gray,KC,TE,W 17-9,6.8,Jax,Away,28.5,09-19-23,2,False,0,98,15,14,0,4.4,0.0,0.0,2.25,21.5,0.0,0.0,0.0,0.0,17.6,0.0,0.0,9.0,86.0,0.0,0.0,0.0,0.0,4.4,0.0,0.0,2.25,21.5,0.0,0.0,0.0,4.4
250,Noah Gray,KC,TE,W 41-10,1.9,Chi,Home,50.0,09-26-23,3,False,0,98,15,5,1,3.9,0.0,0.0,2.0,19.0,0.0,0.0,0.0,0.0,19.5,0.0,0.0,10.0,95.0,0.0,0.0,0.0,0.0,3.9,0.0,0.0,2.0,19.0,0.0,0.0,0.0,3.9
13,Noah Gray,KC,TE,W 23-20,10.4,NYJ,Away,14.0,10-03-23,4,False,0,98,15,24,0,5.040000000000001,0.0,0.0,1.6,22.4,0.2,0.0,0.0,0.0,29.9,0.0,0.0,11.0,129.0,1.0,0.0,0.0,0.0,4.983333333333333,0.0,0.0,1.8333333333333333,21.5,0.16666666666666666,0.0,0.0,4.983333333333333
326,Noah Gray,KC,TE,W 27-20,4.1,Min,Away,28.0,10-10-23,5,False,0,98,15,20,0,5.86,0.0,0.0,2.0,26.6,0.2,0.0,0.0,0.0,34.0,0.0,0.0,13.0,150.0,1.0,0.0,0.0,0.0,4.857142857142857,0.0,0.0,1.8571428571428572,21.428571428571427,0.14285714285714285,0.0,0.0,4.857142857142857
1608,Noah Gray,KC,TE,W 19-8,3.5,Den,Home,30.0,10-17-23,6,False,0,98,15,9,1,5.34,0.0,0.0,1.8,23.2,0.2,0.2,0.2,0.0,37.5,0.0,0.0,15.0,164.0,1.0,1.0,1.0,0.0,4.6875,0.0,0.0,1.875,20.5,0.125,0.125,0.125,4.6875
1532,Noah Gray,KC,TE,W 31-17,1.8,LAC,Home,34.5,10-24-23,7,False,0,98,15,16,1,4.34,0.0,0.0,1.4,17.2,0.2,0.2,0.2,0.0,39.3,0.0,0.0,16.0,172.0,1.0,1.0,1.0,0.0,4.366666666666666,0.0,0.0,1.7777777777777777,19.11111111111111,0.1111111111111111,0.1111111111111111,0.1111111111111111,4.366666666666666
1431,Noah Gray,KC,TE,L 9-24,4.5,Den,Away,27.5,10-31-23,8,False,0,98,15,9,0,4.86,0.0,0.0,1.6,20.4,0.2,0.2,0.2,0.0,43.8,0.0,0.0,18.0,197.0,1.0,1.0,1.0,0.0,4.38,0.0,0.0,1.8,19.7,0.1,0.1,0.1,4.38
583,Noah Gray,KC,TE,W 21-14,6.4,Mia,Home,25.0,11-07-23,9,False,0,98,15,19,1,4.0600000000000005,0.0,0.0,2.0,20.4,0.0,0.2,0.2,0.0,50.2,0.0,0.0,21.0,231.0,1.0,1.0,1.0,0.0,4.5636363636363635,0.0,0.0,1.9090909090909092,21.0,0.09090909090909091,0.09090909090909091,0.09090909090909091,4.5636363636363635
432,Noah Gray,KC,TE,L 17-21,0.0,Phi,Home,67.0,11-21-23,11,False,0,98,15,25,1,3.2400000000000007,0.0,0.0,1.6,16.2,0.0,0.2,0.2,0.0,50.2,0.0,0.0,21.0,231.0,1.0,1.0,1.0,0.0,4.183333333333334,0.0,0.0,1.75,19.25,0.08333333333333333,0.08333333333333333,0.08333333333333333,4.183333333333334
940,Noah Gray,KC,TE,W 31-17,6.0,LV,Away,22.0,11-28-23,12,False,0,98,15,18,0,3.7399999999999998,0.0,0.0,1.8,19.4,0.0,0.0,0.0,0.0,56.2,0.0,0.0,24.0,261.0,1.0,1.0,1.0,0.0,4.323076923076924,0.0,0.0,1.8461538461538463,20.076923076923077,0.07692307692307693,0.07692307692307693,0.07692307692307693,4.323076923076924
491,Noah Gray,KC,TE,L 19-27,7.2,GB,Away,18.0,12-05-23,13,False,0,98,15,11,0,4.82,0.0,0.0,1.8,18.2,0.2,0.0,0.0,0.0,63.4,0.0,0.0,25.0,263.0,2.0,1.0,1.0,0.0,4.5285714285714285,0.0,0.0,1.7857142857142858,18.785714285714285,0.14285714285714285,0.07142857142857142,0.07142857142857142,4.5285714285714285
702,Noah Gray,KC,TE,L 17-20,0.0,Buf,Home,73.0,12-12-23,14,False,0,98,15,3,1,3.9200000000000004,0.0,0.0,1.4,13.2,0.2,0.0,0.0,0.0,63.4,0.0,0.0,25.0,263.0,2.0,1.0,1.0,0.0,4.226666666666667,0.0,0.0,1.6666666666666667,17.533333333333335,0.13333333333333333,0.06666666666666667,0.06666666666666667,4.226666666666667
1333,Noah Gray,KC,TE,W 27-17,5.7,NE,Away,31.0,12-19-23,15,False,0,98,15,21,0,3.7800000000000002,0.0,0.0,1.2,13.8,0.2,0.0,0.0,0.0,69.1,0.0,0.0,27.0,300.0,2.0,1.0,1.0,0.0,4.31875,0.0,0.0,1.6875,18.75,0.125,0.0625,0.0625,4.31875
1074,Noah Gray,KC,TE,L 14-20,1.5,LV,Home,56.5,12-26-23,16,False,0,98,15,18,1,4.08,0.0,0.0,1.4,14.8,0.2,0.0,0.0,0.0,70.6,0.0,0.0,28.0,305.0,2.0,1.0,1.0,0.0,4.152941176470588,0.0,0.0,1.6470588235294117,17.941176470588236,0.11764705882352941,0.058823529411764705,0.058823529411764705,4.152941176470588
1016,Noah Togiai,Phi,TE,W 37-34,0.0,Buf,Home,78.0,11-28-23,12,False,0,99,25,3,1,0.0,0.0,0.0,0.0,0.0,0.0,0.0,0.0,0.0,0.0,0.0,0.0,0.0,0.0,0.0,0.0,0.0,0.0,0.0,0.0,0.0,0.0,0.0,0.0,0.0,0.0,0.0
200,Parker Hesse,Atl,TE,W 24-10,0.0,Car,Home,75.0,09-12-23,1,False,0,100,1,4,1,0.0,0.0,0.0,0.0,0.0,0.0,0.0,0.0,0.0,0.0,0.0,0.0,0.0,0.0,0.0,0.0,0.0,0.0,0.0,0.0,0.0,0.0,0.0,0.0,0.0,0.0,0.0
1011,Parker Hesse,Atl,TE,W 24-15,0.0,NO,Home,78.0,11-28-23,12,False,0,100,1,22,1,0.0,0.0,0.0,0.0,0.0,0.0,0.0,0.0,0.0,0.0,0.0,0.0,0.0,0.0,0.0,0.0,0.0,0.0,0.0,0.0,0.0,0.0,0.0,0.0,0.0,0.0,0.0
550,Parker Hesse,Atl,TE,W 13-8,0.0,NYJ,Away,66.0,12-05-23,13,False,0,100,1,24,0,0.0,0.0,0.0,0.0,0.0,0.0,0.0,0.0,0.0,0.0,0.0,0.0,0.0,0.0,0.0,0.0,0.0,0.0,0.0,0.0,0.0,0.0,0.0,0.0,0.0,0.0,0.0
1134,Pat Freiermuth,Pit,TE,W 30-23,7.4,Sea,Away,22.0,01-02-24,17,False,0,101,26,28,0,7.4,0.0,0.0,3.0,44.0,0.0,0.0,0.0,0.0,7.4,0.0,0.0,3.0,44.0,0.0,0.0,0.0,0.0,7.4,0.0,0.0,3.0,44.0,0.0,0.0,0.0,7.4
768,Pat Freiermuth,Pit,TE,W 17-10,4.1,Bal,Away,30.0,01-09-24,18,False,0,101,26,2,0,5.75,0.0,0.0,2.5,32.5,0.0,0.0,0.0,0.0,11.5,0.0,0.0,5.0,65.0,0.0,0.0,0.0,0.0,5.75,0.0,0.0,2.5,32.5,0.0,0.0,0.0,5.75
118,Pat Freiermuth,Pit,TE,L 7-30,7.3,SF,Home,17.0,09-12-23,1,False,0,101,26,27,1,6.266666666666667,0.0,0.0,2.0,22.666666666666668,0.3333333333333333,0.0,0.0,0.0,18.8,0.0,0.0,6.0,68.0,1.0,0.0,0.0,0.0,6.266666666666667,0.0,0.0,2.0,22.666666666666668,0.3333333333333333,0.0,0.0,6.266666666666667
1256,Pat Freiermuth,Pit,TE,W 26-22,1.2,Cle,Home,52.0,09-19-23,2,False,0,101,26,7,1,5.0,0.0,0.0,1.75,17.5,0.25,0.0,0.0,0.0,20.0,0.0,0.0,7.0,70.0,1.0,0.0,0.0,0.0,5.0,0.0,0.0,1.75,17.5,0.25,0.0,0.0,5.0
208,Pat Freiermuth,Pit,TE,W 23-18,13.1,LV,Away,8.0,09-26-23,3,False,0,101,26,18,0,6.62,0.0,0.0,2.0,22.2,0.4,0.0,0.0,0.0,33.1,0.0,0.0,10.0,111.0,2.0,0.0,0.0,0.0,6.62,0.0,0.0,2.0,22.2,0.4,0.0,0.0,6.62
33,Pat Freiermuth,Pit,TE,L 6-30,3.7,Hou,Away,34.0,10-03-23,4,False,0,101,26,12,0,5.880000000000001,0.0,0.0,2.0,14.8,0.4,0.0,0.0,0.0,36.8,0.0,0.0,13.0,118.0,2.0,0.0,0.0,0.0,6.133333333333333,0.0,0.0,2.1666666666666665,19.666666666666668,0.3333333333333333,0.0,0.0,6.133333333333333
424,Pat Freiermuth,Pit,TE,L 10-13,1.7,Cle,Away,40.0,11-21-23,11,False,0,101,26,7,0,5.4,0.0,0.0,1.8,12.0,0.4,0.0,0.0,0.0,38.5,0.0,0.0,14.0,125.0,2.0,0.0,0.0,0.0,5.5,0.0,0.0,2.0,17.857142857142858,0.2857142857142857,0.0,0.0,5.5
919,Pat Freiermuth,Pit,TE,W 16-10,21.0,Cin,Away,1.0,11-28-23,12,False,0,101,26,6,0,8.14,0.0,0.0,3.4,35.4,0.2,0.0,0.0,0.0,59.5,0.0,0.0,23.0,245.0,2.0,0.0,0.0,0.0,7.4375,0.0,0.0,2.875,30.625,0.25,0.0,0.0,7.4375
495,Pat Freiermuth,Pit,TE,L 10-24,5.9,Ari,Home,22.0,12-05-23,13,False,0,101,26,0,1,9.080000000000002,0.0,0.0,3.8,40.8,0.2,0.0,0.0,0.0,65.4,0.0,0.0,26.0,274.0,2.0,0.0,0.0,0.0,7.2666666666666675,0.0,0.0,2.888888888888889,30.444444444444443,0.2222222222222222,0.0,0.0,7.2666666666666675
671,Pat Freiermuth,Pit,TE,L 18-21,6.8,NE,Home,25.0,12-12-23,14,False,0,101,26,21,1,7.82,0.0,0.0,3.8,36.2,0.0,0.0,0.0,0.0,72.2,0.0,0.0,29.0,292.0,2.0,0.0,0.0,0.0,7.220000000000001,0.0,0.0,2.9,29.2,0.2,0.0,0.0,7.220000000000001
1335,Pat Freiermuth,Pit,TE,L 13-30,4.6,Ind,Away,33.5,12-19-23,15,False,0,101,26,13,0,8.0,0.0,0.0,3.8,38.0,0.0,0.0,0.0,0.0,76.8,0.0,0.0,32.0,308.0,2.0,0.0,0.0,0.0,6.9818181818181815,0.0,0.0,2.909090909090909,28.0,0.18181818181818182,0.0,0.0,6.9818181818181815
1078,Pat Freiermuth,Pit,TE,W 34-11,0.0,Cin,Home,78.0,12-26-23,16,False,0,101,26,6,1,7.660000000000001,0.0,0.0,3.6,36.6,0.0,0.0,0.0,0.0,76.8,0.0,0.0,32.0,308.0,2.0,0.0,0.0,0.0,6.3999999999999995,0.0,0.0,2.6666666666666665,25.666666666666668,0.16666666666666666,0.0,0.0,6.3999999999999995
1194,Payne Durham,TB,TE,L 13-23,0.0,NO,Home,76.0,01-02-24,17,False,0,102,29,22,1,0.0,0.0,0.0,0.0,0.0,0.0,0.0,0.0,0.0,0.0,0.0,0.0,0.0,0.0,0.0,0.0,0.0,0.0,0.0,0.0,0.0,0.0,0.0,0.0,0.0,0.0,0.0
822,Payne Durham,TB,TE,W 9-0,0.0,Car,Away,76.5,01-09-24,18,False,0,102,29,4,0,0.0,0.0,0.0,0.0,0.0,0.0,0.0,0.0,0.0,0.0,0.0,0.0,0.0,0.0,0.0,0.0,0.0,0.0,0.0,0.0,0.0,0.0,0.0,0.0,0.0,0.0,0.0
1620,Payne Durham,TB,TE,L 6-20,1.8,Det,Home,41.5,10-17-23,6,False,0,102,29,10,1,0.6,0.0,0.0,0.3333333333333333,2.6666666666666665,0.0,0.0,0.0,0.0,1.8,0.0,0.0,1.0,8.0,0.0,0.0,0.0,0.0,0.6,0.0,0.0,0.3333333333333333,2.6666666666666665,0.0,0.0,0.0,0.6
1573,Payne Durham,TB,TE,L 13-16,0.0,Atl,Home,62.0,10-24-23,7,False,0,102,29,1,1,0.45,0.0,0.0,0.25,2.0,0.0,0.0,0.0,0.0,1.8,0.0,0.0,1.0,8.0,0.0,0.0,0.0,0.0,0.45,0.0,0.0,0.25,2.0,0.0,0.0,0.0,0.45
1491,Payne Durham,TB,TE,L 18-24,0.0,Buf,Away,73.0,10-31-23,8,False,0,102,29,3,0,0.36,0.0,0.0,0.2,1.6,0.0,0.0,0.0,0.0,1.8,0.0,0.0,1.0,8.0,0.0,0.0,0.0,0.0,0.36,0.0,0.0,0.2,1.6,0.0,0.0,0.0,0.36
637,Payne Durham,TB,TE,L 37-39,0.0,Hou,Away,68.0,11-07-23,9,False,0,102,29,12,0,0.36,0.0,0.0,0.2,1.6,0.0,0.0,0.0,0.0,1.8,0.0,0.0,1.0,8.0,0.0,0.0,0.0,0.0,0.3,0.0,0.0,0.16666666666666666,1.3333333333333333,0.0,0.0,0.0,0.3
907,Payne Durham,TB,TE,W 20-6,0.0,Ten,Home,69.5,11-14-23,10,False,0,102,29,30,1,0.36,0.0,0.0,0.2,1.6,0.0,0.0,0.0,0.0,1.8,0.0,0.0,1.0,8.0,0.0,0.0,0.0,0.0,0.2571428571428572,0.0,0.0,0.14285714285714285,1.1428571428571428,0.0,0.0,0.0,0.2571428571428572
417,Payne Durham,TB,TE,L 14-27,3.3,SF,Away,32.0,11-21-23,11,False,0,102,29,27,0,0.6599999999999999,0.0,0.0,0.4,2.6,0.0,0.0,0.0,0.0,5.1,0.0,0.0,3.0,21.0,0.0,0.0,0.0,0.0,0.6375,0.0,0.0,0.375,2.625,0.0,0.0,0.0,0.6375
961,Payne Durham,TB,TE,L 20-27,2.2,Ind,Away,42.5,11-28-23,12,False,0,102,29,13,0,1.1,0.0,0.0,0.6,5.0,0.0,0.0,0.0,0.0,7.3,0.0,0.0,4.0,33.0,0.0,0.0,0.0,0.0,0.8111111111111111,0.0,0.0,0.4444444444444444,3.6666666666666665,0.0,0.0,0.0,0.8111111111111111
548,Payne Durham,TB,TE,W 21-18,0.0,Car,Home,66.0,12-05-23,13,False,0,102,29,4,1,1.1,0.0,0.0,0.6,5.0,0.0,0.0,0.0,0.0,7.3,0.0,0.0,4.0,33.0,0.0,0.0,0.0,0.0,0.73,0.0,0.0,0.4,3.3,0.0,0.0,0.0,0.73
728,Payne Durham,TB,TE,W 29-25,0.0,Atl,Away,73.0,12-12-23,14,False,0,102,29,1,0,1.1,0.0,0.0,0.6,5.0,0.0,0.0,0.0,0.0,7.3,0.0,0.0,4.0,33.0,0.0,0.0,0.0,0.0,0.6636363636363636,0.0,0.0,0.36363636363636365,3.0,0.0,0.0,0.0,0.6636363636363636
1393,Payne Durham,TB,TE,W 34-20,0.0,GB,Away,81.5,12-19-23,15,False,0,102,29,11,0,1.1,0.0,0.0,0.6,5.0,0.0,0.0,0.0,0.0,7.3,0.0,0.0,4.0,33.0,0.0,0.0,0.0,0.0,0.6083333333333333,0.0,0.0,0.3333333333333333,2.75,0.0,0.0,0.0,0.6083333333333333
1059,Payne Durham,TB,TE,W 30-12,3.5,Jax,Home,42.0,12-26-23,16,False,0,102,29,14,1,1.1400000000000001,0.0,0.0,0.4,7.4,0.0,0.0,0.0,0.0,10.8,0.0,0.0,5.0,58.0,0.0,0.0,0.0,0.0,0.8307692307692308,0.0,0.0,0.38461538461538464,4.461538461538462,0.0,0.0,0.0,0.8307692307692308
1164,Peyton Hendershot,Dal,TE,W 20-19,1.6,Det,Home,53.0,01-02-24,17,False,0,103,8,10,1,1.6,0.0,0.0,1.0,6.0,0.0,0.0,0.0,0.0,1.6,0.0,0.0,1.0,6.0,0.0,0.0,0.0,0.0,1.6,0.0,0.0,1.0,6.0,0.0,0.0,0.0,1.6
772,Peyton Hendershot,Dal,TE,W 38-10,3.4,Wsh,Away,35.0,01-09-24,18,False,0,103,8,31,0,2.5,0.0,0.0,1.0,15.0,0.0,0.0,0.0,0.0,5.0,0.0,0.0,2.0,30.0,0.0,0.0,0.0,0.0,2.5,0.0,0.0,1.0,15.0,0.0,0.0,0.0,2.5
165,Peyton Hendershot,Dal,TE,W 40-0,0.0,NYG,Away,75.0,09-12-23,1,False,0,103,8,23,0,1.6666666666666667,0.0,0.0,0.6666666666666666,10.0,0.0,0.0,0.0,0.0,5.0,0.0,0.0,2.0,30.0,0.0,0.0,0.0,0.0,1.6666666666666667,0.0,0.0,0.6666666666666666,10.0,0.0,0.0,0.0,1.6666666666666667
1270,Peyton Hendershot,Dal,TE,W 30-10,0.0,NYJ,Home,76.0,09-19-23,2,False,0,103,8,24,1,1.25,0.0,0.0,0.5,7.5,0.0,0.25,0.0,0.0,5.0,0.0,0.0,2.0,30.0,0.0,1.0,0.0,0.0,1.25,0.0,0.0,0.5,7.5,0.0,0.25,0.0,1.25
257,Peyton Hendershot,Dal,TE,L 16-28,1.3,Ari,Away,57.0,09-26-23,3,False,0,103,8,0,0,1.26,0.0,0.0,0.6,6.6,0.0,0.2,0.0,0.0,6.3,0.0,0.0,3.0,33.0,0.0,1.0,0.0,0.0,1.26,0.0,0.0,0.6,6.6,0.0,0.2,0.0,1.26
709,Peyton Hendershot,Dal,TE,W 33-13,0.0,Phi,Home,73.0,12-12-23,14,False,0,103,8,25,1,0.9399999999999998,0.0,0.0,0.4,5.4,0.0,0.2,0.0,0.0,6.3,0.0,0.0,3.0,33.0,0.0,1.0,0.0,0.0,1.05,0.0,0.0,0.5,5.5,0.0,0.16666666666666666,0.0,1.05
1361,Peyton Hendershot,Dal,TE,L 10-31,1.5,Buf,Away,58.5,12-19-23,15,False,0,103,8,3,0,0.5599999999999999,0.0,0.0,0.4,1.6,0.0,0.2,0.0,0.0,7.8,0.0,0.0,4.0,38.0,0.0,1.0,0.0,0.0,1.1142857142857143,0.0,0.0,0.5714285714285714,5.428571428571429,0.0,0.14285714285714285,0.0,1.1142857142857143
1087,Peyton Hendershot,Dal,TE,L 20-22,0.0,Mia,Away,78.0,12-26-23,16,False,0,103,8,19,0,0.5599999999999999,0.0,0.0,0.4,1.6,0.0,0.2,0.0,0.0,7.8,0.0,0.0,4.0,38.0,0.0,1.0,0.0,0.0,0.975,0.0,0.0,0.5,4.75,0.0,0.125,0.0,0.975
1205,Pharaoh Brown,NE,TE,L 21-27,-0.5,Buf,Away,93.0,01-02-24,17,False,0,104,21,3,0,-0.5,0.0,0.0,1.0,5.0,0.0,0.0,0.0,0.0,-0.5,0.0,0.0,1.0,5.0,0.0,0.0,0.0,0.0,-0.5,0.0,0.0,1.0,5.0,0.0,0.0,0.0,-0.5
797,Pharaoh Brown,NE,TE,L 3-17,1.0,NYJ,Home,59.0,01-09-24,18,False,0,104,21,24,1,0.25,0.0,0.0,1.0,2.5,0.0,0.0,0.0,0.0,0.5,0.0,0.0,2.0,5.0,0.0,0.0,0.0,0.0,0.25,0.0,0.0,1.0,2.5,0.0,0.0,0.0,0.25
171,Pharaoh Brown,NE,TE,L 20-25,0.0,Phi,Home,75.0,09-12-23,1,False,0,104,21,25,1,0.16666666666666666,0.0,0.0,0.6666666666666666,1.6666666666666667,0.0,0.0,0.0,0.0,0.5,0.0,0.0,2.0,5.0,0.0,0.0,0.0,0.0,0.16666666666666666,0.0,0.0,0.6666666666666666,1.6666666666666667,0.0,0.0,0.0,0.16666666666666666
1275,Pharaoh Brown,NE,TE,L 17-24,0.0,Mia,Home,76.0,09-19-23,2,False,0,104,21,19,1,0.125,0.0,0.0,0.5,1.25,0.0,0.0,0.0,0.0,0.5,0.0,0.0,2.0,5.0,0.0,0.0,0.0,0.0,0.125,0.0,0.0,0.5,1.25,0.0,0.0,0.0,0.125
204,Pharaoh Brown,NE,TE,W 15-10,15.1,NYJ,Away,4.0,09-26-23,3,False,0,104,21,24,0,3.12,0.0,0.0,0.8,15.2,0.2,0.0,0.0,0.0,15.6,0.0,0.0,4.0,76.0,1.0,0.0,0.0,0.0,3.12,0.0,0.0,0.8,15.2,0.2,0.0,0.0,3.12
71,Pharaoh Brown,NE,TE,L 3-38,0.0,Dal,Away,79.5,10-03-23,4,False,0,104,21,8,0,3.22,0.0,0.0,0.6,14.2,0.2,0.0,0.0,0.0,15.6,0.0,0.0,4.0,76.0,1.0,0.0,0.0,0.0,2.6,0.0,0.0,0.6666666666666666,12.666666666666666,0.16666666666666666,0.0,0.0,2.6
365,Pharaoh Brown,NE,TE,L 0-34,0.0,NO,Home,71.0,10-10-23,5,False,0,104,21,22,1,3.02,0.0,0.0,0.4,14.2,0.2,0.0,0.0,0.0,15.6,0.0,0.0,4.0,76.0,1.0,0.0,0.0,0.0,2.2285714285714286,0.0,0.0,0.5714285714285714,10.857142857142858,0.14285714285714285,0.0,0.0,2.2285714285714286
1613,Pharaoh Brown,NE,TE,L 17-21,2.5,LV,Away,34.0,10-17-23,6,False,0,104,21,18,0,3.5200000000000005,0.0,0.0,0.6,17.2,0.2,0.0,0.0,0.0,18.1,0.0,0.0,5.0,91.0,1.0,0.0,0.0,0.0,2.2625,0.0,0.0,0.625,11.375,0.125,0.0,0.0,2.2625
1515,Pharaoh Brown,NE,TE,W 29-25,7.1,Buf,Home,17.0,10-24-23,7,False,0,104,21,3,1,4.9399999999999995,0.0,0.0,1.0,27.4,0.2,0.0,0.0,0.0,25.2,0.0,0.0,7.0,142.0,1.0,0.0,0.0,0.0,2.8,0.0,0.0,0.7777777777777778,15.777777777777779,0.1111111111111111,0.0,0.0,2.8
1428,Pharaoh Brown,NE,TE,L 17-31,5.3,Mia,Away,25.0,10-31-23,8,False,0,104,21,19,0,2.9799999999999995,0.0,0.0,1.0,19.8,0.0,0.0,0.0,0.0,30.5,0.0,0.0,9.0,175.0,1.0,0.0,0.0,0.0,3.05,0.0,0.0,0.9,17.5,0.1,0.0,0.0,3.05
622,Pharaoh Brown,NE,TE,L 17-20,0.0,Wsh,Home,68.0,11-07-23,9,False,0,104,21,31,1,2.9799999999999995,0.0,0.0,1.0,19.8,0.0,0.0,0.0,0.0,30.5,0.0,0.0,9.0,175.0,1.0,0.0,0.0,0.0,2.772727272727273,0.0,0.0,0.8181818181818182,15.909090909090908,0.09090909090909091,0.0,0.0,2.772727272727273
894,Pharaoh Brown,NE,TE,L 6-10,0.0,Ind,Home,69.5,11-14-23,10,False,0,104,21,13,1,2.9799999999999995,0.0,0.0,1.0,19.8,0.0,0.0,0.0,0.0,30.5,0.0,0.0,9.0,175.0,1.0,0.0,0.0,0.0,2.5416666666666665,0.0,0.0,0.75,14.583333333333334,0.08333333333333333,0.0,0.0,2.5416666666666665
996,Pharaoh Brown,NE,TE,L 7-10,0.0,NYG,Away,78.0,11-28-23,12,False,0,104,21,23,0,2.4799999999999995,0.0,0.0,0.8,16.8,0.0,0.0,0.0,0.0,30.5,0.0,0.0,9.0,175.0,1.0,0.0,0.0,0.0,2.3461538461538463,0.0,0.0,0.6923076923076923,13.461538461538462,0.07692307692307693,0.0,0.0,2.3461538461538463
540,Pharaoh Brown,NE,TE,L 0-6,0.0,LAC,Home,66.0,12-05-23,13,False,0,104,21,16,1,1.06,0.0,0.0,0.4,6.6,0.0,0.0,0.0,0.0,30.5,0.0,0.0,9.0,175.0,1.0,0.0,0.0,0.0,2.1785714285714284,0.0,0.0,0.6428571428571429,12.5,0.07142857142857142,0.0,0.0,2.1785714285714284
693,Pharaoh Brown,NE,TE,W 21-18,1.4,Pit,Away,47.0,12-12-23,14,False,0,104,21,26,0,0.27999999999999997,0.0,0.0,0.2,0.8,0.0,0.0,0.0,0.0,31.9,0.0,0.0,10.0,179.0,1.0,0.0,0.0,0.0,2.1266666666666665,0.0,0.0,0.6666666666666666,11.933333333333334,0.06666666666666667,0.0,0.0,2.1266666666666665
1362,Pharaoh Brown,NE,TE,L 17-27,1.4,KC,Home,60.0,12-19-23,15,False,0,104,21,15,1,0.5599999999999999,0.0,0.0,0.4,1.6,0.0,0.0,0.0,0.0,33.3,0.0,0.0,11.0,183.0,1.0,0.0,0.0,0.0,2.08125,0.0,0.0,0.6875,11.4375,0.0625,0.0,0.0,2.08125
1053,Pharaoh Brown,NE,TE,W 26-23,4.5,Den,Away,36.0,12-26-23,16,False,0,104,21,9,0,1.46,0.0,0.0,0.8,6.6,0.0,0.0,0.0,0.0,37.8,0.0,0.0,13.0,208.0,1.0,0.0,0.0,0.0,2.2235294117647055,0.0,0.0,0.7647058823529411,12.235294117647058,0.058823529411764705,0.0,0.0,2.2235294117647055
558,Princeton Fant,Dal,TE,W 41-35,0.0,Sea,Home,66.0,12-05-23,13,False,0,105,8,28,1,0.0,0.0,0.0,0.0,0.0,0.0,0.0,0.0,0.0,0.0,0.0,0.0,0.0,0.0,0.0,0.0,0.0,0.0,0.0,0.0,0.0,0.0,0.0,0.0,0.0,0.0,0.0
738,Princeton Fant,Dal,TE,W 33-13,0.0,Phi,Home,73.0,12-12-23,14,False,0,105,8,25,1,0.0,0.0,0.0,0.0,0.0,0.0,0.0,0.0,0.0,0.0,0.0,0.0,0.0,0.0,0.0,0.0,0.0,0.0,0.0,0.0,0.0,0.0,0.0,0.0,0.0,0.0,0.0
1186,Quintin Morris,Buf,TE,W 27-21,0.0,NE,Home,76.0,01-02-24,17,False,0,106,3,21,1,0.0,0.0,0.0,0.0,0.0,0.0,0.0,0.0,0.0,0.0,0.0,0.0,0.0,0.0,0.0,0.0,0.0,0.0,0.0,0.0,0.0,0.0,0.0,0.0,0.0,0.0,0.0
812,Quintin Morris,Buf,TE,W 21-14,0.0,Mia,Away,76.5,01-09-24,18,False,0,106,3,19,0,0.0,0.0,0.0,0.0,0.0,0.0,0.0,0.0,0.0,0.0,0.0,0.0,0.0,0.0,0.0,0.0,0.0,0.0,0.0,0.0,0.0,0.0,0.0,0.0,0.0,0.0,0.0
179,Quintin Morris,Buf,TE,L 16-22,0.0,NYJ,Away,75.0,09-12-23,1,False,0,106,3,24,0,0.0,0.0,0.0,0.0,0.0,0.0,0.0,0.0,0.0,0.0,0.0,0.0,0.0,0.0,0.0,0.0,0.0,0.0,0.0,0.0,0.0,0.0,0.0,0.0,0.0,0.0,0.0
1285,Quintin Morris,Buf,TE,W 38-10,0.0,LV,Home,76.0,09-19-23,2,False,0,106,3,18,1,0.0,0.0,0.0,0.0,0.0,0.0,0.0,0.0,0.0,0.0,0.0,0.0,0.0,0.0,0.0,0.0,0.0,0.0,0.0,0.0,0.0,0.0,0.0,0.0,0.0,0.0,0.0
278,Quintin Morris,Buf,TE,W 37-3,0.0,Wsh,Away,79.0,09-26-23,3,False,0,106,3,31,0,0.0,0.0,0.0,0.0,0.0,0.0,0.0,0.0,0.0,0.0,0.0,0.0,0.0,0.0,0.0,0.0,0.0,0.0,0.0,0.0,0.0,0.0,0.0,0.0,0.0,0.0,0.0
77,Quintin Morris,Buf,TE,W 48-20,0.0,Mia,Home,79.5,10-03-23,4,False,0,106,3,19,1,0.0,0.0,0.0,0.0,0.0,0.0,0.0,0.0,0.0,0.0,0.0,0.0,0.0,0.0,0.0,0.0,0.0,0.0,0.0,0.0,0.0,0.0,0.0,0.0,0.0,0.0,0.0
370,Quintin Morris,Buf,TE,L 20-25,0.0,Jax,Home,71.0,10-10-23,5,False,0,106,3,14,1,0.0,0.0,0.0,0.0,0.0,0.0,0.0,0.0,0.0,0.0,0.0,0.0,0.0,0.0,0.0,0.0,0.0,0.0,0.0,0.0,0.0,0.0,0.0,0.0,0.0,0.0,0.0
1594,Quintin Morris,Buf,TE,W 14-9,8.5,NYG,Home,16.0,10-17-23,6,False,0,106,3,23,1,1.7,0.0,0.0,0.2,3.0,0.2,0.0,0.0,0.0,8.5,0.0,0.0,1.0,15.0,1.0,0.0,0.0,0.0,1.0625,0.0,0.0,0.125,1.875,0.125,0.0,0.0,1.0625
620,Quintin Morris,Buf,TE,L 18-24,0.0,Cin,Away,68.0,11-07-23,9,False,0,106,3,6,0,1.7,0.0,0.0,0.2,3.0,0.2,0.0,0.0,0.0,8.5,0.0,0.0,1.0,15.0,1.0,0.0,0.0,0.0,0.9444444444444444,0.0,0.0,0.1111111111111111,1.6666666666666667,0.1111111111111111,0.0,0.0,0.9444444444444444
893,Quintin Morris,Buf,TE,L 22-24,0.0,Den,Home,69.5,11-14-23,10,False,0,106,3,9,1,1.7,0.0,0.0,0.2,3.0,0.2,0.0,0.0,0.0,8.5,0.0,0.0,1.0,15.0,1.0,0.0,0.0,0.0,0.85,0.0,0.0,0.1,1.5,0.1,0.0,0.0,0.85
421,Quintin Morris,Buf,TE,W 32-6,2.1,NYJ,Home,36.0,11-21-23,11,False,0,106,3,24,1,2.12,0.0,0.0,0.4,5.2,0.2,0.0,0.0,0.0,10.6,0.0,0.0,2.0,26.0,1.0,0.0,0.0,0.0,0.9636363636363636,0.0,0.0,0.18181818181818182,2.3636363636363638,0.09090909090909091,0.0,0.0,0.9636363636363636
994,Quintin Morris,Buf,TE,L 34-37,0.0,Phi,Away,78.0,11-28-23,12,False,0,106,3,25,0,2.12,0.0,0.0,0.4,5.2,0.2,0.0,0.0,0.0,10.6,0.0,0.0,2.0,26.0,1.0,0.0,0.0,0.0,0.8833333333333333,0.0,0.0,0.16666666666666666,2.1666666666666665,0.08333333333333333,0.0,0.0,0.8833333333333333
717,Quintin Morris,Buf,TE,W 20-17,0.0,KC,Away,73.0,12-12-23,14,False,0,106,3,15,0,0.42000000000000004,0.0,0.0,0.2,2.2,0.0,0.0,0.0,0.0,10.6,0.0,0.0,2.0,26.0,1.0,0.0,0.0,0.0,0.8153846153846154,0.0,0.0,0.15384615384615385,2.0,0.07692307692307693,0.0,0.0,0.8153846153846154
1383,Quintin Morris,Buf,TE,W 31-10,0.0,Dal,Home,81.5,12-19-23,15,False,0,106,3,8,1,0.42000000000000004,0.0,0.0,0.2,2.2,0.0,0.0,0.0,0.0,10.6,0.0,0.0,2.0,26.0,1.0,0.0,0.0,0.0,0.7571428571428571,0.0,0.0,0.14285714285714285,1.8571428571428572,0.07142857142857142,0.0,0.0,0.7571428571428571
1094,Quintin Morris,Buf,TE,W 24-22,0.0,LAC,Away,78.0,12-26-23,16,False,0,106,3,16,0,0.42000000000000004,0.0,0.0,0.2,2.2,0.0,0.0,0.0,0.0,10.6,0.0,0.0,2.0,26.0,1.0,0.0,0.0,0.0,0.7066666666666667,0.0,0.0,0.13333333333333333,1.7333333333333334,0.06666666666666667,0.0,0.0,0.7066666666666667
1136,Robert Tonyan,Chi,TE,W 37-17,7.0,Atl,Home,24.0,01-02-24,17,False,0,107,5,1,1,7.0,0.0,0.0,3.0,40.0,0.0,0.0,0.0,0.0,7.0,0.0,0.0,3.0,40.0,0.0,0.0,0.0,0.0,7.0,0.0,0.0,3.0,40.0,0.0,0.0,0.0,7.0
806,Robert Tonyan,Chi,TE,L 9-17,0.0,GB,Away,76.5,01-09-24,18,False,0,107,5,11,0,3.5,0.0,0.0,1.5,20.0,0.0,0.0,0.0,0.0,7.0,0.0,0.0,3.0,40.0,0.0,0.0,0.0,0.0,3.5,0.0,0.0,1.5,20.0,0.0,0.0,0.0,3.5
163,Robert Tonyan,Chi,TE,L 20-38,0.0,GB,Home,75.0,09-12-23,1,False,0,107,5,11,1,2.3333333333333335,0.0,0.0,1.0,13.333333333333334,0.0,0.0,0.0,0.0,7.0,0.0,0.0,3.0,40.0,0.0,0.0,0.0,0.0,2.3333333333333335,0.0,0.0,1.0,13.333333333333334,0.0,0.0,0.0,2.3333333333333335
1268,Robert Tonyan,Chi,TE,L 17-27,0.0,TB,Away,76.0,09-19-23,2,False,0,107,5,29,0,1.75,0.0,0.0,0.75,10.0,0.0,0.0,0.0,0.0,7.0,0.0,0.0,3.0,40.0,0.0,0.0,0.0,0.0,1.75,0.0,0.0,0.75,10.0,0.0,0.0,0.0,1.75
267,Robert Tonyan,Chi,TE,L 10-41,0.0,KC,Away,79.0,09-26-23,3,False,0,107,5,15,0,1.4,0.0,0.0,0.6,8.0,0.0,0.0,0.0,0.0,7.0,0.0,0.0,3.0,40.0,0.0,0.0,0.0,0.0,1.4,0.0,0.0,0.6,8.0,0.0,0.0,0.0,1.4
31,Robert Tonyan,Chi,TE,L 28-31,3.8,Den,Home,32.5,10-03-23,4,False,0,107,5,9,1,0.76,0.0,0.0,0.4,3.6,0.0,0.0,0.0,0.0,10.8,0.0,0.0,5.0,58.0,0.0,0.0,0.0,0.0,1.8,0.0,0.0,0.8333333333333334,9.666666666666666,0.0,0.0,0.0,1.8
341,Robert Tonyan,Chi,TE,W 40-20,3.0,Wsh,Away,42.5,10-10-23,5,False,0,107,5,31,0,1.3599999999999999,0.0,0.0,0.8,5.6,0.0,0.0,0.0,0.0,13.8,0.0,0.0,7.0,68.0,0.0,0.0,0.0,0.0,1.9714285714285715,0.0,0.0,1.0,9.714285714285714,0.0,0.0,0.0,1.9714285714285715
1614,Robert Tonyan,Chi,TE,L 13-19,2.1,Min,Home,37.0,10-17-23,6,False,0,107,5,20,1,1.78,0.0,0.0,1.0,7.8,0.0,0.0,0.0,0.0,15.9,0.0,0.0,8.0,79.0,0.0,0.0,0.0,0.0,1.9875,0.0,0.0,1.0,9.875,0.0,0.0,0.0,1.9875
1553,Robert Tonyan,Chi,TE,W 30-12,0.0,LV,Home,62.0,10-24-23,7,False,0,107,5,18,1,1.78,0.0,0.0,1.0,7.8,0.0,0.0,0.0,0.0,15.9,0.0,0.0,8.0,79.0,0.0,0.0,0.0,0.0,1.7666666666666666,0.0,0.0,0.8888888888888888,8.777777777777779,0.0,0.0,0.0,1.7666666666666666
1444,Robert Tonyan,Chi,TE,L 13-30,1.8,LAC,Away,41.5,10-31-23,8,False,0,107,5,16,0,2.1399999999999997,0.0,0.0,1.2,9.4,0.0,0.0,0.0,0.0,17.7,0.0,0.0,9.0,87.0,0.0,0.0,0.0,0.0,1.77,0.0,0.0,0.9,8.7,0.0,0.0,0.0,1.77
597,Robert Tonyan,Chi,TE,L 17-24,2.1,NO,Away,39.0,11-07-23,9,False,0,107,5,22,0,1.8,0.0,0.0,1.0,8.0,0.0,0.0,0.0,0.0,19.8,0.0,0.0,10.0,98.0,0.0,0.0,0.0,0.0,1.8,0.0,0.0,0.9090909090909091,8.909090909090908,0.0,0.0,0.0,1.8
886,Robert Tonyan,Chi,TE,W 16-13,0.0,Car,Home,69.5,11-14-23,10,False,0,107,5,4,1,1.2,0.0,0.0,0.6,6.0,0.0,0.0,0.0,0.0,19.8,0.0,0.0,10.0,98.0,0.0,0.0,0.0,0.0,1.6500000000000001,0.0,0.0,0.8333333333333334,8.166666666666666,0.0,0.0,0.0,1.6500000000000001
441,Robert Tonyan,Chi,TE,L 26-31,0.0,Det,Away,67.0,11-21-23,11,False,0,107,5,10,0,0.78,0.0,0.0,0.4,3.8,0.0,0.0,0.0,0.0,19.8,0.0,0.0,10.0,98.0,0.0,0.0,0.0,0.0,1.5230769230769232,0.0,0.0,0.7692307692307693,7.538461538461538,0.0,0.0,0.0,1.5230769230769232
983,Robert Tonyan,Chi,TE,W 12-10,0.0,Min,Away,78.0,11-28-23,12,False,0,107,5,20,0,0.78,0.0,0.0,0.4,3.8,0.0,0.0,0.0,0.0,19.8,0.0,0.0,10.0,98.0,0.0,0.0,0.0,0.0,1.4142857142857144,0.0,0.0,0.7142857142857143,7.0,0.0,0.0,0.0,1.4142857142857144
706,Robert Tonyan,Chi,TE,W 28-13,0.0,Det,Home,73.0,12-12-23,14,False,0,107,5,10,1,0.41999999999999993,0.0,0.0,0.2,2.2,0.0,0.0,0.0,0.0,19.8,0.0,0.0,10.0,98.0,0.0,0.0,0.0,0.0,1.32,0.0,0.0,0.6666666666666666,6.533333333333333,0.0,0.0,0.0,1.32
1371,Robert Tonyan,Chi,TE,L 17-20,0.0,Cle,Away,81.5,12-19-23,15,False,0,107,5,7,0,0.0,0.0,0.0,0.0,0.0,0.0,0.0,0.0,0.0,19.8,0.0,0.0,10.0,98.0,0.0,0.0,0.0,0.0,1.2375,0.0,0.0,0.625,6.125,0.0,0.0,0.0,1.2375
1064,Robert Tonyan,Chi,TE,W 27-16,2.4,Ari,Home,47.0,12-26-23,16,False,0,107,5,0,1,0.48,0.0,0.0,0.2,2.8,0.0,0.0,0.0,0.0,22.2,0.0,0.0,11.0,112.0,0.0,0.0,0.0,0.0,1.3058823529411765,0.0,0.0,0.6470588235294118,6.588235294117647,0.0,0.0,0.0,1.3058823529411765
1201,Rodney Williams,Pit,TE,W 30-23,0.0,Sea,Away,76.0,01-02-24,17,False,0,108,26,28,0,0.0,0.0,0.0,0.0,0.0,0.0,0.0,0.0,0.0,0.0,0.0,0.0,0.0,0.0,0.0,0.0,0.0,0.0,0.0,0.0,0.0,0.0,0.0,0.0,0.0,0.0,0.0
829,Rodney Williams,Pit,TE,W 17-10,0.0,Bal,Away,76.5,01-09-24,18,False,0,108,26,2,0,0.0,0.0,0.0,0.0,0.0,0.0,0.0,0.0,0.0,0.0,0.0,0.0,0.0,0.0,0.0,0.0,0.0,0.0,0.0,0.0,0.0,0.0,0.0,0.0,0.0,0.0,0.0
385,Rodney Williams,Pit,TE,W 17-10,0.0,Bal,Home,71.0,10-10-23,5,False,0,108,26,2,1,0.0,0.0,0.0,0.0,0.0,0.0,0.0,0.0,0.0,0.0,0.0,0.0,0.0,0.0,0.0,0.0,0.0,0.0,0.0,0.0,0.0,0.0,0.0,0.0,0.0,0.0,0.0
1575,Rodney Williams,Pit,TE,W 24-17,0.0,LAR,Away,62.0,10-24-23,7,False,0,108,26,17,0,0.0,0.0,0.0,0.0,0.0,0.0,0.0,0.0,0.0,0.0,0.0,0.0,0.0,0.0,0.0,0.0,0.0,0.0,0.0,0.0,0.0,0.0,0.0,0.0,0.0,0.0,0.0
1496,Rodney Williams,Pit,TE,L 10-20,0.0,Jax,Home,73.0,10-31-23,8,False,0,108,26,14,1,0.0,0.0,0.0,0.0,0.0,0.0,0.0,0.0,0.0,0.0,0.0,0.0,0.0,0.0,0.0,0.0,0.0,0.0,0.0,0.0,0.0,0.0,0.0,0.0,0.0,0.0,0.0
642,Rodney Williams,Pit,TE,W 20-16,0.0,Ten,Home,68.0,11-07-23,9,False,0,108,26,30,1,0.0,0.0,0.0,0.0,0.0,0.0,0.0,0.0,0.0,0.0,0.0,0.0,0.0,0.0,0.0,0.0,0.0,0.0,0.0,0.0,0.0,0.0,0.0,0.0,0.0,0.0,0.0
914,Rodney Williams,Pit,TE,W 23-19,0.0,GB,Home,69.5,11-14-23,10,False,0,108,26,11,1,0.0,0.0,0.0,0.0,0.0,0.0,0.0,0.0,0.0,0.0,0.0,0.0,0.0,0.0,0.0,0.0,0.0,0.0,0.0,0.0,0.0,0.0,0.0,0.0,0.0,0.0,0.0
469,Rodney Williams,Pit,TE,L 10-13,0.0,Cle,Away,67.0,11-21-23,11,False,0,108,26,7,0,0.0,0.0,0.0,0.0,0.0,0.0,0.0,0.0,0.0,0.0,0.0,0.0,0.0,0.0,0.0,0.0,0.0,0.0,0.0,0.0,0.0,0.0,0.0,0.0,0.0,0.0,0.0
1012,Rodney Williams,Pit,TE,W 16-10,0.0,Cin,Away,78.0,11-28-23,12,False,0,108,26,6,0,0.0,0.0,0.0,0.0,0.0,0.0,0.0,0.0,0.0,0.0,0.0,0.0,0.0,0.0,0.0,0.0,0.0,0.0,0.0,0.0,0.0,0.0,0.0,0.0,0.0,0.0,0.0
555,Rodney Williams,Pit,TE,L 10-24,0.0,Ari,Home,66.0,12-05-23,13,False,0,108,26,0,1,0.0,0.0,0.0,0.0,0.0,0.0,0.0,0.0,0.0,0.0,0.0,0.0,0.0,0.0,0.0,0.0,0.0,0.0,0.0,0.0,0.0,0.0,0.0,0.0,0.0,0.0,0.0
735,Rodney Williams,Pit,TE,L 18-21,0.0,NE,Home,73.0,12-12-23,14,False,0,108,26,21,1,0.0,0.0,0.0,0.0,0.0,0.0,0.0,0.0,0.0,0.0,0.0,0.0,0.0,0.0,0.0,0.0,0.0,0.0,0.0,0.0,0.0,0.0,0.0,0.0,0.0,0.0,0.0
1401,Rodney Williams,Pit,TE,L 13-30,0.0,Ind,Away,81.5,12-19-23,15,False,0,108,26,13,0,0.0,0.0,0.0,0.0,0.0,0.0,0.0,0.0,0.0,0.0,0.0,0.0,0.0,0.0,0.0,0.0,0.0,0.0,0.0,0.0,0.0,0.0,0.0,0.0,0.0,0.0,0.0
1110,Rodney Williams,Pit,TE,W 34-11,0.0,Cin,Home,78.0,12-26-23,16,False,0,108,26,6,1,0.0,0.0,0.0,0.0,0.0,0.0,0.0,0.0,0.0,0.0,0.0,0.0,0.0,0.0,0.0,0.0,0.0,0.0,0.0,0.0,0.0,0.0,0.0,0.0,0.0,0.0,0.0
174,Ross Dwelley,SF,TE,W 30-7,0.0,Pit,Away,75.0,09-12-23,1,False,0,109,27,26,0,0.0,0.0,0.0,0.0,0.0,0.0,0.0,0.0,0.0,0.0,0.0,0.0,0.0,0.0,0.0,0.0,0.0,0.0,0.0,0.0,0.0,0.0,0.0,0.0,0.0,0.0,0.0
1278,Ross Dwelley,SF,TE,W 30-23,0.0,LAR,Away,76.0,09-19-23,2,False,0,109,27,17,0,0.0,0.0,0.0,0.0,0.0,0.0,0.0,0.0,0.0,0.0,0.0,0.0,0.0,0.0,0.0,0.0,0.0,0.0,0.0,0.0,0.0,0.0,0.0,0.0,0.0,0.0,0.0
273,Ross Dwelley,SF,TE,W 30-12,0.0,NYG,Home,79.0,09-26-23,3,False,0,109,27,23,1,0.0,0.0,0.0,0.0,0.0,0.0,0.0,0.0,0.0,0.0,0.0,0.0,0.0,0.0,0.0,0.0,0.0,0.0,0.0,0.0,0.0,0.0,0.0,0.0,0.0,0.0,0.0
72,Ross Dwelley,SF,TE,W 35-16,0.0,Ari,Home,79.5,10-03-23,4,False,0,109,27,0,1,0.0,0.0,0.0,0.0,0.0,0.0,0.0,0.0,0.0,0.0,0.0,0.0,0.0,0.0,0.0,0.0,0.0,0.0,0.0,0.0,0.0,0.0,0.0,0.0,0.0,0.0,0.0
367,Ross Dwelley,SF,TE,W 42-10,0.0,Dal,Home,71.0,10-10-23,5,False,0,109,27,8,1,0.0,0.0,0.0,0.0,0.0,0.0,0.0,0.0,0.0,0.0,0.0,0.0,0.0,0.0,0.0,0.0,0.0,0.0,0.0,0.0,0.0,0.0,0.0,0.0,0.0,0.0,0.0
1644,Ross Dwelley,SF,TE,L 17-19,0.0,Cle,Away,72.0,10-17-23,6,False,0,109,27,7,0,0.0,0.0,0.0,0.0,0.0,0.0,0.0,0.0,0.0,0.0,0.0,0.0,0.0,0.0,0.0,0.0,0.0,0.0,0.0,0.0,0.0,0.0,0.0,0.0,0.0,0.0,0.0
1530,Ross Dwelley,SF,TE,L 17-22,2.2,Min,Away,32.0,10-24-23,7,False,0,109,27,20,0,0.44000000000000006,0.0,0.0,0.2,2.4,0.0,0.0,0.0,0.0,2.2,0.0,0.0,1.0,12.0,0.0,0.0,0.0,0.0,0.31428571428571433,0.0,0.0,0.14285714285714285,1.7142857142857142,0.0,0.0,0.0,0.31428571428571433
1472,Ross Dwelley,SF,TE,L 17-31,0.0,Cin,Home,73.0,10-31-23,8,False,0,109,27,6,1,0.44000000000000006,0.0,0.0,0.2,2.4,0.0,0.0,0.0,0.0,2.2,0.0,0.0,1.0,12.0,0.0,0.0,0.0,0.0,0.275,0.0,0.0,0.125,1.5,0.0,0.0,0.0,0.275
892,Ross Dwelley,SF,TE,W 34-3,0.0,Jax,Away,69.5,11-14-23,10,False,0,109,27,14,0,0.44000000000000006,0.0,0.0,0.2,2.4,0.0,0.0,0.0,0.0,2.2,0.0,0.0,1.0,12.0,0.0,0.0,0.0,0.0,0.24444444444444446,0.0,0.0,0.1111111111111111,1.3333333333333333,0.0,0.0,0.0,0.24444444444444446
447,Ross Dwelley,SF,TE,W 27-14,0.0,TB,Home,67.0,11-21-23,11,False,0,109,27,29,1,0.44000000000000006,0.0,0.0,0.2,2.4,0.0,0.0,0.0,0.0,2.2,0.0,0.0,1.0,12.0,0.0,0.0,0.0,0.0,0.22000000000000003,0.0,0.0,0.1,1.2,0.0,0.0,0.0,0.22000000000000003
990,Ross Dwelley,SF,TE,W 31-13,0.0,Sea,Away,78.0,11-28-23,12,False,0,109,27,28,0,0.44000000000000006,0.0,0.0,0.2,2.4,0.0,0.0,0.0,0.0,2.2,0.0,0.0,1.0,12.0,0.0,0.0,0.0,0.0,0.2,0.0,0.0,0.09090909090909091,1.0909090909090908,0.0,0.0,0.0,0.2
539,Ross Dwelley,SF,TE,W 42-19,0.0,Phi,Away,66.0,12-05-23,13,False,0,109,27,25,0,0.0,0.0,0.0,0.0,0.0,0.0,0.0,0.0,0.0,2.2,0.0,0.0,1.0,12.0,0.0,0.0,0.0,0.0,0.18333333333333335,0.0,0.0,0.08333333333333333,1.0,0.0,0.0,0.0,0.18333333333333335
1117,Sam LaPorta,Det,TE,L 19-20,15.4,Dal,Away,5.0,01-02-24,17,False,0,110,10,8,0,15.4,0.0,0.0,7.0,84.0,0.0,0.0,0.0,0.0,15.4,0.0,0.0,7.0,84.0,0.0,0.0,0.0,0.0,15.4,0.0,0.0,7.0,84.0,0.0,0.0,0.0,15.4
741,Sam LaPorta,Det,TE,W 30-20,13.9,Min,Home,3.0,01-09-24,18,False,0,110,10,20,1,14.65,0.0,0.0,6.0,56.5,0.5,0.0,0.0,0.0,29.3,0.0,0.0,12.0,113.0,1.0,0.0,0.0,0.0,14.65,0.0,0.0,6.0,56.5,0.5,0.0,0.0,14.65
109,Sam LaPorta,Det,TE,W 21-20,8.9,KC,Away,8.0,09-12-23,1,False,0,110,10,15,0,12.733333333333334,0.0,0.0,5.666666666666667,50.666666666666664,0.3333333333333333,0.0,0.0,0.0,38.2,0.0,0.0,17.0,152.0,1.0,0.0,0.0,0.0,12.733333333333334,0.0,0.0,5.666666666666667,50.666666666666664,0.3333333333333333,0.0,0.0,12.733333333333334
1213,Sam LaPorta,Det,TE,L 31-37,11.3,Sea,Home,8.0,09-19-23,2,False,0,110,10,28,1,12.375,0.0,0.0,5.5,53.75,0.25,0.0,0.0,0.0,49.5,0.0,0.0,22.0,215.0,1.0,0.0,0.0,0.0,12.375,0.0,0.0,5.5,53.75,0.25,0.0,0.0,12.375
201,Sam LaPorta,Det,TE,W 20-6,22.4,Atl,Home,1.0,09-26-23,3,False,0,110,10,1,1,14.38,0.0,0.0,6.0,59.8,0.4,0.0,0.0,0.0,71.9,0.0,0.0,30.0,299.0,2.0,0.0,0.0,0.0,14.38,0.0,0.0,6.0,59.8,0.4,0.0,0.0,14.38
16,Sam LaPorta,Det,TE,W 34-20,9.6,GB,Away,17.0,10-03-23,4,False,0,110,10,11,0,13.219999999999999,0.0,0.0,5.4,54.2,0.4,0.0,0.0,0.0,81.5,0.0,0.0,34.0,355.0,2.0,0.0,0.0,0.0,13.583333333333334,0.0,0.0,5.666666666666667,59.166666666666664,0.3333333333333333,0.0,0.0,13.583333333333334
303,Sam LaPorta,Det,TE,W 42-24,19.7,Car,Home,5.0,10-10-23,5,False,0,110,10,4,1,14.379999999999999,0.0,0.0,5.0,57.8,0.6,0.0,0.0,0.0,101.19999999999999,0.0,0.0,37.0,402.0,4.0,0.0,0.0,0.0,14.457142857142856,0.0,0.0,5.285714285714286,57.42857142857143,0.5714285714285714,0.0,0.0,14.457142857142856
1595,Sam LaPorta,Det,TE,W 20-6,7.6,TB,Away,17.0,10-17-23,6,False,0,110,10,29,0,14.12,0.0,0.0,4.8,57.2,0.6,0.0,0.0,0.0,108.8,0.0,0.0,41.0,438.0,4.0,0.0,0.0,0.0,13.6,0.0,0.0,5.125,54.75,0.5,0.0,0.0,13.6
1508,Sam LaPorta,Det,TE,L 6-38,11.2,Bal,Away,10.0,10-24-23,7,False,0,110,10,2,0,14.1,0.0,0.0,5.0,55.0,0.6,0.0,0.0,0.0,120.0,0.0,0.0,47.0,490.0,4.0,0.0,0.0,0.0,13.333333333333334,0.0,0.0,5.222222222222222,54.44444444444444,0.4444444444444444,0.0,0.0,13.333333333333334
1408,Sam LaPorta,Det,TE,W 26-14,19.7,LV,Home,5.0,10-31-23,8,False,0,110,10,18,1,13.559999999999999,0.0,0.0,5.0,49.6,0.6,0.0,0.0,0.0,139.7,0.0,0.0,55.0,547.0,5.0,0.0,0.0,0.0,13.969999999999999,0.0,0.0,5.5,54.7,0.5,0.0,0.0,13.969999999999999
846,Sam LaPorta,Det,TE,W 41-38,8.0,LAC,Away,15.5,11-14-23,10,False,0,110,10,16,0,13.239999999999998,0.0,0.0,5.0,46.4,0.6,0.0,0.0,0.0,147.7,0.0,0.0,59.0,587.0,5.0,0.0,0.0,0.0,13.427272727272726,0.0,0.0,5.363636363636363,53.36363636363637,0.45454545454545453,0.0,0.0,13.427272727272726
405,Sam LaPorta,Det,TE,W 31-26,6.8,Chi,Home,19.0,11-21-23,11,False,0,110,10,5,1,10.66,0.0,0.0,5.0,40.6,0.2,0.0,0.0,0.0,154.5,0.0,0.0,62.0,605.0,5.0,0.0,0.0,0.0,12.875,0.0,0.0,5.166666666666667,50.416666666666664,0.4166666666666667,0.0,0.0,12.875
921,Sam LaPorta,Det,TE,L 22-29,17.7,GB,Home,3.0,11-28-23,12,False,0,110,10,11,1,12.68,0.0,0.0,5.2,42.8,0.4,0.0,0.0,0.0,172.2,0.0,0.0,67.0,652.0,6.0,0.0,0.0,0.0,13.246153846153845,0.0,0.0,5.153846153846154,50.15384615384615,0.46153846153846156,0.0,0.0,13.246153846153845
474,Sam LaPorta,Det,TE,W 33-28,29.0,NO,Away,1.0,12-05-23,13,False,0,110,10,22,0,16.240000000000002,0.0,0.0,5.8,60.4,0.6,0.0,0.0,0.0,201.2,0.0,0.0,76.0,792.0,7.0,0.0,0.0,0.0,14.37142857142857,0.0,0.0,5.428571428571429,56.57142857142857,0.5,0.0,0.0,14.37142857142857
677,Sam LaPorta,Det,TE,L 13-28,4.7,Chi,Away,31.0,12-12-23,14,False,0,110,10,5,0,13.24,0.0,0.0,4.6,53.6,0.4,0.2,0.8,0.0,205.9,0.0,0.0,78.0,815.0,7.0,1.0,4.0,0.0,13.726666666666667,0.0,0.0,5.2,54.333333333333336,0.4666666666666667,0.06666666666666667,0.26666666666666666,13.726666666666667
1303,Sam LaPorta,Det,TE,W 42-17,28.6,Den,Home,1.0,12-19-23,15,False,0,110,10,9,1,17.36,0.0,0.0,4.8,56.8,1.0,0.2,0.8,0.0,234.5,0.0,0.0,83.0,871.0,10.0,1.0,4.0,0.0,14.65625,0.0,0.0,5.1875,54.4375,0.625,0.0625,0.25,14.65625
1050,Sam LaPorta,Det,TE,W 30-24,4.8,Min,Away,33.0,12-26-23,16,False,0,110,10,20,0,16.96,0.0,0.0,4.8,56.8,1.0,0.2,0.8,0.0,239.29999999999998,0.0,0.0,86.0,889.0,10.0,1.0,4.0,0.0,14.076470588235294,0.0,0.0,5.0588235294117645,52.294117647058826,0.5882352941176471,0.058823529411764705,0.23529411764705882,14.076470588235294
99,Sean McKeon,Dal,TE,W 38-3,0.0,NE,Home,79.5,10-03-23,4,False,0,111,8,21,1,0.0,0.0,0.0,0.0,0.0,0.0,0.0,0.0,0.0,0.0,0.0,0.0,0.0,0.0,0.0,0.0,0.0,0.0,0.0,0.0,0.0,0.0,0.0,0.0,0.0,0.0,0.0
382,Sean McKeon,Dal,TE,L 10-42,0.0,SF,Away,71.0,10-10-23,5,False,0,111,8,27,0,0.0,0.0,0.0,0.0,0.0,0.0,0.0,0.0,0.0,0.0,0.0,0.0,0.0,0.0,0.0,0.0,0.0,0.0,0.0,0.0,0.0,0.0,0.0,0.0,0.0,0.0,0.0
1665,Sean McKeon,Dal,TE,W 20-17,0.0,LAC,Away,72.0,10-17-23,6,False,0,111,8,16,0,0.0,0.0,0.0,0.0,0.0,0.0,0.0,0.0,0.0,0.0,0.0,0.0,0.0,0.0,0.0,0.0,0.0,0.0,0.0,0.0,0.0,0.0,0.0,0.0,0.0,0.0,0.0
1495,Sean McKeon,Dal,TE,W 43-20,0.0,LAR,Home,73.0,10-31-23,8,False,0,111,8,17,1,0.0,0.0,0.0,0.0,0.0,0.0,0.0,0.0,0.0,0.0,0.0,0.0,0.0,0.0,0.0,0.0,0.0,0.0,0.0,0.0,0.0,0.0,0.0,0.0,0.0,0.0,0.0
639,Sean McKeon,Dal,TE,L 23-28,0.0,Phi,Away,68.0,11-07-23,9,False,0,111,8,25,0,0.0,0.0,0.0,0.0,0.0,0.0,0.0,0.0,0.0,0.0,0.0,0.0,0.0,0.0,0.0,0.0,0.0,0.0,0.0,0.0,0.0,0.0,0.0,0.0,0.0,0.0,0.0
910,Sean McKeon,Dal,TE,W 49-17,0.0,NYG,Home,69.5,11-14-23,10,False,0,111,8,23,1,0.0,0.0,0.0,0.0,0.0,0.0,0.0,0.0,0.0,0.0,0.0,0.0,0.0,0.0,0.0,0.0,0.0,0.0,0.0,0.0,0.0,0.0,0.0,0.0,0.0,0.0,0.0
465,Sean McKeon,Dal,TE,W 33-10,0.0,Car,Away,67.0,11-21-23,11,False,0,111,8,4,0,0.0,0.0,0.0,0.0,0.0,0.0,0.0,0.0,0.0,0.0,0.0,0.0,0.0,0.0,0.0,0.0,0.0,0.0,0.0,0.0,0.0,0.0,0.0,0.0,0.0,0.0,0.0
1009,Sean McKeon,Dal,TE,W 45-10,0.0,Wsh,Home,78.0,11-28-23,12,False,0,111,8,31,1,0.0,0.0,0.0,0.0,0.0,0.0,0.0,0.0,0.0,0.0,0.0,0.0,0.0,0.0,0.0,0.0,0.0,0.0,0.0,0.0,0.0,0.0,0.0,0.0,0.0,0.0,0.0
549,Sean McKeon,Dal,TE,W 41-35,0.0,Sea,Home,66.0,12-05-23,13,False,0,111,8,28,1,0.0,0.0,0.0,0.0,0.0,0.0,0.0,0.0,0.0,0.0,0.0,0.0,0.0,0.0,0.0,0.0,0.0,0.0,0.0,0.0,0.0,0.0,0.0,0.0,0.0,0.0,0.0
557,Stephen Anderson,LAC,TE,W 6-0,0.0,NE,Away,66.0,12-05-23,13,False,0,112,16,21,0,0.0,0.0,0.0,0.0,0.0,0.0,0.0,0.0,0.0,0.0,0.0,0.0,0.0,0.0,0.0,0.0,0.0,0.0,0.0,0.0,0.0,0.0,0.0,0.0,0.0,0.0,0.0
737,Stephen Anderson,LAC,TE,L 7-24,0.0,Den,Home,73.0,12-12-23,14,False,0,112,16,9,1,0.0,0.0,0.0,0.0,0.0,0.0,0.0,0.0,0.0,0.0,0.0,0.0,0.0,0.0,0.0,0.0,0.0,0.0,0.0,0.0,0.0,0.0,0.0,0.0,0.0,0.0,0.0
1403,Stephen Anderson,LAC,TE,L 21-63,0.0,LV,Away,81.5,12-19-23,15,False,0,112,16,18,0,0.0,0.0,0.0,0.0,0.0,0.0,0.0,0.0,0.0,0.0,0.0,0.0,0.0,0.0,0.0,0.0,0.0,0.0,0.0,0.0,0.0,0.0,0.0,0.0,0.0,0.0,0.0
918,Stephen Carlson,Chi,TE,W 16-13,0.0,Car,Home,69.5,11-14-23,10,False,0,113,5,4,1,0.0,0.0,0.0,0.0,0.0,0.0,0.0,0.0,0.0,0.0,0.0,0.0,0.0,0.0,0.0,0.0,0.0,0.0,0.0,0.0,0.0,0.0,0.0,0.0,0.0,0.0,0.0
1185,Stephen Sullivan,Car,TE,L 0-26,0.0,Jax,Away,76.0,01-02-24,17,False,0,114,4,14,0,0.0,0.0,0.0,0.0,0.0,0.0,0.0,0.0,0.0,0.0,0.0,0.0,0.0,0.0,0.0,0.0,0.0,0.0,0.0,0.0,0.0,0.0,0.0,0.0,0.0,0.0,0.0
811,Stephen Sullivan,Car,TE,L 0-9,0.0,TB,Home,76.5,01-09-24,18,False,0,114,4,29,1,0.0,0.0,0.0,0.0,0.0,0.0,0.0,0.0,0.0,0.0,0.0,0.0,0.0,0.0,0.0,0.0,0.0,0.0,0.0,0.0,0.0,0.0,0.0,0.0,0.0,0.0,0.0
1666,Stephen Sullivan,Car,TE,L 21-42,0.0,Mia,Away,72.0,10-17-23,6,False,0,114,4,19,0,0.0,0.0,0.0,0.0,0.0,0.0,0.0,0.0,0.0,0.0,0.0,0.0,0.0,0.0,0.0,0.0,0.0,0.0,0.0,0.0,0.0,0.0,0.0,0.0,0.0,0.0,0.0
1441,Stephen Sullivan,Car,TE,W 15-13,2.3,Hou,Home,37.0,10-31-23,8,False,0,114,4,12,1,0.575,0.0,0.0,0.25,3.25,0.0,0.0,0.0,0.0,2.3,0.0,0.0,1.0,13.0,0.0,0.0,0.0,0.0,0.575,0.0,0.0,0.25,3.25,0.0,0.0,0.0,0.575
582,Stephen Sullivan,Car,TE,L 13-27,6.8,Ind,Home,24.0,11-07-23,9,False,0,114,4,13,1,1.8199999999999998,0.0,0.0,1.0,8.2,0.0,0.0,0.0,0.0,9.1,0.0,0.0,5.0,41.0,0.0,0.0,0.0,0.0,1.8199999999999998,0.0,0.0,1.0,8.2,0.0,0.0,0.0,1.8199999999999998
418,Stephen Sullivan,Car,TE,L 10-33,3.0,Dal,Home,33.0,11-21-23,11,False,0,114,4,8,1,2.42,0.0,0.0,1.2,12.2,0.0,0.0,0.0,0.0,12.1,0.0,0.0,6.0,61.0,0.0,0.0,0.0,0.0,2.0166666666666666,0.0,0.0,1.0,10.166666666666666,0.0,0.0,0.0,2.0166666666666666
959,Stephen Sullivan,Car,TE,L 10-17,2.3,Ten,Away,41.0,11-28-23,12,False,0,114,4,30,0,2.88,0.0,0.0,1.4,14.8,0.0,0.0,0.0,0.0,14.399999999999999,0.0,0.0,7.0,74.0,0.0,0.0,0.0,0.0,2.057142857142857,0.0,0.0,1.0,10.571428571428571,0.0,0.0,0.0,2.057142857142857
505,Stephen Sullivan,Car,TE,L 18-21,2.6,TB,Away,32.5,12-05-23,13,False,0,114,4,29,0,3.4,0.0,0.0,1.6,18.0,0.0,0.0,0.0,0.0,17.0,0.0,0.0,8.0,90.0,0.0,0.0,0.0,0.0,2.125,0.0,0.0,1.0,11.25,0.0,0.0,0.0,2.125
714,Stephen Sullivan,Car,TE,L 6-28,0.0,NO,Away,73.0,12-12-23,14,False,0,114,4,22,0,2.94,0.0,0.0,1.4,15.4,0.0,0.0,0.0,0.0,17.0,0.0,0.0,8.0,90.0,0.0,0.0,0.0,0.0,1.8888888888888888,0.0,0.0,0.8888888888888888,10.0,0.0,0.0,0.0,1.8888888888888888
1352,Stephen Sullivan,Car,TE,W 9-7,2.4,Atl,Home,49.0,12-19-23,15,False,0,114,4,1,1,2.06,0.0,0.0,0.8,12.6,0.0,0.0,0.0,0.0,19.4,0.0,0.0,9.0,104.0,0.0,0.0,0.0,0.0,1.94,0.0,0.0,0.9,10.4,0.0,0.0,0.0,1.94
1049,Stephen Sullivan,Car,TE,L 30-33,5.1,GB,Home,32.0,12-26-23,16,False,0,114,4,11,1,2.4799999999999995,0.0,0.0,1.2,12.8,0.0,0.0,0.0,0.0,24.5,0.0,0.0,12.0,125.0,0.0,0.0,0.0,0.0,2.227272727272727,0.0,0.0,1.0909090909090908,11.363636363636363,0.0,0.0,0.0,2.227272727272727
1147,Stone Smartt,LAC,TE,L 9-16,4.3,Den,Away,35.0,01-02-24,17,False,0,115,16,9,0,4.3,0.0,0.0,2.0,23.0,0.0,0.0,0.0,0.0,4.3,0.0,0.0,2.0,23.0,0.0,0.0,0.0,0.0,4.3,0.0,0.0,2.0,23.0,0.0,0.0,0.0,4.3
774,Stone Smartt,LAC,TE,L 12-13,3.4,KC,Home,35.0,01-09-24,18,False,0,115,16,15,1,3.8499999999999996,0.0,0.0,2.0,18.5,0.0,0.0,0.0,0.0,7.699999999999999,0.0,0.0,4.0,37.0,0.0,0.0,0.0,0.0,3.8499999999999996,0.0,0.0,2.0,18.5,0.0,0.0,0.0,3.8499999999999996
195,Stone Smartt,LAC,TE,L 34-36,0.0,Mia,Home,75.0,09-12-23,1,False,0,115,16,19,1,2.5666666666666664,0.0,0.0,1.3333333333333333,12.333333333333334,0.0,0.0,0.0,0.0,7.699999999999999,0.0,0.0,4.0,37.0,0.0,0.0,0.0,0.0,2.5666666666666664,0.0,0.0,1.3333333333333333,12.333333333333334,0.0,0.0,0.0,2.5666666666666664
1248,Stone Smartt,LAC,TE,L 24-27,3.4,Ten,Away,43.0,09-19-23,2,False,0,115,16,30,0,2.775,0.0,0.0,1.25,15.25,0.0,0.0,0.0,0.0,11.1,0.0,0.0,5.0,61.0,0.0,0.0,0.0,0.0,2.775,0.0,0.0,1.25,15.25,0.0,0.0,0.0,2.775
293,Stone Smartt,LAC,TE,W 28-24,0.0,Min,Away,79.0,09-26-23,3,False,0,115,16,20,0,2.2199999999999998,0.0,0.0,1.0,12.2,0.0,0.0,0.0,0.0,11.1,0.0,0.0,5.0,61.0,0.0,0.0,0.0,0.0,2.2199999999999998,0.0,0.0,1.0,12.2,0.0,0.0,0.0,2.2199999999999998
93,Stone Smartt,LAC,TE,W 24-17,0.0,LV,Home,79.5,10-03-23,4,False,0,115,16,18,1,1.3599999999999999,0.0,0.0,0.6,7.6,0.0,0.0,0.0,0.0,11.1,0.0,0.0,5.0,61.0,0.0,0.0,0.0,0.0,1.8499999999999999,0.0,0.0,0.8333333333333334,10.166666666666666,0.0,0.0,0.0,1.8499999999999999
1663,Stone Smartt,LAC,TE,L 17-20,0.0,Dal,Home,72.0,10-17-23,6,False,0,115,16,8,1,0.6799999999999999,0.0,0.0,0.2,4.8,0.0,0.0,0.0,0.0,11.1,0.0,0.0,5.0,61.0,0.0,0.0,0.0,0.0,1.5857142857142856,0.0,0.0,0.7142857142857143,8.714285714285714,0.0,0.0,0.0,1.5857142857142856
1537,Stone Smartt,LAC,TE,L 17-31,1.5,KC,Away,38.0,10-24-23,7,False,0,115,16,15,0,0.9800000000000001,0.0,0.0,0.4,5.8,0.0,0.0,0.0,0.0,12.6,0.0,0.0,6.0,66.0,0.0,0.0,0.0,0.0,1.575,0.0,0.0,0.75,8.25,0.0,0.0,0.0,1.575
1486,Stone Smartt,LAC,TE,W 30-13,0.0,Chi,Home,73.0,10-31-23,8,False,0,115,16,5,1,0.3,0.0,0.0,0.2,1.0,0.0,0.0,0.0,0.0,12.6,0.0,0.0,6.0,66.0,0.0,0.0,0.0,0.0,1.4,0.0,0.0,0.6666666666666666,7.333333333333333,0.0,0.0,0.0,1.4
633,Stone Smartt,LAC,TE,W 27-6,0.0,NYJ,Away,68.0,11-07-23,9,False,0,115,16,24,0,0.3,0.0,0.0,0.2,1.0,0.0,0.0,0.0,0.0,12.6,0.0,0.0,6.0,66.0,0.0,0.0,0.0,0.0,1.26,0.0,0.0,0.6,6.6,0.0,0.0,0.0,1.26
905,Stone Smartt,LAC,TE,L 38-41,0.0,Det,Home,69.5,11-14-23,10,False,0,115,16,10,1,0.3,0.0,0.0,0.2,1.0,0.0,0.0,0.0,0.0,12.6,0.0,0.0,6.0,66.0,0.0,0.0,0.0,0.0,1.1454545454545455,0.0,0.0,0.5454545454545454,6.0,0.0,0.0,0.0,1.1454545454545455
390,Stone Smartt,LAC,TE,L 20-23,12.1,GB,Away,5.0,11-21-23,11,False,0,115,16,11,0,2.7199999999999998,0.0,0.0,0.4,11.2,0.2,0.0,0.0,0.0,24.7,0.0,0.0,7.0,117.0,1.0,0.0,0.0,0.0,2.058333333333333,0.0,0.0,0.5833333333333334,9.75,0.08333333333333333,0.0,0.0,2.058333333333333
991,Stone Smartt,LAC,TE,L 10-20,0.0,Bal,Home,78.0,11-28-23,12,False,0,115,16,2,1,2.42,0.0,0.0,0.2,10.2,0.2,0.0,0.0,0.0,24.7,0.0,0.0,7.0,117.0,1.0,0.0,0.0,0.0,1.9,0.0,0.0,0.5384615384615384,9.0,0.07692307692307693,0.0,0.0,1.9
543,Stone Smartt,LAC,TE,W 6-0,0.0,NE,Away,66.0,12-05-23,13,False,0,115,16,21,0,2.42,0.0,0.0,0.2,10.2,0.2,0.0,0.0,0.0,24.7,0.0,0.0,7.0,117.0,1.0,0.0,0.0,0.0,1.7642857142857142,0.0,0.0,0.5,8.357142857142858,0.07142857142857142,0.0,0.0,1.7642857142857142
1337,Stone Smartt,LAC,TE,L 21-63,4.5,LV,Away,35.0,12-19-23,15,False,0,115,16,18,0,3.3200000000000003,0.0,0.0,0.8,13.2,0.2,0.0,0.0,0.0,29.2,0.0,0.0,10.0,132.0,1.0,0.0,0.0,0.0,1.9466666666666665,0.0,0.0,0.6666666666666666,8.8,0.06666666666666667,0.0,0.0,1.9466666666666665
1061,Stone Smartt,LAC,TE,L 22-24,3.3,Buf,Home,44.0,12-26-23,16,False,0,115,16,3,1,3.9799999999999995,0.0,0.0,1.0,17.8,0.2,0.0,0.0,0.0,32.5,0.0,0.0,11.0,155.0,1.0,0.0,0.0,0.0,2.03125,0.0,0.0,0.6875,9.6875,0.0625,0.0,0.0,2.03125
104,T.J. Hockenson,Min,TE,L 17-20,11.5,TB,Home,3.0,09-12-23,1,False,0,116,20,29,1,11.5,0.0,0.0,8.0,35.0,0.0,0.0,0.0,0.0,11.5,0.0,0.0,8.0,35.0,0.0,0.0,0.0,0.0,11.5,0.0,0.0,8.0,35.0,0.0,0.0,0.0,11.5
1206,T.J. Hockenson,Min,TE,L 28-34,25.6,Phi,Away,1.0,09-19-23,2,False,0,116,20,25,0,18.55,0.0,0.0,7.5,50.5,1.0,0.0,0.0,0.0,37.1,0.0,0.0,15.0,101.0,2.0,0.0,0.0,0.0,18.55,0.0,0.0,7.5,50.5,1.0,0.0,0.0,18.55
206,T.J. Hockenson,Min,TE,L 24-28,13.8,LAC,Home,6.0,09-26-23,3,False,0,116,20,16,1,16.96666666666667,0.0,0.0,7.666666666666667,59.666666666666664,0.6666666666666666,0.0,0.0,0.0,50.900000000000006,0.0,0.0,23.0,179.0,2.0,0.0,0.0,0.0,16.96666666666667,0.0,0.0,7.666666666666667,59.666666666666664,0.6666666666666666,0.0,0.0,16.96666666666667
28,T.J. Hockenson,Min,TE,W 21-13,4.4,Car,Away,29.5,10-03-23,4,False,0,116,20,4,0,13.825000000000001,0.0,0.0,6.25,50.75,0.5,0.0,0.0,0.0,55.300000000000004,0.0,0.0,25.0,203.0,2.0,0.0,0.0,0.0,13.825000000000001,0.0,0.0,6.25,50.75,0.5,0.0,0.0,13.825000000000001
312,T.J. Hockenson,Min,TE,L 20-27,10.1,KC,Home,14.0,10-10-23,5,False,0,116,20,15,1,13.080000000000002,0.0,0.0,6.0,50.8,0.4,0.0,0.0,0.0,65.4,0.0,0.0,30.0,254.0,2.0,0.0,0.0,0.0,13.080000000000002,0.0,0.0,6.0,50.8,0.4,0.0,0.0,13.080000000000002
1586,T.J. Hockenson,Min,TE,W 19-13,11.0,Chi,Away,8.0,10-17-23,6,False,0,116,20,5,0,12.98,0.0,0.0,5.6,53.8,0.4,0.0,0.0,0.0,76.4,0.0,0.0,36.0,304.0,2.0,0.0,0.0,0.0,12.733333333333334,0.0,0.0,6.0,50.666666666666664,0.3333333333333333,0.0,0.0,12.733333333333334
1502,T.J. Hockenson,Min,TE,W 22-17,19.6,SF,Home,4.0,10-24-23,7,False,0,116,20,27,1,11.780000000000001,0.0,0.0,6.4,57.8,0.0,0.0,0.0,0.0,96.0,0.0,0.0,47.0,390.0,2.0,0.0,0.0,0.0,13.714285714285714,0.0,0.0,6.714285714285714,55.714285714285715,0.2857142857142857,0.0,0.0,13.714285714285714
1407,T.J. Hockenson,Min,TE,W 24-10,20.8,GB,Away,4.0,10-31-23,8,False,0,116,20,11,0,13.180000000000001,0.0,0.0,6.0,59.8,0.2,0.0,0.0,0.0,116.80000000000001,0.0,0.0,53.0,478.0,3.0,0.0,0.0,0.0,14.600000000000001,0.0,0.0,6.625,59.75,0.375,0.0,0.0,14.600000000000001
568,T.J. Hockenson,Min,TE,W 31-28,13.9,Atl,Away,11.0,11-07-23,9,False,0,116,20,1,0,15.080000000000002,0.0,0.0,7.0,68.8,0.2,0.0,0.0,0.0,130.70000000000002,0.0,0.0,60.0,547.0,3.0,0.0,0.0,0.0,14.522222222222224,0.0,0.0,6.666666666666667,60.77777777777778,0.3333333333333333,0.0,0.0,14.522222222222224
832,T.J. Hockenson,Min,TE,W 27-19,30.4,NO,Home,1.0,11-14-23,10,False,0,116,20,22,1,19.14,0.0,0.0,8.2,85.4,0.4,0.0,0.0,0.0,161.1,0.0,0.0,71.0,681.0,4.0,0.0,0.0,0.0,16.11,0.0,0.0,7.1,68.1,0.4,0.0,0.0,16.11
395,T.J. Hockenson,Min,TE,L 20-21,9.5,Den,Away,10.0,11-21-23,11,False,0,116,20,9,0,18.84,0.0,0.0,7.8,86.4,0.4,0.0,0.0,0.0,170.6,0.0,0.0,75.0,736.0,4.0,0.0,0.0,0.0,15.509090909090908,0.0,0.0,6.818181818181818,66.9090909090909,0.36363636363636365,0.0,0.0,15.509090909090908
922,T.J. Hockenson,Min,TE,L 10-12,16.0,Chi,Home,4.0,11-28-23,12,False,0,116,20,5,1,18.119999999999997,0.0,0.0,6.6,79.2,0.6,0.0,0.0,0.0,186.6,0.0,0.0,80.0,786.0,5.0,0.0,0.0,0.0,15.549999999999999,0.0,0.0,6.666666666666667,65.5,0.4166666666666667,0.0,0.0,15.549999999999999
659,T.J. Hockenson,Min,TE,W 3-0,10.3,LV,Away,13.0,12-12-23,14,False,0,116,20,18,0,16.02,0.0,0.0,6.4,72.2,0.4,0.0,0.0,0.0,196.9,0.0,0.0,85.0,839.0,5.0,0.0,0.0,0.0,15.146153846153847,0.0,0.0,6.538461538461538,64.53846153846153,0.38461538461538464,0.0,0.0,15.146153846153847
1312,T.J. Hockenson,Min,TE,L 24-27,12.3,Cin,Away,10.0,12-19-23,15,False,0,116,20,6,0,15.7,0.0,0.0,6.2,71.0,0.4,0.0,0.0,0.0,209.2,0.0,0.0,91.0,902.0,5.0,0.0,0.0,0.0,14.942857142857141,0.0,0.0,6.5,64.42857142857143,0.35714285714285715,0.0,0.0,14.942857142857141
1035,T.J. Hockenson,Min,TE,L 24-30,9.8,Det,Home,18.0,12-26-23,16,False,0,116,20,10,1,11.580000000000002,0.0,0.0,4.8,55.8,0.2,0.0,0.0,0.0,219.0,0.0,0.0,95.0,960.0,5.0,0.0,0.0,0.0,14.6,0.0,0.0,6.333333333333333,64.0,0.3333333333333333,0.0,0.0,14.6
1667,Tanner Conner,Mia,TE,W 42-21,0.0,Car,Home,72.0,10-17-23,6,False,0,117,19,4,1,0.0,0.0,0.0,0.0,0.0,0.0,0.0,0.0,0.0,0.0,0.0,0.0,0.0,0.0,0.0,0.0,0.0,0.0,0.0,0.0,0.0,0.0,0.0,0.0,0.0,0.0,0.0
1574,Tanner Conner,Mia,TE,L 17-31,0.0,Phi,Away,62.0,10-24-23,7,False,0,117,19,25,0,0.0,0.0,0.0,0.0,0.0,0.0,0.0,0.0,0.0,0.0,0.0,0.0,0.0,0.0,0.0,0.0,0.0,0.0,0.0,0.0,0.0,0.0,0.0,0.0,0.0,0.0,0.0
554,Tanner Conner,Mia,TE,W 45-15,0.0,Wsh,Away,66.0,12-05-23,13,False,0,117,19,31,0,0.0,0.0,0.0,0.0,0.0,0.0,0.0,0.0,0.0,0.0,0.0,0.0,0.0,0.0,0.0,0.0,0.0,0.0,0.0,0.0,0.0,0.0,0.0,0.0,0.0,0.0,0.0
1137,Tanner Hudson,Cin,TE,L 17-25,6.8,KC,Away,25.0,01-02-24,17,False,0,118,6,15,0,6.8,0.0,0.0,3.0,38.0,0.0,0.0,0.0,0.0,6.8,0.0,0.0,3.0,38.0,0.0,0.0,0.0,0.0,6.8,0.0,0.0,3.0,38.0,0.0,0.0,0.0,6.8
777,Tanner Hudson,Cin,TE,W 31-14,3.1,Cle,Home,40.0,01-09-24,18,False,0,118,6,7,1,4.95,0.0,0.0,2.5,24.5,0.0,0.0,0.0,0.0,9.9,0.0,0.0,5.0,49.0,0.0,0.0,0.0,0.0,4.95,0.0,0.0,2.5,24.5,0.0,0.0,0.0,4.95
226,Tanner Hudson,Cin,TE,W 19-16,5.0,LAR,Home,25.5,09-26-23,3,False,0,118,6,17,1,4.966666666666667,0.0,0.0,2.3333333333333335,26.333333333333332,0.0,0.0,0.0,0.0,14.9,0.0,0.0,7.0,79.0,0.0,0.0,0.0,0.0,4.966666666666667,0.0,0.0,2.3333333333333335,26.333333333333332,0.0,0.0,0.0,4.966666666666667
32,Tanner Hudson,Cin,TE,L 3-27,3.8,Ten,Away,32.5,10-03-23,4,False,0,118,6,30,0,4.675,0.0,0.0,2.25,24.25,0.0,0.0,0.0,0.0,18.7,0.0,0.0,9.0,97.0,0.0,0.0,0.0,0.0,4.675,0.0,0.0,2.25,24.25,0.0,0.0,0.0,4.675
576,Tanner Hudson,Cin,TE,W 24-18,8.5,Buf,Home,18.0,11-07-23,9,False,0,118,6,3,1,5.4399999999999995,0.0,0.0,2.6,28.4,0.0,0.0,0.0,0.0,27.2,0.0,0.0,13.0,142.0,0.0,0.0,0.0,0.0,5.4399999999999995,0.0,0.0,2.6,28.4,0.0,0.0,0.0,5.4399999999999995
843,Tanner Hudson,Cin,TE,L 27-30,9.3,Hou,Home,12.0,11-14-23,10,False,0,118,6,12,1,5.9399999999999995,0.0,0.0,3.2,27.4,0.0,0.0,0.0,0.0,36.5,0.0,0.0,19.0,175.0,0.0,0.0,0.0,0.0,6.083333333333333,0.0,0.0,3.1666666666666665,29.166666666666668,0.0,0.0,0.0,6.083333333333333
398,Tanner Hudson,Cin,TE,L 20-34,8.9,Bal,Away,12.5,11-21-23,11,False,0,118,6,2,0,7.1,0.0,0.0,3.6,35.0,0.0,0.0,0.0,0.0,45.4,0.0,0.0,23.0,224.0,0.0,0.0,0.0,0.0,6.485714285714286,0.0,0.0,3.2857142857142856,32.0,0.0,0.0,0.0,6.485714285714286
941,Tanner Hudson,Cin,TE,L 10-16,5.8,Pit,Home,23.0,11-28-23,12,False,0,118,6,26,1,7.260000000000001,0.0,0.0,4.0,32.6,0.0,0.0,0.0,0.0,51.2,0.0,0.0,27.0,242.0,0.0,0.0,0.0,0.0,6.4,0.0,0.0,3.375,30.25,0.0,0.0,0.0,6.4
489,Tanner Hudson,Cin,TE,W 34-31,7.5,Jax,Away,16.0,12-05-23,13,False,0,118,6,14,0,8.0,0.0,0.0,4.4,36.0,0.0,0.0,0.0,0.0,58.7,0.0,0.0,31.0,277.0,0.0,0.0,0.0,0.0,6.522222222222222,0.0,0.0,3.4444444444444446,30.77777777777778,0.0,0.0,0.0,6.522222222222222
660,Tanner Hudson,Cin,TE,W 34-14,10.1,Ind,Home,14.0,12-12-23,14,False,0,118,6,13,1,8.32,0.0,0.0,4.0,31.2,0.2,0.0,0.0,0.0,68.8,0.0,0.0,33.0,298.0,1.0,0.0,0.0,0.0,6.88,0.0,0.0,3.3,29.8,0.1,0.0,0.0,6.88
1316,Tanner Hudson,Cin,TE,W 27-24,9.9,Min,Home,14.0,12-19-23,15,False,0,118,6,20,1,8.44,0.0,0.0,3.8,34.4,0.2,0.0,0.0,0.0,78.7,0.0,0.0,38.0,347.0,1.0,0.0,0.0,0.0,7.154545454545455,0.0,0.0,3.4545454545454546,31.545454545454547,0.09090909090909091,0.0,0.0,7.154545454545455
1073,Tanner Hudson,Cin,TE,L 11-34,1.5,Pit,Away,56.5,12-26-23,16,False,0,118,6,26,0,6.959999999999999,0.0,0.0,3.2,25.6,0.2,0.0,0.0,0.0,80.2,0.0,0.0,39.0,352.0,1.0,0.0,0.0,0.0,6.683333333333334,0.0,0.0,3.25,29.333333333333332,0.08333333333333333,0.0,0.0,6.683333333333334
1122,Taysom Hill,NO,TE,W 23-13,11.54,TB,Away,10.0,01-02-24,17,False,0,119,22,29,0,11.54,11.0,0.0,2.0,30.0,1.0,2.0,1.0,0.0,11.54,11.0,0.0,2.0,30.0,1.0,2.0,1.0,0.0,11.54,11.0,0.0,2.0,30.0,1.0,2.0,1.0,11.54
746,Taysom Hill,NO,TE,W 48-17,11.9,Atl,Home,8.5,01-09-24,18,False,0,119,22,1,1,11.719999999999999,5.5,0.0,3.0,29.0,0.5,4.0,26.0,0.0,23.439999999999998,11.0,0.0,6.0,58.0,1.0,8.0,52.0,0.0,11.719999999999999,5.5,0.0,3.0,29.0,0.5,4.0,26.0,11.719999999999999
151,Taysom Hill,NO,TE,W 16-15,0.4,Ten,Home,50.0,09-12-23,1,False,0,119,22,30,1,7.946666666666666,3.6666666666666665,0.0,2.0,19.333333333333332,0.3333333333333333,3.6666666666666665,18.666666666666668,0.0,23.84,11.0,0.0,6.0,58.0,1.0,11.0,56.0,0.0,7.946666666666666,3.6666666666666665,0.0,2.0,19.333333333333332,0.3333333333333333,3.6666666666666665,18.666666666666668,7.946666666666666
1222,Taysom Hill,NO,TE,W 20-17,8.72,Car,Away,17.0,09-19-23,2,False,0,119,22,4,0,8.14,4.75,0.0,1.75,14.25,0.25,5.0,32.75,0.0,32.56,19.0,0.0,7.0,57.0,1.0,20.0,131.0,0.0,8.14,4.75,0.0,1.75,14.25,0.25,5.0,32.75,8.14
232,Taysom Hill,NO,TE,L 17-18,3.1,GB,Away,32.0,09-26-23,3,False,0,119,22,11,0,7.132000000000001,3.8,0.0,1.6,13.2,0.2,4.8,28.6,0.0,35.660000000000004,19.0,0.0,8.0,66.0,1.0,24.0,143.0,0.0,7.132000000000001,3.8,0.0,1.6,13.2,0.2,4.8,28.6,7.132000000000001
34,Taysom Hill,NO,TE,L 9-26,3.22,TB,Home,35.0,10-03-23,4,False,0,119,22,29,1,5.468000000000001,4.2,0.0,1.4,8.6,0.0,5.2,30.4,0.0,38.88,32.0,0.0,9.0,73.0,1.0,28.0,153.0,0.0,6.48,5.333333333333333,0.0,1.5,12.166666666666666,0.16666666666666666,4.666666666666667,25.5,6.48
340,Taysom Hill,NO,TE,W 34-0,3.0,NE,Away,42.5,10-10-23,5,False,0,119,22,21,0,3.688,4.2,0.0,0.8,3.2,0.0,4.6,24.0,0.0,41.88,32.0,0.0,10.0,74.0,1.0,31.0,172.0,0.0,5.982857142857143,4.571428571428571,0.0,1.4285714285714286,10.571428571428571,0.14285714285714285,4.428571428571429,24.571428571428573,5.982857142857143
1584,Taysom Hill,NO,TE,L 13-20,12.26,Hou,Away,6.0,10-17-23,6,False,0,119,22,12,0,6.0600000000000005,5.0,0.0,2.2,13.0,0.0,4.2,23.6,0.0,54.14,36.0,0.0,17.0,123.0,1.0,32.0,174.0,0.0,6.7675,4.5,0.0,2.125,15.375,0.125,4.0,21.75,6.7675
1504,Taysom Hill,NO,TE,L 24-31,16.8,Jax,Home,6.0,10-24-23,7,False,0,119,22,14,1,7.675999999999999,3.4,0.0,2.8,23.2,0.0,3.4,12.2,0.2,70.94,36.0,0.0,21.0,173.0,1.0,37.0,192.0,1.0,7.882222222222222,4.0,0.0,2.3333333333333335,19.22222222222222,0.1111111111111111,4.111111111111111,21.333333333333332,7.882222222222222
1406,Taysom Hill,NO,TE,W 38-27,22.46,Ind,Away,3.0,10-31-23,8,False,0,119,22,13,0,11.547999999999998,12.2,0.0,2.8,24.2,0.0,4.4,22.4,0.6,93.4,80.0,0.0,22.0,187.0,1.0,46.0,255.0,3.0,9.34,8.0,0.0,2.2,18.7,0.1,4.6,25.5,9.34
564,Taysom Hill,NO,TE,W 24-17,20.62,Chi,Home,6.0,11-07-23,9,False,0,119,22,5,1,15.028,10.2,0.2,3.4,25.4,0.2,5.8,30.8,0.6,114.02000000000001,83.0,1.0,26.0,200.0,2.0,57.0,307.0,3.0,10.365454545454547,7.545454545454546,0.09090909090909091,2.3636363636363638,18.181818181818183,0.18181818181818182,5.181818181818182,27.90909090909091,10.365454545454547
857,Taysom Hill,NO,TE,L 19-27,4.3,Min,Away,26.0,11-14-23,10,False,0,119,22,20,0,15.288,10.2,0.2,3.6,28.6,0.2,5.4,28.2,0.6,118.32000000000001,83.0,1.0,28.0,217.0,2.0,58.0,313.0,3.0,9.860000000000001,6.916666666666667,0.08333333333333333,2.3333333333333335,18.083333333333332,0.16666666666666666,4.833333333333333,26.083333333333332,9.860000000000001
935,Taysom Hill,NO,TE,L 15-24,8.1,Atl,Away,17.5,11-28-23,12,False,0,119,22,1,0,14.456,9.4,0.2,2.6,29.8,0.2,6.6,33.0,0.6,126.42,83.0,1.0,30.0,272.0,2.0,65.0,339.0,3.0,9.724615384615385,6.384615384615385,0.07692307692307693,2.3076923076923075,20.923076923076923,0.15384615384615385,5.0,26.076923076923077,9.724615384615385
479,Taysom Hill,NO,TE,L 28-33,15.4,Det,Home,6.0,12-05-23,13,False,0,119,22,10,1,14.175999999999998,9.4,0.2,2.2,22.8,0.2,8.2,41.2,0.6,141.82,83.0,1.0,32.0,287.0,2.0,78.0,398.0,4.0,10.129999999999999,5.928571428571429,0.07142857142857142,2.2857142857142856,20.5,0.14285714285714285,5.571428571428571,28.428571428571427,10.129999999999999
1360,Taysom Hill,NO,TE,W 24-6,1.5,NYG,Home,58.5,12-19-23,15,False,0,119,22,23,1,9.983999999999998,0.6,0.2,2.2,20.8,0.2,6.6,28.8,0.2,143.32,83.0,1.0,33.0,291.0,2.0,79.0,399.0,4.0,9.554666666666666,5.533333333333333,0.06666666666666667,2.2,19.4,0.13333333333333333,5.266666666666667,26.6,9.554666666666666
1077,Taysom Hill,NO,TE,L 22-30,0.2,LAR,Away,60.0,12-26-23,16,False,0,119,22,17,0,5.8999999999999995,0.0,0.0,1.4,18.2,0.0,4.8,18.8,0.2,143.52,83.0,1.0,33.0,291.0,2.0,81.0,401.0,4.0,8.97,5.1875,0.0625,2.0625,18.1875,0.125,5.0625,25.0625,8.97
145,Teagan Quitoriano,Hou,TE,L 9-25,2.1,Bal,Away,44.0,09-12-23,1,False,0,120,12,2,0,2.1,0.0,0.0,1.0,11.0,0.0,0.0,0.0,0.0,2.1,0.0,0.0,1.0,11.0,0.0,0.0,0.0,0.0,2.1,0.0,0.0,1.0,11.0,0.0,0.0,0.0,2.1
1281,Teagan Quitoriano,Hou,TE,L 20-31,0.0,Ind,Home,76.0,09-19-23,2,False,0,120,12,13,1,1.05,0.0,0.0,0.5,5.5,0.0,0.0,0.0,0.0,2.1,0.0,0.0,1.0,11.0,0.0,0.0,0.0,0.0,1.05,0.0,0.0,0.5,5.5,0.0,0.0,0.0,1.05
276,Teagan Quitoriano,Hou,TE,W 37-17,0.0,Jax,Away,79.0,09-26-23,3,False,0,120,12,14,0,0.7000000000000001,0.0,0.0,0.3333333333333333,3.6666666666666665,0.0,0.0,0.0,0.0,2.1,0.0,0.0,1.0,11.0,0.0,0.0,0.0,0.0,0.7000000000000001,0.0,0.0,0.3333333333333333,3.6666666666666665,0.0,0.0,0.0,0.7000000000000001
74,Teagan Quitoriano,Hou,TE,W 30-6,0.0,Pit,Home,79.5,10-03-23,4,False,0,120,12,26,1,0.525,0.0,0.0,0.25,2.75,0.0,0.0,0.0,0.0,2.1,0.0,0.0,1.0,11.0,0.0,0.0,0.0,0.0,0.525,0.0,0.0,0.25,2.75,0.0,0.0,0.0,0.525
336,Teagan Quitoriano,Hou,TE,L 19-21,3.2,Atl,Away,38.0,10-10-23,5,False,0,120,12,1,0,1.06,0.0,0.0,0.4,6.6,0.0,0.0,0.0,0.0,5.300000000000001,0.0,0.0,2.0,33.0,0.0,0.0,0.0,0.0,1.06,0.0,0.0,0.4,6.6,0.0,0.0,0.0,1.06
1647,Teagan Quitoriano,Hou,TE,W 20-13,0.0,NO,Home,72.0,10-17-23,6,False,0,120,12,22,1,0.64,0.0,0.0,0.2,4.4,0.0,0.0,0.0,0.0,5.300000000000001,0.0,0.0,2.0,33.0,0.0,0.0,0.0,0.0,0.8833333333333334,0.0,0.0,0.3333333333333333,5.5,0.0,0.0,0.0,0.8833333333333334
1475,Teagan Quitoriano,Hou,TE,L 13-15,0.0,Car,Away,73.0,10-31-23,8,False,0,120,12,4,0,0.64,0.0,0.0,0.2,4.4,0.0,0.0,0.0,0.0,5.300000000000001,0.0,0.0,2.0,33.0,0.0,0.0,0.0,0.0,0.7571428571428572,0.0,0.0,0.2857142857142857,4.714285714285714,0.0,0.0,0.0,0.7571428571428572
1163,Tommy Tremble,Car,TE,L 0-26,1.6,Jax,Away,53.0,01-02-24,17,False,0,121,4,14,0,1.6,0.0,0.0,1.0,6.0,0.0,0.0,0.0,0.0,1.6,0.0,0.0,1.0,6.0,0.0,0.0,0.0,0.0,1.6,0.0,0.0,1.0,6.0,0.0,0.0,0.0,1.6
779,Tommy Tremble,Car,TE,L 0-9,3.1,TB,Home,40.0,01-09-24,18,False,0,121,4,29,1,2.35,0.0,0.0,1.5,8.5,0.0,0.0,0.0,0.0,4.7,0.0,0.0,3.0,17.0,0.0,0.0,0.0,0.0,2.35,0.0,0.0,1.5,8.5,0.0,0.0,0.0,2.35
176,Tommy Tremble,Car,TE,L 10-24,0.0,Atl,Away,75.0,09-12-23,1,False,0,121,4,1,0,1.5666666666666667,0.0,0.0,1.0,5.666666666666667,0.0,0.0,0.0,0.0,4.7,0.0,0.0,3.0,17.0,0.0,0.0,0.0,0.0,1.5666666666666667,0.0,0.0,1.0,5.666666666666667,0.0,0.0,0.0,1.5666666666666667
1282,Tommy Tremble,Car,TE,L 17-20,0.0,NO,Home,76.0,09-19-23,2,False,0,121,4,22,1,1.175,0.0,0.0,0.75,4.25,0.0,0.0,0.0,0.0,4.7,0.0,0.0,3.0,17.0,0.0,0.0,0.0,0.0,1.175,0.0,0.0,0.75,4.25,0.0,0.0,0.0,1.175
241,Tommy Tremble,Car,TE,L 27-37,2.5,Sea,Away,40.5,09-26-23,3,False,0,121,4,28,0,1.44,0.0,0.0,0.8,6.4,0.0,0.0,0.0,0.0,7.2,0.0,0.0,4.0,32.0,0.0,0.0,0.0,0.0,1.44,0.0,0.0,0.8,6.4,0.0,0.0,0.0,1.44
75,Tommy Tremble,Car,TE,L 13-21,0.0,Min,Home,79.5,10-03-23,4,False,0,121,4,20,1,1.1199999999999999,0.0,0.0,0.6,5.2,0.0,0.0,0.0,0.0,7.2,0.0,0.0,4.0,32.0,0.0,0.0,0.0,0.0,1.2,0.0,0.0,0.6666666666666666,5.333333333333333,0.0,0.0,0.0,1.2
317,Tommy Tremble,Car,TE,L 24-42,7.1,Det,Away,19.0,10-10-23,5,False,0,121,4,10,0,1.92,0.0,0.0,0.4,3.2,0.2,0.0,0.0,0.0,14.3,0.0,0.0,5.0,33.0,1.0,0.0,0.0,0.0,2.042857142857143,0.0,0.0,0.7142857142857143,4.714285714285714,0.14285714285714285,0.0,0.0,2.042857142857143
1602,Tommy Tremble,Car,TE,L 21-42,4.5,Mia,Away,24.0,10-17-23,6,False,0,121,4,19,0,2.82,0.0,0.0,0.8,8.2,0.2,0.0,0.0,0.0,18.8,0.0,0.0,7.0,58.0,1.0,0.0,0.0,0.0,2.35,0.0,0.0,0.875,7.25,0.125,0.0,0.0,2.35
1421,Tommy Tremble,Car,TE,W 15-13,8.4,Hou,Home,18.0,10-31-23,8,False,0,121,4,12,1,4.5,0.0,0.0,1.2,9.0,0.4,0.0,0.0,0.0,27.2,0.0,0.0,9.0,62.0,2.0,0.0,0.0,0.0,3.022222222222222,0.0,0.0,1.0,6.888888888888889,0.2222222222222222,0.0,0.0,3.022222222222222
591,Tommy Tremble,Car,TE,L 13-27,3.2,Ind,Home,33.0,11-07-23,9,False,0,121,4,13,1,4.64,0.0,0.0,1.4,8.4,0.4,0.0,0.0,0.0,30.4,0.0,0.0,11.0,74.0,2.0,0.0,0.0,0.0,3.04,0.0,0.0,1.1,7.4,0.2,0.0,0.0,3.04
856,Tommy Tremble,Car,TE,L 13-16,4.6,Chi,Away,25.0,11-14-23,10,False,0,121,4,5,0,5.5600000000000005,0.0,0.0,2.0,11.6,0.4,0.0,0.0,0.0,35.0,0.0,0.0,14.0,90.0,2.0,0.0,0.0,0.0,3.1818181818181817,0.0,0.0,1.2727272727272727,8.181818181818182,0.18181818181818182,0.0,0.0,3.1818181818181817
401,Tommy Tremble,Car,TE,L 10-33,7.4,Dal,Home,16.0,11-21-23,11,False,0,121,4,8,1,5.62,0.0,0.0,2.0,12.2,0.4,0.0,0.0,0.0,42.4,0.0,0.0,15.0,94.0,3.0,0.0,0.0,0.0,3.533333333333333,0.0,0.0,1.25,7.833333333333333,0.25,0.0,0.0,3.533333333333333
971,Tommy Tremble,Car,TE,L 10-17,1.7,Ten,Away,53.0,11-28-23,12,False,0,121,4,30,0,5.0600000000000005,0.0,0.0,1.8,8.6,0.4,0.0,0.0,0.0,44.1,0.0,0.0,16.0,101.0,3.0,0.0,0.0,0.0,3.3923076923076922,0.0,0.0,1.2307692307692308,7.769230769230769,0.23076923076923078,0.0,0.0,3.3923076923076922
698,Tommy Tremble,Car,TE,L 6-28,1.2,NO,Away,52.0,12-12-23,14,False,0,121,4,22,0,3.62,0.0,0.0,1.6,8.2,0.2,0.0,0.0,0.0,45.3,0.0,0.0,17.0,103.0,3.0,0.0,0.0,0.0,3.2357142857142853,0.0,0.0,1.2142857142857142,7.357142857142857,0.21428571428571427,0.0,0.0,3.2357142857142853
1334,Tommy Tremble,Car,TE,W 9-7,5.2,Atl,Home,32.0,12-19-23,15,False,0,121,4,1,1,4.0200000000000005,0.0,0.0,1.6,12.2,0.2,0.0,0.0,0.0,50.5,0.0,0.0,19.0,135.0,3.0,0.0,0.0,0.0,3.3666666666666667,0.0,0.0,1.2666666666666666,9.0,0.2,0.0,0.0,3.3666666666666667
1034,Tommy Tremble,Car,TE,L 30-33,9.9,GB,Home,17.0,12-26-23,16,False,0,121,4,11,1,5.08,0.0,0.0,1.8,20.8,0.2,0.0,0.0,0.0,60.4,0.0,0.0,23.0,194.0,3.0,0.0,0.0,0.0,3.775,0.0,0.0,1.4375,12.125,0.1875,0.0,0.0,3.775
1146,Travis Kelce,KC,TE,W 25-17,4.6,Cin,Home,34.0,01-02-24,17,False,0,122,15,6,1,4.6,0.0,0.0,3.0,16.0,0.0,0.0,0.0,0.0,4.6,0.0,0.0,3.0,16.0,0.0,0.0,0.0,0.0,4.6,0.0,0.0,3.0,16.0,0.0,0.0,0.0,4.6
1210,Travis Kelce,KC,TE,W 17-9,12.6,Jax,Away,5.0,09-19-23,2,False,0,122,15,14,0,8.6,0.0,0.0,3.5,21.0,0.5,0.0,0.0,0.0,17.2,0.0,0.0,7.0,42.0,1.0,0.0,0.0,0.0,8.6,0.0,0.0,3.5,21.0,0.5,0.0,0.0,8.6
202,Travis Kelce,KC,TE,W 41-10,19.9,Chi,Home,2.0,09-26-23,3,False,0,122,15,5,1,12.366666666666665,0.0,0.0,4.666666666666667,37.0,0.6666666666666666,0.0,0.0,0.0,37.099999999999994,0.0,0.0,14.0,111.0,2.0,0.0,0.0,0.0,12.366666666666665,0.0,0.0,4.666666666666667,37.0,0.6666666666666666,0.0,0.0,12.366666666666665
7,Travis Kelce,KC,TE,W 23-20,12.0,NYJ,Away,8.0,10-03-23,4,False,0,122,15,24,0,12.274999999999999,0.0,0.0,5.0,42.75,0.5,0.0,0.0,0.0,49.099999999999994,0.0,0.0,20.0,171.0,2.0,0.0,0.0,0.0,12.274999999999999,0.0,0.0,5.0,42.75,0.5,0.0,0.0,12.274999999999999
301,Travis Kelce,KC,TE,W 27-20,22.7,Min,Away,3.0,10-10-23,5,False,0,122,15,20,0,14.36,0.0,0.0,6.0,47.6,0.6,0.0,0.0,0.0,71.8,0.0,0.0,30.0,238.0,3.0,0.0,0.0,0.0,14.36,0.0,0.0,6.0,47.6,0.6,0.0,0.0,14.36
1579,Travis Kelce,KC,TE,W 19-8,21.4,Den,Home,1.0,10-17-23,6,False,0,122,15,9,1,17.72,0.0,0.0,7.2,69.2,0.6,0.0,0.0,0.0,93.19999999999999,0.0,0.0,39.0,362.0,3.0,0.0,0.0,0.0,15.533333333333331,0.0,0.0,6.5,60.333333333333336,0.5,0.0,0.0,15.533333333333331
1499,Travis Kelce,KC,TE,W 31-17,35.9,LAC,Home,1.0,10-24-23,7,False,0,122,15,16,1,22.38,0.0,0.0,8.8,99.8,0.6,0.0,0.0,0.0,129.1,0.0,0.0,51.0,541.0,4.0,0.0,0.0,0.0,18.442857142857143,0.0,0.0,7.285714285714286,77.28571428571429,0.5714285714285714,0.0,0.0,18.442857142857143
1417,Travis Kelce,KC,TE,L 9-24,11.8,Den,Away,14.0,10-31-23,8,False,0,122,15,9,0,20.759999999999998,0.0,0.0,8.6,97.6,0.4,0.0,0.0,0.0,140.9,0.0,0.0,57.0,599.0,4.0,0.0,0.0,0.0,17.6125,0.0,0.0,7.125,74.875,0.5,0.0,0.0,17.6125
587,Travis Kelce,KC,TE,W 21-14,4.4,Mia,Home,29.0,11-07-23,9,False,0,122,15,19,1,19.240000000000002,0.0,0.0,8.0,88.4,0.4,0.0,0.0,0.0,145.29999999999998,0.0,0.0,60.0,613.0,4.0,0.0,0.0,0.0,16.144444444444442,0.0,0.0,6.666666666666667,68.11111111111111,0.4444444444444444,0.0,0.0,16.144444444444442
387,Travis Kelce,KC,TE,L 17-21,15.4,Phi,Home,2.0,11-21-23,11,False,0,122,15,25,1,17.78,0.0,0.0,7.4,83.8,0.4,0.0,0.0,0.0,160.7,0.0,0.0,67.0,657.0,5.0,0.0,0.0,0.0,16.07,0.0,0.0,6.7,65.7,0.5,0.0,0.0,16.07
923,Travis Kelce,KC,TE,W 31-17,15.1,LV,Away,5.0,11-28-23,12,False,0,122,15,18,0,16.52,0.0,0.0,6.8,77.2,0.4,0.0,0.0,0.0,175.79999999999998,0.0,0.0,73.0,748.0,5.0,0.0,0.0,0.0,15.98181818181818,0.0,0.0,6.636363636363637,68.0,0.45454545454545453,0.0,0.0,15.98181818181818
480,Travis Kelce,KC,TE,L 19-27,12.1,GB,Away,7.0,12-05-23,13,False,0,122,15,11,0,11.76,0.0,0.0,5.2,57.6,0.2,0.0,0.0,0.0,187.9,0.0,0.0,77.0,829.0,5.0,0.0,0.0,0.0,15.658333333333333,0.0,0.0,6.416666666666667,69.08333333333333,0.4166666666666667,0.0,0.0,15.658333333333333
654,Travis Kelce,KC,TE,L 17-20,14.3,Buf,Home,8.0,12-12-23,14,False,0,122,15,3,1,12.260000000000002,0.0,0.0,5.2,62.6,0.2,0.0,0.0,0.0,202.2,0.0,0.0,83.0,912.0,5.0,0.0,0.0,0.0,15.553846153846154,0.0,0.0,6.384615384615385,70.15384615384616,0.38461538461538464,0.0,0.0,15.553846153846154
1322,Travis Kelce,KC,TE,W 27-17,7.8,NE,Away,20.0,12-19-23,15,False,0,122,15,21,0,12.940000000000001,0.0,0.0,5.6,65.4,0.2,0.0,0.0,0.0,210.0,0.0,0.0,88.0,940.0,5.0,0.0,0.0,0.0,15.0,0.0,0.0,6.285714285714286,67.14285714285714,0.35714285714285715,0.0,0.0,15.0
1037,Travis Kelce,KC,TE,L 14-20,9.4,LV,Home,20.0,12-26-23,16,False,0,122,15,18,1,11.74,0.0,0.0,5.2,65.4,0.0,0.0,0.0,0.0,219.4,0.0,0.0,93.0,984.0,5.0,0.0,0.0,0.0,14.626666666666667,0.0,0.0,6.2,65.6,0.3333333333333333,0.0,0.0,14.626666666666667
1204,Travis Vokolek,Ari,TE,W 35-31,0.0,Phi,Away,76.0,01-02-24,17,False,0,123,0,25,0,0.0,0.0,0.0,0.0,0.0,0.0,0.0,0.0,0.0,0.0,0.0,0.0,0.0,0.0,0.0,0.0,0.0,0.0,0.0,0.0,0.0,0.0,0.0,0.0,0.0,0.0,0.0
831,Travis Vokolek,Ari,TE,L 20-21,0.0,Sea,Home,76.5,01-09-24,18,False,0,123,0,28,1,0.0,0.0,0.0,0.0,0.0,0.0,0.0,0.0,0.0,0.0,0.0,0.0,0.0,0.0,0.0,0.0,0.0,0.0,0.0,0.0,0.0,0.0,0.0,0.0,0.0,0.0,0.0
175,Tre' McKitty,LAC,TE,L 34-36,0.0,Mia,Home,75.0,09-12-23,1,False,0,124,16,19,1,0.0,0.0,0.0,0.0,0.0,0.0,0.0,0.0,0.0,0.0,0.0,0.0,0.0,0.0,0.0,0.0,0.0,0.0,0.0,0.0,0.0,0.0,0.0,0.0,0.0,0.0,0.0
1280,Tre' McKitty,LAC,TE,L 24-27,0.0,Ten,Away,76.0,09-19-23,2,False,0,124,16,30,0,0.0,0.0,0.0,0.0,0.0,0.0,0.0,0.0,0.0,0.0,0.0,0.0,0.0,0.0,0.0,0.0,0.0,0.0,0.0,0.0,0.0,0.0,0.0,0.0,0.0,0.0,0.0
275,Tre' McKitty,LAC,TE,W 28-24,0.0,Min,Away,79.0,09-26-23,3,False,0,124,16,20,0,0.0,0.0,0.0,0.0,0.0,0.0,0.0,0.0,0.0,0.0,0.0,0.0,0.0,0.0,0.0,0.0,0.0,0.0,0.0,0.0,0.0,0.0,0.0,0.0,0.0,0.0,0.0
73,Tre' McKitty,LAC,TE,W 24-17,0.0,LV,Home,79.5,10-03-23,4,False,0,124,16,18,1,0.0,0.0,0.0,0.0,0.0,0.0,0.0,0.0,0.0,0.0,0.0,0.0,0.0,0.0,0.0,0.0,0.0,0.0,0.0,0.0,0.0,0.0,0.0,0.0,0.0,0.0,0.0
1646,Tre' McKitty,LAC,TE,L 17-20,0.0,Dal,Home,72.0,10-17-23,6,False,0,124,16,8,1,0.0,0.0,0.0,0.0,0.0,0.0,0.0,0.0,0.0,0.0,0.0,0.0,0.0,0.0,0.0,0.0,0.0,0.0,0.0,0.0,0.0,0.0,0.0,0.0,0.0,0.0,0.0
820,Trevon Wesco,Ten,TE,W 28-20,0.0,Jax,Home,76.5,01-09-24,18,False,0,125,30,14,1,0.0,0.0,0.0,0.0,0.0,0.0,0.0,0.0,0.0,0.0,0.0,0.0,0.0,0.0,0.0,0.0,0.0,0.0,0.0,0.0,0.0,0.0,0.0,0.0,0.0,0.0,0.0
191,Trevon Wesco,Ten,TE,L 15-16,0.0,NO,Away,75.0,09-12-23,1,False,0,125,30,22,0,0.0,0.0,0.0,0.0,0.0,0.0,0.0,0.0,0.0,0.0,0.0,0.0,0.0,0.0,0.0,0.0,0.0,0.0,0.0,0.0,0.0,0.0,0.0,0.0,0.0,0.0,0.0
1295,Trevon Wesco,Ten,TE,W 27-24,0.0,LAC,Home,76.0,09-19-23,2,False,0,125,30,16,1,0.0,0.0,0.0,0.0,0.0,0.0,0.0,0.0,0.0,0.0,0.0,0.0,0.0,0.0,0.0,0.0,0.0,0.0,0.0,0.0,0.0,0.0,0.0,0.0,0.0,0.0,0.0
288,Trevon Wesco,Ten,TE,L 3-27,0.0,Cle,Away,79.0,09-26-23,3,False,0,125,30,7,0,0.0,0.0,0.0,0.0,0.0,0.0,0.0,0.0,0.0,0.0,0.0,0.0,0.0,0.0,0.0,0.0,0.0,0.0,0.0,0.0,0.0,0.0,0.0,0.0,0.0,0.0,0.0
86,Trevon Wesco,Ten,TE,W 27-3,0.0,Cin,Home,79.5,10-03-23,4,False,0,125,30,6,1,0.0,0.0,0.0,0.0,0.0,0.0,0.0,0.0,0.0,0.0,0.0,0.0,0.0,0.0,0.0,0.0,0.0,0.0,0.0,0.0,0.0,0.0,0.0,0.0,0.0,0.0,0.0
339,Trevon Wesco,Ten,TE,L 16-23,3.1,Ind,Away,40.5,10-10-23,5,False,0,125,30,13,0,0.62,0.0,0.0,0.2,4.2,0.0,0.0,0.0,0.0,3.1,0.0,0.0,1.0,21.0,0.0,0.0,0.0,0.0,0.5166666666666667,0.0,0.0,0.16666666666666666,3.5,0.0,0.0,0.0,0.5166666666666667
1659,Trevon Wesco,Ten,TE,L 16-24,0.0,Bal,Home,72.0,10-17-23,6,False,0,125,30,2,1,0.62,0.0,0.0,0.2,4.2,0.0,0.0,0.0,0.0,3.1,0.0,0.0,1.0,21.0,0.0,0.0,0.0,0.0,0.4428571428571429,0.0,0.0,0.14285714285714285,3.0,0.0,0.0,0.0,0.4428571428571429
1484,Trevon Wesco,Ten,TE,W 28-23,0.0,Atl,Home,73.0,10-31-23,8,False,0,125,30,1,1,0.62,0.0,0.0,0.2,4.2,0.0,0.0,0.0,0.0,3.1,0.0,0.0,1.0,21.0,0.0,0.0,0.0,0.0,0.3875,0.0,0.0,0.125,2.625,0.0,0.0,0.0,0.3875
630,Trevon Wesco,Ten,TE,L 16-20,0.0,Pit,Away,68.0,11-07-23,9,False,0,125,30,26,0,0.62,0.0,0.0,0.2,4.2,0.0,0.0,0.0,0.0,3.1,0.0,0.0,1.0,21.0,0.0,0.0,0.0,0.0,0.34444444444444444,0.0,0.0,0.1111111111111111,2.3333333333333335,0.0,0.0,0.0,0.34444444444444444
902,Trevon Wesco,Ten,TE,L 6-20,0.0,TB,Away,69.5,11-14-23,10,False,0,125,30,29,0,0.62,0.0,0.0,0.2,4.2,0.0,0.0,0.0,0.0,3.1,0.0,0.0,1.0,21.0,0.0,0.0,0.0,0.0,0.31,0.0,0.0,0.1,2.1,0.0,0.0,0.0,0.31
462,Trevon Wesco,Ten,TE,L 14-34,0.0,Jax,Away,67.0,11-21-23,11,False,0,125,30,14,0,0.0,0.0,0.0,0.0,0.0,0.0,0.0,0.0,0.0,3.1,0.0,0.0,1.0,21.0,0.0,0.0,0.0,0.0,0.2818181818181818,0.0,0.0,0.09090909090909091,1.9090909090909092,0.0,0.0,0.0,0.2818181818181818
1003,Trevon Wesco,Ten,TE,W 17-10,0.0,Car,Home,78.0,11-28-23,12,False,0,125,30,4,1,0.0,0.0,0.0,0.0,0.0,0.0,0.0,0.0,0.0,3.1,0.0,0.0,1.0,21.0,0.0,0.0,0.0,0.0,0.25833333333333336,0.0,0.0,0.08333333333333333,1.75,0.0,0.0,0.0,0.25833333333333336
547,Trevon Wesco,Ten,TE,L 28-31,0.0,Ind,Home,66.0,12-05-23,13,False,0,125,30,13,1,0.0,0.0,0.0,0.0,0.0,0.0,0.0,0.0,0.0,3.1,0.0,0.0,1.0,21.0,0.0,0.0,0.0,0.0,0.23846153846153847,0.0,0.0,0.07692307692307693,1.6153846153846154,0.0,0.0,0.0,0.23846153846153847
725,Trevon Wesco,Ten,TE,W 28-27,0.0,Mia,Away,73.0,12-12-23,14,False,0,125,30,19,0,0.0,0.0,0.0,0.0,0.0,0.0,0.0,0.0,0.0,3.1,0.0,0.0,1.0,21.0,0.0,0.0,0.0,0.0,0.22142857142857145,0.0,0.0,0.07142857142857142,1.5,0.0,0.0,0.0,0.22142857142857145
1390,Trevon Wesco,Ten,TE,L 16-19,0.0,Hou,Home,81.5,12-19-23,15,False,0,125,30,12,1,0.0,0.0,0.0,0.0,0.0,0.0,0.0,0.0,0.0,3.1,0.0,0.0,1.0,21.0,0.0,0.0,0.0,0.0,0.20666666666666667,0.0,0.0,0.06666666666666667,1.4,0.0,0.0,0.0,0.20666666666666667
1124,Trey McBride,Ari,TE,W 35-31,10.8,Phi,Away,12.5,01-02-24,17,False,0,126,0,25,0,10.8,0.0,0.0,6.0,48.0,0.0,0.0,0.0,0.0,10.8,0.0,0.0,6.0,48.0,0.0,0.0,0.0,0.0,10.8,0.0,0.0,6.0,48.0,0.0,0.0,0.0,10.8
745,Trey McBride,Ari,TE,L 20-21,12.4,Sea,Home,7.0,01-09-24,18,False,0,126,0,28,1,11.600000000000001,0.0,0.0,4.5,41.0,0.5,0.0,0.0,0.0,23.200000000000003,0.0,0.0,9.0,82.0,1.0,0.0,0.0,0.0,11.600000000000001,0.0,0.0,4.5,41.0,0.5,0.0,0.0,11.600000000000001
131,Trey McBride,Ari,TE,L 16-20,4.3,Wsh,Away,29.5,09-12-23,1,False,0,126,0,31,0,9.166666666666666,0.0,0.0,3.6666666666666665,35.0,0.3333333333333333,0.0,0.0,0.0,27.5,0.0,0.0,11.0,105.0,1.0,0.0,0.0,0.0,9.166666666666666,0.0,0.0,3.6666666666666665,35.0,0.3333333333333333,0.0,0.0,9.166666666666666
1239,Trey McBride,Ari,TE,L 28-31,5.2,NYG,Home,34.0,09-19-23,2,False,0,126,0,23,1,8.175,0.0,0.0,3.25,34.25,0.25,0.0,0.0,0.0,32.7,0.0,0.0,13.0,137.0,1.0,0.0,0.0,0.0,8.175,0.0,0.0,3.25,34.25,0.25,0.0,0.0,8.175
258,Trey McBride,Ari,TE,W 28-16,1.2,Dal,Home,58.0,09-26-23,3,False,0,126,0,8,1,6.779999999999999,0.0,0.0,2.8,27.8,0.2,0.0,0.0,0.0,33.9,0.0,0.0,14.0,139.0,1.0,0.0,0.0,0.0,6.779999999999999,0.0,0.0,2.8,27.8,0.2,0.0,0.0,6.779999999999999
51,Trey McBride,Ari,TE,L 16-35,1.5,SF,Away,52.5,10-03-23,4,False,0,126,0,27,0,4.92,0.0,0.0,1.8,19.2,0.2,0.0,0.0,0.0,35.4,0.0,0.0,15.0,144.0,1.0,0.0,0.0,0.0,5.8999999999999995,0.0,0.0,2.5,24.0,0.16666666666666666,0.0,0.0,5.8999999999999995
332,Trey McBride,Ari,TE,L 20-34,3.7,Cin,Home,33.5,10-10-23,5,False,0,126,0,6,1,3.18,0.0,0.0,1.6,15.8,0.0,0.0,0.0,0.0,39.1,0.0,0.0,17.0,161.0,1.0,0.0,0.0,0.0,5.585714285714286,0.0,0.0,2.4285714285714284,23.0,0.14285714285714285,0.0,0.0,5.585714285714286
1590,Trey McBride,Ari,TE,L 9-26,10.2,LAR,Away,12.0,10-17-23,6,False,0,126,0,17,0,4.36,0.0,0.0,2.0,23.6,0.0,0.0,0.0,0.0,49.3,0.0,0.0,21.0,223.0,1.0,0.0,0.0,0.0,6.1625,0.0,0.0,2.625,27.875,0.125,0.0,0.0,6.1625
1518,Trey McBride,Ari,TE,L 10-20,5.9,Sea,Away,20.0,10-24-23,7,False,0,126,0,28,0,4.5,0.0,0.0,2.2,23.0,0.0,0.0,0.0,0.0,55.2,0.0,0.0,24.0,252.0,1.0,0.0,0.0,0.0,6.133333333333334,0.0,0.0,2.6666666666666665,28.0,0.1111111111111111,0.0,0.0,6.133333333333334
1404,Trey McBride,Ari,TE,L 24-31,25.5,Bal,Home,1.0,10-31-23,8,False,0,126,0,2,1,9.36,0.0,0.0,4.0,41.6,0.2,0.0,0.0,0.0,80.7,0.0,0.0,34.0,347.0,2.0,0.0,0.0,0.0,8.07,0.0,0.0,3.4,34.7,0.2,0.0,0.0,8.07
585,Trey McBride,Ari,TE,L 0-27,5.2,Cle,Away,27.0,11-07-23,9,False,0,126,0,7,0,10.1,0.0,0.0,4.4,45.0,0.2,0.0,0.0,0.0,85.9,0.0,0.0,37.0,369.0,2.0,0.0,0.0,0.0,7.8090909090909095,0.0,0.0,3.3636363636363638,33.54545454545455,0.18181818181818182,0.0,0.0,7.8090909090909095
833,Trey McBride,Ari,TE,W 25-23,21.1,Atl,Home,2.0,11-14-23,10,False,0,126,0,1,1,13.579999999999998,0.0,0.0,5.6,67.8,0.2,0.0,0.0,0.0,107.0,0.0,0.0,45.0,500.0,2.0,0.0,0.0,0.0,8.916666666666666,0.0,0.0,3.75,41.666666666666664,0.16666666666666666,0.0,0.0,8.916666666666666
396,Trey McBride,Ari,TE,L 16-21,9.3,Hou,Away,11.0,11-21-23,11,False,0,126,0,12,0,13.4,0.0,0.0,5.8,64.0,0.2,0.0,0.0,0.0,116.30000000000001,0.0,0.0,50.0,543.0,2.0,0.0,0.0,0.0,8.946153846153846,0.0,0.0,3.8461538461538463,41.76923076923077,0.15384615384615385,0.0,0.0,8.946153846153846
925,Trey McBride,Ari,TE,L 14-37,13.0,LAR,Home,7.0,11-28-23,12,False,0,126,0,17,1,14.819999999999999,0.0,0.0,6.6,70.2,0.2,0.0,0.0,0.0,129.3,0.0,0.0,57.0,603.0,2.0,0.0,0.0,0.0,9.235714285714286,0.0,0.0,4.071428571428571,43.07142857142857,0.14285714285714285,0.0,0.0,9.235714285714286
476,Trey McBride,Ari,TE,W 24-10,22.9,Pit,Away,3.0,12-05-23,13,False,0,126,0,26,0,14.3,0.0,0.0,6.2,69.0,0.2,0.0,0.0,0.0,152.2,0.0,0.0,65.0,692.0,3.0,0.0,0.0,0.0,10.146666666666667,0.0,0.0,4.333333333333333,46.13333333333333,0.2,0.0,0.0,10.146666666666667
1305,Trey McBride,Ari,TE,L 29-45,20.2,SF,Home,3.0,12-19-23,15,False,0,126,0,27,1,17.3,0.0,0.0,7.6,85.0,0.2,0.0,0.0,0.0,172.4,0.0,0.0,75.0,794.0,3.0,0.0,0.0,0.0,10.775,0.0,0.0,4.6875,49.625,0.1875,0.0,0.0,10.775
1038,Trey McBride,Ari,TE,L 16-27,9.1,Chi,Away,21.0,12-26-23,16,False,0,126,0,5,0,14.9,0.0,0.0,7.2,65.0,0.2,0.0,0.0,0.0,181.5,0.0,0.0,81.0,825.0,3.0,0.0,0.0,0.0,10.676470588235293,0.0,0.0,4.764705882352941,48.529411764705884,0.17647058823529413,0.0,0.0,10.676470588235293
1202,Tucker Fisk,Atl,TE,L 17-37,0.0,Chi,Away,76.0,01-02-24,17,False,0,127,1,5,0,0.0,0.0,0.0,0.0,0.0,0.0,0.0,0.0,0.0,0.0,0.0,0.0,0.0,0.0,0.0,0.0,0.0,0.0,0.0,0.0,0.0,0.0,0.0,0.0,0.0,0.0,0.0
830,Tucker Fisk,Atl,TE,L 17-48,0.0,NO,Away,76.5,01-09-24,18,False,0,127,1,22,0,0.0,0.0,0.0,0.0,0.0,0.0,0.0,0.0,0.0,0.0,0.0,0.0,0.0,0.0,0.0,0.0,0.0,0.0,0.0,0.0,0.0,0.0,0.0,0.0,0.0,0.0,0.0
1577,Tucker Fisk,Atl,TE,W 16-13,0.0,TB,Away,62.0,10-24-23,7,False,0,127,1,29,0,0.0,0.0,0.0,0.0,0.0,0.0,0.0,0.0,0.0,0.0,0.0,0.0,0.0,0.0,0.0,0.0,0.0,0.0,0.0,0.0,0.0,0.0,0.0,0.0,0.0,0.0,0.0
646,Tucker Fisk,Atl,TE,L 28-31,0.0,Min,Home,68.0,11-07-23,9,False,0,127,1,20,1,0.0,0.0,0.0,0.0,0.0,0.0,0.0,0.0,0.0,0.0,0.0,0.0,0.0,0.0,0.0,0.0,0.0,0.0,0.0,0.0,0.0,0.0,0.0,0.0,0.0,0.0,0.0
1354,Tucker Fisk,Atl,TE,L 7-9,1.9,Car,Away,51.5,12-19-23,15,False,0,127,1,4,0,0.38,0.0,0.0,0.2,1.8,0.0,0.0,0.0,0.0,1.9,0.0,0.0,1.0,9.0,0.0,0.0,0.0,0.0,0.38,0.0,0.0,0.2,1.8,0.0,0.0,0.0,0.38
1111,Tucker Fisk,Atl,TE,W 29-10,0.0,Ind,Home,78.0,12-26-23,16,False,0,127,1,13,1,0.38,0.0,0.0,0.2,1.8,0.0,0.0,0.0,0.0,1.9,0.0,0.0,1.0,9.0,0.0,0.0,0.0,0.0,0.31666666666666665,0.0,0.0,0.16666666666666666,1.5,0.0,0.0,0.0,0.31666666666666665
1125,Tucker Kraft,GB,TE,W 33-10,10.8,Min,Away,12.5,01-02-24,17,False,0,128,11,20,0,10.8,0.0,0.0,6.0,48.0,0.0,0.0,0.0,0.0,10.8,0.0,0.0,6.0,48.0,0.0,0.0,0.0,0.0,10.8,0.0,0.0,6.0,48.0,0.0,0.0,0.0,10.8
758,Tucker Kraft,GB,TE,W 17-9,6.1,Chi,Home,20.0,01-09-24,18,False,0,128,11,5,1,8.45,0.0,0.0,4.5,39.5,0.0,0.0,0.0,0.0,16.9,0.0,0.0,9.0,79.0,0.0,0.0,0.0,0.0,8.45,0.0,0.0,4.5,39.5,0.0,0.0,0.0,8.45
160,Tucker Kraft,GB,TE,W 38-20,0.0,Chi,Away,75.0,09-12-23,1,False,0,128,11,5,0,5.633333333333333,0.0,0.0,3.0,26.333333333333332,0.0,0.0,0.0,0.0,16.9,0.0,0.0,9.0,79.0,0.0,0.0,0.0,0.0,5.633333333333333,0.0,0.0,3.0,26.333333333333332,0.0,0.0,0.0,5.633333333333333
1264,Tucker Kraft,GB,TE,L 24-25,0.0,Atl,Away,76.0,09-19-23,2,False,0,128,11,1,0,4.225,0.0,0.0,2.25,19.75,0.0,0.0,0.0,0.0,16.9,0.0,0.0,9.0,79.0,0.0,0.0,0.0,0.0,4.225,0.0,0.0,2.25,19.75,0.0,0.0,0.0,4.225
264,Tucker Kraft,GB,TE,W 18-17,0.0,NO,Home,79.0,09-26-23,3,False,0,128,11,22,1,3.38,0.0,0.0,1.8,15.8,0.0,0.0,0.0,0.0,16.9,0.0,0.0,9.0,79.0,0.0,0.0,0.0,0.0,3.38,0.0,0.0,1.8,15.8,0.0,0.0,0.0,3.38
38,Tucker Kraft,GB,TE,L 20-34,2.5,Det,Home,39.0,10-03-23,4,False,0,128,11,10,1,1.72,0.0,0.0,1.0,7.2,0.0,0.0,0.0,0.0,19.4,0.0,0.0,11.0,84.0,0.0,0.0,0.0,0.0,3.233333333333333,0.0,0.0,1.8333333333333333,14.0,0.0,0.0,0.0,3.233333333333333
360,Tucker Kraft,GB,TE,L 13-17,0.0,LV,Away,71.0,10-10-23,5,False,0,128,11,18,0,0.5,0.0,0.0,0.4,1.0,0.0,0.0,0.0,0.0,19.4,0.0,0.0,11.0,84.0,0.0,0.0,0.0,0.0,2.7714285714285714,0.0,0.0,1.5714285714285714,12.0,0.0,0.0,0.0,2.7714285714285714
1550,Tucker Kraft,GB,TE,L 17-19,0.0,Den,Away,62.0,10-24-23,7,False,0,128,11,9,0,0.5,0.0,0.0,0.4,1.0,0.0,0.0,0.0,0.0,19.4,0.0,0.0,11.0,84.0,0.0,0.0,0.0,0.0,2.425,0.0,0.0,1.375,10.5,0.0,0.0,0.0,2.425
1462,Tucker Kraft,GB,TE,L 10-24,0.0,Min,Home,73.0,10-31-23,8,False,0,128,11,20,1,0.5,0.0,0.0,0.4,1.0,0.0,0.0,0.0,0.0,19.4,0.0,0.0,11.0,84.0,0.0,0.0,0.0,0.0,2.1555555555555554,0.0,0.0,1.2222222222222223,9.333333333333334,0.0,0.0,0.0,2.1555555555555554
613,Tucker Kraft,GB,TE,W 20-3,0.0,LAR,Home,68.0,11-07-23,9,False,0,128,11,17,1,0.5,0.0,0.0,0.4,1.0,0.0,0.0,0.0,0.0,19.4,0.0,0.0,11.0,84.0,0.0,0.0,0.0,0.0,1.94,0.0,0.0,1.1,8.4,0.0,0.0,0.0,1.94
875,Tucker Kraft,GB,TE,L 19-23,1.6,Pit,Away,43.0,11-14-23,10,False,0,128,11,26,0,0.32,0.0,0.0,0.2,1.2,0.0,0.0,0.0,0.0,21.0,0.0,0.0,12.0,90.0,0.0,0.0,0.0,0.0,1.9090909090909092,0.0,0.0,1.0909090909090908,8.181818181818182,0.0,0.0,0.0,1.9090909090909092
409,Tucker Kraft,GB,TE,W 23-20,5.2,LAC,Home,24.0,11-21-23,11,False,0,128,11,16,1,1.36,0.0,0.0,0.6,7.6,0.0,0.0,0.0,0.0,26.200000000000003,0.0,0.0,14.0,122.0,0.0,0.0,0.0,0.0,2.1833333333333336,0.0,0.0,1.1666666666666667,10.166666666666666,0.0,0.0,0.0,2.1833333333333336
929,Tucker Kraft,GB,TE,W 29-22,9.5,Det,Away,11.0,11-28-23,12,False,0,128,11,10,0,3.2600000000000002,0.0,0.0,1.0,10.6,0.2,0.0,0.0,0.0,35.7,0.0,0.0,16.0,137.0,1.0,0.0,0.0,0.0,2.746153846153846,0.0,0.0,1.2307692307692308,10.538461538461538,0.07692307692307693,0.0,0.0,2.746153846153846
493,Tucker Kraft,GB,TE,W 27-19,6.7,KC,Home,20.0,12-05-23,13,False,0,128,11,15,1,4.6,0.0,0.0,1.6,18.0,0.2,0.0,0.0,0.0,42.4,0.0,0.0,19.0,174.0,1.0,0.0,0.0,0.0,3.0285714285714285,0.0,0.0,1.3571428571428572,12.428571428571429,0.07142857142857142,0.0,0.0,3.0285714285714285
658,Tucker Kraft,GB,TE,L 22-24,10.4,NYG,Away,12.0,12-12-23,14,False,0,128,11,23,0,6.6800000000000015,0.0,0.0,2.4,30.8,0.2,0.0,0.0,0.0,52.8,0.0,0.0,23.0,238.0,1.0,0.0,0.0,0.0,3.52,0.0,0.0,1.5333333333333334,15.866666666666667,0.06666666666666667,0.0,0.0,3.52
1308,Tucker Kraft,GB,TE,L 20-34,15.7,TB,Home,6.0,12-19-23,15,False,0,128,11,29,1,9.5,0.0,0.0,3.0,41.0,0.4,0.0,0.0,0.0,68.5,0.0,0.0,27.0,295.0,2.0,0.0,0.0,0.0,4.28125,0.0,0.0,1.6875,18.4375,0.125,0.0,0.0,4.28125
1033,Tucker Kraft,GB,TE,W 33-30,10.0,Car,Away,16.0,12-26-23,16,False,0,128,11,4,0,10.459999999999999,0.0,0.0,3.4,46.6,0.4,0.0,0.0,0.0,78.5,0.0,0.0,31.0,355.0,2.0,0.0,0.0,0.0,4.617647058823529,0.0,0.0,1.8235294117647058,20.88235294117647,0.11764705882352941,0.0,0.0,4.617647058823529
1128,Tyler Conklin,NYJ,TE,L 20-37,9.5,Cle,Away,16.0,01-02-24,17,False,0,129,24,7,0,9.5,0.0,0.0,5.0,45.0,0.0,0.0,0.0,0.0,9.5,0.0,0.0,5.0,45.0,0.0,0.0,0.0,0.0,9.5,0.0,0.0,5.0,45.0,0.0,0.0,0.0,9.5
771,Tyler Conklin,NYJ,TE,W 17-3,3.6,NE,Away,33.0,01-09-24,18,False,0,129,24,21,0,6.55,0.0,0.0,3.5,30.5,0.0,0.0,0.0,0.0,13.1,0.0,0.0,7.0,61.0,0.0,0.0,0.0,0.0,6.55,0.0,0.0,3.5,30.5,0.0,0.0,0.0,6.55
148,Tyler Conklin,NYJ,TE,W 22-16,1.2,Buf,Home,47.5,09-12-23,1,False,0,129,24,3,1,4.766666666666667,0.0,0.0,2.6666666666666665,21.0,0.0,0.0,0.0,0.0,14.3,0.0,0.0,8.0,63.0,0.0,0.0,0.0,0.0,4.766666666666667,0.0,0.0,2.6666666666666665,21.0,0.0,0.0,0.0,4.766666666666667
1218,Tyler Conklin,NYJ,TE,L 10-30,10.0,Dal,Away,13.5,09-19-23,2,False,0,129,24,8,0,6.075,0.0,0.0,3.25,28.25,0.0,0.0,0.0,0.0,24.3,0.0,0.0,13.0,113.0,0.0,0.0,0.0,0.0,6.075,0.0,0.0,3.25,28.25,0.0,0.0,0.0,6.075
224,Tyler Conklin,NYJ,TE,L 10-15,5.6,NE,Home,24.0,09-26-23,3,False,0,129,24,21,1,5.9799999999999995,0.0,0.0,3.2,27.8,0.0,0.0,0.0,0.0,29.9,0.0,0.0,16.0,139.0,0.0,0.0,0.0,0.0,5.9799999999999995,0.0,0.0,3.2,27.8,0.0,0.0,0.0,5.9799999999999995
15,Tyler Conklin,NYJ,TE,L 20-23,9.8,KC,Home,16.0,10-03-23,4,False,0,129,24,15,1,6.040000000000001,0.0,0.0,3.0,30.4,0.0,0.0,0.0,0.0,39.7,0.0,0.0,20.0,197.0,0.0,0.0,0.0,0.0,6.616666666666667,0.0,0.0,3.3333333333333335,32.833333333333336,0.0,0.0,0.0,6.616666666666667
310,Tyler Conklin,NYJ,TE,W 31-21,10.7,Den,Away,12.5,10-10-23,5,False,0,129,24,9,0,7.459999999999999,0.0,0.0,3.4,40.6,0.0,0.0,0.0,0.0,50.4,0.0,0.0,24.0,264.0,0.0,0.0,0.0,0.0,7.2,0.0,0.0,3.4285714285714284,37.714285714285715,0.0,0.0,0.0,7.2
1599,Tyler Conklin,NYJ,TE,W 20-14,5.4,Phi,Home,20.5,10-17-23,6,False,0,129,24,25,1,8.3,0.0,0.0,3.8,45.0,0.0,0.0,0.0,0.0,55.8,0.0,0.0,27.0,288.0,0.0,0.0,0.0,0.0,6.975,0.0,0.0,3.375,36.0,0.0,0.0,0.0,6.975
1454,Tyler Conklin,NYJ,TE,W 13-10,0.0,NYG,Away,73.0,10-31-23,8,False,0,129,24,23,0,6.3,0.0,0.0,2.8,35.0,0.0,0.0,0.0,0.0,55.8,0.0,0.0,27.0,288.0,0.0,0.0,0.0,0.0,6.199999999999999,0.0,0.0,3.0,32.0,0.0,0.0,0.0,6.199999999999999
571,Tyler Conklin,NYJ,TE,L 6-27,12.6,LAC,Home,13.5,11-07-23,9,False,0,129,24,16,1,7.7,0.0,0.0,3.4,43.0,0.0,0.0,0.0,0.0,68.4,0.0,0.0,33.0,354.0,0.0,0.0,0.0,0.0,6.840000000000001,0.0,0.0,3.3,35.4,0.0,0.0,0.0,6.840000000000001
836,Tyler Conklin,NYJ,TE,L 12-16,14.0,LV,Away,5.0,11-14-23,10,False,0,129,24,18,0,8.540000000000001,0.0,0.0,4.0,45.4,0.0,0.0,0.0,0.0,82.4,0.0,0.0,40.0,424.0,0.0,0.0,0.0,0.0,7.490909090909091,0.0,0.0,3.6363636363636362,38.54545454545455,0.0,0.0,0.0,7.490909090909091
414,Tyler Conklin,NYJ,TE,L 6-32,3.8,Buf,Away,29.0,11-21-23,11,False,0,129,24,3,0,7.159999999999999,0.0,0.0,3.6,35.6,0.0,0.0,0.0,0.0,86.2,0.0,0.0,42.0,442.0,0.0,0.0,0.0,0.0,7.183333333333334,0.0,0.0,3.5,36.833333333333336,0.0,0.0,0.0,7.183333333333334
939,Tyler Conklin,NYJ,TE,L 13-34,7.3,Mia,Home,21.0,11-28-23,12,False,0,129,24,19,1,7.540000000000001,0.0,0.0,3.8,37.4,0.0,0.0,0.0,0.0,93.5,0.0,0.0,46.0,475.0,0.0,0.0,0.0,0.0,7.1923076923076925,0.0,0.0,3.5384615384615383,36.53846153846154,0.0,0.0,0.0,7.1923076923076925
494,Tyler Conklin,NYJ,TE,L 8-13,6.5,Atl,Home,21.0,12-05-23,13,False,0,129,24,1,1,8.84,0.0,0.0,4.4,44.4,0.0,0.0,0.0,0.0,100.0,0.0,0.0,49.0,510.0,0.0,0.0,0.0,0.0,7.142857142857143,0.0,0.0,3.5,36.42857142857143,0.0,0.0,0.0,7.142857142857143
662,Tyler Conklin,NYJ,TE,W 30-6,9.7,Hou,Home,16.0,12-12-23,14,False,0,129,24,12,1,8.26,0.0,0.0,4.0,42.6,0.0,0.0,0.0,0.0,109.7,0.0,0.0,53.0,567.0,0.0,0.0,0.0,0.0,7.3133333333333335,0.0,0.0,3.533333333333333,37.8,0.0,0.0,0.0,7.3133333333333335
1332,Tyler Conklin,NYJ,TE,L 0-30,5.8,Mia,Away,30.0,12-19-23,15,False,0,129,24,19,0,6.619999999999999,0.0,0.0,3.4,32.2,0.0,0.0,0.0,0.0,115.5,0.0,0.0,57.0,585.0,0.0,0.0,0.0,0.0,7.21875,0.0,0.0,3.5625,36.5625,0.0,0.0,0.0,7.21875
1043,Tyler Conklin,NYJ,TE,W 30-28,7.6,Wsh,Home,26.0,12-26-23,16,False,0,129,24,31,1,7.38,0.0,0.0,3.8,35.8,0.0,0.2,0.0,0.0,123.1,0.0,0.0,61.0,621.0,0.0,1.0,0.0,0.0,7.241176470588235,0.0,0.0,3.588235294117647,36.529411764705884,0.0,0.058823529411764705,0.0,7.241176470588235
1120,Tyler Higbee,LAR,TE,W 26-25,12.2,NYG,Away,8.0,01-02-24,17,False,0,130,17,23,0,12.2,0.0,0.0,6.0,62.0,0.0,0.0,0.0,0.0,12.2,0.0,0.0,6.0,62.0,0.0,0.0,0.0,0.0,12.2,0.0,0.0,6.0,62.0,0.0,0.0,0.0,12.2
115,Tyler Higbee,LAR,TE,W 30-13,7.9,Sea,Away,14.5,09-12-23,1,False,0,130,17,28,0,10.05,0.0,0.0,4.5,55.5,0.0,0.0,0.0,0.0,20.1,0.0,0.0,9.0,111.0,0.0,0.0,0.0,0.0,10.05,0.0,0.0,4.5,55.5,0.0,0.0,0.0,10.05
1243,Tyler Higbee,LAR,TE,L 23-30,4.2,SF,Home,38.0,09-19-23,2,False,0,130,17,27,1,8.1,0.0,0.0,4.0,41.0,0.0,0.0,0.0,0.0,24.3,0.0,0.0,12.0,123.0,0.0,0.0,0.0,0.0,8.1,0.0,0.0,4.0,41.0,0.0,0.0,0.0,8.1
209,Tyler Higbee,LAR,TE,L 16-19,12.1,Cin,Away,9.0,09-26-23,3,False,0,130,17,6,0,9.1,0.0,0.0,4.25,48.5,0.0,0.0,0.0,0.0,36.4,0.0,0.0,17.0,194.0,0.0,0.0,0.0,0.0,9.1,0.0,0.0,4.25,48.5,0.0,0.0,0.0,9.1
8,Tyler Higbee,LAR,TE,W 29-23,11.4,Ind,Away,9.0,10-03-23,4,False,0,130,17,13,0,9.559999999999999,0.0,0.0,4.4,51.6,0.0,0.0,0.0,0.0,47.8,0.0,0.0,22.0,258.0,0.0,0.0,0.0,0.0,9.559999999999999,0.0,0.0,4.4,51.6,0.0,0.0,0.0,9.559999999999999
327,Tyler Higbee,LAR,TE,L 14-23,4.0,Phi,Home,29.0,10-10-23,5,False,0,130,17,25,1,7.919999999999999,0.0,0.0,3.6,43.2,0.0,0.0,0.0,0.0,51.8,0.0,0.0,24.0,278.0,0.0,0.0,0.0,0.0,8.633333333333333,0.0,0.0,4.0,46.333333333333336,0.0,0.0,0.0,8.633333333333333
1606,Tyler Higbee,LAR,TE,W 26-9,3.8,Ari,Home,28.5,10-17-23,6,False,0,130,17,0,1,7.1,0.0,0.0,3.4,37.0,0.0,0.0,0.0,0.0,55.6,0.0,0.0,26.0,296.0,0.0,0.0,0.0,0.0,7.942857142857143,0.0,0.0,3.7142857142857144,42.285714285714285,0.0,0.0,0.0,7.942857142857143
1534,Tyler Higbee,LAR,TE,L 17-24,1.7,Pit,Home,36.0,10-24-23,7,False,0,130,17,26,1,6.6,0.0,0.0,3.0,36.0,0.0,0.0,0.0,0.0,57.3,0.0,0.0,27.0,303.0,0.0,0.0,0.0,0.0,7.1625,0.0,0.0,3.375,37.875,0.0,0.0,0.0,7.1625
1419,Tyler Higbee,LAR,TE,L 20-43,9.5,Dal,Away,16.0,10-31-23,8,False,0,130,17,8,0,6.08,0.0,0.0,3.0,30.8,0.0,0.0,0.0,0.0,66.8,0.0,0.0,32.0,348.0,0.0,0.0,0.0,0.0,7.422222222222222,0.0,0.0,3.5555555555555554,38.666666666666664,0.0,0.0,0.0,7.422222222222222
606,Tyler Higbee,LAR,TE,L 3-20,0.0,GB,Away,68.0,11-07-23,9,False,0,130,17,11,0,3.8,0.0,0.0,2.0,18.0,0.0,0.0,0.0,0.0,66.8,0.0,0.0,32.0,348.0,0.0,0.0,0.0,0.0,6.68,0.0,0.0,3.2,34.8,0.0,0.0,0.0,6.68
419,Tyler Higbee,LAR,TE,W 17-16,2.7,Sea,Home,34.0,11-21-23,11,False,0,130,17,28,1,3.54,0.0,0.0,1.8,17.4,0.0,0.0,0.0,0.0,69.5,0.0,0.0,33.0,365.0,0.0,0.0,0.0,0.0,6.318181818181818,0.0,0.0,3.0,33.18181818181818,0.0,0.0,0.0,6.318181818181818
920,Tyler Higbee,LAR,TE,W 37-14,19.9,Ari,Away,2.0,11-28-23,12,False,0,130,17,0,0,6.76,0.0,0.0,2.4,19.6,0.4,0.0,0.0,0.0,89.4,0.0,0.0,38.0,394.0,2.0,0.0,0.0,0.0,7.45,0.0,0.0,3.1666666666666665,32.833333333333336,0.16666666666666666,0.0,0.0,7.45
496,Tyler Higbee,LAR,TE,W 36-19,5.5,Cle,Home,23.0,12-05-23,13,False,0,130,17,7,1,7.5200000000000005,0.0,0.0,2.6,25.2,0.4,0.0,0.0,0.0,94.9,0.0,0.0,40.0,429.0,2.0,0.0,0.0,0.0,7.300000000000001,0.0,0.0,3.076923076923077,33.0,0.15384615384615385,0.0,0.0,7.300000000000001
1323,Tyler Higbee,LAR,TE,W 28-20,7.6,Wsh,Home,21.0,12-19-23,15,False,0,130,17,31,1,7.139999999999999,0.0,0.0,2.4,23.4,0.4,0.0,0.0,0.0,102.5,0.0,0.0,44.0,465.0,2.0,0.0,0.0,0.0,7.321428571428571,0.0,0.0,3.142857142857143,33.214285714285715,0.14285714285714285,0.0,0.0,7.321428571428571
1047,Tyler Higbee,LAR,TE,W 30-22,6.0,NO,Home,30.0,12-26-23,16,False,0,130,17,22,1,8.34,0.0,0.0,3.0,29.4,0.4,0.0,0.0,0.0,108.5,0.0,0.0,47.0,495.0,2.0,0.0,0.0,0.0,7.233333333333333,0.0,0.0,3.1333333333333333,33.0,0.13333333333333333,0.0,0.0,7.233333333333333
172,Tyler Kroft,Mia,TE,W 36-34,0.0,LAC,Away,75.0,09-12-23,1,False,0,131,19,16,0,0.0,0.0,0.0,0.0,0.0,0.0,0.0,0.0,0.0,0.0,0.0,0.0,0.0,0.0,0.0,0.0,0.0,0.0,0.0,0.0,0.0,0.0,0.0,0.0,0.0,0.0,0.0
1276,Tyler Kroft,Mia,TE,W 24-17,0.0,NE,Away,76.0,09-19-23,2,False,0,131,19,21,0,0.0,0.0,0.0,0.0,0.0,0.0,0.0,0.0,0.0,0.0,0.0,0.0,0.0,0.0,0.0,0.0,0.0,0.0,0.0,0.0,0.0,0.0,0.0,0.0,0.0,0.0,0.0
366,Tyler Kroft,Mia,TE,W 31-16,0.0,NYG,Home,71.0,10-10-23,5,False,0,131,19,23,1,0.0,0.0,0.0,0.0,0.0,0.0,0.0,0.0,0.0,0.0,0.0,0.0,0.0,0.0,0.0,0.0,0.0,0.0,0.0,0.0,0.0,0.0,0.0,0.0,0.0,0.0,0.0
1470,Tyler Kroft,Mia,TE,W 31-17,0.0,NE,Home,73.0,10-31-23,8,False,0,131,19,21,1,0.0,0.0,0.0,0.0,0.0,0.0,0.0,0.0,0.0,0.0,0.0,0.0,0.0,0.0,0.0,0.0,0.0,0.0,0.0,0.0,0.0,0.0,0.0,0.0,0.0,0.0,0.0
618,Tyler Kroft,Mia,TE,L 14-21,0.0,KC,Away,68.0,11-07-23,9,False,0,131,19,15,0,0.0,0.0,0.0,0.0,0.0,0.0,0.0,0.0,0.0,0.0,0.0,0.0,0.0,0.0,0.0,0.0,0.0,0.0,0.0,0.0,0.0,0.0,0.0,0.0,0.0,0.0,0.0
445,Tyler Kroft,Mia,TE,W 20-13,0.0,LV,Home,67.0,11-21-23,11,False,0,131,19,18,1,0.0,0.0,0.0,0.0,0.0,0.0,0.0,0.0,0.0,0.0,0.0,0.0,0.0,0.0,0.0,0.0,0.0,0.0,0.0,0.0,0.0,0.0,0.0,0.0,0.0,0.0,0.0
989,Tyler Kroft,Mia,TE,W 34-13,0.0,NYJ,Away,78.0,11-28-23,12,False,0,131,19,24,0,0.0,0.0,0.0,0.0,0.0,0.0,0.0,0.0,0.0,0.0,0.0,0.0,0.0,0.0,0.0,0.0,0.0,0.0,0.0,0.0,0.0,0.0,0.0,0.0,0.0,0.0,0.0
1380,Tyler Kroft,Mia,TE,W 30-0,0.0,NYJ,Home,81.5,12-19-23,15,False,0,131,19,24,1,0.0,0.0,0.0,0.0,0.0,0.0,0.0,0.0,0.0,0.0,0.0,0.0,0.0,0.0,0.0,0.0,0.0,0.0,0.0,0.0,0.0,0.0,0.0,0.0,0.0,0.0,0.0
913,Tyree Jackson,NYG,TE,L 17-49,0.0,Dal,Away,69.5,11-14-23,10,False,0,132,23,8,0,0.0,0.0,0.0,0.0,0.0,0.0,0.0,0.0,0.0,0.0,0.0,0.0,0.0,0.0,0.0,0.0,0.0,0.0,0.0,0.0,0.0,0.0,0.0,0.0,0.0,0.0,0.0
468,Tyree Jackson,NYG,TE,W 31-19,0.0,Wsh,Away,67.0,11-21-23,11,False,0,132,23,31,0,0.0,0.0,0.0,0.0,0.0,0.0,0.0,0.0,0.0,0.0,0.0,0.0,0.0,0.0,0.0,0.0,0.0,0.0,0.0,0.0,0.0,0.0,0.0,0.0,0.0,0.0,0.0
1180,Will Dissly,Sea,TE,L 23-30,0.0,Pit,Home,76.0,01-02-24,17,False,0,133,28,26,1,0.0,0.0,0.0,0.0,0.0,0.0,0.0,0.0,0.0,0.0,0.0,0.0,0.0,0.0,0.0,0.0,0.0,0.0,0.0,0.0,0.0,0.0,0.0,0.0,0.0,0.0,0.0
742,Will Dissly,Sea,TE,W 21-20,13.6,Ari,Away,4.0,01-09-24,18,False,0,133,28,0,0,6.8,0.0,0.0,1.5,23.0,0.5,0.0,0.0,0.0,13.6,0.0,0.0,3.0,46.0,1.0,0.0,0.0,0.0,6.8,0.0,0.0,1.5,23.0,0.5,0.0,0.0,6.8
135,Will Dissly,Sea,TE,L 13-30,3.7,LAR,Home,35.0,09-12-23,1,False,0,133,28,17,1,5.766666666666667,0.0,0.0,1.6666666666666667,21.0,0.3333333333333333,0.0,0.0,0.0,17.3,0.0,0.0,5.0,63.0,1.0,0.0,0.0,0.0,5.766666666666667,0.0,0.0,1.6666666666666667,21.0,0.3333333333333333,0.0,0.0,5.766666666666667
1235,Will Dissly,Sea,TE,W 37-31,6.5,Det,Away,30.0,09-19-23,2,False,0,133,28,10,0,5.95,0.0,0.0,2.0,24.5,0.25,0.0,0.0,0.0,23.8,0.0,0.0,8.0,98.0,1.0,0.0,0.0,0.0,5.95,0.0,0.0,2.0,24.5,0.25,0.0,0.0,5.95
62,Will Dissly,Sea,TE,W 24-3,0.0,NYG,Away,79.5,10-03-23,4,False,0,133,28,23,0,4.76,0.0,0.0,1.6,19.6,0.2,0.0,0.0,0.0,23.8,0.0,0.0,8.0,98.0,1.0,0.0,0.0,0.0,4.76,0.0,0.0,1.6,19.6,0.2,0.0,0.0,4.76
1625,Will Dissly,Sea,TE,L 13-17,1.4,Cin,Away,47.0,10-17-23,6,False,0,133,28,6,0,5.04,0.0,0.0,1.8,20.4,0.2,0.0,0.0,0.0,25.2,0.0,0.0,9.0,102.0,1.0,0.0,0.0,0.0,4.2,0.0,0.0,1.5,17.0,0.16666666666666666,0.0,0.0,4.2
1548,Will Dissly,Sea,TE,W 20-10,0.0,Ari,Home,62.0,10-24-23,7,False,0,133,28,0,1,2.32,0.0,0.0,1.2,11.2,0.0,0.0,0.0,0.0,25.2,0.0,0.0,9.0,102.0,1.0,0.0,0.0,0.0,3.6,0.0,0.0,1.2857142857142858,14.571428571428571,0.14285714285714285,0.0,0.0,3.6
1459,Will Dissly,Sea,TE,W 24-20,0.0,Cle,Home,73.0,10-31-23,8,False,0,133,28,7,1,1.58,0.0,0.0,0.8,7.8,0.0,0.0,0.0,0.0,25.2,0.0,0.0,9.0,102.0,1.0,0.0,0.0,0.0,3.15,0.0,0.0,1.125,12.75,0.125,0.0,0.0,3.15
612,Will Dissly,Sea,TE,L 3-37,0.0,Bal,Away,68.0,11-07-23,9,False,0,133,28,2,0,0.27999999999999997,0.0,0.0,0.2,0.8,0.0,0.0,0.0,0.0,25.2,0.0,0.0,9.0,102.0,1.0,0.0,0.0,0.0,2.8,0.0,0.0,1.0,11.333333333333334,0.1111111111111111,0.0,0.0,2.8
859,Will Dissly,Sea,TE,W 29-26,4.2,Wsh,Home,27.5,11-14-23,10,False,0,133,28,31,1,1.1199999999999999,0.0,0.0,0.6,5.2,0.0,0.0,0.0,0.0,29.4,0.0,0.0,11.0,124.0,1.0,0.0,0.0,0.0,2.94,0.0,0.0,1.1,12.4,0.1,0.0,0.0,2.94
422,Will Dissly,Sea,TE,L 16-17,1.9,LAR,Away,37.0,11-21-23,11,False,0,133,28,17,0,1.22,0.0,0.0,0.6,6.2,0.0,0.0,0.0,0.0,31.3,0.0,0.0,12.0,133.0,1.0,0.0,0.0,0.0,2.8454545454545457,0.0,0.0,1.0909090909090908,12.090909090909092,0.09090909090909091,0.0,0.0,2.8454545454545457
955,Will Dissly,Sea,TE,L 13-31,3.1,SF,Home,36.5,11-28-23,12,False,0,133,28,27,1,1.8399999999999999,0.0,0.0,0.8,10.4,0.0,0.0,0.0,0.0,34.4,0.0,0.0,13.0,154.0,1.0,0.0,0.0,0.0,2.8666666666666667,0.0,0.0,1.0833333333333333,12.833333333333334,0.08333333333333333,0.0,0.0,2.8666666666666667
528,Will Dissly,Sea,TE,L 35-41,0.0,Dal,Away,66.0,12-05-23,13,False,0,133,28,8,0,1.8399999999999999,0.0,0.0,0.8,10.4,0.0,0.0,0.0,0.0,34.4,0.0,0.0,13.0,154.0,1.0,0.0,0.0,0.0,2.646153846153846,0.0,0.0,1.0,11.846153846153847,0.07692307692307693,0.0,0.0,2.646153846153846
695,Will Dissly,Sea,TE,L 16-28,1.3,SF,Away,50.0,12-12-23,14,False,0,133,28,27,0,2.1,0.0,0.0,1.0,11.0,0.0,0.0,0.0,0.0,35.7,0.0,0.0,14.0,157.0,1.0,0.0,0.0,0.0,2.5500000000000003,0.0,0.0,1.0,11.214285714285714,0.07142857142857142,0.0,0.0,2.5500000000000003
1347,Will Dissly,Sea,TE,W 20-17,2.9,Phi,Home,45.0,12-19-23,15,False,0,133,28,25,1,1.8400000000000003,0.0,0.0,1.0,8.4,0.0,0.0,0.0,0.0,38.6,0.0,0.0,16.0,166.0,1.0,0.0,0.0,0.0,2.5733333333333333,0.0,0.0,1.0666666666666667,11.066666666666666,0.06666666666666667,0.0,0.0,2.5733333333333333
1070,Will Dissly,Sea,TE,W 20-17,1.6,Ten,Away,53.5,12-26-23,16,False,0,133,28,30,0,1.78,0.0,0.0,1.0,7.8,0.0,0.0,0.0,0.0,40.2,0.0,0.0,17.0,172.0,1.0,0.0,0.0,0.0,2.5125,0.0,0.0,1.0625,10.75,0.0625,0.0,0.0,2.5125
1155,Will Mallory,Ind,TE,W 23-20,2.9,LV,Home,43.0,01-02-24,17,False,0,134,13,18,1,2.9,0.0,0.0,1.0,19.0,0.0,0.0,0.0,0.0,2.9,0.0,0.0,1.0,19.0,0.0,0.0,0.0,0.0,2.9,0.0,0.0,1.0,19.0,0.0,0.0,0.0,2.9
816,Will Mallory,Ind,TE,L 19-23,0.0,Hou,Home,76.5,01-09-24,18,False,0,134,13,12,1,1.45,0.0,0.0,0.5,9.5,0.0,0.0,0.0,0.0,2.9,0.0,0.0,1.0,19.0,0.0,0.0,0.0,0.0,1.45,0.0,0.0,0.5,9.5,0.0,0.0,0.0,1.45
1232,Will Mallory,Ind,TE,W 31-20,6.9,Hou,Away,27.0,09-19-23,2,False,0,134,13,12,0,3.266666666666667,0.0,0.0,1.0,22.666666666666668,0.0,0.0,0.0,0.0,9.8,0.0,0.0,3.0,68.0,0.0,0.0,0.0,0.0,3.266666666666667,0.0,0.0,1.0,22.666666666666668,0.0,0.0,0.0,3.266666666666667
1661,Will Mallory,Ind,TE,L 20-37,0.0,Jax,Away,72.0,10-17-23,6,False,0,134,13,14,0,2.45,0.0,0.0,0.75,17.0,0.0,0.0,0.0,0.0,9.8,0.0,0.0,3.0,68.0,0.0,0.0,0.0,0.0,2.45,0.0,0.0,0.75,17.0,0.0,0.0,0.0,2.45
1572,Will Mallory,Ind,TE,L 38-39,0.0,Cle,Home,62.0,10-24-23,7,False,0,134,13,7,1,1.9600000000000002,0.0,0.0,0.6,13.6,0.0,0.0,0.0,0.0,9.8,0.0,0.0,3.0,68.0,0.0,0.0,0.0,0.0,1.9600000000000002,0.0,0.0,0.6,13.6,0.0,0.0,0.0,1.9600000000000002
1447,Will Mallory,Ind,TE,L 27-38,1.6,NO,Home,43.5,10-31-23,8,False,0,134,13,22,1,1.7,0.0,0.0,0.6,11.0,0.0,0.0,0.0,0.0,11.4,0.0,0.0,4.0,74.0,0.0,0.0,0.0,0.0,1.9000000000000001,0.0,0.0,0.6666666666666666,12.333333333333334,0.0,0.0,0.0,1.9000000000000001
871,Will Mallory,Ind,TE,W 10-6,1.7,NE,Away,39.5,11-14-23,10,False,0,134,13,21,0,2.04,0.0,0.0,0.8,12.4,0.0,0.0,0.0,0.0,13.100000000000001,0.0,0.0,5.0,81.0,0.0,0.0,0.0,0.0,1.8714285714285717,0.0,0.0,0.7142857142857143,11.571428571428571,0.0,0.0,0.0,1.8714285714285717
944,Will Mallory,Ind,TE,W 27-20,4.9,TB,Home,25.5,11-28-23,12,False,0,134,13,29,1,1.64,0.0,0.0,0.8,8.4,0.0,0.0,0.0,0.0,18.0,0.0,0.0,7.0,110.0,0.0,0.0,0.0,0.0,2.25,0.0,0.0,0.875,13.75,0.0,0.0,0.0,2.25
507,Will Mallory,Ind,TE,W 31-28,2.4,Ten,Away,34.0,12-05-23,13,False,0,134,13,30,0,2.12,0.0,0.0,1.2,9.2,0.0,0.0,0.0,0.0,20.400000000000002,0.0,0.0,9.0,114.0,0.0,0.0,0.0,0.0,2.266666666666667,0.0,0.0,1.0,12.666666666666666,0.0,0.0,0.0,2.266666666666667
664,Will Mallory,Ind,TE,L 14-34,9.6,Cin,Away,18.5,12-12-23,14,False,0,134,13,6,0,4.04,0.0,0.0,2.2,18.4,0.0,0.0,0.0,0.0,30.0,0.0,0.0,14.0,160.0,0.0,0.0,0.0,0.0,3.0,0.0,0.0,1.4,16.0,0.0,0.0,0.0,3.0
1387,Will Mallory,Ind,TE,W 30-13,0.0,Pit,Home,81.5,12-19-23,15,False,0,134,13,26,1,3.7199999999999998,0.0,0.0,2.0,17.2,0.0,0.0,0.0,0.0,30.0,0.0,0.0,14.0,160.0,0.0,0.0,0.0,0.0,2.727272727272727,0.0,0.0,1.2727272727272727,14.545454545454545,0.0,0.0,0.0,2.727272727272727
1039,Will Mallory,Ind,TE,L 10-29,8.7,Atl,Away,22.0,12-26-23,16,False,0,134,13,1,0,5.119999999999999,0.0,0.0,2.6,25.2,0.0,0.0,0.0,0.0,38.7,0.0,0.0,18.0,207.0,0.0,0.0,0.0,0.0,3.225,0.0,0.0,1.5,17.25,0.0,0.0,0.0,3.225
113,Zach Ertz,Ari,TE,L 16-20,8.1,Wsh,Away,12.0,09-12-23,1,False,0,135,0,31,0,8.1,0.0,0.0,6.0,21.0,0.0,0.0,0.0,0.0,8.1,0.0,0.0,6.0,21.0,0.0,0.0,0.0,0.0,8.1,0.0,0.0,6.0,21.0,0.0,0.0,0.0,8.1
1212,Zach Ertz,Ari,TE,L 28-31,11.6,NYG,Home,7.0,09-19-23,2,False,0,135,0,23,1,9.85,0.0,0.0,6.0,38.5,0.0,0.0,0.0,0.0,19.7,0.0,0.0,12.0,77.0,0.0,0.0,0.0,0.0,9.85,0.0,0.0,6.0,38.5,0.0,0.0,0.0,9.85
238,Zach Ertz,Ari,TE,W 28-16,2.6,Dal,Home,38.5,09-26-23,3,False,0,135,0,8,1,7.433333333333334,0.0,0.0,4.666666666666667,27.666666666666668,0.0,0.0,0.0,0.0,22.3,0.0,0.0,14.0,83.0,0.0,0.0,0.0,0.0,7.433333333333334,0.0,0.0,4.666666666666667,27.666666666666668,0.0,0.0,0.0,7.433333333333334
9,Zach Ertz,Ari,TE,L 16-35,11.3,SF,Away,10.0,10-03-23,4,False,0,135,0,27,0,8.4,0.0,0.0,5.0,34.0,0.0,0.0,0.0,0.0,33.6,0.0,0.0,20.0,136.0,0.0,0.0,0.0,0.0,8.4,0.0,0.0,5.0,34.0,0.0,0.0,0.0,8.4
314,Zach Ertz,Ari,TE,L 20-34,9.0,Cin,Home,16.0,10-10-23,5,False,0,135,0,6,1,8.52,0.0,0.0,4.4,29.2,0.2,0.0,0.0,0.0,42.6,0.0,0.0,22.0,146.0,1.0,0.0,0.0,0.0,8.52,0.0,0.0,4.4,29.2,0.2,0.0,0.0,8.52
1603,Zach Ertz,Ari,TE,L 9-26,4.2,LAR,Away,25.0,10-17-23,6,False,0,135,0,17,0,7.739999999999999,0.0,0.0,3.6,29.4,0.2,0.0,0.0,0.0,46.8,0.0,0.0,24.0,168.0,1.0,0.0,0.0,0.0,7.8,0.0,0.0,4.0,28.0,0.16666666666666666,0.0,0.0,7.8
1520,Zach Ertz,Ari,TE,L 10-20,4.9,Sea,Away,22.0,10-24-23,7,False,0,135,0,28,0,6.4,0.0,0.0,3.0,22.0,0.2,0.0,0.0,0.0,51.7,0.0,0.0,27.0,187.0,1.0,0.0,0.0,0.0,7.385714285714286,0.0,0.0,3.857142857142857,26.714285714285715,0.14285714285714285,0.0,0.0,7.385714285714286
825,Zach Gentry,LV,TE,W 27-14,0.0,Den,Home,76.5,01-09-24,18,False,0,136,18,9,1,0.0,0.0,0.0,0.0,0.0,0.0,0.0,0.0,0.0,0.0,0.0,0.0,0.0,0.0,0.0,0.0,0.0,0.0,0.0,0.0,0.0,0.0,0.0,0.0,0.0,0.0,0.0
815,Zack Kuntz,NYJ,TE,W 17-3,0.0,NE,Away,76.5,01-09-24,18,False,0,137,24,21,0,0.0,0.0,0.0,0.0,0.0,0.0,0.0,0.0,0.0,0.0,0.0,0.0,0.0,0.0,0.0,0.0,0.0,0.0,0.0,0.0,0.0,0.0,0.0,0.0,0.0,0.0,0.0
