,PLAYER NAME,PLAYER TEAM,PLAYER POSITION,STATUS,TOTAL,Opponent,Location,rank,DATE,Week,Free_Agent,did_not_play,Name_Encoded,Team_Encoded,Opponent_Encoded,Home/Away_Encoded,total_5_game_avg,passing_yds_5_game_avg,passing_td_5_game_avg,receiving_rec_5_game_avg,receiving_yds_5_game_avg,receiving_td_5_game_avg,rushing_car_5_game_avg,rushing_yds_5_game_avg,rushing_td_5_game_avg,season_total,season_passing_yds,season_passing_td,season_receiving_rec,season_receiving_yds,season_receiving_td,season_rushing_car,season_rushing_yds,season_rushing_td,season_total_avg,season_passing_yds_avg,season_passing_td_avg,season_receiving_rec_avg,season_receiving_yds_avg,season_receiving_td_avg,season_rushing_car_avg,season_rushing_yds_avg,season_fantasy_points_avg
1912,A.J. Brown,Phi,WR,L 31-35,9.3,Ari,Home,45.0,01-02-24,17,False,0,0,25,0,1,9.3,0.0,0.0,4.0,53.0,0.0,0.0,0.0,0.0,9.3,0.0,0.0,4.0,53.0,0.0,0.0,0.0,0.0,9.3,0.0,0.0,4.0,53.0,0.0,0.0,0.0,9.3
1384,A.J. Brown,Phi,WR,L 10-27,-0.1,NYG,Away,163.0,01-09-24,18,False,0,0,25,23,0,4.6000000000000005,0.0,0.0,2.5,31.0,0.0,0.0,0.0,0.0,9.200000000000001,0.0,0.0,5.0,62.0,0.0,0.0,0.0,0.0,4.6000000000000005,0.0,0.0,2.5,31.0,0.0,0.0,0.0,4.6000000000000005
182,A.J. Brown,Phi,WR,W 25-20,14.9,NE,Away,21.0,09-12-23,1,False,0,0,25,21,0,8.033333333333333,0.0,0.0,4.0,47.0,0.0,0.0,0.0,0.0,24.1,0.0,0.0,12.0,141.0,0.0,0.0,0.0,0.0,8.033333333333333,0.0,0.0,4.0,47.0,0.0,0.0,0.0,8.033333333333333
2104,A.J. Brown,Phi,WR,W 34-28,6.9,Min,Home,69.5,09-19-23,2,False,0,0,25,20,1,7.75,0.0,0.0,4.0,42.5,0.0,0.0,0.0,0.0,31.0,0.0,0.0,16.0,170.0,0.0,0.0,0.0,0.0,7.75,0.0,0.0,4.0,42.5,0.0,0.0,0.0,7.75
334,A.J. Brown,Phi,WR,W 25-11,22.1,TB,Away,11.0,09-26-23,3,False,0,0,25,29,0,10.620000000000001,0.0,0.0,5.0,60.2,0.0,0.0,0.0,0.0,53.1,0.0,0.0,25.0,301.0,0.0,0.0,0.0,0.0,10.620000000000001,0.0,0.0,5.0,60.2,0.0,0.0,0.0,10.620000000000001
0,A.J. Brown,Phi,WR,W 34-31,38.5,Wsh,Home,1.0,10-03-23,4,False,0,0,25,31,1,16.46,0.0,0.0,6.0,84.6,0.4,0.0,0.0,0.0,91.6,0.0,0.0,34.0,476.0,2.0,0.0,0.0,0.0,15.266666666666666,0.0,0.0,5.666666666666667,79.33333333333333,0.3333333333333333,0.0,0.0,15.266666666666666
500,A.J. Brown,Phi,WR,W 23-14,18.7,LAR,Away,13.0,10-10-23,5,False,0,0,25,17,0,20.220000000000002,0.0,0.0,7.0,108.2,0.4,0.0,0.0,0.0,110.3,0.0,0.0,40.0,603.0,2.0,0.0,0.0,0.0,15.757142857142856,0.0,0.0,5.714285714285714,86.14285714285714,0.2857142857142857,0.0,0.0,15.757142857142856
2678,A.J. Brown,Phi,WR,L 14-20,20.1,NYJ,Away,7.0,10-17-23,6,False,0,0,25,24,0,21.259999999999998,0.0,0.0,7.0,118.6,0.4,0.0,0.0,0.0,130.4,0.0,0.0,47.0,734.0,2.0,0.0,0.0,0.0,16.3,0.0,0.0,5.875,91.75,0.25,0.0,0.0,16.3
2539,A.J. Brown,Phi,WR,W 31-17,29.7,Mia,Home,2.0,10-24-23,7,False,0,0,25,19,1,25.82,0.0,0.0,8.2,140.2,0.6,0.0,0.0,0.0,160.1,0.0,0.0,57.0,871.0,3.0,0.0,0.0,0.0,17.788888888888888,0.0,0.0,6.333333333333333,96.77777777777777,0.3333333333333333,0.0,0.0,17.788888888888888
2375,A.J. Brown,Phi,WR,W 38-31,33.0,Wsh,Away,3.0,10-31-23,8,False,0,0,25,31,0,28.0,0.0,0.0,8.0,140.0,1.0,0.0,0.0,0.0,193.1,0.0,0.0,65.0,1001.0,5.0,0.0,0.0,0.0,19.31,0.0,0.0,6.5,100.1,0.5,0.0,0.0,19.31
923,A.J. Brown,Phi,WR,W 28-23,19.6,Dal,Home,7.0,11-07-23,9,False,0,0,25,8,1,24.22,0.0,0.0,7.6,118.2,0.8,0.0,0.0,0.0,212.7,0.0,0.0,72.0,1067.0,6.0,0.0,0.0,0.0,19.336363636363636,0.0,0.0,6.545454545454546,97.0,0.5454545454545454,0.0,0.0,19.336363636363636
721,A.J. Brown,Phi,WR,W 21-17,1.8,KC,Away,90.5,11-21-23,11,False,0,0,25,15,0,20.84,0.0,0.0,6.6,94.4,0.8,0.0,0.0,0.0,214.5,0.0,0.0,73.0,1075.0,6.0,0.0,0.0,0.0,17.875,0.0,0.0,6.083333333333333,89.58333333333333,0.5,0.0,0.0,17.875
1555,A.J. Brown,Phi,WR,W 37-34,14.7,Buf,Home,27.0,11-28-23,12,False,0,0,25,3,1,19.76,0.0,0.0,6.2,75.6,1.0,0.0,0.0,0.0,229.2,0.0,0.0,78.0,1112.0,7.0,0.0,0.0,0.0,17.63076923076923,0.0,0.0,6.0,85.53846153846153,0.5384615384615384,0.0,0.0,17.63076923076923
793,A.J. Brown,Phi,WR,L 19-42,19.4,SF,Home,12.0,12-05-23,13,False,0,0,25,27,1,17.7,0.0,0.0,5.8,71.0,0.8,0.0,0.0,0.0,248.6,0.0,0.0,86.0,1226.0,7.0,0.0,0.0,0.0,17.757142857142856,0.0,0.0,6.142857142857143,87.57142857142857,0.5,0.0,0.0,17.757142857142856
1078,A.J. Brown,Phi,WR,L 13-33,16.4,Dal,Away,15.0,12-12-23,14,False,0,0,25,8,0,14.38,0.0,0.0,6.0,63.8,0.4,0.0,0.0,0.0,265.0,0.0,0.0,95.0,1320.0,7.0,0.0,0.0,0.0,17.666666666666668,0.0,0.0,6.333333333333333,88.0,0.4666666666666667,0.0,0.0,17.666666666666668
2236,A.J. Brown,Phi,WR,L 17-20,10.6,Sea,Away,32.5,12-19-23,15,False,0,0,25,28,0,12.58,0.0,0.0,5.6,61.8,0.2,0.0,0.0,0.0,275.6,0.0,0.0,100.0,1376.0,7.0,0.0,0.0,0.0,17.225,0.0,0.0,6.25,86.0,0.4375,0.0,0.0,17.225
1726,A.J. Brown,Phi,WR,W 33-25,14.0,NYG,Home,27.0,12-26-23,16,False,0,0,25,23,1,15.02,0.0,0.0,6.6,76.2,0.2,0.0,0.0,0.0,289.6,0.0,0.0,106.0,1456.0,7.0,0.0,0.0,0.0,17.03529411764706,0.0,0.0,6.235294117647059,85.6470588235294,0.4117647058823529,0.0,0.0,17.03529411764706
1967,A.T. Perry,NO,WR,W 23-13,1.5,TB,Away,100.0,01-02-24,17,False,0,1,22,29,0,1.5,0.0,0.0,1.0,5.0,0.0,0.0,0.0,0.0,1.5,0.0,0.0,1.0,5.0,0.0,0.0,0.0,0.0,1.5,0.0,0.0,1.0,5.0,0.0,0.0,0.0,1.5
1233,A.T. Perry,NO,WR,W 48-17,20.3,Atl,Home,12.0,01-09-24,18,False,0,1,22,1,1,10.9,0.0,0.0,2.0,29.0,1.0,0.0,0.0,0.0,21.8,0.0,0.0,4.0,58.0,2.0,0.0,0.0,0.0,10.9,0.0,0.0,2.0,29.0,1.0,0.0,0.0,10.9
2512,A.T. Perry,NO,WR,W 38-27,0.0,Ind,Away,138.0,10-31-23,8,False,0,1,22,13,0,7.266666666666667,0.0,0.0,1.3333333333333333,19.333333333333332,0.6666666666666666,0.0,0.0,0.0,21.8,0.0,0.0,4.0,58.0,2.0,0.0,0.0,0.0,7.266666666666667,0.0,0.0,1.3333333333333333,19.333333333333332,0.6666666666666666,0.0,0.0,7.266666666666667
1039,A.T. Perry,NO,WR,W 24-17,0.0,Chi,Home,126.5,11-07-23,9,False,0,1,22,5,1,5.45,0.0,0.0,1.0,14.5,0.5,0.0,0.0,0.0,21.8,0.0,0.0,4.0,58.0,2.0,0.0,0.0,0.0,5.45,0.0,0.0,1.0,14.5,0.5,0.0,0.0,5.45
1415,A.T. Perry,NO,WR,L 19-27,11.8,Min,Away,31.0,11-14-23,10,False,0,1,22,20,0,6.720000000000001,0.0,0.0,1.2,19.2,0.6,0.0,0.0,0.0,33.6,0.0,0.0,6.0,96.0,3.0,0.0,0.0,0.0,6.720000000000001,0.0,0.0,1.2,19.2,0.6,0.0,0.0,6.720000000000001
1638,A.T. Perry,NO,WR,L 15-24,1.7,Atl,Away,110.0,11-28-23,12,False,0,1,22,1,0,6.760000000000001,0.0,0.0,1.2,19.6,0.6,0.0,0.0,0.0,35.300000000000004,0.0,0.0,7.0,103.0,3.0,0.0,0.0,0.0,5.883333333333334,0.0,0.0,1.1666666666666667,17.166666666666668,0.5,0.0,0.0,5.883333333333334
839,A.T. Perry,NO,WR,L 28-33,4.0,Det,Home,57.5,12-05-23,13,False,0,1,22,10,1,3.5,0.0,0.0,0.8,15.0,0.2,0.0,0.0,0.0,39.300000000000004,0.0,0.0,8.0,133.0,3.0,0.0,0.0,0.0,5.614285714285715,0.0,0.0,1.1428571428571428,19.0,0.42857142857142855,0.0,0.0,5.614285714285715
1124,A.T. Perry,NO,WR,W 28-6,5.4,Car,Home,61.0,12-12-23,14,False,0,1,22,4,1,4.58,0.0,0.0,1.0,23.8,0.2,0.0,0.0,0.0,44.7,0.0,0.0,9.0,177.0,3.0,0.0,0.0,0.0,5.5875,0.0,0.0,1.125,22.125,0.375,0.0,0.0,5.5875
2271,A.T. Perry,NO,WR,W 24-6,5.4,NYG,Home,67.0,12-19-23,15,False,0,1,22,23,1,5.66,0.0,0.0,1.4,30.6,0.2,0.0,0.0,0.0,50.1,0.0,0.0,11.0,211.0,3.0,0.0,0.0,0.0,5.566666666666666,0.0,0.0,1.2222222222222223,23.444444444444443,0.3333333333333333,0.0,0.0,5.566666666666666
1739,A.T. Perry,NO,WR,L 22-30,10.5,LAR,Away,39.5,12-26-23,16,False,0,1,22,17,0,5.4,0.0,0.0,1.2,30.0,0.2,0.0,0.0,0.0,60.6,0.0,0.0,12.0,246.0,4.0,0.0,0.0,0.0,6.0600000000000005,0.0,0.0,1.2,24.6,0.4,0.0,0.0,6.0600000000000005
1906,Adam Thielen,Car,WR,L 0-26,9.8,Jax,Away,39.5,01-02-24,17,False,0,2,4,14,0,9.8,0.0,0.0,6.0,38.0,0.0,0.0,0.0,0.0,9.8,0.0,0.0,6.0,38.0,0.0,0.0,0.0,0.0,9.8,0.0,0.0,6.0,38.0,0.0,0.0,0.0,9.8
1307,Adam Thielen,Car,WR,L 0-9,3.2,TB,Home,86.0,01-09-24,18,False,0,2,4,29,1,6.5,0.0,0.0,4.0,25.0,0.0,0.0,0.0,0.0,13.0,0.0,0.0,8.0,50.0,0.0,0.0,0.0,0.0,6.5,0.0,0.0,4.0,25.0,0.0,0.0,0.0,6.5
247,Adam Thielen,Car,WR,L 10-24,3.2,Atl,Away,86.0,09-12-23,1,False,0,2,4,1,0,5.400000000000001,0.0,0.0,3.3333333333333335,20.666666666666668,0.0,0.0,0.0,0.0,16.200000000000003,0.0,0.0,10.0,62.0,0.0,0.0,0.0,0.0,5.400000000000001,0.0,0.0,3.3333333333333335,20.666666666666668,0.0,0.0,0.0,5.400000000000001
2052,Adam Thielen,Car,WR,L 17-20,20.4,NO,Home,16.5,09-19-23,2,False,0,2,4,22,1,9.15,0.0,0.0,4.25,29.0,0.25,0.0,0.0,0.0,36.6,0.0,0.0,17.0,116.0,1.0,0.0,0.0,0.0,9.15,0.0,0.0,4.25,29.0,0.25,0.0,0.0,9.15
326,Adam Thielen,Car,WR,L 27-37,31.5,Sea,Away,3.0,09-26-23,3,False,0,2,4,28,0,13.62,0.0,0.0,5.6,52.2,0.4,0.0,0.0,0.0,68.1,0.0,0.0,28.0,261.0,2.0,0.0,0.0,0.0,13.62,0.0,0.0,5.6,52.2,0.4,0.0,0.0,13.62
19,Adam Thielen,Car,WR,L 13-21,15.2,Min,Home,20.0,10-03-23,4,False,0,2,4,20,1,14.7,0.0,0.0,5.8,59.8,0.4,0.2,1.2,0.0,83.3,0.0,0.0,35.0,337.0,2.0,1.0,6.0,0.0,13.883333333333333,0.0,0.0,5.833333333333333,56.166666666666664,0.3333333333333333,0.16666666666666666,1.0,13.883333333333333
491,Adam Thielen,Car,WR,L 24-42,27.7,Det,Away,4.0,10-10-23,5,False,0,2,4,10,0,19.6,0.0,0.0,7.6,78.8,0.6,0.2,1.2,0.0,111.0,0.0,0.0,46.0,444.0,3.0,1.0,6.0,0.0,15.857142857142858,0.0,0.0,6.571428571428571,63.42857142857143,0.42857142857142855,0.14285714285714285,0.8571428571428571,15.857142857142858
2673,Adam Thielen,Car,WR,L 21-42,28.5,Mia,Away,2.0,10-17-23,6,False,0,2,4,19,0,24.66,0.0,0.0,9.4,99.4,0.8,0.2,1.2,0.0,139.5,0.0,0.0,57.0,559.0,4.0,1.0,6.0,0.0,17.4375,0.0,0.0,7.125,69.875,0.5,0.125,0.75,17.4375
2397,Adam Thielen,Car,WR,W 15-13,15.2,Hou,Home,24.5,10-31-23,8,False,0,2,4,12,1,23.62,0.0,0.0,9.6,103.0,0.6,0.2,1.2,0.0,154.7,0.0,0.0,65.0,631.0,4.0,1.0,6.0,0.0,17.188888888888886,0.0,0.0,7.222222222222222,70.11111111111111,0.4444444444444444,0.1111111111111111,0.6666666666666666,17.188888888888886
958,Adam Thielen,Car,WR,L 13-27,7.9,Ind,Home,42.0,11-07-23,9,False,0,2,4,13,1,18.9,0.0,0.0,8.4,79.8,0.4,0.2,1.2,0.0,162.6,0.0,0.0,70.0,660.0,4.0,1.0,6.0,0.0,16.259999999999998,0.0,0.0,7.0,66.0,0.4,0.1,0.6,16.259999999999998
1419,Adam Thielen,Car,WR,L 13-16,10.2,Chi,Away,35.0,11-14-23,10,False,0,2,4,5,0,17.9,0.0,0.0,8.2,73.0,0.4,0.0,0.0,0.0,172.8,0.0,0.0,76.0,702.0,4.0,1.0,6.0,0.0,15.70909090909091,0.0,0.0,6.909090909090909,63.81818181818182,0.36363636363636365,0.09090909090909091,0.5454545454545454,15.70909090909091
652,Adam Thielen,Car,WR,L 10-33,15.4,Dal,Home,21.0,11-21-23,11,False,0,2,4,8,1,15.440000000000001,0.0,0.0,7.6,66.4,0.2,0.0,0.0,0.0,188.2,0.0,0.0,84.0,776.0,4.0,1.0,6.0,0.0,15.683333333333332,0.0,0.0,7.0,64.66666666666667,0.3333333333333333,0.08333333333333333,0.5,15.683333333333332
1646,Adam Thielen,Car,WR,L 10-17,1.2,Ten,Away,118.0,11-28-23,12,False,0,2,4,30,0,9.98,0.0,0.0,5.6,43.8,0.0,0.0,0.0,0.0,189.4,0.0,0.0,85.0,778.0,4.0,1.0,6.0,0.0,14.569230769230769,0.0,0.0,6.538461538461538,59.84615384615385,0.3076923076923077,0.07692307692307693,0.46153846153846156,14.569230769230769
832,Adam Thielen,Car,WR,L 18-21,5.5,TB,Away,51.0,12-05-23,13,False,0,2,4,29,0,8.040000000000001,0.0,0.0,4.6,34.4,0.0,0.0,0.0,0.0,194.9,0.0,0.0,88.0,803.0,4.0,1.0,6.0,0.0,13.921428571428573,0.0,0.0,6.285714285714286,57.357142857142854,0.2857142857142857,0.07142857142857142,0.42857142857142855,13.921428571428573
1092,Adam Thielen,Car,WR,L 6-28,12.4,NO,Away,29.0,12-12-23,14,False,0,2,4,22,0,8.940000000000001,0.0,0.0,4.6,43.4,0.0,0.0,0.0,0.0,207.3,0.0,0.0,93.0,877.0,4.0,1.0,6.0,0.0,13.82,0.0,0.0,6.2,58.46666666666667,0.26666666666666666,0.06666666666666667,0.4,13.82
2251,Adam Thielen,Car,WR,W 9-7,8.3,Atl,Home,47.5,12-19-23,15,False,0,2,4,1,1,8.56,0.0,0.0,4.2,43.6,0.0,0.0,0.0,0.0,215.6,0.0,0.0,97.0,920.0,4.0,1.0,6.0,0.0,13.475,0.0,0.0,6.0625,57.5,0.25,0.0625,0.375,13.475
1725,Adam Thielen,Car,WR,L 30-33,15.4,GB,Home,26.0,12-26-23,16,False,0,2,4,11,1,8.56,0.0,0.0,3.8,47.6,0.0,0.0,0.0,0.0,231.0,0.0,0.0,103.0,1014.0,4.0,1.0,6.0,0.0,13.588235294117647,0.0,0.0,6.0588235294117645,59.64705882352941,0.23529411764705882,0.058823529411764705,0.35294117647058826,13.588235294117647
1897,Alec Pierce,Ind,WR,W 23-20,12.8,LV,Home,30.0,01-02-24,17,False,0,3,13,18,1,12.8,0.0,0.0,1.0,58.0,1.0,0.0,0.0,0.0,12.8,0.0,0.0,1.0,58.0,1.0,0.0,0.0,0.0,12.8,0.0,0.0,1.0,58.0,1.0,0.0,0.0,12.8
1352,Alec Pierce,Ind,WR,L 19-23,0.0,Hou,Home,142.5,01-09-24,18,False,0,3,13,12,1,6.4,0.0,0.0,0.5,29.0,0.5,0.0,0.0,0.0,12.8,0.0,0.0,1.0,58.0,1.0,0.0,0.0,0.0,6.4,0.0,0.0,0.5,29.0,0.5,0.0,0.0,6.4
261,Alec Pierce,Ind,WR,L 21-31,1.5,Jax,Home,101.0,09-12-23,1,False,0,3,13,14,1,4.766666666666667,0.0,0.0,0.6666666666666666,21.0,0.3333333333333333,0.0,0.0,0.0,14.3,0.0,0.0,2.0,63.0,1.0,0.0,0.0,0.0,4.766666666666667,0.0,0.0,0.6666666666666666,21.0,0.3333333333333333,0.0,0.0,4.766666666666667
2120,Alec Pierce,Ind,WR,W 31-20,4.8,Hou,Away,85.5,09-19-23,2,False,0,3,13,12,0,4.775,0.0,0.0,1.0,22.75,0.25,0.0,0.0,0.0,19.1,0.0,0.0,4.0,91.0,1.0,0.0,0.0,0.0,4.775,0.0,0.0,1.0,22.75,0.25,0.0,0.0,4.775
387,Alec Pierce,Ind,WR,W 22-19,7.3,Bal,Away,64.0,09-26-23,3,False,0,3,13,2,0,5.279999999999999,0.0,0.0,1.4,26.8,0.2,0.0,0.0,0.0,26.4,0.0,0.0,7.0,134.0,1.0,0.0,0.0,0.0,5.279999999999999,0.0,0.0,1.4,26.8,0.2,0.0,0.0,5.279999999999999
72,Alec Pierce,Ind,WR,L 23-29,4.8,LAR,Home,73.0,10-03-23,4,False,0,3,13,17,1,3.6799999999999997,0.0,0.0,1.4,22.8,0.0,0.0,0.0,0.0,31.2,0.0,0.0,8.0,172.0,1.0,0.0,0.0,0.0,5.2,0.0,0.0,1.3333333333333333,28.666666666666668,0.16666666666666666,0.0,0.0,5.2
576,Alec Pierce,Ind,WR,W 23-16,2.0,Ten,Home,90.0,10-10-23,5,False,0,3,13,30,1,4.08,0.0,0.0,1.6,24.8,0.0,0.0,0.0,0.0,33.2,0.0,0.0,9.0,182.0,1.0,0.0,0.0,0.0,4.742857142857143,0.0,0.0,1.2857142857142858,26.0,0.14285714285714285,0.0,0.0,4.742857142857143
2735,Alec Pierce,Ind,WR,L 20-37,5.5,Jax,Away,64.5,10-17-23,6,False,0,3,13,14,0,4.88,0.0,0.0,2.0,28.8,0.0,0.0,0.0,0.0,38.7,0.0,0.0,12.0,207.0,1.0,0.0,0.0,0.0,4.8375,0.0,0.0,1.5,25.875,0.125,0.0,0.0,4.8375
2582,Alec Pierce,Ind,WR,L 38-39,8.3,Cle,Home,45.0,10-24-23,7,False,0,3,13,7,1,5.58,0.0,0.0,2.2,33.8,0.0,0.0,0.0,0.0,47.0,0.0,0.0,15.0,260.0,1.0,0.0,0.0,0.0,5.222222222222222,0.0,0.0,1.6666666666666667,28.88888888888889,0.1111111111111111,0.0,0.0,5.222222222222222
2437,Alec Pierce,Ind,WR,L 27-38,7.1,NO,Home,65.5,10-31-23,8,False,0,3,13,22,1,5.540000000000001,0.0,0.0,2.2,33.4,0.0,0.0,0.0,0.0,54.1,0.0,0.0,18.0,301.0,1.0,0.0,0.0,0.0,5.41,0.0,0.0,1.8,30.1,0.1,0.0,0.0,5.41
1030,Alec Pierce,Ind,WR,W 27-13,0.0,Car,Away,126.5,11-07-23,9,False,0,3,13,4,0,4.58,0.0,0.0,2.0,25.8,0.0,0.0,0.0,0.0,54.1,0.0,0.0,18.0,301.0,1.0,0.0,0.0,0.0,4.918181818181818,0.0,0.0,1.6363636363636365,27.363636363636363,0.09090909090909091,0.0,0.0,4.918181818181818
1461,Alec Pierce,Ind,WR,W 10-6,3.1,NE,Away,77.0,11-14-23,10,False,0,3,13,21,0,4.8,0.0,0.0,2.0,28.0,0.0,0.0,0.0,0.0,57.2,0.0,0.0,19.0,322.0,1.0,0.0,0.0,0.0,4.766666666666667,0.0,0.0,1.5833333333333333,26.833333333333332,0.08333333333333333,0.0,0.0,4.766666666666667
1592,Alec Pierce,Ind,WR,W 27-20,6.7,TB,Home,63.0,11-28-23,12,False,0,3,13,29,1,5.040000000000001,0.0,0.0,2.2,28.4,0.0,0.0,0.0,0.0,63.9,0.0,0.0,23.0,349.0,1.0,0.0,0.0,0.0,4.915384615384616,0.0,0.0,1.7692307692307692,26.846153846153847,0.07692307692307693,0.0,0.0,4.915384615384616
794,Alec Pierce,Ind,WR,W 31-28,19.0,Ten,Away,13.0,12-05-23,13,False,0,3,13,30,0,7.1800000000000015,0.0,0.0,2.2,37.8,0.2,0.0,0.0,0.0,82.9,0.0,0.0,26.0,449.0,2.0,0.0,0.0,0.0,5.921428571428572,0.0,0.0,1.8571428571428572,32.07142857142857,0.14285714285714285,0.0,0.0,5.921428571428572
1137,Alec Pierce,Ind,WR,L 14-34,4.2,Cin,Away,73.5,12-12-23,14,False,0,3,13,6,0,6.6,0.0,0.0,2.0,34.0,0.2,0.0,0.0,0.0,87.1,0.0,0.0,28.0,471.0,2.0,0.0,0.0,0.0,5.806666666666667,0.0,0.0,1.8666666666666667,31.4,0.13333333333333333,0.0,0.0,5.806666666666667
2298,Alec Pierce,Ind,WR,W 30-13,2.3,Pit,Home,93.5,12-19-23,15,False,0,3,13,26,1,7.06,0.0,0.0,2.2,36.6,0.2,0.0,0.0,0.0,89.4,0.0,0.0,29.0,484.0,2.0,0.0,0.0,0.0,5.5875,0.0,0.0,1.8125,30.25,0.125,0.0,0.0,5.5875
1769,Alec Pierce,Ind,WR,L 10-29,6.0,Atl,Away,70.0,12-26-23,16,False,0,3,13,1,0,7.640000000000001,0.0,0.0,2.6,38.4,0.2,0.0,0.0,0.0,95.4,0.0,0.0,32.0,514.0,2.0,0.0,0.0,0.0,5.611764705882353,0.0,0.0,1.8823529411764706,30.235294117647058,0.11764705882352941,0.0,0.0,5.611764705882353
1886,Alex Erickson,LAC,WR,L 9-16,16.8,Den,Away,19.0,01-02-24,17,False,0,4,16,9,0,16.8,0.0,0.0,7.0,98.0,0.0,0.0,0.0,0.0,16.8,0.0,0.0,7.0,98.0,0.0,0.0,0.0,0.0,16.8,0.0,0.0,7.0,98.0,0.0,0.0,0.0,16.8
1288,Alex Erickson,LAC,WR,L 12-13,4.9,KC,Home,67.0,01-09-24,18,False,0,4,16,15,1,10.850000000000001,0.0,0.0,4.5,63.5,0.0,0.0,0.0,0.0,21.700000000000003,0.0,0.0,9.0,127.0,0.0,0.0,0.0,0.0,10.850000000000001,0.0,0.0,4.5,63.5,0.0,0.0,0.0,10.850000000000001
716,Alex Erickson,LAC,WR,L 20-23,2.2,GB,Away,84.5,11-21-23,11,False,0,4,16,11,0,7.966666666666668,0.0,0.0,3.3333333333333335,46.333333333333336,0.0,0.0,0.0,0.0,23.900000000000002,0.0,0.0,10.0,139.0,0.0,0.0,0.0,0.0,7.966666666666668,0.0,0.0,3.3333333333333335,46.333333333333336,0.0,0.0,0.0,7.966666666666668
1626,Alex Erickson,LAC,WR,L 10-20,2.7,Bal,Home,98.0,11-28-23,12,False,0,4,16,2,1,6.65,0.0,0.0,2.75,39.0,0.0,0.0,0.0,0.0,26.6,0.0,0.0,11.0,156.0,0.0,0.0,0.0,0.0,6.65,0.0,0.0,2.75,39.0,0.0,0.0,0.0,6.65
845,Alex Erickson,LAC,WR,W 6-0,3.3,NE,Away,64.0,12-05-23,13,False,0,4,16,21,0,5.98,0.0,0.0,2.4,35.8,0.0,0.0,0.0,0.0,29.900000000000002,0.0,0.0,12.0,179.0,0.0,0.0,0.0,0.0,5.98,0.0,0.0,2.4,35.8,0.0,0.0,0.0,5.98
1161,Alex Erickson,LAC,WR,L 7-24,1.9,Den,Home,98.5,12-12-23,14,False,0,4,16,9,1,3.0,0.0,0.0,1.2,18.0,0.0,0.0,0.0,0.0,31.8,0.0,0.0,13.0,188.0,0.0,0.0,0.0,0.0,5.3,0.0,0.0,2.1666666666666665,31.333333333333332,0.0,0.0,0.0,5.3
2252,Alex Erickson,LAC,WR,L 21-63,8.3,LV,Away,47.5,12-19-23,15,False,0,4,16,18,0,3.6799999999999997,0.0,0.0,1.0,14.8,0.2,0.0,0.0,0.0,40.1,0.0,0.0,14.0,201.0,1.0,0.0,0.0,0.0,5.728571428571429,0.0,0.0,2.0,28.714285714285715,0.14285714285714285,0.0,0.0,5.728571428571429
1774,Alex Erickson,LAC,WR,L 22-24,5.1,Buf,Home,74.5,12-26-23,16,False,0,4,16,3,1,4.26,0.0,0.0,1.2,18.6,0.2,0.0,0.0,0.0,45.2,0.0,0.0,16.0,232.0,1.0,0.0,0.0,0.0,5.65,0.0,0.0,2.0,29.0,0.125,0.0,0.0,5.65
219,Allen Lazard,NYJ,WR,W 22-16,6.6,Buf,Home,58.5,09-12-23,1,False,0,5,24,3,1,6.6,0.0,0.0,2.0,46.0,0.0,0.0,0.0,0.0,6.6,0.0,0.0,2.0,46.0,0.0,0.0,0.0,0.0,6.6,0.0,0.0,2.0,46.0,0.0,0.0,0.0,6.6
2123,Allen Lazard,NYJ,WR,L 10-30,4.3,Dal,Away,88.5,09-19-23,2,False,0,5,24,8,0,5.449999999999999,0.0,0.0,2.0,34.5,0.0,0.0,0.0,0.0,10.899999999999999,0.0,0.0,4.0,69.0,0.0,0.0,0.0,0.0,5.449999999999999,0.0,0.0,2.0,34.5,0.0,0.0,0.0,5.449999999999999
390,Allen Lazard,NYJ,WR,L 10-15,6.9,NE,Home,67.5,09-26-23,3,False,0,5,24,21,1,5.933333333333334,0.0,0.0,2.3333333333333335,36.0,0.0,0.0,0.0,0.0,17.8,0.0,0.0,7.0,108.0,0.0,0.0,0.0,0.0,5.933333333333334,0.0,0.0,2.3333333333333335,36.0,0.0,0.0,0.0,5.933333333333334
21,Allen Lazard,NYJ,WR,L 20-23,15.1,KC,Home,21.5,10-03-23,4,False,0,5,24,15,1,8.225,0.0,0.0,2.5,42.25,0.25,0.0,0.0,0.0,32.9,0.0,0.0,10.0,169.0,1.0,0.0,0.0,0.0,8.225,0.0,0.0,2.5,42.25,0.25,0.0,0.0,8.225
542,Allen Lazard,NYJ,WR,W 31-21,6.3,Den,Away,55.5,10-10-23,5,False,0,5,24,9,0,7.839999999999999,0.0,0.0,2.6,40.4,0.2,0.0,0.0,0.0,39.199999999999996,0.0,0.0,13.0,202.0,1.0,0.0,0.0,0.0,7.839999999999999,0.0,0.0,2.6,40.4,0.2,0.0,0.0,7.839999999999999
2761,Allen Lazard,NYJ,WR,W 20-14,1.8,Phi,Home,90.5,10-17-23,6,False,0,5,24,25,1,6.88,0.0,0.0,2.4,32.8,0.2,0.0,0.0,0.0,41.0,0.0,0.0,14.0,210.0,1.0,0.0,0.0,0.0,6.833333333333333,0.0,0.0,2.3333333333333335,35.0,0.16666666666666666,0.0,0.0,6.833333333333333
2432,Allen Lazard,NYJ,WR,W 13-10,7.5,NYG,Away,60.0,10-31-23,8,False,0,5,24,23,0,7.5200000000000005,0.0,0.0,2.6,37.2,0.2,0.0,0.0,0.0,48.5,0.0,0.0,17.0,255.0,1.0,0.0,0.0,0.0,6.928571428571429,0.0,0.0,2.4285714285714284,36.42857142857143,0.14285714285714285,0.0,0.0,6.928571428571429
988,Allen Lazard,NYJ,WR,L 6-27,3.8,LAC,Home,72.0,11-07-23,9,False,0,5,24,16,1,6.9,0.0,0.0,2.4,33.0,0.2,0.0,0.0,0.0,52.3,0.0,0.0,19.0,273.0,1.0,0.0,0.0,0.0,6.5375,0.0,0.0,2.375,34.125,0.125,0.0,0.0,6.5375
1464,Allen Lazard,NYJ,WR,L 12-16,2.7,LV,Away,80.0,11-14-23,10,False,0,5,24,18,0,4.42,0.0,0.0,2.0,24.2,0.0,0.0,0.0,0.0,55.0,0.0,0.0,20.0,290.0,1.0,0.0,0.0,0.0,6.111111111111111,0.0,0.0,2.2222222222222223,32.22222222222222,0.1111111111111111,0.0,0.0,6.111111111111111
738,Allen Lazard,NYJ,WR,L 6-32,0.0,Buf,Away,126.0,11-21-23,11,False,0,5,24,3,0,3.1599999999999997,0.0,0.0,1.4,17.6,0.0,0.0,0.0,0.0,55.0,0.0,0.0,20.0,290.0,1.0,0.0,0.0,0.0,5.5,0.0,0.0,2.0,29.0,0.1,0.0,0.0,5.5
878,Allen Lazard,NYJ,WR,L 8-13,0.0,Atl,Home,113.0,12-05-23,13,False,0,5,24,1,1,2.8,0.0,0.0,1.2,16.0,0.0,0.0,0.0,0.0,55.0,0.0,0.0,20.0,290.0,1.0,0.0,0.0,0.0,5.0,0.0,0.0,1.8181818181818181,26.363636363636363,0.09090909090909091,0.0,0.0,5.0
1178,Allen Lazard,NYJ,WR,W 30-6,0.0,Hou,Home,134.0,12-12-23,14,False,0,5,24,12,1,1.3,0.0,0.0,0.6,7.0,0.0,0.0,0.0,0.0,55.0,0.0,0.0,20.0,290.0,1.0,0.0,0.0,0.0,4.583333333333333,0.0,0.0,1.6666666666666667,24.166666666666668,0.08333333333333333,0.0,0.0,4.583333333333333
2275,Allen Lazard,NYJ,WR,L 0-30,5.1,Mia,Away,70.5,12-19-23,15,False,0,5,24,19,0,1.56,0.0,0.0,0.8,7.6,0.0,0.0,0.0,0.0,60.099999999999994,0.0,0.0,23.0,311.0,1.0,0.0,0.0,0.0,4.623076923076923,0.0,0.0,1.7692307692307692,23.923076923076923,0.07692307692307693,0.0,0.0,4.623076923076923
1824,Allen Lazard,NYJ,WR,W 30-28,0.0,Wsh,Home,144.5,12-26-23,16,False,0,5,24,31,1,1.02,0.0,0.0,0.6,4.2,0.0,0.0,0.0,0.0,60.099999999999994,0.0,0.0,23.0,311.0,1.0,0.0,0.0,0.0,4.292857142857143,0.0,0.0,1.6428571428571428,22.214285714285715,0.07142857142857142,0.0,0.0,4.292857142857143
1985,Allen Robinson II,Pit,WR,W 30-23,0.0,Sea,Away,137.5,01-02-24,17,False,0,6,26,28,0,0.0,0.0,0.0,0.0,0.0,0.0,0.0,0.0,0.0,0.0,0.0,0.0,0.0,0.0,0.0,0.0,0.0,0.0,0.0,0.0,0.0,0.0,0.0,0.0,0.0,0.0,0.0
1354,Allen Robinson II,Pit,WR,W 17-10,0.0,Bal,Away,142.5,01-09-24,18,False,0,6,26,2,0,0.0,0.0,0.0,0.0,0.0,0.0,0.0,0.0,0.0,0.0,0.0,0.0,0.0,0.0,0.0,0.0,0.0,0.0,0.0,0.0,0.0,0.0,0.0,0.0,0.0,0.0,0.0
196,Allen Robinson II,Pit,WR,L 7-30,11.4,SF,Home,35.0,09-12-23,1,False,0,6,26,27,1,3.8000000000000003,0.0,0.0,1.6666666666666667,21.333333333333332,0.0,0.0,0.0,0.0,11.4,0.0,0.0,5.0,64.0,0.0,0.0,0.0,0.0,3.8000000000000003,0.0,0.0,1.6666666666666667,21.333333333333332,0.0,0.0,0.0,3.8000000000000003
2129,Allen Robinson II,Pit,WR,W 26-22,3.2,Cle,Home,94.0,09-19-23,2,False,0,6,26,7,1,3.6500000000000004,0.0,0.0,1.75,19.0,0.0,0.0,0.0,0.0,14.600000000000001,0.0,0.0,7.0,76.0,0.0,0.0,0.0,0.0,3.6500000000000004,0.0,0.0,1.75,19.0,0.0,0.0,0.0,3.6500000000000004
394,Allen Robinson II,Pit,WR,W 23-18,6.4,LV,Away,70.5,09-26-23,3,False,0,6,26,18,0,4.2,0.0,0.0,2.2,20.0,0.0,0.0,0.0,0.0,21.0,0.0,0.0,11.0,100.0,0.0,0.0,0.0,0.0,4.2,0.0,0.0,2.2,20.0,0.0,0.0,0.0,4.2
108,Allen Robinson II,Pit,WR,L 6-30,1.8,Hou,Away,109.0,10-03-23,4,False,0,6,26,12,0,4.5600000000000005,0.0,0.0,2.4,21.6,0.0,0.0,0.0,0.0,22.8,0.0,0.0,12.0,108.0,0.0,0.0,0.0,0.0,3.8000000000000003,0.0,0.0,2.0,18.0,0.0,0.0,0.0,3.8000000000000003
536,Allen Robinson II,Pit,WR,W 17-10,7.9,Bal,Home,49.0,10-10-23,5,False,0,6,26,2,1,6.140000000000001,0.0,0.0,3.4,27.4,0.0,0.0,0.0,0.0,30.700000000000003,0.0,0.0,17.0,137.0,0.0,0.0,0.0,0.0,4.385714285714286,0.0,0.0,2.4285714285714284,19.571428571428573,0.0,0.0,0.0,4.385714285714286
2622,Allen Robinson II,Pit,WR,W 24-17,1.7,LAR,Away,86.0,10-24-23,7,False,0,6,26,17,0,4.200000000000001,0.0,0.0,2.6,16.0,0.0,0.0,0.0,0.0,32.4,0.0,0.0,18.0,144.0,0.0,0.0,0.0,0.0,4.05,0.0,0.0,2.25,18.0,0.0,0.0,0.0,4.05
2491,Allen Robinson II,Pit,WR,L 10-20,0.0,Jax,Home,138.0,10-31-23,8,False,0,6,26,14,1,3.56,0.0,0.0,2.2,13.6,0.0,0.0,0.0,0.0,32.4,0.0,0.0,18.0,144.0,0.0,0.0,0.0,0.0,3.5999999999999996,0.0,0.0,2.0,16.0,0.0,0.0,0.0,3.5999999999999996
1006,Allen Robinson II,Pit,WR,W 20-16,2.0,Ten,Home,89.5,11-07-23,9,False,0,6,26,30,1,2.68,0.0,0.0,1.6,10.8,0.0,0.0,0.0,0.0,34.4,0.0,0.0,19.0,154.0,0.0,0.0,0.0,0.0,3.44,0.0,0.0,1.9,15.4,0.0,0.0,0.0,3.44
1492,Allen Robinson II,Pit,WR,W 23-19,0.0,GB,Home,123.5,11-14-23,10,False,0,6,26,11,1,2.32,0.0,0.0,1.4,9.2,0.0,0.0,0.0,0.0,34.4,0.0,0.0,19.0,154.0,0.0,0.0,0.0,0.0,3.127272727272727,0.0,0.0,1.7272727272727273,14.0,0.0,0.0,0.0,3.127272727272727
695,Allen Robinson II,Pit,WR,L 10-13,5.0,Cle,Away,64.5,11-21-23,11,False,0,6,26,7,0,1.7399999999999998,0.0,0.0,1.0,7.4,0.0,0.0,0.0,0.0,39.4,0.0,0.0,22.0,174.0,0.0,0.0,0.0,0.0,3.283333333333333,0.0,0.0,1.8333333333333333,14.5,0.0,0.0,0.0,3.283333333333333
1633,Allen Robinson II,Pit,WR,W 16-10,2.1,Cin,Away,105.0,11-28-23,12,False,0,6,26,6,0,1.8199999999999998,0.0,0.0,1.0,8.2,0.0,0.0,0.0,0.0,41.5,0.0,0.0,23.0,185.0,0.0,0.0,0.0,0.0,3.1923076923076925,0.0,0.0,1.7692307692307692,14.23076923076923,0.0,0.0,0.0,3.1923076923076925
833,Allen Robinson II,Pit,WR,L 10-24,4.9,Ari,Home,52.0,12-05-23,13,False,0,6,26,0,1,2.8,0.0,0.0,1.6,12.0,0.0,0.0,0.0,0.0,46.400000000000006,0.0,0.0,26.0,204.0,0.0,0.0,0.0,0.0,3.3142857142857145,0.0,0.0,1.8571428571428572,14.571428571428571,0.0,0.0,0.0,3.3142857142857145
1150,Allen Robinson II,Pit,WR,L 18-21,3.1,NE,Home,86.5,12-12-23,14,False,0,6,26,21,1,3.02,0.0,0.0,1.6,14.2,0.0,0.0,0.0,0.0,49.5,0.0,0.0,27.0,225.0,0.0,0.0,0.0,0.0,3.3,0.0,0.0,1.8,15.0,0.0,0.0,0.0,3.3
2277,Allen Robinson II,Pit,WR,L 13-30,4.9,Ind,Away,73.0,12-19-23,15,False,0,6,26,13,0,4.0,0.0,0.0,2.2,18.0,0.0,0.0,0.0,0.0,54.400000000000006,0.0,0.0,30.0,244.0,0.0,0.0,0.0,0.0,3.4000000000000004,0.0,0.0,1.875,15.25,0.0,0.0,0.0,3.4000000000000004
1755,Allen Robinson II,Pit,WR,W 34-11,7.6,Cin,Home,56.5,12-26-23,16,False,0,6,26,6,1,4.5200000000000005,0.0,0.0,2.4,21.2,0.0,0.0,0.0,0.0,62.0,0.0,0.0,34.0,280.0,0.0,0.0,0.0,0.0,3.6470588235294117,0.0,0.0,2.0,16.470588235294116,0.0,0.0,0.0,3.6470588235294117
218,Amari Cooper,Cle,WR,W 24-3,6.7,Cin,Home,57.0,09-12-23,1,False,0,7,7,6,1,6.7,0.0,0.0,3.0,37.0,0.0,0.0,0.0,0.0,6.7,0.0,0.0,3.0,37.0,0.0,0.0,0.0,0.0,6.7,0.0,0.0,3.0,37.0,0.0,0.0,0.0,6.7
2064,Amari Cooper,Cle,WR,L 22-26,16.0,Pit,Away,29.5,09-19-23,2,False,0,7,7,26,0,11.35,0.0,0.0,5.0,63.5,0.0,0.0,0.0,0.0,22.7,0.0,0.0,10.0,127.0,0.0,0.0,0.0,0.0,11.35,0.0,0.0,5.0,63.5,0.0,0.0,0.0,11.35
333,Amari Cooper,Cle,WR,W 27-3,24.6,Ten,Home,10.0,09-26-23,3,False,0,7,7,30,1,15.766666666666666,0.0,0.0,5.666666666666667,81.0,0.3333333333333333,0.0,0.0,0.0,47.3,0.0,0.0,17.0,243.0,1.0,0.0,0.0,0.0,15.766666666666666,0.0,0.0,5.666666666666667,81.0,0.3333333333333333,0.0,0.0,15.766666666666666
97,Amari Cooper,Cle,WR,L 3-28,2.6,Bal,Home,99.0,10-03-23,4,False,0,7,7,2,1,12.475,0.0,0.0,4.5,64.75,0.25,0.0,0.0,0.0,49.9,0.0,0.0,18.0,259.0,1.0,0.0,0.0,0.0,12.475,0.0,0.0,4.5,64.75,0.25,0.0,0.0,12.475
2692,Amari Cooper,Cle,WR,W 19-17,14.8,SF,Home,21.0,10-17-23,6,False,0,7,7,27,1,12.940000000000001,0.0,0.0,4.4,73.4,0.2,0.0,0.0,0.0,64.7,0.0,0.0,22.0,367.0,1.0,0.0,0.0,0.0,12.940000000000001,0.0,0.0,4.4,73.4,0.2,0.0,0.0,12.940000000000001
2600,Amari Cooper,Cle,WR,W 39-38,4.2,Ind,Away,63.5,10-24-23,7,False,0,7,7,13,0,12.44,0.0,0.0,4.2,70.4,0.2,0.0,0.0,0.0,68.9,0.0,0.0,24.0,389.0,1.0,0.0,0.0,0.0,11.483333333333334,0.0,0.0,4.0,64.83333333333333,0.16666666666666666,0.0,0.0,11.483333333333334
2399,Amari Cooper,Cle,WR,L 20-24,14.9,Sea,Away,26.5,10-31-23,8,False,0,7,7,28,0,12.220000000000002,0.0,0.0,4.0,70.2,0.2,0.0,0.0,0.0,83.8,0.0,0.0,30.0,478.0,1.0,0.0,0.0,0.0,11.971428571428572,0.0,0.0,4.285714285714286,68.28571428571429,0.14285714285714285,0.0,0.0,11.971428571428572
920,Amari Cooper,Cle,WR,W 27-0,24.9,Ari,Home,4.0,11-07-23,9,False,0,7,7,0,1,12.279999999999998,0.0,0.0,3.6,74.8,0.2,0.0,0.0,0.0,108.7,0.0,0.0,35.0,617.0,2.0,0.0,0.0,0.0,13.5875,0.0,0.0,4.375,77.125,0.25,0.0,0.0,13.5875
1402,Amari Cooper,Cle,WR,W 33-31,15.8,Bal,Away,18.0,11-14-23,10,False,0,7,7,2,0,14.919999999999998,0.0,0.0,4.6,91.2,0.2,0.0,0.0,0.0,124.5,0.0,0.0,41.0,715.0,2.0,0.0,0.0,0.0,13.833333333333334,0.0,0.0,4.555555555555555,79.44444444444444,0.2222222222222222,0.0,0.0,13.833333333333334
679,Amari Cooper,Cle,WR,W 13-10,7.4,Pit,Home,48.5,11-21-23,11,False,0,7,7,26,1,13.440000000000001,0.0,0.0,4.6,76.4,0.2,0.0,0.0,0.0,131.9,0.0,0.0,45.0,749.0,2.0,0.0,0.0,0.0,13.190000000000001,0.0,0.0,4.5,74.9,0.2,0.0,0.0,13.190000000000001
1615,Amari Cooper,Cle,WR,L 12-29,3.6,Den,Away,87.5,11-28-23,12,False,0,7,7,9,0,13.320000000000002,0.0,0.0,4.6,75.2,0.2,0.0,0.0,0.0,135.5,0.0,0.0,47.0,765.0,2.0,0.0,0.0,0.0,12.318181818181818,0.0,0.0,4.2727272727272725,69.54545454545455,0.18181818181818182,0.0,0.0,12.318181818181818
829,Amari Cooper,Cle,WR,L 19-36,6.4,LAR,Away,48.0,12-05-23,13,False,0,7,7,17,0,11.62,0.0,0.0,4.0,64.2,0.2,0.0,0.0,0.0,141.9,0.0,0.0,50.0,799.0,2.0,0.0,0.0,0.0,11.825000000000001,0.0,0.0,4.166666666666667,66.58333333333333,0.16666666666666666,0.0,0.0,11.825000000000001
1091,Amari Cooper,Cle,WR,W 31-27,12.7,Jax,Home,28.0,12-12-23,14,False,0,7,7,14,1,9.180000000000001,0.0,0.0,4.4,51.8,0.0,0.0,0.0,0.0,154.6,0.0,0.0,57.0,876.0,2.0,0.0,0.0,0.0,11.892307692307693,0.0,0.0,4.384615384615385,67.38461538461539,0.15384615384615385,0.0,0.0,11.892307692307693
2218,Amari Cooper,Cle,WR,W 20-17,20.9,Chi,Home,14.0,12-19-23,15,False,0,7,7,5,1,10.2,0.0,0.0,4.0,54.0,0.2,0.0,0.0,0.0,175.5,0.0,0.0,61.0,985.0,3.0,0.0,0.0,0.0,12.535714285714286,0.0,0.0,4.357142857142857,70.35714285714286,0.21428571428571427,0.0,0.0,12.535714285714286
1700,Amari Cooper,Cle,WR,W 36-22,51.5,Hou,Away,1.0,12-26-23,16,False,0,7,7,12,0,19.02,0.0,0.0,5.4,100.2,0.6,0.0,0.0,0.0,227.0,0.0,0.0,72.0,1250.0,5.0,0.0,0.0,0.0,15.133333333333333,0.0,0.0,4.8,83.33333333333333,0.3333333333333333,0.0,0.0,15.133333333333333
153,Amari Rodgers,Ind,WR,L 23-29,0.0,LAR,Home,143.0,10-03-23,4,False,0,8,13,17,1,0.0,0.0,0.0,0.0,0.0,0.0,0.0,0.0,0.0,0.0,0.0,0.0,0.0,0.0,0.0,0.0,0.0,0.0,0.0,0.0,0.0,0.0,0.0,0.0,0.0,0.0,0.0
621,Amari Rodgers,Ind,WR,W 23-16,0.0,Ten,Home,124.5,10-10-23,5,False,0,8,13,30,1,0.0,0.0,0.0,0.0,0.0,0.0,0.0,0.0,0.0,0.0,0.0,0.0,0.0,0.0,0.0,0.0,0.0,0.0,0.0,0.0,0.0,0.0,0.0,0.0,0.0,0.0,0.0
1874,Amon-Ra St. Brown,Det,WR,L 19-20,22.1,Dal,Away,7.0,01-02-24,17,False,0,9,10,8,0,22.1,0.0,0.0,6.0,90.0,1.0,1.0,11.0,0.0,22.1,0.0,0.0,6.0,90.0,1.0,1.0,11.0,0.0,22.1,0.0,0.0,6.0,90.0,1.0,1.0,11.0,22.1
1225,Amon-Ra St. Brown,Det,WR,W 30-20,27.4,Min,Home,4.0,01-09-24,18,False,0,9,10,20,1,24.75,0.0,0.0,6.5,117.0,1.0,0.5,5.5,0.0,49.5,0.0,0.0,13.0,234.0,2.0,1.0,11.0,0.0,24.75,0.0,0.0,6.5,117.0,1.0,0.5,5.5,24.75
172,Amon-Ra St. Brown,Det,WR,W 21-20,19.1,KC,Away,11.0,09-12-23,1,False,0,9,10,15,0,22.866666666666664,0.0,0.0,6.333333333333333,101.66666666666667,1.0,0.3333333333333333,3.6666666666666665,0.0,68.6,0.0,0.0,19.0,305.0,3.0,1.0,11.0,0.0,22.866666666666664,0.0,0.0,6.333333333333333,101.66666666666667,1.0,0.3333333333333333,3.6666666666666665,22.866666666666664
2069,Amon-Ra St. Brown,Det,WR,L 31-37,14.2,Sea,Home,34.0,09-19-23,2,False,0,9,10,28,1,20.7,0.0,0.0,6.25,101.75,0.75,0.25,2.75,0.0,82.8,0.0,0.0,25.0,407.0,3.0,1.0,11.0,0.0,20.7,0.0,0.0,6.25,101.75,0.75,0.25,2.75,20.7
335,Amon-Ra St. Brown,Det,WR,W 20-6,19.6,Atl,Home,12.0,09-26-23,3,False,0,9,10,1,1,20.48,0.0,0.0,6.8,101.8,0.6,0.4,3.0,0.0,102.4,0.0,0.0,34.0,509.0,3.0,2.0,15.0,0.0,20.48,0.0,0.0,6.8,101.8,0.6,0.4,3.0,20.48
13,Amon-Ra St. Brown,Det,WR,W 34-20,16.6,GB,Away,14.5,10-03-23,4,False,0,9,10,11,0,19.380000000000003,0.0,0.0,6.6,95.0,0.6,0.2,0.8,0.0,119.0,0.0,0.0,39.0,565.0,4.0,2.0,15.0,0.0,19.833333333333332,0.0,0.0,6.5,94.16666666666667,0.6666666666666666,0.3333333333333333,2.5,19.833333333333332
2672,Amon-Ra St. Brown,Det,WR,W 20-6,30.4,TB,Away,1.0,10-17-23,6,False,0,9,10,29,0,19.98,0.0,0.0,7.6,91.0,0.6,0.2,0.8,0.0,149.4,0.0,0.0,51.0,689.0,5.0,2.0,15.0,0.0,21.342857142857145,0.0,0.0,7.285714285714286,98.42857142857143,0.7142857142857143,0.2857142857142857,2.142857142857143,21.342857142857145
2543,Amon-Ra St. Brown,Det,WR,L 6-38,23.2,Bal,Away,6.0,10-24-23,7,False,0,9,10,2,0,20.8,0.0,0.0,9.0,97.2,0.4,0.2,0.8,0.0,172.6,0.0,0.0,64.0,791.0,5.0,2.0,15.0,0.0,21.575,0.0,0.0,8.0,98.875,0.625,0.25,1.875,21.575
2391,Amon-Ra St. Brown,Det,WR,W 26-14,16.8,LV,Home,19.0,10-31-23,8,False,0,9,10,18,1,21.32,0.0,0.0,9.0,98.4,0.4,0.2,0.8,0.0,189.4,0.0,0.0,70.0,899.0,5.0,2.0,15.0,0.0,21.044444444444444,0.0,0.0,7.777777777777778,99.88888888888889,0.5555555555555556,0.2222222222222222,1.6666666666666667,21.044444444444444
1388,Amon-Ra St. Brown,Det,WR,W 41-38,30.5,LAC,Away,4.0,11-14-23,10,False,0,9,10,16,0,23.5,0.0,0.0,8.8,109.2,0.6,0.4,1.8,0.0,219.9,0.0,0.0,78.0,1055.0,6.0,4.0,24.0,0.0,21.990000000000002,0.0,0.0,7.8,105.5,0.6,0.4,2.4,21.990000000000002
638,Amon-Ra St. Brown,Det,WR,W 31-26,21.7,Chi,Home,7.0,11-21-23,11,False,0,9,10,5,1,24.52,0.0,0.0,9.4,113.4,0.6,0.4,1.8,0.0,241.6,0.0,0.0,86.0,1132.0,7.0,4.0,24.0,0.0,21.963636363636365,0.0,0.0,7.818181818181818,102.9090909090909,0.6363636363636364,0.36363636363636365,2.1818181818181817,21.963636363636365
1546,Amon-Ra St. Brown,Det,WR,L 22-29,18.5,GB,Home,18.0,11-28-23,12,False,0,9,10,11,1,22.139999999999997,0.0,0.0,8.8,107.6,0.4,0.4,1.8,0.0,260.1,0.0,0.0,95.0,1227.0,7.0,4.0,24.0,0.0,21.675,0.0,0.0,7.916666666666667,102.25,0.5833333333333334,0.3333333333333333,2.0,21.675
807,Amon-Ra St. Brown,Det,WR,W 33-28,12.9,NO,Away,26.5,12-05-23,13,False,0,9,10,22,0,20.080000000000002,0.0,0.0,6.6,97.0,0.6,0.4,1.8,0.0,273.0,0.0,0.0,97.0,1276.0,8.0,4.0,24.0,0.0,21.0,0.0,0.0,7.461538461538462,98.15384615384616,0.6153846153846154,0.3076923076923077,1.8461538461538463,21.0
1125,Amon-Ra St. Brown,Det,WR,L 13-28,5.1,Chi,Away,62.0,12-12-23,14,False,0,9,10,5,0,17.74,0.0,0.0,6.0,79.6,0.6,0.4,1.8,0.0,278.1,0.0,0.0,100.0,1297.0,8.0,4.0,24.0,0.0,19.864285714285717,0.0,0.0,7.142857142857143,92.64285714285714,0.5714285714285714,0.2857142857142857,1.7142857142857142,19.864285714285717
2210,Amon-Ra St. Brown,Det,WR,W 42-17,24.2,Den,Home,6.0,12-19-23,15,False,0,9,10,9,1,16.479999999999997,0.0,0.0,5.8,70.8,0.6,0.0,0.0,0.0,302.3,0.0,0.0,107.0,1409.0,9.0,4.0,24.0,0.0,20.153333333333332,0.0,0.0,7.133333333333334,93.93333333333334,0.6,0.26666666666666666,1.6,20.153333333333332
1703,Amon-Ra St. Brown,Det,WR,W 30-24,28.6,Min,Away,4.0,12-26-23,16,False,0,9,10,20,0,17.86,0.0,0.0,6.6,76.6,0.6,0.0,0.0,0.0,330.9,0.0,0.0,119.0,1515.0,10.0,4.0,24.0,0.0,20.68125,0.0,0.0,7.4375,94.6875,0.625,0.25,1.5,20.68125
776,Andre Baccellia,Ari,WR,L 16-21,0.0,Hou,Away,126.0,11-21-23,11,False,0,10,0,12,0,0.0,0.0,0.0,0.0,0.0,0.0,0.0,0.0,0.0,0.0,0.0,0.0,0.0,0.0,0.0,0.0,0.0,0.0,0.0,0.0,0.0,0.0,0.0,0.0,0.0,0.0,0.0
1698,Andre Baccellia,Ari,WR,L 14-37,0.0,LAR,Home,149.0,11-28-23,12,False,0,10,0,17,1,0.0,0.0,0.0,0.0,0.0,0.0,0.0,0.0,0.0,0.0,0.0,0.0,0.0,0.0,0.0,0.0,0.0,0.0,0.0,0.0,0.0,0.0,0.0,0.0,0.0,0.0,0.0
915,Andre Baccellia,Ari,WR,W 24-10,0.0,Pit,Away,113.0,12-05-23,13,False,0,10,0,26,0,0.0,0.0,0.0,0.0,0.0,0.0,0.0,0.0,0.0,0.0,0.0,0.0,0.0,0.0,0.0,0.0,0.0,0.0,0.0,0.0,0.0,0.0,0.0,0.0,0.0,0.0,0.0
1994,Andrei Iosivas,Cin,WR,L 17-25,0.0,KC,Away,137.5,01-02-24,17,False,0,11,6,15,0,0.0,0.0,0.0,0.0,0.0,0.0,0.0,0.0,0.0,0.0,0.0,0.0,0.0,0.0,0.0,0.0,0.0,0.0,0.0,0.0,0.0,0.0,0.0,0.0,0.0,0.0,0.0
1232,Andrei Iosivas,Cin,WR,W 31-14,20.6,Cle,Home,11.0,01-09-24,18,False,0,11,6,7,1,10.3,0.0,0.0,2.5,18.0,1.0,0.0,0.0,0.0,20.6,0.0,0.0,5.0,36.0,2.0,0.0,0.0,0.0,10.3,0.0,0.0,2.5,18.0,1.0,0.0,0.0,10.3
295,Andrei Iosivas,Cin,WR,L 3-24,0.0,Cle,Away,135.0,09-12-23,1,False,0,11,6,7,0,6.866666666666667,0.0,0.0,1.6666666666666667,12.0,0.6666666666666666,0.0,0.0,0.0,20.6,0.0,0.0,5.0,36.0,2.0,0.0,0.0,0.0,6.866666666666667,0.0,0.0,1.6666666666666667,12.0,0.6666666666666666,0.0,0.0,6.866666666666667
2177,Andrei Iosivas,Cin,WR,L 24-27,0.0,Bal,Home,145.0,09-19-23,2,False,0,11,6,2,1,5.15,0.0,0.0,1.25,9.0,0.5,0.0,0.0,0.0,20.6,0.0,0.0,5.0,36.0,2.0,0.0,0.0,0.0,5.15,0.0,0.0,1.25,9.0,0.5,0.0,0.0,5.15
457,Andrei Iosivas,Cin,WR,W 19-16,0.0,LAR,Home,141.0,09-26-23,3,False,0,11,6,17,1,4.12,0.0,0.0,1.0,7.2,0.4,0.0,0.0,0.0,20.6,0.0,0.0,5.0,36.0,2.0,0.0,0.0,0.0,4.12,0.0,0.0,1.0,7.2,0.4,0.0,0.0,4.12
134,Andrei Iosivas,Cin,WR,L 3-27,0.0,Ten,Away,143.0,10-03-23,4,False,0,11,6,30,0,4.12,0.0,0.0,1.0,7.2,0.4,0.0,0.0,0.0,20.6,0.0,0.0,5.0,36.0,2.0,0.0,0.0,0.0,3.4333333333333336,0.0,0.0,0.8333333333333334,6.0,0.3333333333333333,0.0,0.0,3.4333333333333336
581,Andrei Iosivas,Cin,WR,W 34-20,1.9,Ari,Away,93.0,10-10-23,5,False,0,11,6,0,0,0.38,0.0,0.0,0.2,1.8,0.0,0.0,0.0,0.0,22.5,0.0,0.0,6.0,45.0,2.0,0.0,0.0,0.0,3.2142857142857144,0.0,0.0,0.8571428571428571,6.428571428571429,0.2857142857142857,0.0,0.0,3.2142857142857144
2722,Andrei Iosivas,Cin,WR,W 17-13,7.3,Sea,Home,50.5,10-17-23,6,False,0,11,6,28,1,1.8399999999999999,0.0,0.0,0.4,2.4,0.2,0.0,0.0,0.0,29.8,0.0,0.0,7.0,48.0,3.0,0.0,0.0,0.0,3.725,0.0,0.0,0.875,6.0,0.375,0.0,0.0,3.725
2436,Andrei Iosivas,Cin,WR,W 31-17,7.2,SF,Away,63.5,10-31-23,8,False,0,11,6,27,0,3.28,0.0,0.0,0.6,2.8,0.4,0.0,0.0,0.0,37.0,0.0,0.0,8.0,50.0,4.0,0.0,0.0,0.0,4.111111111111111,0.0,0.0,0.8888888888888888,5.555555555555555,0.4444444444444444,0.0,0.0,4.111111111111111
1008,Andrei Iosivas,Cin,WR,W 24-18,1.9,Buf,Home,92.0,11-07-23,9,False,0,11,6,3,1,3.66,0.0,0.0,0.8,4.6,0.4,0.0,0.0,0.0,38.9,0.0,0.0,9.0,59.0,4.0,0.0,0.0,0.0,3.8899999999999997,0.0,0.0,0.9,5.9,0.4,0.0,0.0,3.8899999999999997
1502,Andrei Iosivas,Cin,WR,L 27-30,0.0,Hou,Home,123.5,11-14-23,10,False,0,11,6,12,1,3.66,0.0,0.0,0.8,4.6,0.4,0.0,0.0,0.0,38.9,0.0,0.0,9.0,59.0,4.0,0.0,0.0,0.0,3.536363636363636,0.0,0.0,0.8181818181818182,5.363636363636363,0.36363636363636365,0.0,0.0,3.536363636363636
1628,Andrei Iosivas,Cin,WR,L 10-16,2.6,Pit,Home,99.5,11-28-23,12,False,0,11,6,26,1,3.8,0.0,0.0,0.8,6.0,0.4,0.0,0.0,0.0,41.5,0.0,0.0,10.0,75.0,4.0,0.0,0.0,0.0,3.4583333333333335,0.0,0.0,0.8333333333333334,6.25,0.3333333333333333,0.0,0.0,3.4583333333333335
890,Andrei Iosivas,Cin,WR,W 34-31,0.0,Jax,Away,113.0,12-05-23,13,False,0,11,6,14,0,2.3400000000000003,0.0,0.0,0.6,5.4,0.2,0.0,0.0,0.0,41.5,0.0,0.0,10.0,75.0,4.0,0.0,0.0,0.0,3.1923076923076925,0.0,0.0,0.7692307692307693,5.769230769230769,0.3076923076923077,0.0,0.0,3.1923076923076925
1193,Andrei Iosivas,Cin,WR,W 34-14,0.0,Ind,Home,134.0,12-12-23,14,False,0,11,6,13,1,0.9000000000000001,0.0,0.0,0.4,5.0,0.0,0.0,0.0,0.0,41.5,0.0,0.0,10.0,75.0,4.0,0.0,0.0,0.0,2.9642857142857144,0.0,0.0,0.7142857142857143,5.357142857142857,0.2857142857142857,0.0,0.0,2.9642857142857144
2311,Andrei Iosivas,Cin,WR,W 27-24,1.5,Min,Home,106.0,12-19-23,15,False,0,11,6,20,1,0.8200000000000003,0.0,0.0,0.4,4.2,0.0,0.0,0.0,0.0,43.0,0.0,0.0,11.0,80.0,4.0,0.0,0.0,0.0,2.8666666666666667,0.0,0.0,0.7333333333333333,5.333333333333333,0.26666666666666666,0.0,0.0,2.8666666666666667
1756,Andrei Iosivas,Cin,WR,L 11-34,7.6,Pit,Away,56.5,12-26-23,16,False,0,11,6,26,0,2.3400000000000003,0.0,0.0,1.2,11.4,0.0,0.0,0.0,0.0,50.6,0.0,0.0,15.0,116.0,4.0,0.0,0.0,0.0,3.1625,0.0,0.0,0.9375,7.25,0.25,0.0,0.0,3.1625
2528,Andy Isabella,Buf,WR,W 24-18,0.0,TB,Home,138.0,10-31-23,8,False,0,12,3,29,1,0.0,0.0,0.0,0.0,0.0,0.0,0.0,0.0,0.0,0.0,0.0,0.0,0.0,0.0,0.0,0.0,0.0,0.0,0.0,0.0,0.0,0.0,0.0,0.0,0.0,0.0,0.0
1691,Andy Isabella,Buf,WR,L 34-37,0.0,Phi,Away,149.0,11-28-23,12,False,0,12,3,25,0,0.0,0.0,0.0,0.0,0.0,0.0,0.0,0.0,0.0,0.0,0.0,0.0,0.0,0.0,0.0,0.0,0.0,0.0,0.0,0.0,0.0,0.0,0.0,0.0,0.0,0.0,0.0
1363,Antoine Green,Det,WR,W 30-20,0.0,Min,Home,142.5,01-09-24,18,False,0,13,10,20,1,0.0,0.0,0.0,0.0,0.0,0.0,0.0,0.0,0.0,0.0,0.0,0.0,0.0,0.0,0.0,0.0,0.0,0.0,0.0,0.0,0.0,0.0,0.0,0.0,0.0,0.0,0.0
2155,Antoine Green,Det,WR,L 31-37,1.2,Sea,Home,120.0,09-19-23,2,False,0,13,10,28,1,0.6,0.0,0.0,0.5,1.0,0.0,0.0,0.0,0.0,1.2,0.0,0.0,1.0,2.0,0.0,0.0,0.0,0.0,0.6,0.0,0.0,0.5,1.0,0.0,0.0,0.0,0.6
464,Antoine Green,Det,WR,W 20-6,0.0,Atl,Home,141.0,09-26-23,3,False,0,13,10,1,1,0.39999999999999997,0.0,0.0,0.3333333333333333,0.6666666666666666,0.0,0.0,0.0,0.0,1.2,0.0,0.0,1.0,2.0,0.0,0.0,0.0,0.0,0.39999999999999997,0.0,0.0,0.3333333333333333,0.6666666666666666,0.0,0.0,0.0,0.39999999999999997
141,Antoine Green,Det,WR,W 34-20,0.0,GB,Away,143.0,10-03-23,4,False,0,13,10,11,0,0.3,0.0,0.0,0.25,0.5,0.0,0.0,0.0,0.0,1.2,0.0,0.0,1.0,2.0,0.0,0.0,0.0,0.0,0.3,0.0,0.0,0.25,0.5,0.0,0.0,0.0,0.3
610,Antoine Green,Det,WR,W 42-24,0.0,Car,Home,124.5,10-10-23,5,False,0,13,10,4,1,0.24,0.0,0.0,0.2,0.4,0.0,0.0,0.0,0.0,1.2,0.0,0.0,1.0,2.0,0.0,0.0,0.0,0.0,0.24,0.0,0.0,0.2,0.4,0.0,0.0,0.0,0.24
2803,Antoine Green,Det,WR,W 20-6,0.0,TB,Away,128.0,10-17-23,6,False,0,13,10,29,0,0.24,0.0,0.0,0.2,0.4,0.0,0.0,0.0,0.0,1.2,0.0,0.0,1.0,2.0,0.0,0.0,0.0,0.0,0.19999999999999998,0.0,0.0,0.16666666666666666,0.3333333333333333,0.0,0.0,0.0,0.19999999999999998
2652,Antoine Green,Det,WR,L 6-38,0.0,Bal,Away,116.0,10-24-23,7,False,0,13,10,2,0,0.0,0.0,0.0,0.0,0.0,0.0,0.0,0.0,0.0,1.2,0.0,0.0,1.0,2.0,0.0,0.0,0.0,0.0,0.17142857142857143,0.0,0.0,0.14285714285714285,0.2857142857142857,0.0,0.0,0.0,0.17142857142857143
2511,Antoine Green,Det,WR,W 26-14,0.0,LV,Home,138.0,10-31-23,8,False,0,13,10,18,1,0.0,0.0,0.0,0.0,0.0,0.0,0.0,0.0,0.0,1.2,0.0,0.0,1.0,2.0,0.0,0.0,0.0,0.0,0.15,0.0,0.0,0.125,0.25,0.0,0.0,0.0,0.15
1505,Antoine Green,Det,WR,W 41-38,0.0,LAC,Away,123.5,11-14-23,10,False,0,13,10,16,0,0.0,0.0,0.0,0.0,0.0,0.0,0.0,0.0,0.0,1.2,0.0,0.0,1.0,2.0,0.0,0.0,0.0,0.0,0.13333333333333333,0.0,0.0,0.1111111111111111,0.2222222222222222,0.0,0.0,0.0,0.13333333333333333
2008,Austin Trammell,LAR,WR,W 26-25,0.0,NYG,Away,137.5,01-02-24,17,False,0,14,17,23,0,0.0,0.0,0.0,0.0,0.0,0.0,0.0,0.0,0.0,0.0,0.0,0.0,0.0,0.0,0.0,0.0,0.0,0.0,0.0,0.0,0.0,0.0,0.0,0.0,0.0,0.0,0.0
1364,Austin Trammell,LAR,WR,W 21-20,0.0,SF,Away,142.5,01-09-24,18,False,0,14,17,27,0,0.0,0.0,0.0,0.0,0.0,0.0,0.0,0.0,0.0,0.0,0.0,0.0,0.0,0.0,0.0,0.0,0.0,0.0,0.0,0.0,0.0,0.0,0.0,0.0,0.0,0.0,0.0
2199,Austin Trammell,LAR,WR,L 23-30,0.0,SF,Home,145.0,09-19-23,2,False,0,14,17,27,1,0.0,0.0,0.0,0.0,0.0,0.0,0.0,0.0,0.0,0.0,0.0,0.0,0.0,0.0,0.0,0.0,0.0,0.0,0.0,0.0,0.0,0.0,0.0,0.0,0.0,0.0,0.0
485,Austin Trammell,LAR,WR,L 16-19,0.0,Cin,Away,141.0,09-26-23,3,False,0,14,17,6,0,0.0,0.0,0.0,0.0,0.0,0.0,0.0,0.0,0.0,0.0,0.0,0.0,0.0,0.0,0.0,0.0,0.0,0.0,0.0,0.0,0.0,0.0,0.0,0.0,0.0,0.0,0.0
159,Austin Trammell,LAR,WR,W 29-23,0.0,Ind,Away,143.0,10-03-23,4,False,0,14,17,13,0,0.0,0.0,0.0,0.0,0.0,0.0,0.0,0.0,0.0,0.0,0.0,0.0,0.0,0.0,0.0,0.0,0.0,0.0,0.0,0.0,0.0,0.0,0.0,0.0,0.0,0.0,0.0
627,Austin Trammell,LAR,WR,L 14-23,0.0,Phi,Home,124.5,10-10-23,5,False,0,14,17,25,1,0.0,0.0,0.0,0.0,0.0,0.0,0.0,0.0,0.0,0.0,0.0,0.0,0.0,0.0,0.0,0.0,0.0,0.0,0.0,0.0,0.0,0.0,0.0,0.0,0.0,0.0,0.0
2829,Austin Trammell,LAR,WR,W 26-9,-2.0,Ari,Home,157.5,10-17-23,6,False,0,14,17,0,1,-0.4,0.0,0.0,0.0,0.0,0.0,0.0,0.0,0.0,-2.0,0.0,0.0,0.0,0.0,0.0,0.0,0.0,0.0,-0.2857142857142857,0.0,0.0,0.0,0.0,0.0,0.0,0.0,-0.2857142857142857
2664,Austin Trammell,LAR,WR,L 17-24,0.0,Pit,Home,116.0,10-24-23,7,False,0,14,17,26,1,-0.4,0.0,0.0,0.0,0.0,0.0,0.0,0.0,0.0,-2.0,0.0,0.0,0.0,0.0,0.0,0.0,0.0,0.0,-0.25,0.0,0.0,0.0,0.0,0.0,0.0,0.0,-0.25
2527,Austin Trammell,LAR,WR,L 20-43,0.0,Dal,Away,138.0,10-31-23,8,False,0,14,17,8,0,-0.4,0.0,0.0,0.0,0.0,0.0,0.0,0.0,0.0,-2.0,0.0,0.0,0.0,0.0,0.0,0.0,0.0,0.0,-0.2222222222222222,0.0,0.0,0.0,0.0,0.0,0.0,0.0,-0.2222222222222222
1016,Austin Trammell,LAR,WR,L 3-20,1.6,GB,Away,99.5,11-07-23,9,False,0,14,17,11,0,-0.07999999999999999,0.0,0.0,0.2,1.2,0.0,0.0,0.0,0.0,-0.3999999999999999,0.0,0.0,1.0,6.0,0.0,0.0,0.0,0.0,-0.039999999999999994,0.0,0.0,0.1,0.6,0.0,0.0,0.0,-0.039999999999999994
692,Austin Trammell,LAR,WR,W 17-16,5.3,Sea,Home,60.5,11-21-23,11,False,0,14,17,28,1,0.9800000000000001,0.0,0.0,0.8,5.8,0.0,0.0,0.0,0.0,4.9,0.0,0.0,4.0,29.0,0.0,0.0,0.0,0.0,0.4454545454545455,0.0,0.0,0.36363636363636365,2.6363636363636362,0.0,0.0,0.0,0.4454545454545455
1686,Austin Trammell,LAR,WR,W 37-14,0.0,Ari,Away,149.0,11-28-23,12,False,0,14,17,0,0,1.38,0.0,0.0,0.8,5.8,0.0,0.0,0.0,0.0,4.8999999999999995,0.0,0.0,4.0,29.0,0.0,0.0,0.0,0.0,0.40833333333333327,0.0,0.0,0.3333333333333333,2.4166666666666665,0.0,0.0,0.0,0.40833333333333327
899,Austin Trammell,LAR,WR,W 36-19,0.0,Cle,Home,113.0,12-05-23,13,False,0,14,17,7,1,1.38,0.0,0.0,0.8,5.8,0.0,0.0,0.0,0.0,4.8999999999999995,0.0,0.0,4.0,29.0,0.0,0.0,0.0,0.0,0.37692307692307686,0.0,0.0,0.3076923076923077,2.230769230769231,0.0,0.0,0.0,0.37692307692307686
1205,Austin Trammell,LAR,WR,L 31-37,0.0,Bal,Away,134.0,12-12-23,14,False,0,14,17,2,0,1.38,0.0,0.0,0.8,5.8,0.0,0.0,0.0,0.0,4.8999999999999995,0.0,0.0,4.0,29.0,0.0,0.0,0.0,0.0,0.35,0.0,0.0,0.2857142857142857,2.0714285714285716,0.0,0.0,0.0,0.35
2353,Austin Trammell,LAR,WR,W 28-20,0.0,Wsh,Home,140.0,12-19-23,15,False,0,14,17,31,1,1.0599999999999998,0.0,0.0,0.6,4.6,0.0,0.0,0.0,0.0,4.8999999999999995,0.0,0.0,4.0,29.0,0.0,0.0,0.0,0.0,0.3266666666666666,0.0,0.0,0.26666666666666666,1.9333333333333333,0.0,0.0,0.0,0.3266666666666666
1850,Austin Trammell,LAR,WR,W 30-22,0.0,NO,Home,144.5,12-26-23,16,False,0,14,17,22,1,0.0,0.0,0.0,0.0,0.0,0.0,0.0,0.0,0.0,4.8999999999999995,0.0,0.0,4.0,29.0,0.0,0.0,0.0,0.0,0.30624999999999997,0.0,0.0,0.25,1.8125,0.0,0.0,0.0,0.30624999999999997
2003,Ben Skowronek,LAR,WR,W 26-25,0.0,NYG,Away,137.5,01-02-24,17,False,0,15,17,23,0,0.0,0.0,0.0,0.0,0.0,0.0,0.0,0.0,0.0,0.0,0.0,0.0,0.0,0.0,0.0,0.0,0.0,0.0,0.0,0.0,0.0,0.0,0.0,0.0,0.0,0.0,0.0
1295,Ben Skowronek,LAR,WR,W 21-20,4.2,SF,Away,74.0,01-09-24,18,False,0,15,17,27,0,2.1,0.0,0.0,1.0,11.0,0.0,0.0,0.0,0.0,4.2,0.0,0.0,2.0,22.0,0.0,0.0,0.0,0.0,2.1,0.0,0.0,1.0,11.0,0.0,0.0,0.0,2.1
294,Ben Skowronek,LAR,WR,W 30-13,0.0,Sea,Away,135.0,09-12-23,1,False,0,15,17,28,0,1.4000000000000001,0.0,0.0,0.6666666666666666,7.333333333333333,0.0,0.0,0.0,0.0,4.2,0.0,0.0,2.0,22.0,0.0,0.0,0.0,0.0,1.4000000000000001,0.0,0.0,0.6666666666666666,7.333333333333333,0.0,0.0,0.0,1.4000000000000001
2130,Ben Skowronek,LAR,WR,L 23-30,3.1,SF,Home,95.0,09-19-23,2,False,0,15,17,27,1,1.8250000000000002,0.0,0.0,0.75,8.0,0.0,0.25,2.75,0.0,7.300000000000001,0.0,0.0,3.0,32.0,0.0,1.0,11.0,0.0,1.8250000000000002,0.0,0.0,0.75,8.0,0.0,0.25,2.75,1.8250000000000002
437,Ben Skowronek,LAR,WR,L 16-19,1.3,Cin,Away,114.0,09-26-23,3,False,0,15,17,6,0,1.72,0.0,0.0,0.8,7.0,0.0,0.2,2.2,0.0,8.6,0.0,0.0,4.0,35.0,0.0,1.0,11.0,0.0,1.72,0.0,0.0,0.8,7.0,0.0,0.2,2.2,1.72
133,Ben Skowronek,LAR,WR,W 29-23,0.0,Ind,Away,143.0,10-03-23,4,False,0,15,17,13,0,1.72,0.0,0.0,0.8,7.0,0.0,0.2,2.2,0.0,8.6,0.0,0.0,4.0,35.0,0.0,1.0,11.0,0.0,1.4333333333333333,0.0,0.0,0.6666666666666666,5.833333333333333,0.0,0.16666666666666666,1.8333333333333333,1.4333333333333333
2797,Ben Skowronek,LAR,WR,W 26-9,0.0,Ari,Home,128.0,10-17-23,6,False,0,15,17,0,1,0.8800000000000001,0.0,0.0,0.4,2.6,0.0,0.2,2.2,0.0,8.6,0.0,0.0,4.0,35.0,0.0,1.0,11.0,0.0,1.2285714285714284,0.0,0.0,0.5714285714285714,5.0,0.0,0.14285714285714285,1.5714285714285714,1.2285714285714284
2647,Ben Skowronek,LAR,WR,L 17-24,0.0,Pit,Home,116.0,10-24-23,7,False,0,15,17,26,1,0.8800000000000001,0.0,0.0,0.4,2.6,0.0,0.2,2.2,0.0,8.6,0.0,0.0,4.0,35.0,0.0,1.0,11.0,0.0,1.075,0.0,0.0,0.5,4.375,0.0,0.125,1.375,1.075
2426,Ben Skowronek,LAR,WR,L 20-43,9.0,Dal,Away,54.0,10-31-23,8,False,0,15,17,8,0,2.06,0.0,0.0,0.4,4.6,0.2,0.0,0.0,0.0,17.6,0.0,0.0,5.0,55.0,1.0,1.0,11.0,0.0,1.9555555555555557,0.0,0.0,0.5555555555555556,6.111111111111111,0.1111111111111111,0.1111111111111111,1.2222222222222223,1.9555555555555557
1062,Ben Skowronek,LAR,WR,L 3-20,-0.2,GB,Away,146.0,11-07-23,9,False,0,15,17,11,0,1.7600000000000002,0.0,0.0,0.2,4.0,0.2,0.2,-0.4,0.0,17.4,0.0,0.0,5.0,55.0,1.0,2.0,9.0,0.0,1.7399999999999998,0.0,0.0,0.5,5.5,0.1,0.2,0.9,1.7399999999999998
751,Ben Skowronek,LAR,WR,W 17-16,0.0,Sea,Home,126.0,11-21-23,11,False,0,15,17,28,1,1.7600000000000002,0.0,0.0,0.2,4.0,0.2,0.2,-0.4,0.0,17.4,0.0,0.0,5.0,55.0,1.0,2.0,9.0,0.0,1.5818181818181818,0.0,0.0,0.45454545454545453,5.0,0.09090909090909091,0.18181818181818182,0.8181818181818182,1.5818181818181818
1651,Ben Skowronek,LAR,WR,W 37-14,0.9,Ari,Away,122.5,11-28-23,12,False,0,15,17,0,0,1.94,0.0,0.0,0.4,3.8,0.2,0.2,-0.4,0.0,18.3,0.0,0.0,6.0,54.0,1.0,2.0,9.0,0.0,1.5250000000000001,0.0,0.0,0.5,4.5,0.08333333333333333,0.16666666666666666,0.75,1.5250000000000001
847,Ben Skowronek,LAR,WR,W 36-19,3.2,Cle,Home,65.5,12-05-23,13,False,0,15,17,7,1,2.58,0.0,0.0,0.8,6.2,0.2,0.2,-0.4,0.0,21.5,0.0,0.0,8.0,66.0,1.0,2.0,9.0,0.0,1.6538461538461537,0.0,0.0,0.6153846153846154,5.076923076923077,0.07692307692307693,0.15384615384615385,0.6923076923076923,1.6538461538461537
1201,Ben Skowronek,LAR,WR,L 31-37,0.0,Bal,Away,134.0,12-12-23,14,False,0,15,17,2,0,0.78,0.0,0.0,0.6,2.2,0.0,0.2,-0.4,0.0,21.5,0.0,0.0,8.0,66.0,1.0,2.0,9.0,0.0,1.5357142857142858,0.0,0.0,0.5714285714285714,4.714285714285714,0.07142857142857142,0.14285714285714285,0.6428571428571429,1.5357142857142858
2348,Ben Skowronek,LAR,WR,W 28-20,0.0,Wsh,Home,140.0,12-19-23,15,False,0,15,17,31,1,0.8200000000000001,0.0,0.0,0.6,2.2,0.0,0.0,0.0,0.0,21.5,0.0,0.0,8.0,66.0,1.0,2.0,9.0,0.0,1.4333333333333333,0.0,0.0,0.5333333333333333,4.4,0.06666666666666667,0.13333333333333333,0.6,1.4333333333333333
1843,Ben Skowronek,LAR,WR,W 30-22,0.0,NO,Home,144.5,12-26-23,16,False,0,15,17,22,1,0.8200000000000001,0.0,0.0,0.6,2.2,0.0,0.0,0.0,0.0,21.5,0.0,0.0,8.0,66.0,1.0,2.0,9.0,0.0,1.34375,0.0,0.0,0.5,4.125,0.0625,0.125,0.5625,1.34375
1873,Bo Melton,GB,WR,W 33-10,22.5,Min,Away,6.0,01-02-24,17,False,0,16,11,20,0,22.5,0.0,0.0,6.0,105.0,1.0,0.0,0.0,0.0,22.5,0.0,0.0,6.0,105.0,1.0,0.0,0.0,0.0,22.5,0.0,0.0,6.0,105.0,1.0,0.0,0.0,22.5
1253,Bo Melton,GB,WR,W 17-9,12.6,Chi,Home,32.0,01-09-24,18,False,0,16,11,5,1,17.55,0.0,0.0,5.5,83.5,0.5,1.0,7.0,0.0,35.1,0.0,0.0,11.0,167.0,1.0,2.0,14.0,0.0,17.55,0.0,0.0,5.5,83.5,0.5,1.0,7.0,17.55
2306,Bo Melton,GB,WR,L 20-34,1.7,TB,Home,101.5,12-19-23,15,False,0,16,11,29,1,12.266666666666666,0.0,0.0,4.0,58.0,0.3333333333333333,0.6666666666666666,4.666666666666667,0.0,36.8,0.0,0.0,12.0,174.0,1.0,2.0,14.0,0.0,12.266666666666666,0.0,0.0,4.0,58.0,0.3333333333333333,0.6666666666666666,4.666666666666667,12.266666666666666
1746,Bo Melton,GB,WR,W 33-30,9.1,Car,Away,47.0,12-26-23,16,False,0,16,11,4,0,11.475,0.0,0.0,4.0,54.5,0.25,0.75,5.25,0.0,45.9,0.0,0.0,16.0,218.0,1.0,3.0,21.0,0.0,11.475,0.0,0.0,4.0,54.5,0.25,0.75,5.25,11.475
1885,Brandin Cooks,Dal,WR,W 20-19,17.0,Det,Home,18.0,01-02-24,17,False,0,17,8,10,1,17.0,0.0,0.0,5.0,60.0,1.0,0.0,0.0,0.0,17.0,0.0,0.0,5.0,60.0,1.0,0.0,0.0,0.0,17.0,0.0,0.0,5.0,60.0,1.0,0.0,0.0,17.0
1240,Brandin Cooks,Dal,WR,W 38-10,16.2,Wsh,Away,19.0,01-09-24,18,False,0,17,8,31,0,16.6,0.0,0.0,5.5,49.5,1.0,0.5,1.5,0.0,33.2,0.0,0.0,11.0,99.0,2.0,1.0,3.0,0.0,16.6,0.0,0.0,5.5,49.5,1.0,0.5,1.5,16.6
240,Brandin Cooks,Dal,WR,W 40-0,4.2,NYG,Away,79.0,09-12-23,1,False,0,17,8,23,0,12.466666666666667,0.0,0.0,4.333333333333333,40.333333333333336,0.6666666666666666,0.3333333333333333,1.0,0.0,37.4,0.0,0.0,13.0,121.0,2.0,1.0,3.0,0.0,12.466666666666667,0.0,0.0,4.333333333333333,40.333333333333336,0.6666666666666666,0.3333333333333333,1.0,12.466666666666667
410,Brandin Cooks,Dal,WR,L 16-28,3.7,Ari,Away,87.5,09-26-23,3,False,0,17,8,0,0,10.275,0.0,0.0,3.75,34.5,0.5,0.25,0.75,0.0,41.1,0.0,0.0,15.0,138.0,2.0,1.0,3.0,0.0,10.275,0.0,0.0,3.75,34.5,0.5,0.25,0.75,10.275
54,Brandin Cooks,Dal,WR,W 38-3,6.7,NE,Home,55.5,10-03-23,4,False,0,17,8,21,1,9.559999999999999,0.0,0.0,3.8,33.0,0.4,0.2,0.6,0.0,47.8,0.0,0.0,19.0,165.0,2.0,1.0,3.0,0.0,9.559999999999999,0.0,0.0,3.8,33.0,0.4,0.2,0.6,9.559999999999999
568,Brandin Cooks,Dal,WR,L 10-42,2.3,SF,Away,82.0,10-10-23,5,False,0,17,8,27,0,6.62,0.0,0.0,3.0,22.4,0.2,0.4,1.8,0.0,50.1,0.0,0.0,20.0,172.0,2.0,2.0,9.0,0.0,8.35,0.0,0.0,3.3333333333333335,28.666666666666668,0.3333333333333333,0.3333333333333333,1.5,8.35
2691,Brandin Cooks,Dal,WR,W 20-17,15.0,LAC,Away,20.0,10-17-23,6,False,0,17,8,16,0,6.38,0.0,0.0,2.6,21.8,0.2,0.4,4.0,0.0,65.1,0.0,0.0,24.0,208.0,3.0,3.0,23.0,0.0,9.299999999999999,0.0,0.0,3.4285714285714284,29.714285714285715,0.42857142857142855,0.42857142857142855,3.2857142857142856,9.299999999999999
2402,Brandin Cooks,Dal,WR,W 43-20,14.2,LAR,Home,29.5,10-31-23,8,False,0,17,8,17,1,8.379999999999999,0.0,0.0,2.8,27.2,0.4,0.6,4.6,0.0,79.3,0.0,0.0,27.0,257.0,4.0,4.0,26.0,0.0,9.9125,0.0,0.0,3.375,32.125,0.5,0.5,3.25,9.9125
1012,Brandin Cooks,Dal,WR,L 23-28,1.7,Phi,Away,97.0,11-07-23,9,False,0,17,8,25,0,7.9799999999999995,0.0,0.0,2.6,25.2,0.4,0.6,4.6,0.0,81.0,0.0,0.0,28.0,264.0,4.0,4.0,26.0,0.0,9.0,0.0,0.0,3.111111111111111,29.333333333333332,0.4444444444444444,0.4444444444444444,2.888888888888889,9.0
1387,Brandin Cooks,Dal,WR,W 49-17,32.3,NYG,Home,3.0,11-14-23,10,False,0,17,8,23,1,13.1,0.0,0.0,3.6,54.4,0.6,0.6,4.6,0.0,113.3,0.0,0.0,37.0,437.0,5.0,4.0,26.0,0.0,11.33,0.0,0.0,3.7,43.7,0.5,0.4,2.6,11.33
681,Brandin Cooks,Dal,WR,W 33-10,7.2,Car,Away,50.0,11-21-23,11,False,0,17,8,4,0,14.079999999999998,0.0,0.0,4.0,61.4,0.6,0.4,3.4,0.0,120.5,0.0,0.0,40.0,479.0,5.0,4.0,26.0,0.0,10.954545454545455,0.0,0.0,3.6363636363636362,43.54545454545455,0.45454545454545453,0.36363636363636365,2.3636363636363638,10.954545454545455
1551,Brandin Cooks,Dal,WR,W 45-10,17.2,Wsh,Home,22.5,11-28-23,12,False,0,17,8,31,1,14.52,0.0,0.0,4.0,68.6,0.6,0.2,0.6,0.0,137.7,0.0,0.0,44.0,551.0,6.0,4.0,26.0,0.0,11.475,0.0,0.0,3.6666666666666665,45.916666666666664,0.5,0.3333333333333333,2.1666666666666665,11.475
798,Brandin Cooks,Dal,WR,W 41-35,16.5,Sea,Home,17.0,12-05-23,13,False,0,17,8,28,1,14.98,0.0,0.0,4.2,67.8,0.6,0.0,0.0,0.0,154.2,0.0,0.0,48.0,596.0,7.0,4.0,26.0,0.0,11.86153846153846,0.0,0.0,3.6923076923076925,45.84615384615385,0.5384615384615384,0.3076923076923077,2.0,11.86153846153846
1121,Brandin Cooks,Dal,WR,W 33-13,5.7,Phi,Home,58.0,12-12-23,14,False,0,17,8,25,1,15.779999999999998,0.0,0.0,4.4,73.8,0.6,0.0,0.0,0.0,159.9,0.0,0.0,50.0,633.0,7.0,4.0,26.0,0.0,11.421428571428573,0.0,0.0,3.5714285714285716,45.214285714285715,0.5,0.2857142857142857,1.8571428571428572,11.421428571428573
2288,Brandin Cooks,Dal,WR,L 10-31,3.0,Buf,Away,84.5,12-19-23,15,False,0,17,8,3,0,9.92,0.0,0.0,3.0,41.2,0.4,0.0,0.0,0.0,162.9,0.0,0.0,52.0,643.0,7.0,4.0,26.0,0.0,10.860000000000001,0.0,0.0,3.466666666666667,42.86666666666667,0.4666666666666667,0.26666666666666666,1.7333333333333334,10.860000000000001
1740,Brandin Cooks,Dal,WR,L 20-22,10.3,Mia,Away,41.0,12-26-23,16,False,0,17,8,19,0,10.54,0.0,0.0,2.8,35.6,0.6,0.2,1.8,0.0,173.2,0.0,0.0,54.0,657.0,8.0,5.0,35.0,0.0,10.825,0.0,0.0,3.375,41.0625,0.5,0.3125,2.1875,10.825
1872,Brandon Aiyuk,SF,WR,W 27-10,24.4,Wsh,Away,5.0,01-02-24,17,False,0,18,27,31,0,24.4,0.0,0.0,7.0,114.0,1.0,0.0,0.0,0.0,24.4,0.0,0.0,7.0,114.0,1.0,0.0,0.0,0.0,24.4,0.0,0.0,7.0,114.0,1.0,0.0,0.0,24.4
1281,Brandon Aiyuk,SF,WR,L 20-21,5.5,LAR,Home,60.0,01-09-24,18,False,0,18,27,17,1,14.95,0.0,0.0,5.0,69.5,0.5,0.0,0.0,0.0,29.9,0.0,0.0,10.0,139.0,1.0,0.0,0.0,0.0,14.95,0.0,0.0,5.0,69.5,0.5,0.0,0.0,14.95
163,Brandon Aiyuk,SF,WR,W 30-7,32.9,Pit,Away,2.0,09-12-23,1,False,0,18,27,26,0,20.933333333333334,0.0,0.0,6.0,89.33333333333333,1.0,0.0,0.0,0.0,62.8,0.0,0.0,18.0,268.0,3.0,0.0,0.0,0.0,20.933333333333334,0.0,0.0,6.0,89.33333333333333,1.0,0.0,0.0,20.933333333333334
2100,Brandon Aiyuk,SF,WR,W 30-23,7.3,LAR,Away,65.0,09-19-23,2,False,0,18,27,17,0,17.525,0.0,0.0,5.25,77.75,0.75,0.0,0.0,0.0,70.1,0.0,0.0,21.0,311.0,3.0,0.0,0.0,0.0,17.525,0.0,0.0,5.25,77.75,0.75,0.0,0.0,17.525
8,Brandon Aiyuk,SF,WR,W 35-16,20.8,Ari,Home,9.0,10-03-23,4,False,0,18,27,0,1,18.18,0.0,0.0,5.4,91.8,0.6,0.0,0.0,0.0,90.9,0.0,0.0,27.0,459.0,3.0,0.0,0.0,0.0,18.18,0.0,0.0,5.4,91.8,0.6,0.0,0.0,18.18
523,Brandon Aiyuk,SF,WR,W 42-10,9.8,Dal,Home,36.5,10-10-23,5,False,0,18,27,8,1,15.26,0.0,0.0,4.8,80.6,0.4,0.0,0.0,0.0,100.7,0.0,0.0,31.0,517.0,3.0,0.0,0.0,0.0,16.783333333333335,0.0,0.0,5.166666666666667,86.16666666666667,0.5,0.0,0.0,16.783333333333335
2704,Brandon Aiyuk,SF,WR,L 17-19,11.6,Cle,Away,33.0,10-17-23,6,False,0,18,27,7,0,16.48,0.0,0.0,5.0,90.8,0.4,0.0,0.0,0.0,112.3,0.0,0.0,35.0,593.0,3.0,0.0,0.0,0.0,16.04285714285714,0.0,0.0,5.0,84.71428571428571,0.42857142857142855,0.0,0.0,16.04285714285714
2572,Brandon Aiyuk,SF,WR,L 17-22,10.7,Min,Away,35.0,10-24-23,7,False,0,18,27,20,0,12.040000000000001,0.0,0.0,4.4,76.4,0.0,0.0,0.0,0.0,123.0,0.0,0.0,40.0,650.0,3.0,0.0,0.0,0.0,15.375,0.0,0.0,5.0,81.25,0.375,0.0,0.0,15.375
2394,Brandon Aiyuk,SF,WR,L 17-31,15.9,Cin,Home,22.0,10-31-23,8,False,0,18,27,6,1,13.760000000000002,0.0,0.0,4.8,89.6,0.0,0.0,0.0,0.0,138.9,0.0,0.0,45.0,759.0,3.0,0.0,0.0,0.0,15.433333333333334,0.0,0.0,5.0,84.33333333333333,0.3333333333333333,0.0,0.0,15.433333333333334
1406,Brandon Aiyuk,SF,WR,W 34-3,14.5,Jax,Away,22.0,11-14-23,10,False,0,18,27,14,0,12.5,0.0,0.0,4.2,71.0,0.2,0.0,0.0,0.0,153.4,0.0,0.0,48.0,814.0,4.0,0.0,0.0,0.0,15.34,0.0,0.0,4.8,81.4,0.4,0.0,0.0,15.34
636,Brandon Aiyuk,SF,WR,W 27-14,26.6,TB,Home,5.0,11-21-23,11,False,0,18,27,29,1,15.860000000000003,0.0,0.0,4.4,90.6,0.4,0.0,0.0,0.0,180.0,0.0,0.0,53.0,970.0,5.0,0.0,0.0,0.0,16.363636363636363,0.0,0.0,4.818181818181818,88.18181818181819,0.45454545454545453,0.0,0.0,16.363636363636363
1558,Brandon Aiyuk,SF,WR,W 31-13,13.0,Sea,Away,30.0,11-28-23,12,False,0,18,27,28,0,16.139999999999997,0.0,0.0,4.0,85.4,0.6,0.0,0.0,0.0,193.0,0.0,0.0,55.0,1020.0,6.0,0.0,0.0,0.0,16.083333333333332,0.0,0.0,4.583333333333333,85.0,0.5,0.0,0.0,16.083333333333332
801,Brandon Aiyuk,SF,WR,W 42-19,15.6,Phi,Away,20.0,12-05-23,13,False,0,18,27,25,0,17.12,0.0,0.0,4.0,83.2,0.8,0.0,0.0,0.0,208.6,0.0,0.0,60.0,1066.0,7.0,0.0,0.0,0.0,16.046153846153846,0.0,0.0,4.615384615384615,82.0,0.5384615384615384,0.0,0.0,16.046153846153846
1077,Brandon Aiyuk,SF,WR,W 28-16,16.6,Sea,Home,14.0,12-12-23,14,False,0,18,27,28,1,17.26,0.0,0.0,4.2,86.6,0.8,0.0,0.0,0.0,225.2,0.0,0.0,66.0,1192.0,7.0,0.0,0.0,0.0,16.085714285714285,0.0,0.0,4.714285714285714,85.14285714285714,0.5,0.0,0.0,16.085714285714285
2260,Brandon Aiyuk,SF,WR,W 45-29,6.7,Ari,Away,56.5,12-19-23,15,False,0,18,27,0,0,15.7,0.0,0.0,4.2,83.0,0.6,0.0,0.0,0.0,231.9,0.0,0.0,69.0,1229.0,7.0,0.0,0.0,0.0,15.46,0.0,0.0,4.6,81.93333333333334,0.4666666666666667,0.0,0.0,15.46
1720,Brandon Aiyuk,SF,WR,L 19-33,17.3,Bal,Home,21.0,12-26-23,16,False,0,18,27,2,1,13.84,0.0,0.0,4.4,74.4,0.4,0.0,0.0,0.0,249.2,0.0,0.0,75.0,1342.0,7.0,0.0,0.0,0.0,15.575,0.0,0.0,4.6875,83.875,0.4375,0.0,0.0,15.575
1924,Brandon Johnson,Den,WR,W 16-9,6.7,LAC,Home,57.0,01-02-24,17,False,0,19,9,16,1,6.7,0.0,0.0,4.0,27.0,0.0,0.0,0.0,0.0,6.7,0.0,0.0,4.0,27.0,0.0,0.0,0.0,0.0,6.7,0.0,0.0,4.0,27.0,0.0,0.0,0.0,6.7
1252,Brandon Johnson,Den,WR,L 14-27,12.8,LV,Away,31.0,01-09-24,18,False,0,19,9,18,0,9.75,0.0,0.0,4.0,57.5,0.0,0.0,0.0,0.0,19.5,0.0,0.0,8.0,115.0,0.0,0.0,0.0,0.0,9.75,0.0,0.0,4.0,57.5,0.0,0.0,0.0,9.75
232,Brandon Johnson,Den,WR,L 16-17,5.1,LV,Home,70.5,09-12-23,1,False,0,19,9,18,1,8.200000000000001,0.0,0.0,3.3333333333333335,48.666666666666664,0.0,0.0,0.0,0.0,24.6,0.0,0.0,10.0,146.0,0.0,0.0,0.0,0.0,8.200000000000001,0.0,0.0,3.3333333333333335,48.666666666666664,0.0,0.0,0.0,8.200000000000001
2050,Brandon Johnson,Den,WR,L 33-35,20.6,Wsh,Home,15.0,09-19-23,2,False,0,19,9,31,1,11.3,0.0,0.0,3.0,53.0,0.5,0.0,0.0,0.0,45.2,0.0,0.0,12.0,212.0,2.0,0.0,0.0,0.0,11.3,0.0,0.0,3.0,53.0,0.5,0.0,0.0,11.3
415,Brandon Johnson,Den,WR,L 20-70,3.2,Mia,Away,92.0,09-26-23,3,False,0,19,9,19,0,9.680000000000001,0.0,0.0,2.8,44.8,0.4,0.0,0.0,0.0,48.400000000000006,0.0,0.0,14.0,224.0,2.0,0.0,0.0,0.0,9.680000000000001,0.0,0.0,2.8,44.8,0.4,0.0,0.0,9.680000000000001
51,Brandon Johnson,Den,WR,W 31-28,7.4,Chi,Away,51.5,10-03-23,4,False,0,19,9,5,0,9.82,0.0,0.0,2.2,40.2,0.6,0.0,0.0,0.0,55.800000000000004,0.0,0.0,15.0,228.0,3.0,0.0,0.0,0.0,9.3,0.0,0.0,2.5,38.0,0.5,0.0,0.0,9.3
580,Brandon Johnson,Den,WR,L 21-31,1.9,NYJ,Home,93.0,10-10-23,5,False,0,19,9,24,1,7.640000000000001,0.0,0.0,1.6,24.4,0.6,0.0,0.0,0.0,57.7,0.0,0.0,16.0,237.0,3.0,0.0,0.0,0.0,8.242857142857144,0.0,0.0,2.2857142857142856,33.857142857142854,0.42857142857142855,0.0,0.0,8.242857142857144
2788,Brandon Johnson,Den,WR,L 8-19,0.0,KC,Away,128.0,10-17-23,6,False,0,19,9,15,0,6.62,0.0,0.0,1.2,18.2,0.6,0.0,0.0,0.0,57.7,0.0,0.0,16.0,237.0,3.0,0.0,0.0,0.0,7.2125,0.0,0.0,2.0,29.625,0.375,0.0,0.0,7.2125
2642,Brandon Johnson,Den,WR,W 19-17,0.0,GB,Home,116.0,10-24-23,7,False,0,19,9,11,1,2.5,0.0,0.0,0.8,5.0,0.2,0.0,0.0,0.0,57.7,0.0,0.0,16.0,237.0,3.0,0.0,0.0,0.0,6.411111111111111,0.0,0.0,1.7777777777777777,26.333333333333332,0.3333333333333333,0.0,0.0,6.411111111111111
887,Brandon Johnson,Den,WR,L 17-22,0.0,Hou,Away,113.0,12-05-23,13,False,0,19,9,12,0,1.86,0.0,0.0,0.4,2.6,0.2,0.0,0.0,0.0,57.7,0.0,0.0,16.0,237.0,3.0,0.0,0.0,0.0,5.7700000000000005,0.0,0.0,1.6,23.7,0.3,0.0,0.0,5.7700000000000005
1186,Brandon Johnson,Den,WR,W 24-7,0.0,LAC,Away,134.0,12-12-23,14,False,0,19,9,16,0,0.38,0.0,0.0,0.2,1.8,0.0,0.0,0.0,0.0,57.7,0.0,0.0,16.0,237.0,3.0,0.0,0.0,0.0,5.245454545454546,0.0,0.0,1.4545454545454546,21.545454545454547,0.2727272727272727,0.0,0.0,5.245454545454546
2334,Brandon Johnson,Den,WR,L 17-42,0.0,Det,Away,140.0,12-19-23,15,False,0,19,9,10,0,0.0,0.0,0.0,0.0,0.0,0.0,0.0,0.0,0.0,57.7,0.0,0.0,16.0,237.0,3.0,0.0,0.0,0.0,4.808333333333334,0.0,0.0,1.3333333333333333,19.75,0.25,0.0,0.0,4.808333333333334
1723,Brandon Johnson,Den,WR,L 23-26,15.7,NE,Home,24.0,12-26-23,16,False,0,19,9,21,1,3.1399999999999997,0.0,0.0,0.6,9.4,0.2,0.0,0.0,0.0,73.4,0.0,0.0,19.0,284.0,4.0,0.0,0.0,0.0,5.6461538461538465,0.0,0.0,1.4615384615384615,21.846153846153847,0.3076923076923077,0.0,0.0,5.6461538461538465
1982,Brandon Powell,Min,WR,L 10-33,0.0,GB,Home,137.5,01-02-24,17,False,0,20,20,11,1,0.0,0.0,0.0,0.0,0.0,0.0,0.0,0.0,0.0,0.0,0.0,0.0,0.0,0.0,0.0,0.0,0.0,0.0,0.0,0.0,0.0,0.0,0.0,0.0,0.0,0.0,0.0
1337,Brandon Powell,Min,WR,L 20-30,1.2,Det,Away,115.5,01-09-24,18,False,0,20,20,10,0,0.6,0.0,0.0,0.5,1.0,0.0,0.0,0.0,0.0,1.2,0.0,0.0,1.0,2.0,0.0,0.0,0.0,0.0,0.6,0.0,0.0,0.5,1.0,0.0,0.0,0.0,0.6
301,Brandon Powell,Min,WR,L 17-20,0.0,TB,Home,135.0,09-12-23,1,False,0,20,20,29,1,0.39999999999999997,0.0,0.0,0.3333333333333333,0.6666666666666666,0.0,0.0,0.0,0.0,1.2,0.0,0.0,1.0,2.0,0.0,0.0,0.0,0.0,0.39999999999999997,0.0,0.0,0.3333333333333333,0.6666666666666666,0.0,0.0,0.0,0.39999999999999997
2204,Brandon Powell,Min,WR,L 28-34,-2.0,Phi,Away,168.5,09-19-23,2,False,0,20,20,25,0,-0.2,0.0,0.0,0.25,0.5,0.0,0.0,0.0,0.0,-0.8,0.0,0.0,1.0,2.0,0.0,0.0,0.0,0.0,-0.2,0.0,0.0,0.25,0.5,0.0,0.0,0.0,-0.2
435,Brandon Powell,Min,WR,L 24-28,1.5,LAC,Home,110.5,09-26-23,3,False,0,20,20,16,1,0.13999999999999999,0.0,0.0,0.4,1.4,0.0,0.0,0.0,0.0,0.7,0.0,0.0,2.0,7.0,0.0,0.0,0.0,0.0,0.13999999999999999,0.0,0.0,0.4,1.4,0.0,0.0,0.0,0.13999999999999999
138,Brandon Powell,Min,WR,W 21-13,0.0,Car,Away,143.0,10-03-23,4,False,0,20,20,4,0,0.13999999999999999,0.0,0.0,0.4,1.4,0.0,0.0,0.0,0.0,0.7,0.0,0.0,2.0,7.0,0.0,0.0,0.0,0.0,0.11666666666666665,0.0,0.0,0.3333333333333333,1.1666666666666667,0.0,0.0,0.0,0.11666666666666665
528,Brandon Powell,Min,WR,L 20-27,9.2,KC,Home,40.0,10-10-23,5,False,0,20,20,15,1,1.7399999999999998,0.0,0.0,1.0,9.6,0.0,0.2,1.8,0.0,9.899999999999999,0.0,0.0,6.0,50.0,0.0,1.0,9.0,0.0,1.4142857142857141,0.0,0.0,0.8571428571428571,7.142857142857143,0.0,0.14285714285714285,1.2857142857142858,1.4142857142857141
2741,Brandon Powell,Min,WR,W 19-13,4.9,Chi,Away,69.5,10-17-23,6,False,0,20,20,5,0,2.7199999999999998,0.0,0.0,1.6,13.6,0.0,0.4,1.6,0.0,14.799999999999999,0.0,0.0,9.0,70.0,0.0,2.0,8.0,0.0,1.8499999999999999,0.0,0.0,1.125,8.75,0.0,0.25,1.0,1.8499999999999999
2571,Brandon Powell,Min,WR,W 22-17,10.9,SF,Home,34.0,10-24-23,7,False,0,20,20,27,1,5.3,0.0,0.0,2.4,26.4,0.0,0.6,2.6,0.0,25.7,0.0,0.0,13.0,134.0,0.0,3.0,13.0,0.0,2.8555555555555556,0.0,0.0,1.4444444444444444,14.88888888888889,0.0,0.3333333333333333,1.4444444444444444,2.8555555555555556
2471,Brandon Powell,Min,WR,W 24-10,2.2,GB,Away,99.0,10-31-23,8,False,0,20,20,11,0,5.4399999999999995,0.0,0.0,2.4,27.4,0.0,0.8,3.0,0.0,27.9,0.0,0.0,14.0,144.0,0.0,4.0,15.0,0.0,2.79,0.0,0.0,1.4,14.4,0.0,0.4,1.5,2.79
950,Brandon Powell,Min,WR,W 31-28,9.5,Atl,Away,34.0,11-07-23,9,False,0,20,20,1,0,7.340000000000001,0.0,0.0,2.8,30.4,0.2,0.8,3.0,0.0,37.4,0.0,0.0,16.0,159.0,1.0,4.0,15.0,0.0,3.4,0.0,0.0,1.4545454545454546,14.454545454545455,0.09090909090909091,0.36363636363636365,1.3636363636363635,3.4
1428,Brandon Powell,Min,WR,W 27-19,7.5,NO,Home,43.5,11-14-23,10,False,0,20,20,22,1,7.0,0.0,0.0,2.8,28.8,0.2,0.6,1.2,0.0,44.9,0.0,0.0,20.0,194.0,1.0,4.0,15.0,0.0,3.7416666666666667,0.0,0.0,1.6666666666666667,16.166666666666668,0.08333333333333333,0.3333333333333333,1.25,3.7416666666666667
687,Brandon Powell,Min,WR,L 20-21,6.2,Den,Away,56.0,11-21-23,11,False,0,20,20,9,0,7.260000000000001,0.0,0.0,2.8,31.2,0.2,0.4,1.4,0.0,51.1,0.0,0.0,23.0,226.0,1.0,4.0,15.0,0.0,3.930769230769231,0.0,0.0,1.7692307692307692,17.384615384615383,0.07692307692307693,0.3076923076923077,1.1538461538461537,3.930769230769231
1583,Brandon Powell,Min,WR,L 10-12,7.7,Chi,Home,54.5,11-28-23,12,False,0,20,20,5,1,6.62,0.0,0.0,2.6,27.4,0.2,0.4,0.8,0.0,58.8,0.0,0.0,26.0,271.0,1.0,5.0,17.0,0.0,4.2,0.0,0.0,1.8571428571428572,19.357142857142858,0.07142857142857142,0.35714285714285715,1.2142857142857142,4.2
1182,Brandon Powell,Min,WR,W 3-0,0.0,LV,Away,134.0,12-12-23,14,False,0,20,20,18,0,6.18,0.0,0.0,2.4,25.4,0.2,0.2,0.4,0.0,58.8,0.0,0.0,26.0,271.0,1.0,5.0,17.0,0.0,3.92,0.0,0.0,1.7333333333333334,18.066666666666666,0.06666666666666667,0.3333333333333333,1.1333333333333333,3.92
2327,Brandon Powell,Min,WR,L 24-27,0.0,Cin,Away,140.0,12-19-23,15,False,0,20,20,6,0,4.279999999999999,0.0,0.0,2.0,22.4,0.0,0.2,0.4,0.0,58.8,0.0,0.0,26.0,271.0,1.0,5.0,17.0,0.0,3.675,0.0,0.0,1.625,16.9375,0.0625,0.3125,1.0625,3.675
1748,Brandon Powell,Min,WR,L 24-30,8.3,Det,Home,49.0,12-26-23,16,False,0,20,20,10,1,4.44,0.0,0.0,1.8,26.0,0.0,0.2,0.4,0.0,67.1,0.0,0.0,29.0,324.0,1.0,5.0,17.0,0.0,3.9470588235294115,0.0,0.0,1.7058823529411764,19.058823529411764,0.058823529411764705,0.29411764705882354,1.0,3.9470588235294115
1948,Braxton Berrios,Mia,WR,L 19-56,3.0,Bal,Away,81.0,01-02-24,17,False,0,21,19,2,0,3.0,0.0,0.0,2.0,10.0,0.0,0.0,0.0,0.0,3.0,0.0,0.0,2.0,10.0,0.0,0.0,0.0,0.0,3.0,0.0,0.0,2.0,10.0,0.0,0.0,0.0,3.0
1310,Braxton Berrios,Mia,WR,L 14-21,2.9,Buf,Home,88.5,01-09-24,18,False,0,21,19,3,1,2.95,0.0,0.0,2.0,9.5,0.0,0.0,0.0,0.0,5.9,0.0,0.0,4.0,19.0,0.0,0.0,0.0,0.0,2.95,0.0,0.0,2.0,9.5,0.0,0.0,0.0,2.95
216,Braxton Berrios,Mia,WR,W 36-34,7.2,LAC,Away,55.0,09-12-23,1,False,0,21,19,16,0,4.366666666666666,0.0,0.0,2.3333333333333335,20.333333333333332,0.0,0.0,0.0,0.0,13.1,0.0,0.0,7.0,61.0,0.0,0.0,0.0,0.0,4.366666666666666,0.0,0.0,2.3333333333333335,20.333333333333332,0.0,0.0,0.0,4.366666666666666
2119,Braxton Berrios,Mia,WR,W 24-17,4.8,NE,Away,85.5,09-19-23,2,False,0,21,19,21,0,4.475,0.0,0.0,2.25,22.25,0.0,0.0,0.0,0.0,17.9,0.0,0.0,9.0,89.0,0.0,0.0,0.0,0.0,4.475,0.0,0.0,2.25,22.25,0.0,0.0,0.0,4.475
401,Braxton Berrios,Mia,WR,W 70-20,5.3,Den,Home,78.0,09-26-23,3,False,0,21,19,9,1,4.64,0.0,0.0,2.2,24.4,0.0,0.0,0.0,0.0,23.2,0.0,0.0,11.0,122.0,0.0,0.0,0.0,0.0,4.64,0.0,0.0,2.2,24.4,0.0,0.0,0.0,4.64
12,Braxton Berrios,Mia,WR,L 20-48,17.4,Buf,Away,13.0,10-03-23,4,False,0,21,19,3,0,7.519999999999999,0.0,0.0,3.0,31.0,0.2,0.2,2.2,0.0,40.599999999999994,0.0,0.0,17.0,165.0,1.0,1.0,11.0,0.0,6.766666666666666,0.0,0.0,2.8333333333333335,27.5,0.16666666666666666,0.16666666666666666,1.8333333333333333,6.766666666666666
561,Braxton Berrios,Mia,WR,W 31-16,3.3,NYG,Home,73.5,10-10-23,5,False,0,21,19,23,1,7.6,0.0,0.0,3.0,31.8,0.2,0.2,2.2,0.0,43.9,0.0,0.0,19.0,178.0,1.0,1.0,11.0,0.0,6.271428571428571,0.0,0.0,2.7142857142857144,25.428571428571427,0.14285714285714285,0.14285714285714285,1.5714285714285714,6.271428571428571
2750,Braxton Berrios,Mia,WR,W 42-21,4.0,Car,Home,78.0,10-17-23,6,False,0,21,19,4,1,6.959999999999999,0.0,0.0,2.8,27.4,0.2,0.2,2.2,0.0,47.9,0.0,0.0,21.0,198.0,1.0,1.0,11.0,0.0,5.9875,0.0,0.0,2.625,24.75,0.125,0.125,1.375,5.9875
2623,Braxton Berrios,Mia,WR,L 17-31,1.7,Phi,Away,86.0,10-24-23,7,False,0,21,19,25,0,6.34,0.0,0.0,2.6,23.2,0.2,0.2,2.2,0.0,49.599999999999994,0.0,0.0,22.0,205.0,1.0,1.0,11.0,0.0,5.51111111111111,0.0,0.0,2.4444444444444446,22.77777777777778,0.1111111111111111,0.1111111111111111,1.2222222222222223,5.51111111111111
2465,Braxton Berrios,Mia,WR,W 31-17,2.8,NE,Home,93.0,10-31-23,8,False,0,21,19,21,1,5.84,0.0,0.0,2.6,18.2,0.2,0.2,2.2,0.0,52.4,0.0,0.0,24.0,213.0,1.0,1.0,11.0,0.0,5.24,0.0,0.0,2.4,21.3,0.1,0.1,1.1,5.24
1033,Braxton Berrios,Mia,WR,L 14-21,0.0,KC,Away,126.5,11-07-23,9,False,0,21,19,15,0,2.3600000000000003,0.0,0.0,1.4,9.6,0.0,0.0,0.0,0.0,52.4,0.0,0.0,24.0,213.0,1.0,1.0,11.0,0.0,4.763636363636364,0.0,0.0,2.1818181818181817,19.363636363636363,0.09090909090909091,0.09090909090909091,1.0,4.763636363636364
1656,Braxton Berrios,Mia,WR,W 34-13,0.0,NYJ,Away,149.0,11-28-23,12,False,0,21,19,24,0,1.7,0.0,0.0,1.0,7.0,0.0,0.0,0.0,0.0,52.4,0.0,0.0,24.0,213.0,1.0,1.0,11.0,0.0,4.366666666666666,0.0,0.0,2.0,17.75,0.08333333333333333,0.08333333333333333,0.9166666666666666,4.366666666666666
886,Braxton Berrios,Mia,WR,W 45-15,0.0,Wsh,Away,113.0,12-05-23,13,False,0,21,19,31,0,0.9,0.0,0.0,0.6,3.0,0.0,0.0,0.0,0.0,52.4,0.0,0.0,24.0,213.0,1.0,1.0,11.0,0.0,4.030769230769231,0.0,0.0,1.8461538461538463,16.384615384615383,0.07692307692307693,0.07692307692307693,0.8461538461538461,4.030769230769231
1146,Braxton Berrios,Mia,WR,L 27-28,3.3,Ten,Home,83.0,12-12-23,14,False,0,21,19,30,1,1.22,0.0,0.0,0.8,4.2,0.0,0.0,0.0,0.0,55.699999999999996,0.0,0.0,26.0,226.0,1.0,1.0,11.0,0.0,3.978571428571428,0.0,0.0,1.8571428571428572,16.142857142857142,0.07142857142857142,0.07142857142857142,0.7857142857142857,3.978571428571428
2301,Braxton Berrios,Mia,WR,W 30-0,2.2,NYJ,Home,96.5,12-19-23,15,False,0,21,19,24,1,1.1,0.0,0.0,0.6,5.0,0.0,0.0,0.0,0.0,57.9,0.0,0.0,27.0,238.0,1.0,1.0,11.0,0.0,3.86,0.0,0.0,1.8,15.866666666666667,0.06666666666666667,0.06666666666666667,0.7333333333333333,3.86
1830,Braxton Berrios,Mia,WR,W 22-20,0.0,Dal,Home,144.5,12-26-23,16,False,0,21,19,8,1,1.1,0.0,0.0,0.6,5.0,0.0,0.0,0.0,0.0,57.9,0.0,0.0,27.0,238.0,1.0,1.0,11.0,0.0,3.61875,0.0,0.0,1.6875,14.875,0.0625,0.0625,0.6875,3.61875
1276,Britain Covey,Phi,WR,L 10-27,6.5,NYG,Away,55.0,01-09-24,18,False,0,22,25,23,0,6.5,0.0,0.0,3.0,35.0,0.0,0.0,0.0,0.0,6.5,0.0,0.0,3.0,35.0,0.0,0.0,0.0,0.0,6.5,0.0,0.0,3.0,35.0,0.0,0.0,0.0,6.5
304,Britain Covey,Phi,WR,W 25-20,0.0,NE,Away,135.0,09-12-23,1,False,0,22,25,21,0,3.25,0.0,0.0,1.5,17.5,0.0,0.0,0.0,0.0,6.5,0.0,0.0,3.0,35.0,0.0,0.0,0.0,0.0,3.25,0.0,0.0,1.5,17.5,0.0,0.0,0.0,3.25
2184,Britain Covey,Phi,WR,W 34-28,0.0,Min,Home,145.0,09-19-23,2,False,0,22,25,20,1,2.1666666666666665,0.0,0.0,1.0,11.666666666666666,0.0,0.0,0.0,0.0,6.5,0.0,0.0,3.0,35.0,0.0,0.0,0.0,0.0,2.1666666666666665,0.0,0.0,1.0,11.666666666666666,0.0,0.0,0.0,2.1666666666666665
467,Britain Covey,Phi,WR,W 25-11,0.0,TB,Away,141.0,09-26-23,3,False,0,22,25,29,0,1.625,0.0,0.0,0.75,8.75,0.0,0.0,0.0,0.0,6.5,0.0,0.0,3.0,35.0,0.0,0.0,0.0,0.0,1.625,0.0,0.0,0.75,8.75,0.0,0.0,0.0,1.625
143,Britain Covey,Phi,WR,W 34-31,0.0,Wsh,Home,143.0,10-03-23,4,False,0,22,25,31,1,1.3,0.0,0.0,0.6,7.0,0.0,0.0,0.0,0.0,6.5,0.0,0.0,3.0,35.0,0.0,0.0,0.0,0.0,1.3,0.0,0.0,0.6,7.0,0.0,0.0,0.0,1.3
612,Britain Covey,Phi,WR,W 23-14,0.0,LAR,Away,124.5,10-10-23,5,False,0,22,25,17,0,0.0,0.0,0.0,0.0,0.0,0.0,0.0,0.0,0.0,6.5,0.0,0.0,3.0,35.0,0.0,0.0,0.0,0.0,1.0833333333333333,0.0,0.0,0.5,5.833333333333333,0.0,0.0,0.0,1.0833333333333333
2800,Britain Covey,Phi,WR,L 14-20,0.0,NYJ,Away,128.0,10-17-23,6,False,0,22,25,24,0,0.0,0.0,0.0,0.0,0.0,0.0,0.0,0.0,0.0,6.5,0.0,0.0,3.0,35.0,0.0,0.0,0.0,0.0,0.9285714285714286,0.0,0.0,0.42857142857142855,5.0,0.0,0.0,0.0,0.9285714285714286
2650,Britain Covey,Phi,WR,W 31-17,0.0,Mia,Home,116.0,10-24-23,7,False,0,22,25,19,1,0.0,0.0,0.0,0.0,0.0,0.0,0.0,0.0,0.0,6.5,0.0,0.0,3.0,35.0,0.0,0.0,0.0,0.0,0.8125,0.0,0.0,0.375,4.375,0.0,0.0,0.0,0.8125
2507,Britain Covey,Phi,WR,W 38-31,0.0,Wsh,Away,138.0,10-31-23,8,False,0,22,25,31,0,0.0,0.0,0.0,0.0,0.0,0.0,0.0,0.0,0.0,6.5,0.0,0.0,3.0,35.0,0.0,0.0,0.0,0.0,0.7222222222222222,0.0,0.0,0.3333333333333333,3.888888888888889,0.0,0.0,0.0,0.7222222222222222
1042,Britain Covey,Phi,WR,W 28-23,0.0,Dal,Home,126.5,11-07-23,9,False,0,22,25,8,1,0.0,0.0,0.0,0.0,0.0,0.0,0.0,0.0,0.0,6.5,0.0,0.0,3.0,35.0,0.0,0.0,0.0,0.0,0.65,0.0,0.0,0.3,3.5,0.0,0.0,0.0,0.65
753,Britain Covey,Phi,WR,W 21-17,0.0,KC,Away,126.0,11-21-23,11,False,0,22,25,15,0,0.0,0.0,0.0,0.0,0.0,0.0,0.0,0.0,0.0,6.5,0.0,0.0,3.0,35.0,0.0,0.0,0.0,0.0,0.5909090909090909,0.0,0.0,0.2727272727272727,3.1818181818181817,0.0,0.0,0.0,0.5909090909090909
1673,Britain Covey,Phi,WR,W 37-34,0.0,Buf,Home,149.0,11-28-23,12,False,0,22,25,3,1,0.0,0.0,0.0,0.0,0.0,0.0,0.0,0.0,0.0,6.5,0.0,0.0,3.0,35.0,0.0,0.0,0.0,0.0,0.5416666666666666,0.0,0.0,0.25,2.9166666666666665,0.0,0.0,0.0,0.5416666666666666
895,Britain Covey,Phi,WR,L 19-42,0.0,SF,Home,113.0,12-05-23,13,False,0,22,25,27,1,0.0,0.0,0.0,0.0,0.0,0.0,0.0,0.0,0.0,6.5,0.0,0.0,3.0,35.0,0.0,0.0,0.0,0.0,0.5,0.0,0.0,0.23076923076923078,2.6923076923076925,0.0,0.0,0.0,0.5
1200,Britain Covey,Phi,WR,L 13-33,0.0,Dal,Away,134.0,12-12-23,14,False,0,22,25,8,0,0.0,0.0,0.0,0.0,0.0,0.0,0.0,0.0,0.0,6.5,0.0,0.0,3.0,35.0,0.0,0.0,0.0,0.0,0.4642857142857143,0.0,0.0,0.21428571428571427,2.5,0.0,0.0,0.0,0.4642857142857143
2347,Britain Covey,Phi,WR,L 17-20,0.0,Sea,Away,140.0,12-19-23,15,False,0,22,25,28,0,0.0,0.0,0.0,0.0,0.0,0.0,0.0,0.0,0.0,6.5,0.0,0.0,3.0,35.0,0.0,0.0,0.0,0.0,0.43333333333333335,0.0,0.0,0.2,2.3333333333333335,0.0,0.0,0.0,0.43333333333333335
1807,Britain Covey,Phi,WR,W 33-25,1.7,NYG,Home,108.5,12-26-23,16,False,0,22,25,23,1,0.33999999999999997,0.0,0.0,0.2,1.4,0.0,0.0,0.0,0.0,8.2,0.0,0.0,4.0,42.0,0.0,0.0,0.0,0.0,0.5125,0.0,0.0,0.25,2.625,0.0,0.0,0.0,0.5125
2009,Byron Pringle,Wsh,WR,L 10-27,0.0,SF,Home,137.5,01-02-24,17,False,0,23,31,27,1,0.0,0.0,0.0,0.0,0.0,0.0,0.0,0.0,0.0,0.0,0.0,0.0,0.0,0.0,0.0,0.0,0.0,0.0,0.0,0.0,0.0,0.0,0.0,0.0,0.0,0.0,0.0
1365,Byron Pringle,Wsh,WR,L 10-38,0.0,Dal,Home,142.5,01-09-24,18,False,0,23,31,8,1,0.0,0.0,0.0,0.0,0.0,0.0,0.0,0.0,0.0,0.0,0.0,0.0,0.0,0.0,0.0,0.0,0.0,0.0,0.0,0.0,0.0,0.0,0.0,0.0,0.0,0.0,0.0
307,Byron Pringle,Wsh,WR,W 20-16,0.0,Ari,Home,135.0,09-12-23,1,False,0,23,31,0,1,0.0,0.0,0.0,0.0,0.0,0.0,0.0,0.0,0.0,0.0,0.0,0.0,0.0,0.0,0.0,0.0,0.0,0.0,0.0,0.0,0.0,0.0,0.0,0.0,0.0,0.0,0.0
2152,Byron Pringle,Wsh,WR,W 35-33,1.4,Den,Away,116.0,09-19-23,2,False,0,23,31,9,0,0.35,0.0,0.0,0.25,1.0,0.0,0.0,0.0,0.0,1.4,0.0,0.0,1.0,4.0,0.0,0.0,0.0,0.0,0.35,0.0,0.0,0.25,1.0,0.0,0.0,0.0,0.35
471,Byron Pringle,Wsh,WR,L 3-37,0.0,Buf,Home,141.0,09-26-23,3,False,0,23,31,3,1,0.27999999999999997,0.0,0.0,0.2,0.8,0.0,0.0,0.0,0.0,1.4,0.0,0.0,1.0,4.0,0.0,0.0,0.0,0.0,0.27999999999999997,0.0,0.0,0.2,0.8,0.0,0.0,0.0,0.27999999999999997
100,Byron Pringle,Wsh,WR,L 31-34,2.5,Phi,Away,101.0,10-03-23,4,False,0,23,31,25,0,0.78,0.0,0.0,0.4,3.8,0.0,0.0,0.0,0.0,3.9,0.0,0.0,2.0,19.0,0.0,0.0,0.0,0.0,0.65,0.0,0.0,0.3333333333333333,3.1666666666666665,0.0,0.0,0.0,0.65
578,Byron Pringle,Wsh,WR,L 20-40,2.0,Chi,Home,90.0,10-10-23,5,False,0,23,31,5,1,1.1800000000000002,0.0,0.0,0.6,5.8,0.0,0.0,0.0,0.0,5.9,0.0,0.0,3.0,29.0,0.0,0.0,0.0,0.0,0.8428571428571429,0.0,0.0,0.42857142857142855,4.142857142857143,0.0,0.0,0.0,0.8428571428571429
2805,Byron Pringle,Wsh,WR,W 24-16,0.0,Atl,Away,128.0,10-17-23,6,False,0,23,31,1,0,1.1800000000000002,0.0,0.0,0.6,5.8,0.0,0.0,0.0,0.0,5.9,0.0,0.0,3.0,29.0,0.0,0.0,0.0,0.0,0.7375,0.0,0.0,0.375,3.625,0.0,0.0,0.0,0.7375
2616,Byron Pringle,Wsh,WR,L 7-14,2.6,NYG,Away,79.0,10-24-23,7,False,0,23,31,23,0,1.42,0.0,0.0,0.6,8.2,0.0,0.0,0.0,0.0,8.5,0.0,0.0,4.0,45.0,0.0,0.0,0.0,0.0,0.9444444444444444,0.0,0.0,0.4444444444444444,5.0,0.0,0.0,0.0,0.9444444444444444
2518,Byron Pringle,Wsh,WR,L 31-38,0.0,Phi,Home,138.0,10-31-23,8,False,0,23,31,25,1,1.42,0.0,0.0,0.6,8.2,0.0,0.0,0.0,0.0,8.5,0.0,0.0,4.0,45.0,0.0,0.0,0.0,0.0,0.85,0.0,0.0,0.4,4.5,0.0,0.0,0.0,0.85
954,Byron Pringle,Wsh,WR,W 20-17,8.5,NE,Away,38.0,11-07-23,9,False,0,23,31,21,0,2.62,0.0,0.0,1.0,16.2,0.0,0.0,0.0,0.0,17.0,0.0,0.0,7.0,100.0,0.0,0.0,0.0,0.0,1.5454545454545454,0.0,0.0,0.6363636363636364,9.090909090909092,0.0,0.0,0.0,1.5454545454545454
1482,Byron Pringle,Wsh,WR,L 26-29,1.7,Sea,Away,97.5,11-14-23,10,False,0,23,31,28,0,2.5599999999999996,0.0,0.0,1.0,15.6,0.0,0.0,0.0,0.0,18.7,0.0,0.0,8.0,107.0,0.0,0.0,0.0,0.0,1.5583333333333333,0.0,0.0,0.6666666666666666,8.916666666666666,0.0,0.0,0.0,1.5583333333333333
711,Byron Pringle,Wsh,WR,L 19-31,3.2,NYG,Home,77.5,11-21-23,11,False,0,23,31,23,1,3.2,0.0,0.0,1.6,20.0,0.0,0.0,0.0,0.0,21.9,0.0,0.0,11.0,129.0,0.0,0.0,0.0,0.0,1.6846153846153844,0.0,0.0,0.8461538461538461,9.923076923076923,0.0,0.0,0.0,1.6846153846153844
1608,Byron Pringle,Wsh,WR,L 10-45,4.7,Dal,Away,80.0,11-28-23,12,False,0,23,31,8,0,3.62,0.0,0.0,1.8,22.2,0.0,0.0,0.0,0.0,26.6,0.0,0.0,13.0,156.0,0.0,0.0,0.0,0.0,1.9000000000000001,0.0,0.0,0.9285714285714286,11.142857142857142,0.0,0.0,0.0,1.9000000000000001
900,Byron Pringle,Wsh,WR,L 15-45,0.0,Mia,Home,113.0,12-05-23,13,False,0,23,31,19,1,3.62,0.0,0.0,1.8,22.2,0.0,0.0,0.0,0.0,26.6,0.0,0.0,13.0,156.0,0.0,0.0,0.0,0.0,1.7733333333333334,0.0,0.0,0.8666666666666667,10.4,0.0,0.0,0.0,1.7733333333333334
2312,Byron Pringle,Wsh,WR,L 20-28,1.5,LAR,Away,106.0,12-19-23,15,False,0,23,31,17,0,2.22,0.0,0.0,1.4,12.2,0.0,0.0,0.0,0.0,28.1,0.0,0.0,14.0,161.0,0.0,0.0,0.0,0.0,1.75625,0.0,0.0,0.875,10.0625,0.0,0.0,0.0,1.75625
1851,Byron Pringle,Wsh,WR,L 28-30,0.0,NYJ,Away,144.5,12-26-23,16,False,0,23,31,24,0,1.8800000000000003,0.0,0.0,1.2,10.8,0.0,0.0,0.0,0.0,28.1,0.0,0.0,14.0,161.0,0.0,0.0,0.0,0.0,1.6529411764705884,0.0,0.0,0.8235294117647058,9.470588235294118,0.0,0.0,0.0,1.6529411764705884
1986,Calvin Austin III,Pit,WR,W 30-23,0.0,Sea,Away,137.5,01-02-24,17,False,0,24,26,28,0,0.0,0.0,0.0,0.0,0.0,0.0,0.0,0.0,0.0,0.0,0.0,0.0,0.0,0.0,0.0,0.0,0.0,0.0,0.0,0.0,0.0,0.0,0.0,0.0,0.0,0.0,0.0
1340,Calvin Austin III,Pit,WR,W 17-10,0.8,Bal,Away,119.0,01-09-24,18,False,0,24,26,2,0,0.4,0.0,0.0,0.0,0.0,0.0,0.5,4.0,0.0,0.8,0.0,0.0,0.0,0.0,0.0,1.0,8.0,0.0,0.4,0.0,0.0,0.0,0.0,0.0,0.5,4.0,0.4
203,Calvin Austin III,Pit,WR,L 7-30,9.7,SF,Home,42.0,09-12-23,1,False,0,24,26,27,1,3.5,0.0,0.0,2.0,12.333333333333334,0.0,0.3333333333333333,2.6666666666666665,0.0,10.5,0.0,0.0,6.0,37.0,0.0,1.0,8.0,0.0,3.5,0.0,0.0,2.0,12.333333333333334,0.0,0.3333333333333333,2.6666666666666665,3.5
2140,Calvin Austin III,Pit,WR,W 26-22,1.8,Cle,Home,105.0,09-19-23,2,False,0,24,26,7,1,3.075,0.0,0.0,1.75,11.75,0.0,0.5,1.5,0.0,12.3,0.0,0.0,7.0,47.0,0.0,2.0,6.0,0.0,3.075,0.0,0.0,1.75,11.75,0.0,0.5,1.5,3.075
351,Calvin Austin III,Pit,WR,W 23-18,15.2,LV,Away,27.5,09-26-23,3,False,0,24,26,18,0,5.5,0.0,0.0,1.8,23.8,0.2,0.4,1.2,0.0,27.5,0.0,0.0,9.0,119.0,1.0,2.0,6.0,0.0,5.5,0.0,0.0,1.8,23.8,0.2,0.4,1.2,5.5
61,Calvin Austin III,Pit,WR,L 6-30,5.9,Hou,Away,62.0,10-03-23,4,False,0,24,26,12,0,6.68,0.0,0.0,2.4,28.6,0.2,0.6,2.2,0.0,33.4,0.0,0.0,12.0,143.0,1.0,3.0,11.0,0.0,5.566666666666666,0.0,0.0,2.0,23.833333333333332,0.16666666666666666,0.5,1.8333333333333333,5.566666666666666
597,Calvin Austin III,Pit,WR,W 17-10,0.0,Bal,Home,124.5,10-10-23,5,False,0,24,26,2,1,6.5200000000000005,0.0,0.0,2.4,28.6,0.2,0.4,0.6,0.0,33.4,0.0,0.0,12.0,143.0,1.0,3.0,11.0,0.0,4.771428571428571,0.0,0.0,1.7142857142857142,20.428571428571427,0.14285714285714285,0.42857142857142855,1.5714285714285714,4.771428571428571
2636,Calvin Austin III,Pit,WR,W 24-17,0.1,LAR,Away,99.0,10-24-23,7,False,0,24,26,17,0,4.6,0.0,0.0,1.2,21.2,0.2,0.6,0.8,0.0,33.5,0.0,0.0,12.0,143.0,1.0,4.0,12.0,0.0,4.1875,0.0,0.0,1.5,17.875,0.125,0.5,1.5,4.1875
2454,Calvin Austin III,Pit,WR,L 10-20,4.9,Jax,Home,82.0,10-31-23,8,False,0,24,26,14,1,5.220000000000001,0.0,0.0,1.4,23.0,0.2,0.8,3.2,0.0,38.4,0.0,0.0,14.0,162.0,1.0,6.0,22.0,0.0,4.266666666666667,0.0,0.0,1.5555555555555556,18.0,0.1111111111111111,0.6666666666666666,2.4444444444444446,4.266666666666667
1023,Calvin Austin III,Pit,WR,W 20-16,1.0,Ten,Home,107.0,11-07-23,9,False,0,24,26,30,1,2.38,0.0,0.0,1.0,8.6,0.0,1.2,5.2,0.0,39.4,0.0,0.0,14.0,162.0,1.0,8.0,32.0,0.0,3.94,0.0,0.0,1.4,16.2,0.1,0.8,3.2,3.94
1476,Calvin Austin III,Pit,WR,W 23-19,1.9,GB,Home,93.5,11-14-23,10,False,0,24,26,11,1,1.58,0.0,0.0,0.6,4.4,0.0,1.2,5.4,0.0,41.3,0.0,0.0,15.0,165.0,1.0,9.0,38.0,0.0,3.7545454545454544,0.0,0.0,1.3636363636363635,15.0,0.09090909090909091,0.8181818181818182,3.4545454545454546,3.7545454545454544
742,Calvin Austin III,Pit,WR,L 10-13,0.0,Cle,Away,126.0,11-21-23,11,False,0,24,26,7,0,1.58,0.0,0.0,0.6,4.4,0.0,1.2,5.4,0.0,41.3,0.0,0.0,15.0,165.0,1.0,9.0,38.0,0.0,3.4416666666666664,0.0,0.0,1.25,13.75,0.08333333333333333,0.75,3.1666666666666665,3.4416666666666664
1643,Calvin Austin III,Pit,WR,W 16-10,1.5,Cin,Away,115.0,11-28-23,12,False,0,24,26,6,0,1.86,0.0,0.0,0.8,5.4,0.0,1.0,5.2,0.0,42.8,0.0,0.0,16.0,170.0,1.0,9.0,38.0,0.0,3.292307692307692,0.0,0.0,1.2307692307692308,13.076923076923077,0.07692307692307693,0.6923076923076923,2.923076923076923,3.292307692307692
859,Calvin Austin III,Pit,WR,L 10-24,2.0,Ari,Home,78.5,12-05-23,13,False,0,24,26,0,1,1.28,0.0,0.0,0.6,3.6,0.0,0.6,3.2,0.0,44.8,0.0,0.0,17.0,180.0,1.0,9.0,38.0,0.0,3.1999999999999997,0.0,0.0,1.2142857142857142,12.857142857142858,0.07142857142857142,0.6428571428571429,2.7142857142857144,3.1999999999999997
1170,Calvin Austin III,Pit,WR,L 18-21,1.2,NE,Home,107.0,12-12-23,14,False,0,24,26,21,1,1.3199999999999998,0.0,0.0,0.6,3.6,0.0,0.4,3.6,0.0,46.0,0.0,0.0,17.0,180.0,1.0,10.0,50.0,0.0,3.066666666666667,0.0,0.0,1.1333333333333333,12.0,0.06666666666666667,0.6666666666666666,3.3333333333333335,3.066666666666667
2330,Calvin Austin III,Pit,WR,L 13-30,0.0,Ind,Away,140.0,12-19-23,15,False,0,24,26,13,0,0.9399999999999998,0.0,0.0,0.4,3.0,0.0,0.2,2.4,0.0,46.0,0.0,0.0,17.0,180.0,1.0,10.0,50.0,0.0,2.875,0.0,0.0,1.0625,11.25,0.0625,0.625,3.125,2.875
1766,Calvin Austin III,Pit,WR,W 34-11,6.7,Cin,Home,67.0,12-26-23,16,False,0,24,26,6,1,2.28,0.0,0.0,0.4,3.0,0.0,0.4,3.8,0.2,52.7,0.0,0.0,17.0,180.0,1.0,11.0,57.0,1.0,3.1,0.0,0.0,1.0,10.588235294117647,0.058823529411764705,0.6470588235294118,3.3529411764705883,3.1
1917,Calvin Ridley,Jax,WR,W 26-0,7.9,Car,Home,50.0,01-02-24,17,False,0,25,14,4,1,7.9,0.0,0.0,4.0,39.0,0.0,0.0,0.0,0.0,7.9,0.0,0.0,4.0,39.0,0.0,0.0,0.0,0.0,7.9,0.0,0.0,4.0,39.0,0.0,0.0,0.0,7.9
1229,Calvin Ridley,Jax,WR,L 20-28,22.6,Ten,Away,8.0,01-09-24,18,False,0,25,14,30,0,15.25,0.0,0.0,5.0,72.5,0.5,0.0,0.0,0.0,30.5,0.0,0.0,10.0,145.0,1.0,0.0,0.0,0.0,15.25,0.0,0.0,5.0,72.5,0.5,0.0,0.0,15.25
167,Calvin Ridley,Jax,WR,W 31-21,24.1,Ind,Away,6.0,09-12-23,1,False,0,25,14,13,0,18.2,0.0,0.0,6.0,82.0,0.6666666666666666,0.0,0.0,0.0,54.6,0.0,0.0,18.0,246.0,2.0,0.0,0.0,0.0,18.2,0.0,0.0,6.0,82.0,0.6666666666666666,0.0,0.0,18.2
2116,Calvin Ridley,Jax,WR,L 9-17,5.2,KC,Home,81.5,09-19-23,2,False,0,25,14,15,1,14.950000000000001,0.0,0.0,5.0,69.5,0.5,0.0,0.0,0.0,59.800000000000004,0.0,0.0,20.0,278.0,2.0,0.0,0.0,0.0,14.950000000000001,0.0,0.0,5.0,69.5,0.5,0.0,0.0,14.950000000000001
389,Calvin Ridley,Jax,WR,L 17-37,7.0,Hou,Home,66.0,09-26-23,3,False,0,25,14,12,1,13.36,0.0,0.0,4.6,63.6,0.4,0.0,0.0,0.0,66.8,0.0,0.0,23.0,318.0,2.0,0.0,0.0,0.0,13.36,0.0,0.0,4.6,63.6,0.4,0.0,0.0,13.36
30,Calvin Ridley,Jax,WR,W 23-7,11.8,Atl,Home,31.5,10-03-23,4,False,0,25,14,1,1,14.14,0.0,0.0,4.2,63.4,0.6,0.0,0.0,0.0,78.6,0.0,0.0,25.0,356.0,3.0,0.0,0.0,0.0,13.1,0.0,0.0,4.166666666666667,59.333333333333336,0.5,0.0,0.0,13.1
496,Calvin Ridley,Jax,WR,W 25-20,20.6,Buf,Away,9.0,10-10-23,5,False,0,25,14,3,0,13.74,0.0,0.0,4.4,66.6,0.4,0.4,2.8,0.0,99.2,0.0,0.0,32.0,478.0,3.0,2.0,14.0,0.0,14.171428571428573,0.0,0.0,4.571428571428571,68.28571428571429,0.42857142857142855,0.2857142857142857,2.0,14.171428571428573
2728,Calvin Ridley,Jax,WR,W 37-20,6.6,Ind,Home,57.0,10-17-23,6,False,0,25,14,13,1,10.24,0.0,0.0,3.6,52.4,0.2,0.6,2.0,0.0,105.8,0.0,0.0,36.0,508.0,3.0,3.0,10.0,0.0,13.225,0.0,0.0,4.5,63.5,0.375,0.375,1.25,13.225
2627,Calvin Ridley,Jax,WR,W 31-24,1.5,NO,Away,91.5,10-24-23,7,False,0,25,14,22,0,9.5,0.0,0.0,3.4,47.0,0.2,0.8,2.0,0.0,107.3,0.0,0.0,37.0,513.0,3.0,4.0,10.0,0.0,11.922222222222222,0.0,0.0,4.111111111111111,57.0,0.3333333333333333,0.4444444444444444,1.1111111111111112,11.922222222222222
2400,Calvin Ridley,Jax,WR,W 20-10,14.3,Pit,Away,28.0,10-31-23,8,False,0,25,14,26,0,10.959999999999999,0.0,0.0,4.0,55.6,0.2,0.8,2.0,0.0,121.60000000000001,0.0,0.0,43.0,596.0,3.0,4.0,10.0,0.0,12.16,0.0,0.0,4.3,59.6,0.3,0.4,1.0,12.16
1452,Calvin Ridley,Jax,WR,L 3-34,4.0,SF,Home,68.0,11-14-23,10,False,0,25,14,27,1,9.4,0.0,0.0,4.0,52.0,0.0,0.8,2.0,0.0,125.60000000000001,0.0,0.0,45.0,616.0,3.0,4.0,10.0,0.0,11.41818181818182,0.0,0.0,4.090909090909091,56.0,0.2727272727272727,0.36363636363636365,0.9090909090909091,11.41818181818182
632,Calvin Ridley,Jax,WR,W 34-14,31.1,Ten,Home,1.0,11-21-23,11,False,0,25,14,30,1,11.5,0.0,0.0,4.0,48.2,0.4,0.6,2.8,0.0,156.7,0.0,0.0,52.0,719.0,5.0,5.0,28.0,0.0,13.058333333333332,0.0,0.0,4.333333333333333,59.916666666666664,0.4166666666666667,0.4166666666666667,2.3333333333333335,13.058333333333332
1539,Calvin Ridley,Jax,WR,W 24-21,21.9,Hou,Away,11.0,11-28-23,12,False,0,25,14,12,0,14.559999999999999,0.0,0.0,4.2,60.0,0.6,0.4,3.6,0.0,178.6,0.0,0.0,57.0,808.0,6.0,5.0,28.0,0.0,13.738461538461538,0.0,0.0,4.384615384615385,62.15384615384615,0.46153846153846156,0.38461538461538464,2.1538461538461537,13.738461538461538
825,Calvin Ridley,Jax,WR,L 31-34,7.3,Cin,Home,44.5,12-05-23,13,False,0,25,14,6,1,15.719999999999999,0.0,0.0,4.8,64.2,0.6,0.8,5.0,0.0,185.9,0.0,0.0,61.0,834.0,6.0,8.0,35.0,0.0,13.278571428571428,0.0,0.0,4.357142857142857,59.57142857142857,0.42857142857142855,0.5714285714285714,2.5,13.278571428571428
1100,Calvin Ridley,Jax,WR,L 27-31,9.3,Cle,Away,37.0,12-12-23,14,False,0,25,14,7,0,14.719999999999999,0.0,0.0,4.4,58.2,0.6,0.8,5.0,0.0,195.2,0.0,0.0,65.0,887.0,6.0,8.0,35.0,0.0,13.013333333333332,0.0,0.0,4.333333333333333,59.13333333333333,0.4,0.5333333333333333,2.3333333333333335,13.013333333333332
2248,Calvin Ridley,Jax,WR,L 7-23,8.9,Bal,Home,44.0,12-19-23,15,False,0,25,14,2,1,15.7,0.0,0.0,5.0,62.0,0.6,0.8,5.0,0.0,204.1,0.0,0.0,70.0,926.0,6.0,8.0,35.0,0.0,12.75625,0.0,0.0,4.375,57.875,0.375,0.5,2.1875,12.75625
1707,Calvin Ridley,Jax,WR,L 12-30,25.8,TB,Away,8.0,12-26-23,16,False,0,25,14,29,0,14.64,0.0,0.0,4.8,59.4,0.6,0.8,-1.0,0.0,229.9,0.0,0.0,76.0,1016.0,8.0,9.0,23.0,0.0,13.523529411764706,0.0,0.0,4.470588235294118,59.76470588235294,0.47058823529411764,0.5294117647058824,1.3529411764705883,13.523529411764706
1964,Cedric Tillman,Cle,WR,W 37-20,1.8,NYJ,Home,96.5,01-02-24,17,False,0,26,7,24,1,1.8,0.0,0.0,1.0,8.0,0.0,0.0,0.0,0.0,1.8,0.0,0.0,1.0,8.0,0.0,0.0,0.0,0.0,1.8,0.0,0.0,1.0,8.0,0.0,0.0,0.0,1.8
1273,Cedric Tillman,Cle,WR,L 14-31,7.3,Cin,Away,52.0,01-09-24,18,False,0,26,7,6,0,4.55,0.0,0.0,2.0,25.5,0.0,0.0,0.0,0.0,9.1,0.0,0.0,4.0,51.0,0.0,0.0,0.0,0.0,4.55,0.0,0.0,2.0,25.5,0.0,0.0,0.0,4.55
283,Cedric Tillman,Cle,WR,W 24-3,0.0,Cin,Home,135.0,09-12-23,1,False,0,26,7,6,1,3.033333333333333,0.0,0.0,1.3333333333333333,17.0,0.0,0.0,0.0,0.0,9.1,0.0,0.0,4.0,51.0,0.0,0.0,0.0,0.0,3.033333333333333,0.0,0.0,1.3333333333333333,17.0,0.0,0.0,0.0,3.033333333333333
2171,Cedric Tillman,Cle,WR,L 22-26,0.0,Pit,Away,145.0,09-19-23,2,False,0,26,7,26,0,2.275,0.0,0.0,1.0,12.75,0.0,0.0,0.0,0.0,9.1,0.0,0.0,4.0,51.0,0.0,0.0,0.0,0.0,2.275,0.0,0.0,1.0,12.75,0.0,0.0,0.0,2.275
451,Cedric Tillman,Cle,WR,W 27-3,0.0,Ten,Home,141.0,09-26-23,3,False,0,26,7,30,1,1.8199999999999998,0.0,0.0,0.8,10.2,0.0,0.0,0.0,0.0,9.1,0.0,0.0,4.0,51.0,0.0,0.0,0.0,0.0,1.8199999999999998,0.0,0.0,0.8,10.2,0.0,0.0,0.0,1.8199999999999998
115,Cedric Tillman,Cle,WR,L 3-28,1.5,Bal,Home,115.5,10-03-23,4,False,0,26,7,2,1,1.7600000000000002,0.0,0.0,0.8,9.6,0.0,0.0,0.0,0.0,10.6,0.0,0.0,5.0,56.0,0.0,0.0,0.0,0.0,1.7666666666666666,0.0,0.0,0.8333333333333334,9.333333333333334,0.0,0.0,0.0,1.7666666666666666
1018,Cedric Tillman,Cle,WR,W 27-0,1.3,Ari,Home,102.0,11-07-23,9,False,0,26,7,0,1,0.5599999999999999,0.0,0.0,0.4,1.6,0.0,0.0,0.0,0.0,11.9,0.0,0.0,6.0,59.0,0.0,0.0,0.0,0.0,1.7,0.0,0.0,0.8571428571428571,8.428571428571429,0.0,0.0,0.0,1.7
1498,Cedric Tillman,Cle,WR,W 33-31,0.0,Bal,Away,123.5,11-14-23,10,False,0,26,7,2,0,0.5599999999999999,0.0,0.0,0.4,1.6,0.0,0.0,0.0,0.0,11.9,0.0,0.0,6.0,59.0,0.0,0.0,0.0,0.0,1.4875,0.0,0.0,0.75,7.375,0.0,0.0,0.0,1.4875
720,Cedric Tillman,Cle,WR,W 13-10,2.0,Pit,Home,88.5,11-21-23,11,False,0,26,7,26,1,0.96,0.0,0.0,0.6,2.0,0.0,0.2,1.6,0.0,13.9,0.0,0.0,7.0,61.0,0.0,1.0,8.0,0.0,1.5444444444444445,0.0,0.0,0.7777777777777778,6.777777777777778,0.0,0.1111111111111111,0.8888888888888888,1.5444444444444445
1571,Cedric Tillman,Cle,WR,L 12-29,9.5,Den,Away,42.5,11-28-23,12,False,0,26,7,9,0,2.8600000000000003,0.0,0.0,1.4,13.0,0.0,0.2,1.6,0.0,23.4,0.0,0.0,11.0,116.0,0.0,1.0,8.0,0.0,2.34,0.0,0.0,1.1,11.6,0.0,0.1,0.8,2.34
838,Cedric Tillman,Cle,WR,L 19-36,4.0,LAR,Away,57.5,12-05-23,13,False,0,26,7,17,0,3.3600000000000003,0.0,0.0,1.6,16.0,0.0,0.2,1.6,0.0,27.4,0.0,0.0,13.0,136.0,0.0,1.0,8.0,0.0,2.4909090909090907,0.0,0.0,1.1818181818181819,12.363636363636363,0.0,0.09090909090909091,0.7272727272727273,2.4909090909090907
1134,Cedric Tillman,Cle,WR,W 31-27,4.3,Jax,Home,70.5,12-12-23,14,False,0,26,7,14,1,3.96,0.0,0.0,1.8,20.0,0.0,0.2,1.6,0.0,31.7,0.0,0.0,15.0,159.0,0.0,1.0,8.0,0.0,2.6416666666666666,0.0,0.0,1.25,13.25,0.0,0.08333333333333333,0.6666666666666666,2.6416666666666666
2247,Cedric Tillman,Cle,WR,W 20-17,9.2,Chi,Home,42.5,12-19-23,15,False,0,26,7,5,1,5.8,0.0,0.0,2.6,30.4,0.0,0.2,1.6,0.0,40.9,0.0,0.0,19.0,211.0,0.0,1.0,8.0,0.0,3.146153846153846,0.0,0.0,1.4615384615384615,16.23076923076923,0.0,0.07692307692307693,0.6153846153846154,3.146153846153846
1785,Cedric Tillman,Cle,WR,W 36-22,3.3,Hou,Away,85.5,12-26-23,16,False,0,26,7,12,0,6.0600000000000005,0.0,0.0,2.8,32.6,0.0,0.0,0.0,0.0,44.199999999999996,0.0,0.0,21.0,224.0,0.0,1.0,8.0,0.0,3.157142857142857,0.0,0.0,1.5,16.0,0.0,0.07142857142857142,0.5714285714285714,3.157142857142857
1903,Cedrick Wilson Jr.,Mia,WR,L 19-56,10.7,Bal,Away,36.0,01-02-24,17,False,0,27,19,2,0,10.7,0.0,0.0,2.0,27.0,1.0,0.0,0.0,0.0,10.7,0.0,0.0,2.0,27.0,1.0,0.0,0.0,0.0,10.7,0.0,0.0,2.0,27.0,1.0,0.0,0.0,10.7
1303,Cedrick Wilson Jr.,Mia,WR,L 14-21,3.4,Buf,Home,81.5,01-09-24,18,False,0,27,19,3,1,7.05,0.0,0.0,1.5,25.5,0.5,0.0,0.0,0.0,14.1,0.0,0.0,3.0,51.0,1.0,0.0,0.0,0.0,7.05,0.0,0.0,1.5,25.5,0.5,0.0,0.0,7.05
455,Cedrick Wilson Jr.,Mia,WR,W 70-20,0.0,Den,Home,141.0,09-26-23,3,False,0,27,19,9,1,4.7,0.0,0.0,1.0,17.0,0.3333333333333333,0.0,0.0,0.0,14.1,0.0,0.0,3.0,51.0,1.0,0.0,0.0,0.0,4.7,0.0,0.0,1.0,17.0,0.3333333333333333,0.0,0.0,4.7
99,Cedrick Wilson Jr.,Mia,WR,L 20-48,2.6,Buf,Away,99.0,10-03-23,4,False,0,27,19,3,0,4.175,0.0,0.0,1.0,16.75,0.25,0.0,0.0,0.0,16.7,0.0,0.0,4.0,67.0,1.0,0.0,0.0,0.0,4.175,0.0,0.0,1.0,16.75,0.25,0.0,0.0,4.175
527,Cedrick Wilson Jr.,Mia,WR,W 31-16,9.2,NYG,Home,40.0,10-10-23,5,False,0,27,19,23,1,5.18,0.0,0.0,1.6,23.8,0.2,0.0,0.0,0.0,25.9,0.0,0.0,8.0,119.0,1.0,0.0,0.0,0.0,5.18,0.0,0.0,1.6,23.8,0.2,0.0,0.0,5.18
2793,Cedrick Wilson Jr.,Mia,WR,W 42-21,0.0,Car,Home,128.0,10-17-23,6,False,0,27,19,4,1,3.04,0.0,0.0,1.2,18.4,0.0,0.0,0.0,0.0,25.9,0.0,0.0,8.0,119.0,1.0,0.0,0.0,0.0,4.316666666666666,0.0,0.0,1.3333333333333333,19.833333333333332,0.16666666666666666,0.0,0.0,4.316666666666666
2591,Cedrick Wilson Jr.,Mia,WR,L 17-31,6.8,Phi,Away,54.0,10-24-23,7,False,0,27,19,25,0,3.7199999999999998,0.0,0.0,1.4,23.2,0.0,0.0,0.0,0.0,32.699999999999996,0.0,0.0,10.0,167.0,1.0,0.0,0.0,0.0,4.671428571428571,0.0,0.0,1.4285714285714286,23.857142857142858,0.14285714285714285,0.0,0.0,4.671428571428571
2438,Cedrick Wilson Jr.,Mia,WR,W 31-17,7.1,NE,Home,65.5,10-31-23,8,False,0,27,19,21,1,5.14,0.0,0.0,1.6,23.4,0.2,0.0,0.0,0.0,39.8,0.0,0.0,11.0,168.0,2.0,0.0,0.0,0.0,4.975,0.0,0.0,1.375,21.0,0.25,0.0,0.0,4.975
946,Cedrick Wilson Jr.,Mia,WR,L 14-21,10.1,KC,Away,30.0,11-07-23,9,False,0,27,19,15,0,6.640000000000001,0.0,0.0,1.6,26.4,0.4,0.0,0.0,0.0,49.9,0.0,0.0,12.0,199.0,3.0,0.0,0.0,0.0,5.544444444444444,0.0,0.0,1.3333333333333333,22.11111111111111,0.3333333333333333,0.0,0.0,5.544444444444444
691,Cedrick Wilson Jr.,Mia,WR,W 20-13,5.3,LV,Home,60.5,11-21-23,11,False,0,27,19,18,1,5.859999999999999,0.0,0.0,1.4,20.6,0.4,0.0,0.0,0.0,55.199999999999996,0.0,0.0,15.0,222.0,3.0,0.0,0.0,0.0,5.52,0.0,0.0,1.5,22.2,0.3,0.0,0.0,5.52
1660,Cedrick Wilson Jr.,Mia,WR,W 34-13,0.0,NYJ,Away,149.0,11-28-23,12,False,0,27,19,24,0,5.859999999999999,0.0,0.0,1.4,20.6,0.4,0.0,0.0,0.0,55.199999999999996,0.0,0.0,15.0,222.0,3.0,0.0,0.0,0.0,5.018181818181818,0.0,0.0,1.3636363636363635,20.181818181818183,0.2727272727272727,0.0,0.0,5.018181818181818
884,Cedrick Wilson Jr.,Mia,WR,W 45-15,0.0,Wsh,Away,113.0,12-05-23,13,False,0,27,19,31,0,4.5,0.0,0.0,1.0,11.0,0.4,0.0,0.0,0.0,55.199999999999996,0.0,0.0,15.0,222.0,3.0,0.0,0.0,0.0,4.6,0.0,0.0,1.25,18.5,0.25,0.0,0.0,4.6
1126,Cedrick Wilson Jr.,Mia,WR,L 27-28,5.0,Ten,Home,63.0,12-12-23,14,False,0,27,19,30,1,4.08,0.0,0.0,1.2,16.8,0.2,0.0,0.0,0.0,60.199999999999996,0.0,0.0,17.0,252.0,3.0,0.0,0.0,0.0,4.63076923076923,0.0,0.0,1.3076923076923077,19.384615384615383,0.23076923076923078,0.0,0.0,4.63076923076923
2300,Cedrick Wilson Jr.,Mia,WR,W 30-0,2.2,NYJ,Home,96.5,12-19-23,15,False,0,27,19,24,1,2.5,0.0,0.0,1.4,11.0,0.0,0.0,0.0,0.0,62.4,0.0,0.0,19.0,254.0,3.0,0.0,0.0,0.0,4.457142857142857,0.0,0.0,1.3571428571428572,18.142857142857142,0.21428571428571427,0.0,0.0,4.457142857142857
1761,Cedrick Wilson Jr.,Mia,WR,W 22-20,7.2,Dal,Home,61.5,12-26-23,16,False,0,27,19,8,1,2.88,0.0,0.0,1.4,14.8,0.0,0.0,0.0,0.0,69.6,0.0,0.0,22.0,296.0,3.0,0.0,0.0,0.0,4.64,0.0,0.0,1.4666666666666666,19.733333333333334,0.2,0.0,0.0,4.64
1868,CeeDee Lamb,Dal,WR,W 20-19,40.2,Det,Home,1.0,01-02-24,17,False,0,28,8,10,1,40.2,0.0,0.0,13.0,227.0,1.0,1.0,5.0,0.0,40.2,0.0,0.0,13.0,227.0,1.0,1.0,5.0,0.0,40.2,0.0,0.0,13.0,227.0,1.0,1.0,5.0,40.2
1223,CeeDee Lamb,Dal,WR,W 38-10,35.5,Wsh,Away,2.0,01-09-24,18,False,0,28,8,31,0,37.85,0.0,0.0,13.0,162.5,1.5,1.0,6.0,0.0,75.7,0.0,0.0,26.0,325.0,3.0,2.0,12.0,0.0,37.85,0.0,0.0,13.0,162.5,1.5,1.0,6.0,37.85
193,CeeDee Lamb,Dal,WR,W 40-0,11.7,NYG,Away,32.5,09-12-23,1,False,0,28,8,23,0,29.133333333333336,0.0,0.0,10.0,134.0,1.0,0.6666666666666666,4.0,0.0,87.4,0.0,0.0,30.0,402.0,3.0,2.0,12.0,0.0,29.133333333333336,0.0,0.0,10.0,134.0,1.0,0.6666666666666666,4.0,29.133333333333336
2042,CeeDee Lamb,Dal,WR,W 30-10,25.3,NYJ,Home,7.0,09-19-23,2,False,0,28,8,24,1,28.175,0.0,0.0,10.25,136.25,0.75,0.5,3.0,0.0,112.7,0.0,0.0,41.0,545.0,3.0,2.0,12.0,0.0,28.175,0.0,0.0,10.25,136.25,0.75,0.5,3.0,28.175
369,CeeDee Lamb,Dal,WR,L 16-28,10.2,Ari,Away,46.0,09-26-23,3,False,0,28,8,0,0,24.580000000000002,0.0,0.0,9.0,119.6,0.6,0.8,4.2,0.0,122.9,0.0,0.0,45.0,598.0,3.0,4.0,21.0,0.0,24.580000000000002,0.0,0.0,9.0,119.6,0.6,0.8,4.2,24.580000000000002
23,CeeDee Lamb,Dal,WR,W 38-3,14.8,NE,Home,24.5,10-03-23,4,False,0,28,8,21,1,19.5,0.0,0.0,7.2,81.4,0.6,0.8,5.6,0.0,137.7,0.0,0.0,49.0,634.0,4.0,5.0,33.0,0.0,22.95,0.0,0.0,8.166666666666666,105.66666666666667,0.6666666666666666,0.8333333333333334,5.5,22.95
529,CeeDee Lamb,Dal,WR,L 10-42,8.9,SF,Away,43.0,10-10-23,5,False,0,28,8,27,0,14.180000000000001,0.0,0.0,5.4,71.6,0.2,0.6,4.2,0.0,146.6,0.0,0.0,53.0,683.0,4.0,5.0,33.0,0.0,20.942857142857143,0.0,0.0,7.571428571428571,97.57142857142857,0.5714285714285714,0.7142857142857143,4.714285714285714,20.942857142857143
2682,CeeDee Lamb,Dal,WR,W 20-17,18.7,LAC,Away,11.0,10-17-23,6,False,0,28,8,16,0,15.580000000000002,0.0,0.0,6.0,79.6,0.2,0.6,4.2,0.0,165.3,0.0,0.0,60.0,800.0,4.0,5.0,33.0,0.0,20.6625,0.0,0.0,7.5,100.0,0.5,0.625,4.125,20.6625
2373,CeeDee Lamb,Dal,WR,W 43-20,41.0,LAR,Home,1.0,10-31-23,8,False,0,28,8,17,1,18.72,0.0,0.0,6.2,82.6,0.6,0.8,6.6,0.0,206.3,0.0,0.0,72.0,958.0,6.0,6.0,45.0,0.0,22.922222222222224,0.0,0.0,8.0,106.44444444444444,0.6666666666666666,0.6666666666666666,5.0,22.922222222222224
918,CeeDee Lamb,Dal,WR,L 23-28,28.1,Phi,Away,2.0,11-07-23,9,False,0,28,8,25,0,22.3,0.0,0.0,7.6,110.2,0.6,0.4,4.8,0.0,234.4,0.0,0.0,83.0,1149.0,6.0,6.0,45.0,0.0,23.44,0.0,0.0,8.3,114.9,0.6,0.6,4.5,23.44
1386,CeeDee Lamb,Dal,WR,W 49-17,39.5,NYG,Home,2.0,11-14-23,10,False,0,28,8,23,1,27.24,0.0,0.0,9.0,133.2,0.6,0.4,5.2,0.2,273.9,0.0,0.0,94.0,1300.0,7.0,7.0,59.0,1.0,24.9,0.0,0.0,8.545454545454545,118.18181818181819,0.6363636363636364,0.6363636363636364,5.363636363636363,24.9
646,CeeDee Lamb,Dal,WR,W 33-10,16.5,Car,Away,15.0,11-21-23,11,False,0,28,8,4,0,28.76,0.0,0.0,9.4,131.0,0.8,0.6,6.6,0.2,290.4,0.0,0.0,100.0,1338.0,8.0,8.0,66.0,1.0,24.2,0.0,0.0,8.333333333333334,111.5,0.6666666666666666,0.6666666666666666,5.5,24.2
1549,CeeDee Lamb,Dal,WR,W 45-10,17.3,Wsh,Home,21.0,11-28-23,12,False,0,28,8,31,1,28.48,0.0,0.0,8.8,118.2,1.0,0.8,6.6,0.2,307.7,0.0,0.0,104.0,1391.0,9.0,9.0,66.0,1.0,23.66923076923077,0.0,0.0,8.0,107.0,0.6923076923076923,0.6923076923076923,5.076923076923077,23.66923076923077
785,CeeDee Lamb,Dal,WR,W 41-35,32.6,Sea,Home,4.0,12-05-23,13,False,0,28,8,28,1,26.8,0.0,0.0,8.8,109.8,0.8,1.0,10.2,0.2,340.3,0.0,0.0,116.0,1507.0,10.0,11.0,96.0,1.0,24.307142857142857,0.0,0.0,8.285714285714286,107.64285714285714,0.7142857142857143,0.7857142857142857,6.857142857142857,24.307142857142857
1074,CeeDee Lamb,Dal,WR,W 33-13,19.1,Phi,Home,11.0,12-12-23,14,False,0,28,8,25,1,25.0,0.0,0.0,7.8,85.8,1.0,1.0,10.2,0.2,359.40000000000003,0.0,0.0,122.0,1578.0,11.0,11.0,96.0,1.0,23.96,0.0,0.0,8.133333333333333,105.2,0.7333333333333333,0.7333333333333333,6.4,23.96
2220,CeeDee Lamb,Dal,WR,L 10-31,18.6,Buf,Away,16.0,12-19-23,15,False,0,28,8,3,0,20.82,0.0,0.0,7.0,66.2,0.8,1.0,8.0,0.2,378.0,0.0,0.0,129.0,1631.0,11.0,12.0,99.0,2.0,23.625,0.0,0.0,8.0625,101.9375,0.6875,0.75,6.1875,23.625
1708,CeeDee Lamb,Dal,WR,L 20-22,25.2,Mia,Away,9.0,12-26-23,16,False,0,28,8,19,0,22.560000000000002,0.0,0.0,7.0,82.2,0.8,1.2,9.4,0.2,403.2,0.0,0.0,135.0,1749.0,12.0,14.0,113.0,2.0,23.71764705882353,0.0,0.0,7.9411764705882355,102.88235294117646,0.7058823529411765,0.8235294117647058,6.647058823529412,23.71764705882353
2000,Charlie Jones,Cin,WR,L 17-25,0.0,KC,Away,137.5,01-02-24,17,False,0,29,6,15,0,0.0,0.0,0.0,0.0,0.0,0.0,0.0,0.0,0.0,0.0,0.0,0.0,0.0,0.0,0.0,0.0,0.0,0.0,0.0,0.0,0.0,0.0,0.0,0.0,0.0,0.0,0.0
1262,Charlie Jones,Cin,WR,W 31-14,9.2,Cle,Home,41.0,01-09-24,18,False,0,29,6,7,1,4.6,0.0,0.0,1.5,24.5,0.0,1.0,6.5,0.0,9.2,0.0,0.0,3.0,49.0,0.0,2.0,13.0,0.0,4.6,0.0,0.0,1.5,24.5,0.0,1.0,6.5,4.6
292,Charlie Jones,Cin,WR,L 3-24,0.0,Cle,Away,135.0,09-12-23,1,False,0,29,6,7,0,3.0666666666666664,0.0,0.0,1.0,16.333333333333332,0.0,0.6666666666666666,4.333333333333333,0.0,9.2,0.0,0.0,3.0,49.0,0.0,2.0,13.0,0.0,3.0666666666666664,0.0,0.0,1.0,16.333333333333332,0.0,0.6666666666666666,4.333333333333333,3.0666666666666664
2108,Charlie Jones,Cin,WR,L 24-27,6.0,Bal,Home,73.0,09-19-23,2,False,0,29,6,2,1,3.8,0.0,0.0,0.75,12.25,0.0,0.5,3.25,0.0,15.2,0.0,0.0,3.0,49.0,0.0,2.0,13.0,0.0,3.8,0.0,0.0,0.75,12.25,0.0,0.5,3.25,3.8
430,Charlie Jones,Cin,WR,W 19-16,1.6,LAR,Home,107.0,09-26-23,3,False,0,29,6,17,1,3.3600000000000003,0.0,0.0,0.8,11.0,0.0,0.4,2.6,0.0,16.8,0.0,0.0,4.0,55.0,0.0,2.0,13.0,0.0,3.3600000000000003,0.0,0.0,0.8,11.0,0.0,0.4,2.6,3.3600000000000003
749,Charlie Jones,Cin,WR,L 20-34,0.0,Bal,Away,126.0,11-21-23,11,False,0,29,6,2,0,3.3600000000000003,0.0,0.0,0.8,11.0,0.0,0.4,2.6,0.0,16.8,0.0,0.0,4.0,55.0,0.0,2.0,13.0,0.0,2.8000000000000003,0.0,0.0,0.6666666666666666,9.166666666666666,0.0,0.3333333333333333,2.1666666666666665,2.8000000000000003
1667,Charlie Jones,Cin,WR,L 10-16,0.0,Pit,Home,149.0,11-28-23,12,False,0,29,6,26,1,1.52,0.0,0.0,0.2,1.2,0.0,0.0,0.0,0.0,16.8,0.0,0.0,4.0,55.0,0.0,2.0,13.0,0.0,2.4,0.0,0.0,0.5714285714285714,7.857142857142857,0.0,0.2857142857142857,1.8571428571428572,2.4
894,Charlie Jones,Cin,WR,W 34-31,0.0,Jax,Away,113.0,12-05-23,13,False,0,29,6,14,0,1.52,0.0,0.0,0.2,1.2,0.0,0.0,0.0,0.0,16.8,0.0,0.0,4.0,55.0,0.0,2.0,13.0,0.0,2.1,0.0,0.0,0.5,6.875,0.0,0.25,1.625,2.1
1197,Charlie Jones,Cin,WR,W 34-14,0.0,Ind,Home,134.0,12-12-23,14,False,0,29,6,13,1,0.32,0.0,0.0,0.2,1.2,0.0,0.0,0.0,0.0,16.8,0.0,0.0,4.0,55.0,0.0,2.0,13.0,0.0,1.8666666666666667,0.0,0.0,0.4444444444444444,6.111111111111111,0.0,0.2222222222222222,1.4444444444444444,1.8666666666666667
2289,Charlie Jones,Cin,WR,W 27-24,3.0,Min,Home,84.5,12-19-23,15,False,0,29,6,20,1,0.6,0.0,0.0,0.4,2.0,0.0,0.0,0.0,0.0,19.8,0.0,0.0,6.0,65.0,0.0,2.0,13.0,0.0,1.98,0.0,0.0,0.6,6.5,0.0,0.2,1.3,1.98
1820,Charlie Jones,Cin,WR,L 11-34,0.9,Pit,Away,121.0,12-26-23,16,False,0,29,6,26,0,0.78,0.0,0.0,0.6,1.8,0.0,0.0,0.0,0.0,20.7,0.0,0.0,7.0,64.0,0.0,2.0,13.0,0.0,1.8818181818181818,0.0,0.0,0.6363636363636364,5.818181818181818,0.0,0.18181818181818182,1.1818181818181819,1.8818181818181818
1979,Chase Claypool,Mia,WR,L 19-56,0.0,Bal,Away,137.5,01-02-24,17,False,0,30,19,2,0,0.0,0.0,0.0,0.0,0.0,0.0,0.0,0.0,0.0,0.0,0.0,0.0,0.0,0.0,0.0,0.0,0.0,0.0,0.0,0.0,0.0,0.0,0.0,0.0,0.0,0.0,0.0
1333,Chase Claypool,Mia,WR,L 14-21,1.3,Buf,Home,113.0,01-09-24,18,False,0,30,19,3,1,0.65,0.0,0.0,0.5,1.5,0.0,0.0,0.0,0.0,1.3,0.0,0.0,1.0,3.0,0.0,0.0,0.0,0.0,0.65,0.0,0.0,0.5,1.5,0.0,0.0,0.0,0.65
273,Chase Claypool,Mia,WR,W 36-34,0.0,LAC,Away,135.0,09-12-23,1,False,0,30,19,16,0,0.43333333333333335,0.0,0.0,0.3333333333333333,1.0,0.0,0.0,0.0,0.0,1.3,0.0,0.0,1.0,3.0,0.0,0.0,0.0,0.0,0.43333333333333335,0.0,0.0,0.3333333333333333,1.0,0.0,0.0,0.0,0.43333333333333335
2076,Chase Claypool,Mia,WR,W 24-17,12.6,NE,Away,41.0,09-19-23,2,False,0,30,19,21,0,3.475,0.0,0.0,1.0,9.75,0.25,0.0,0.0,0.0,13.9,0.0,0.0,4.0,39.0,1.0,0.0,0.0,0.0,3.475,0.0,0.0,1.0,9.75,0.25,0.0,0.0,3.475
421,Chase Claypool,Mia,WR,W 70-20,2.5,Den,Home,98.5,09-26-23,3,False,0,30,19,9,1,3.28,0.0,0.0,1.0,10.8,0.2,0.0,0.0,0.0,16.4,0.0,0.0,5.0,54.0,1.0,0.0,0.0,0.0,3.28,0.0,0.0,1.0,10.8,0.2,0.0,0.0,3.28
2638,Chase Claypool,Mia,WR,L 17-31,0.0,Phi,Away,116.0,10-24-23,7,False,0,30,19,25,0,3.28,0.0,0.0,1.0,10.8,0.2,0.0,0.0,0.0,16.4,0.0,0.0,5.0,54.0,1.0,0.0,0.0,0.0,2.733333333333333,0.0,0.0,0.8333333333333334,9.0,0.16666666666666666,0.0,0.0,2.733333333333333
2467,Chase Claypool,Mia,WR,W 31-17,2.5,NE,Home,95.0,10-31-23,8,False,0,30,19,21,1,3.5200000000000005,0.0,0.0,1.0,13.2,0.2,0.0,0.0,0.0,18.9,0.0,0.0,6.0,69.0,1.0,0.0,0.0,0.0,2.6999999999999997,0.0,0.0,0.8571428571428571,9.857142857142858,0.14285714285714285,0.0,0.0,2.6999999999999997
1028,Chase Claypool,Mia,WR,L 14-21,0.0,KC,Away,126.5,11-07-23,9,False,0,30,19,15,0,3.5200000000000005,0.0,0.0,1.0,13.2,0.2,0.0,0.0,0.0,18.9,0.0,0.0,6.0,69.0,1.0,0.0,0.0,0.0,2.3625,0.0,0.0,0.75,8.625,0.125,0.0,0.0,2.3625
880,Chase Claypool,Mia,WR,W 45-15,0.0,Wsh,Away,113.0,12-05-23,13,False,0,30,19,31,0,1.0,0.0,0.0,0.4,6.0,0.0,0.0,0.0,0.0,18.9,0.0,0.0,6.0,69.0,1.0,0.0,0.0,0.0,2.0999999999999996,0.0,0.0,0.6666666666666666,7.666666666666667,0.1111111111111111,0.0,0.0,2.0999999999999996
1179,Chase Claypool,Mia,WR,L 27-28,0.0,Ten,Home,134.0,12-12-23,14,False,0,30,19,30,1,0.5,0.0,0.0,0.2,3.0,0.0,0.0,0.0,0.0,18.9,0.0,0.0,6.0,69.0,1.0,0.0,0.0,0.0,1.89,0.0,0.0,0.6,6.9,0.1,0.0,0.0,1.89
2292,Chase Claypool,Mia,WR,W 30-0,2.8,NYJ,Home,87.0,12-19-23,15,False,0,30,19,24,1,1.06,0.0,0.0,0.6,4.6,0.0,0.0,0.0,0.0,21.7,0.0,0.0,8.0,77.0,1.0,0.0,0.0,0.0,1.9727272727272727,0.0,0.0,0.7272727272727273,7.0,0.09090909090909091,0.0,0.0,1.9727272727272727
1827,Chase Claypool,Mia,WR,W 22-20,0.0,Dal,Home,144.5,12-26-23,16,False,0,30,19,8,1,0.5599999999999999,0.0,0.0,0.4,1.6,0.0,0.0,0.0,0.0,21.7,0.0,0.0,8.0,77.0,1.0,0.0,0.0,0.0,1.8083333333333333,0.0,0.0,0.6666666666666666,6.416666666666667,0.08333333333333333,0.0,0.0,1.8083333333333333
1699,Chris Blair,Atl,WR,W 24-15,0.0,NO,Home,149.0,11-28-23,12,False,0,31,1,22,1,0.0,0.0,0.0,0.0,0.0,0.0,0.0,0.0,0.0,0.0,0.0,0.0,0.0,0.0,0.0,0.0,0.0,0.0,0.0,0.0,0.0,0.0,0.0,0.0,0.0,0.0,0.0
2022,Chris Conley,SF,WR,W 27-10,0.0,Wsh,Away,137.5,01-02-24,17,False,0,32,27,31,0,0.0,0.0,0.0,0.0,0.0,0.0,0.0,0.0,0.0,0.0,0.0,0.0,0.0,0.0,0.0,0.0,0.0,0.0,0.0,0.0,0.0,0.0,0.0,0.0,0.0,0.0,0.0
1260,Chris Conley,SF,WR,L 20-21,9.9,LAR,Home,39.0,01-09-24,18,False,0,32,27,17,1,4.95,0.0,0.0,1.5,34.5,0.0,0.0,0.0,0.0,9.9,0.0,0.0,3.0,69.0,0.0,0.0,0.0,0.0,4.95,0.0,0.0,1.5,34.5,0.0,0.0,0.0,4.95
482,Chris Conley,SF,WR,W 30-12,0.0,NYG,Home,141.0,09-26-23,3,False,0,32,27,23,1,3.3000000000000003,0.0,0.0,1.0,23.0,0.0,0.0,0.0,0.0,9.9,0.0,0.0,3.0,69.0,0.0,0.0,0.0,0.0,3.3000000000000003,0.0,0.0,1.0,23.0,0.0,0.0,0.0,3.3000000000000003
2665,Chris Conley,SF,WR,L 17-22,0.0,Min,Away,116.0,10-24-23,7,False,0,32,27,20,0,2.475,0.0,0.0,0.75,17.25,0.0,0.0,0.0,0.0,9.9,0.0,0.0,3.0,69.0,0.0,0.0,0.0,0.0,2.475,0.0,0.0,0.75,17.25,0.0,0.0,0.0,2.475
908,Chris Conley,SF,WR,W 42-19,0.0,Phi,Away,113.0,12-05-23,13,False,0,32,27,25,0,1.98,0.0,0.0,0.6,13.8,0.0,0.0,0.0,0.0,9.9,0.0,0.0,3.0,69.0,0.0,0.0,0.0,0.0,1.98,0.0,0.0,0.6,13.8,0.0,0.0,0.0,1.98
1213,Chris Conley,SF,WR,W 28-16,0.0,Sea,Home,134.0,12-12-23,14,False,0,32,27,28,1,1.98,0.0,0.0,0.6,13.8,0.0,0.0,0.0,0.0,9.9,0.0,0.0,3.0,69.0,0.0,0.0,0.0,0.0,1.6500000000000001,0.0,0.0,0.5,11.5,0.0,0.0,0.0,1.6500000000000001
2360,Chris Conley,SF,WR,W 45-29,0.0,Ari,Away,140.0,12-19-23,15,False,0,32,27,0,0,0.0,0.0,0.0,0.0,0.0,0.0,0.0,0.0,0.0,9.9,0.0,0.0,3.0,69.0,0.0,0.0,0.0,0.0,1.4142857142857144,0.0,0.0,0.42857142857142855,9.857142857142858,0.0,0.0,0.0,1.4142857142857144
1856,Chris Conley,SF,WR,L 19-33,0.0,Bal,Home,144.5,12-26-23,16,False,0,32,27,2,1,0.0,0.0,0.0,0.0,0.0,0.0,0.0,0.0,0.0,9.9,0.0,0.0,3.0,69.0,0.0,0.0,0.0,0.0,1.2375,0.0,0.0,0.375,8.625,0.0,0.0,0.0,1.2375
1883,Chris Godwin,TB,WR,L 13-23,17.1,NO,Home,16.5,01-02-24,17,False,0,33,29,22,1,17.1,0.0,0.0,3.0,81.0,1.0,0.0,0.0,0.0,17.1,0.0,0.0,3.0,81.0,1.0,0.0,0.0,0.0,17.1,0.0,0.0,3.0,81.0,1.0,0.0,0.0,17.1
1255,Chris Godwin,TB,WR,W 9-0,11.5,Car,Away,34.0,01-09-24,18,False,0,33,29,4,0,14.3,0.0,0.0,4.5,66.0,0.5,0.5,2.0,0.0,28.6,0.0,0.0,9.0,132.0,1.0,1.0,4.0,0.0,14.3,0.0,0.0,4.5,66.0,0.5,0.5,2.0,14.3
201,Chris Godwin,TB,WR,W 20-17,10.1,Min,Away,40.0,09-12-23,1,False,0,33,29,20,0,12.9,0.0,0.0,4.666666666666667,61.0,0.3333333333333333,0.3333333333333333,1.3333333333333333,0.0,38.7,0.0,0.0,14.0,183.0,1.0,1.0,4.0,0.0,12.9,0.0,0.0,4.666666666666667,61.0,0.3333333333333333,0.3333333333333333,1.3333333333333333,12.9
2086,Chris Godwin,TB,WR,W 27-17,10.8,Chi,Home,51.5,09-19-23,2,False,0,33,29,5,1,12.375,0.0,0.0,4.75,60.25,0.25,0.25,1.0,0.0,49.5,0.0,0.0,19.0,241.0,1.0,1.0,4.0,0.0,12.375,0.0,0.0,4.75,60.25,0.25,0.25,1.0,12.375
380,Chris Godwin,TB,WR,L 11-25,8.2,Phi,Home,57.5,09-26-23,3,False,0,33,29,25,1,11.540000000000001,0.0,0.0,4.4,54.6,0.2,0.2,0.8,0.0,57.7,0.0,0.0,22.0,273.0,1.0,1.0,4.0,0.0,11.540000000000001,0.0,0.0,4.4,54.6,0.2,0.2,0.8,11.540000000000001
9,Chris Godwin,TB,WR,W 26-9,19.4,NO,Away,10.0,10-03-23,4,False,0,33,29,22,0,12.0,0.0,0.0,5.4,61.2,0.0,0.2,0.8,0.0,77.1,0.0,0.0,30.0,387.0,1.0,1.0,4.0,0.0,12.85,0.0,0.0,5.0,64.5,0.16666666666666666,0.16666666666666666,0.6666666666666666,12.85
2699,Chris Godwin,TB,WR,L 6-20,13.7,Det,Home,28.0,10-17-23,6,False,0,33,29,10,1,12.440000000000001,0.0,0.0,5.4,66.4,0.0,0.0,0.0,0.0,90.8,0.0,0.0,36.0,464.0,1.0,1.0,4.0,0.0,12.971428571428572,0.0,0.0,5.142857142857143,66.28571428571429,0.14285714285714285,0.14285714285714285,0.5714285714285714,12.971428571428572
2563,Chris Godwin,TB,WR,L 13-16,12.6,Atl,Home,26.0,10-24-23,7,False,0,33,29,1,1,12.940000000000001,0.0,0.0,5.6,69.4,0.0,0.0,0.0,0.0,103.4,0.0,0.0,42.0,530.0,1.0,1.0,4.0,0.0,12.925,0.0,0.0,5.25,66.25,0.125,0.125,0.5,12.925
2388,Chris Godwin,TB,WR,L 18-24,17.8,Buf,Away,16.0,10-31-23,8,False,0,33,29,3,0,14.34,0.0,0.0,5.6,68.6,0.2,0.2,2.8,0.0,121.2,0.0,0.0,47.0,584.0,2.0,2.0,18.0,0.0,13.466666666666667,0.0,0.0,5.222222222222222,64.88888888888889,0.2222222222222222,0.2222222222222222,2.0,13.466666666666667
990,Chris Godwin,TB,WR,L 37-39,3.6,Hou,Away,74.5,11-07-23,9,False,0,33,29,12,0,13.419999999999998,0.0,0.0,5.4,65.4,0.2,0.2,2.8,0.0,124.8,0.0,0.0,49.0,600.0,2.0,2.0,18.0,0.0,12.48,0.0,0.0,4.9,60.0,0.2,0.2,1.8,12.48
1421,Chris Godwin,TB,WR,W 20-6,9.4,Ten,Home,37.0,11-14-23,10,False,0,33,29,30,1,11.42,0.0,0.0,4.6,53.4,0.2,0.2,2.8,0.0,134.2,0.0,0.0,53.0,654.0,2.0,2.0,18.0,0.0,12.2,0.0,0.0,4.818181818181818,59.45454545454545,0.18181818181818182,0.18181818181818182,1.6363636363636365,12.2
665,Chris Godwin,TB,WR,L 14-27,9.9,SF,Away,34.0,11-21-23,11,False,0,33,29,27,0,10.66,0.0,0.0,4.6,45.8,0.2,0.2,2.8,0.0,144.1,0.0,0.0,59.0,693.0,2.0,2.0,18.0,0.0,12.008333333333333,0.0,0.0,4.916666666666667,57.75,0.16666666666666666,0.16666666666666666,1.5,12.008333333333333
1584,Chris Godwin,TB,WR,L 20-27,7.5,Ind,Away,56.0,11-28-23,12,False,0,33,29,13,0,9.64,0.0,0.0,4.0,41.6,0.2,0.2,2.8,0.0,151.6,0.0,0.0,62.0,738.0,2.0,2.0,18.0,0.0,11.661538461538461,0.0,0.0,4.769230769230769,56.76923076923077,0.15384615384615385,0.15384615384615385,1.3846153846153846,11.661538461538461
824,Chris Godwin,TB,WR,W 21-18,7.9,Car,Home,43.0,12-05-23,13,False,0,33,29,4,1,7.659999999999999,0.0,0.0,3.0,30.8,0.0,0.2,3.8,0.2,159.5,0.0,0.0,62.0,738.0,2.0,3.0,37.0,1.0,11.392857142857142,0.0,0.0,4.428571428571429,52.714285714285715,0.14285714285714285,0.21428571428571427,2.642857142857143,11.392857142857142
1097,Chris Godwin,TB,WR,W 29-25,10.3,Atl,Away,33.5,12-12-23,14,False,0,33,29,1,0,9.0,0.0,0.0,3.6,38.2,0.0,0.2,3.8,0.2,169.8,0.0,0.0,67.0,791.0,2.0,3.0,37.0,1.0,11.32,0.0,0.0,4.466666666666667,52.733333333333334,0.13333333333333333,0.2,2.466666666666667,11.32
2208,Chris Godwin,TB,WR,W 34-20,25.5,GB,Away,4.0,12-19-23,15,False,0,33,29,11,0,12.22,0.0,0.0,4.8,58.4,0.0,0.2,3.8,0.2,195.3,0.0,0.0,77.0,946.0,2.0,3.0,37.0,1.0,12.20625,0.0,0.0,4.8125,59.125,0.125,0.1875,2.3125,12.20625
1727,Chris Godwin,TB,WR,W 30-12,13.9,Jax,Home,28.0,12-26-23,16,False,0,33,29,14,1,13.020000000000001,0.0,0.0,4.8,66.2,0.0,0.4,4.0,0.2,209.20000000000002,0.0,0.0,83.0,1024.0,2.0,4.0,38.0,1.0,12.305882352941177,0.0,0.0,4.882352941176471,60.23529411764706,0.11764705882352941,0.23529411764705882,2.235294117647059,12.305882352941177
1942,Chris Moore,Ten,WR,L 3-26,4.2,Hou,Away,74.5,01-02-24,17,False,0,34,30,12,0,4.2,0.0,0.0,1.0,32.0,0.0,0.0,0.0,0.0,4.2,0.0,0.0,1.0,32.0,0.0,0.0,0.0,0.0,4.2,0.0,0.0,1.0,32.0,0.0,0.0,0.0,4.2
1278,Chris Moore,Ten,WR,W 28-20,6.0,Jax,Home,56.5,01-09-24,18,False,0,34,30,14,1,5.1,0.0,0.0,2.0,31.0,0.0,0.0,0.0,0.0,10.2,0.0,0.0,4.0,62.0,0.0,0.0,0.0,0.0,5.1,0.0,0.0,2.0,31.0,0.0,0.0,0.0,5.1
296,Chris Moore,Ten,WR,L 15-16,0.0,NO,Away,135.0,09-12-23,1,False,0,34,30,22,0,3.4,0.0,0.0,1.3333333333333333,20.666666666666668,0.0,0.0,0.0,0.0,10.2,0.0,0.0,4.0,62.0,0.0,0.0,0.0,0.0,3.4,0.0,0.0,1.3333333333333333,20.666666666666668,0.0,0.0,0.0,3.4
2110,Chris Moore,Ten,WR,W 27-24,5.9,LAC,Home,74.5,09-19-23,2,False,0,34,30,16,1,4.025,0.0,0.0,1.25,27.75,0.0,0.0,0.0,0.0,16.1,0.0,0.0,5.0,111.0,0.0,0.0,0.0,0.0,4.025,0.0,0.0,1.25,27.75,0.0,0.0,0.0,4.025
396,Chris Moore,Ten,WR,L 3-27,6.1,Cle,Away,73.5,09-26-23,3,False,0,34,30,7,0,4.4399999999999995,0.0,0.0,1.4,30.4,0.0,0.0,0.0,0.0,22.2,0.0,0.0,7.0,152.0,0.0,0.0,0.0,0.0,4.4399999999999995,0.0,0.0,1.4,30.4,0.0,0.0,0.0,4.4399999999999995
67,Chris Moore,Ten,WR,W 27-3,5.4,Cin,Home,67.0,10-03-23,4,False,0,34,30,6,1,4.680000000000001,0.0,0.0,1.4,32.8,0.0,0.0,0.0,0.0,27.6,0.0,0.0,8.0,196.0,0.0,0.0,0.0,0.0,4.6000000000000005,0.0,0.0,1.3333333333333333,32.666666666666664,0.0,0.0,0.0,4.6000000000000005
607,Chris Moore,Ten,WR,L 16-23,0.0,Ind,Away,124.5,10-10-23,5,False,0,34,30,13,0,3.4800000000000004,0.0,0.0,0.8,26.8,0.0,0.0,0.0,0.0,27.6,0.0,0.0,8.0,196.0,0.0,0.0,0.0,0.0,3.942857142857143,0.0,0.0,1.1428571428571428,28.0,0.0,0.0,0.0,3.942857142857143
2765,Chris Moore,Ten,WR,L 16-24,1.6,Bal,Home,94.0,10-17-23,6,False,0,34,30,2,1,3.8,0.0,0.0,1.0,28.0,0.0,0.0,0.0,0.0,29.2,0.0,0.0,9.0,202.0,0.0,0.0,0.0,0.0,3.65,0.0,0.0,1.125,25.25,0.0,0.0,0.0,3.65
2508,Chris Moore,Ten,WR,W 28-23,0.0,Atl,Home,138.0,10-31-23,8,False,0,34,30,1,1,2.62,0.0,0.0,0.8,18.2,0.0,0.0,0.0,0.0,29.2,0.0,0.0,9.0,202.0,0.0,0.0,0.0,0.0,3.2444444444444445,0.0,0.0,1.0,22.444444444444443,0.0,0.0,0.0,3.2444444444444445
987,Chris Moore,Ten,WR,L 16-20,3.9,Pit,Away,70.0,11-07-23,9,False,0,34,30,26,0,2.18,0.0,0.0,0.6,15.8,0.0,0.0,0.0,0.0,33.1,0.0,0.0,10.0,231.0,0.0,0.0,0.0,0.0,3.31,0.0,0.0,1.0,23.1,0.0,0.0,0.0,3.31
1451,Chris Moore,Ten,WR,L 6-20,4.1,TB,Away,65.5,11-14-23,10,False,0,34,30,29,0,1.92,0.0,0.0,0.8,11.2,0.0,0.0,0.0,0.0,37.2,0.0,0.0,12.0,252.0,0.0,0.0,0.0,0.0,3.3818181818181823,0.0,0.0,1.0909090909090908,22.90909090909091,0.0,0.0,0.0,3.3818181818181823
666,Chris Moore,Ten,WR,L 14-34,9.7,Jax,Away,35.0,11-21-23,11,False,0,34,30,14,0,3.8599999999999994,0.0,0.0,1.0,21.0,0.0,0.2,7.6,0.0,46.9,0.0,0.0,13.0,301.0,0.0,1.0,38.0,0.0,3.908333333333333,0.0,0.0,1.0833333333333333,25.083333333333332,0.0,0.08333333333333333,3.1666666666666665,3.908333333333333
1587,Chris Moore,Ten,WR,W 17-10,7.2,Car,Home,58.5,11-28-23,12,False,0,34,30,4,1,4.9799999999999995,0.0,0.0,1.4,28.0,0.0,0.4,7.8,0.0,54.1,0.0,0.0,16.0,342.0,0.0,2.0,39.0,0.0,4.161538461538462,0.0,0.0,1.2307692307692308,26.307692307692307,0.0,0.15384615384615385,3.0,4.161538461538462
855,Chris Moore,Ten,WR,L 28-31,2.2,Ind,Home,72.5,12-05-23,13,False,0,34,30,13,1,5.42,0.0,0.0,1.6,30.4,0.0,0.4,7.8,0.0,56.3,0.0,0.0,17.0,354.0,0.0,2.0,39.0,0.0,4.021428571428571,0.0,0.0,1.2142857142857142,25.285714285714285,0.0,0.14285714285714285,2.7857142857142856,4.021428571428571
1148,Chris Moore,Ten,WR,W 28-27,3.2,Mia,Away,85.0,12-12-23,14,False,0,34,30,19,0,5.279999999999999,0.0,0.0,1.6,29.0,0.0,0.4,7.8,0.0,59.5,0.0,0.0,18.0,376.0,0.0,2.0,39.0,0.0,3.966666666666667,0.0,0.0,1.2,25.066666666666666,0.0,0.13333333333333333,2.6,3.966666666666667
2259,Chris Moore,Ten,WR,L 16-19,6.9,Hou,Home,54.5,12-19-23,15,False,0,34,30,12,1,5.84,0.0,0.0,1.8,32.6,0.0,0.4,7.8,0.0,66.4,0.0,0.0,21.0,415.0,0.0,2.0,39.0,0.0,4.15,0.0,0.0,1.3125,25.9375,0.0,0.125,2.4375,4.15
1802,Chris Moore,Ten,WR,L 17-20,1.9,Sea,Home,103.0,12-26-23,16,False,0,34,30,28,1,4.279999999999999,0.0,0.0,1.8,24.6,0.0,0.2,0.2,0.0,68.3,0.0,0.0,22.0,424.0,0.0,2.0,39.0,0.0,4.017647058823529,0.0,0.0,1.2941176470588236,24.941176470588236,0.0,0.11764705882352941,2.2941176470588234,4.017647058823529
1932,Chris Olave,NO,WR,W 23-13,5.6,TB,Away,65.5,01-02-24,17,False,0,35,22,29,0,5.6,0.0,0.0,3.0,26.0,0.0,0.0,0.0,0.0,5.6,0.0,0.0,3.0,26.0,0.0,0.0,0.0,0.0,5.6,0.0,0.0,3.0,26.0,0.0,0.0,0.0,5.6
1247,Chris Olave,NO,WR,W 48-17,14.6,Atl,Home,26.0,01-09-24,18,False,0,35,22,1,1,10.1,0.0,0.0,3.0,41.0,0.5,0.0,0.0,0.0,20.2,0.0,0.0,6.0,82.0,1.0,0.0,0.0,0.0,10.1,0.0,0.0,3.0,41.0,0.5,0.0,0.0,10.1
171,Chris Olave,NO,WR,W 16-15,19.2,Ten,Home,10.0,09-12-23,1,False,0,35,22,30,1,13.133333333333333,0.0,0.0,4.666666666666667,64.66666666666667,0.3333333333333333,0.0,0.0,0.0,39.4,0.0,0.0,14.0,194.0,1.0,0.0,0.0,0.0,13.133333333333333,0.0,0.0,4.666666666666667,64.66666666666667,0.3333333333333333,0.0,0.0,13.133333333333333
2068,Chris Olave,NO,WR,W 20-17,14.6,Car,Away,33.0,09-19-23,2,False,0,35,22,4,0,13.5,0.0,0.0,5.0,70.0,0.25,0.0,0.0,0.0,54.0,0.0,0.0,20.0,280.0,1.0,0.0,0.0,0.0,13.5,0.0,0.0,5.0,70.0,0.25,0.0,0.0,13.5
339,Chris Olave,NO,WR,L 17-18,18.4,GB,Away,16.0,09-26-23,3,False,0,35,22,11,0,14.48,0.0,0.0,5.6,76.8,0.2,0.0,0.0,0.0,72.4,0.0,0.0,28.0,384.0,1.0,0.0,0.0,0.0,14.48,0.0,0.0,5.6,76.8,0.2,0.0,0.0,14.48
116,Chris Olave,NO,WR,L 9-26,1.4,TB,Home,117.5,10-03-23,4,False,0,35,22,29,1,13.64,0.0,0.0,5.2,72.4,0.2,0.0,0.0,0.0,73.8,0.0,0.0,29.0,388.0,1.0,0.0,0.0,0.0,12.299999999999999,0.0,0.0,4.833333333333333,64.66666666666667,0.16666666666666666,0.0,0.0,12.299999999999999
526,Chris Olave,NO,WR,W 34-0,9.2,NE,Away,40.0,10-10-23,5,False,0,35,22,21,0,12.559999999999999,0.0,0.0,5.0,63.6,0.2,0.0,0.0,0.0,83.0,0.0,0.0,31.0,400.0,2.0,0.0,0.0,0.0,11.857142857142858,0.0,0.0,4.428571428571429,57.142857142857146,0.2857142857142857,0.0,0.0,11.857142857142858
2689,Chris Olave,NO,WR,L 13-20,16.6,Hou,Away,18.0,10-17-23,6,False,0,35,22,12,0,12.040000000000001,0.0,0.0,4.8,60.4,0.2,0.0,0.0,0.0,99.6,0.0,0.0,38.0,496.0,2.0,0.0,0.0,0.0,12.45,0.0,0.0,4.75,62.0,0.25,0.0,0.0,12.45
2562,Chris Olave,NO,WR,L 24-31,12.7,Jax,Home,24.5,10-24-23,7,False,0,35,22,14,1,11.66,0.0,0.0,5.0,54.6,0.2,0.0,0.0,0.0,112.3,0.0,0.0,45.0,553.0,2.0,0.0,0.0,0.0,12.477777777777778,0.0,0.0,5.0,61.44444444444444,0.2222222222222222,0.0,0.0,12.477777777777778
2421,Chris Olave,NO,WR,W 38-27,9.6,Ind,Away,49.5,10-31-23,8,False,0,35,22,13,0,9.9,0.0,0.0,4.4,43.0,0.2,0.0,0.0,0.0,121.9,0.0,0.0,50.0,599.0,2.0,0.0,0.0,0.0,12.190000000000001,0.0,0.0,5.0,59.9,0.2,0.0,0.0,12.190000000000001
926,Chris Olave,NO,WR,W 24-17,16.6,Chi,Home,10.0,11-07-23,9,False,0,35,22,5,1,12.940000000000001,0.0,0.0,5.4,51.4,0.4,0.0,0.0,0.0,138.5,0.0,0.0,56.0,645.0,3.0,0.0,0.0,0.0,12.590909090909092,0.0,0.0,5.090909090909091,58.63636363636363,0.2727272727272727,0.0,0.0,12.590909090909092
1393,Chris Olave,NO,WR,L 19-27,21.4,Min,Away,9.0,11-14-23,10,False,0,35,22,20,0,15.38,0.0,0.0,6.2,67.8,0.4,0.0,0.0,0.0,159.9,0.0,0.0,62.0,739.0,4.0,0.0,0.0,0.0,13.325000000000001,0.0,0.0,5.166666666666667,61.583333333333336,0.3333333333333333,0.0,0.0,13.325000000000001
1547,Chris Olave,NO,WR,L 15-24,18.4,Atl,Away,19.0,11-28-23,12,False,0,35,22,1,0,15.739999999999998,0.0,0.0,6.2,71.4,0.4,0.0,0.0,0.0,178.3,0.0,0.0,69.0,853.0,4.0,0.0,0.0,0.0,13.715384615384616,0.0,0.0,5.3076923076923075,65.61538461538461,0.3076923076923077,0.0,0.0,13.715384615384616
797,Chris Olave,NO,WR,L 28-33,16.9,Det,Home,16.0,12-05-23,13,False,0,35,22,10,1,16.58,0.0,0.0,5.8,83.8,0.4,0.0,0.0,0.0,195.2,0.0,0.0,74.0,972.0,4.0,0.0,0.0,0.0,13.942857142857141,0.0,0.0,5.285714285714286,69.42857142857143,0.2857142857142857,0.0,0.0,13.942857142857141
1089,Chris Olave,NO,WR,W 28-6,12.8,Car,Home,26.5,12-12-23,14,False,0,35,22,4,1,17.22,0.0,0.0,5.6,80.2,0.6,0.0,0.0,0.0,208.0,0.0,0.0,78.0,1000.0,5.0,0.0,0.0,0.0,13.866666666666667,0.0,0.0,5.2,66.66666666666667,0.3333333333333333,0.0,0.0,13.866666666666667
1710,Chris Olave,NO,WR,L 22-30,23.3,LAR,Away,11.0,12-26-23,16,False,0,35,22,17,0,18.560000000000002,0.0,0.0,6.2,95.6,0.4,0.0,0.0,0.0,231.3,0.0,0.0,87.0,1123.0,5.0,0.0,0.0,0.0,14.45625,0.0,0.0,5.4375,70.1875,0.3125,0.0,0.0,14.45625
256,Christian Kirk,Jax,WR,W 31-21,1.9,Ind,Away,95.5,09-12-23,1,False,0,36,14,13,0,1.9,0.0,0.0,1.0,9.0,0.0,0.0,0.0,0.0,1.9,0.0,0.0,1.0,9.0,0.0,0.0,0.0,0.0,1.9,0.0,0.0,1.0,9.0,0.0,0.0,0.0,1.9
2048,Christian Kirk,Jax,WR,L 9-17,21.96,KC,Home,13.0,09-19-23,2,False,0,36,14,15,1,11.93,-0.5,0.0,6.0,59.5,0.0,0.0,0.0,0.0,23.86,-1.0,0.0,12.0,119.0,0.0,0.0,0.0,0.0,11.93,-0.5,0.0,6.0,59.5,0.0,0.0,0.0,11.93
349,Christian Kirk,Jax,WR,L 17-37,15.4,Hou,Home,26.0,09-26-23,3,False,0,36,14,12,1,13.086666666666666,-0.3333333333333333,0.0,5.333333333333333,57.666666666666664,0.3333333333333333,0.0,0.0,0.0,39.26,-1.0,0.0,16.0,173.0,1.0,0.0,0.0,0.0,13.086666666666666,-0.3333333333333333,0.0,5.333333333333333,57.666666666666664,0.3333333333333333,0.0,0.0,13.086666666666666
15,Christian Kirk,Jax,WR,W 23-7,16.4,Atl,Home,16.0,10-03-23,4,False,0,36,14,1,1,13.915,-0.25,0.0,6.0,64.25,0.25,0.0,0.0,0.0,55.66,-1.0,0.0,24.0,257.0,1.0,0.0,0.0,0.0,13.915,-0.25,0.0,6.0,64.25,0.25,0.0,0.0,13.915
508,Christian Kirk,Jax,WR,W 25-20,14.4,Buf,Away,21.0,10-10-23,5,False,0,36,14,3,0,14.012,-0.2,0.0,6.0,67.0,0.2,0.2,1.2,0.0,70.06,-1.0,0.0,30.0,335.0,1.0,1.0,6.0,0.0,14.012,-0.2,0.0,6.0,67.0,0.2,0.2,1.2,14.012
2698,Christian Kirk,Jax,WR,W 37-20,13.9,Ind,Home,27.0,10-17-23,6,False,0,36,14,13,1,16.412,-0.2,0.0,6.4,75.0,0.4,0.2,1.2,0.0,83.96,-1.0,0.0,33.0,384.0,2.0,1.0,6.0,0.0,13.993333333333332,-0.16666666666666666,0.0,5.5,64.0,0.3333333333333333,0.16666666666666666,1.0,13.993333333333332
2546,Christian Kirk,Jax,WR,W 31-24,19.0,NO,Away,9.0,10-24-23,7,False,0,36,14,22,0,15.819999999999999,0.0,0.0,5.4,71.0,0.6,0.2,1.2,0.0,102.96,-1.0,0.0,39.0,474.0,3.0,1.0,6.0,0.0,14.708571428571428,-0.14285714285714285,0.0,5.571428571428571,67.71428571428571,0.42857142857142855,0.14285714285714285,0.8571428571428571,14.708571428571428
2428,Christian Kirk,Jax,WR,W 20-10,8.6,Pit,Away,56.0,10-31-23,8,False,0,36,14,26,0,14.459999999999999,0.0,0.0,5.4,69.4,0.4,0.2,1.2,0.0,111.56,-1.0,0.0,43.0,520.0,3.0,1.0,6.0,0.0,13.945,-0.125,0.0,5.375,65.0,0.375,0.125,0.75,13.945
1407,Christian Kirk,Jax,WR,L 3-34,14.4,SF,Home,23.5,11-14-23,10,False,0,36,14,27,1,14.059999999999999,0.0,0.0,5.0,73.4,0.4,0.2,1.2,0.0,125.96,-1.0,0.0,49.0,624.0,3.0,1.0,6.0,0.0,13.995555555555555,-0.1111111111111111,0.0,5.444444444444445,69.33333333333333,0.3333333333333333,0.1111111111111111,0.6666666666666666,13.995555555555555
677,Christian Kirk,Jax,WR,W 34-14,7.8,Ten,Home,46.0,11-21-23,11,False,0,36,14,30,1,12.74,0.0,0.0,4.4,67.4,0.4,0.0,0.0,0.0,133.76,-1.0,0.0,52.0,672.0,3.0,1.0,6.0,0.0,13.376,-0.1,0.0,5.2,67.2,0.3,0.1,0.6,13.376
1559,Christian Kirk,Jax,WR,W 24-21,12.9,Hou,Away,31.0,11-28-23,12,False,0,36,14,12,0,12.54,0.0,0.0,4.6,75.4,0.2,0.0,0.0,0.0,146.66,-1.0,0.0,56.0,761.0,3.0,1.0,6.0,0.0,13.332727272727272,-0.09090909090909091,0.0,5.090909090909091,69.18181818181819,0.2727272727272727,0.09090909090909091,0.5454545454545454,13.332727272727272
842,Christian Kirk,Jax,WR,L 31-34,3.6,Cin,Home,61.5,12-05-23,13,False,0,36,14,6,1,9.46,0.0,0.0,3.6,62.6,0.0,0.0,0.0,0.0,150.26,-1.0,0.0,57.0,787.0,3.0,1.0,6.0,0.0,12.521666666666667,-0.08333333333333333,0.0,4.75,65.58333333333333,0.25,0.08333333333333333,0.5,12.521666666666667
2160,Christian Watson,GB,WR,L 24-25,0.0,Atl,Away,145.0,09-19-23,2,False,0,37,11,1,0,0.0,0.0,0.0,0.0,0.0,0.0,0.0,0.0,0.0,0.0,0.0,0.0,0.0,0.0,0.0,0.0,0.0,0.0,0.0,0.0,0.0,0.0,0.0,0.0,0.0,0.0,0.0
35,Christian Watson,GB,WR,L 20-34,10.5,Det,Home,36.5,10-03-23,4,False,0,37,11,10,1,5.25,0.0,0.0,1.0,12.5,0.5,0.0,0.0,0.0,10.5,0.0,0.0,2.0,25.0,1.0,0.0,0.0,0.0,5.25,0.0,0.0,1.0,12.5,0.5,0.0,0.0,5.25
513,Christian Watson,GB,WR,L 13-17,11.6,LV,Away,26.0,10-10-23,5,False,0,37,11,18,0,7.366666666666667,0.0,0.0,1.6666666666666667,38.666666666666664,0.3333333333333333,0.3333333333333333,-1.6666666666666667,0.0,22.1,0.0,0.0,5.0,116.0,1.0,1.0,-5.0,0.0,7.366666666666667,0.0,0.0,1.6666666666666667,38.666666666666664,0.3333333333333333,0.3333333333333333,-1.6666666666666667,7.366666666666667
2594,Christian Watson,GB,WR,L 17-19,5.7,Den,Away,57.0,10-24-23,7,False,0,37,11,9,0,6.95,0.0,0.0,2.0,35.75,0.25,0.25,-1.25,0.0,27.8,0.0,0.0,8.0,143.0,1.0,1.0,-5.0,0.0,6.95,0.0,0.0,2.0,35.75,0.25,0.25,-1.25,6.95
2442,Christian Watson,GB,WR,L 10-24,6.3,Min,Home,70.5,10-31-23,8,False,0,37,11,20,1,6.82,0.0,0.0,2.2,35.2,0.2,0.2,-1.0,0.0,34.1,0.0,0.0,11.0,176.0,1.0,1.0,-5.0,0.0,6.82,0.0,0.0,2.2,35.2,0.2,0.2,-1.0,6.82
982,Christian Watson,GB,WR,W 20-3,4.7,LAR,Home,66.0,11-07-23,9,False,0,37,11,17,1,7.76,0.0,0.0,2.4,42.6,0.2,0.2,-1.0,0.0,38.8,0.0,0.0,12.0,213.0,1.0,1.0,-5.0,0.0,6.466666666666666,0.0,0.0,2.0,35.5,0.16666666666666666,0.16666666666666666,-0.8333333333333334,6.466666666666666
1447,Christian Watson,GB,WR,L 19-23,4.3,Pit,Away,63.0,11-14-23,10,False,0,37,11,26,0,6.5200000000000005,0.0,0.0,2.4,42.2,0.0,0.2,-1.0,0.0,43.1,0.0,0.0,14.0,236.0,1.0,1.0,-5.0,0.0,6.1571428571428575,0.0,0.0,2.0,33.714285714285715,0.14285714285714285,0.14285714285714285,-0.7142857142857143,6.1571428571428575
663,Christian Watson,GB,WR,W 23-20,10.2,LAC,Home,32.0,11-21-23,11,False,0,37,11,16,1,6.239999999999999,0.0,0.0,2.2,28.2,0.2,0.2,0.2,0.0,53.3,0.0,0.0,16.0,257.0,2.0,2.0,-4.0,0.0,6.6625,0.0,0.0,2.0,32.125,0.25,0.25,-0.5,6.6625
1541,Christian Watson,GB,WR,W 29-22,20.4,Det,Away,13.0,11-28-23,12,False,0,37,11,10,0,9.179999999999998,0.0,0.0,2.6,41.6,0.4,0.2,0.2,0.0,73.69999999999999,0.0,0.0,21.0,351.0,3.0,2.0,-4.0,0.0,8.188888888888888,0.0,0.0,2.3333333333333335,39.0,0.3333333333333333,0.2222222222222222,-0.4444444444444444,8.188888888888888
789,Christian Watson,GB,WR,W 27-19,27.6,KC,Home,8.0,12-05-23,13,False,0,37,11,15,1,13.440000000000001,0.0,0.0,3.4,49.2,0.8,0.6,3.2,0.0,101.3,0.0,0.0,28.0,422.0,5.0,4.0,11.0,0.0,10.129999999999999,0.0,0.0,2.8,42.2,0.5,0.4,1.1,10.129999999999999
2817,Cody Thompson,Sea,WR,L 13-17,0.0,Cin,Away,128.0,10-17-23,6,False,0,38,28,6,0,0.0,0.0,0.0,0.0,0.0,0.0,0.0,0.0,0.0,0.0,0.0,0.0,0.0,0.0,0.0,0.0,0.0,0.0,0.0,0.0,0.0,0.0,0.0,0.0,0.0,0.0,0.0
909,Cody Thompson,Sea,WR,L 35-41,0.0,Dal,Away,113.0,12-05-23,13,False,0,38,28,8,0,0.0,0.0,0.0,0.0,0.0,0.0,0.0,0.0,0.0,0.0,0.0,0.0,0.0,0.0,0.0,0.0,0.0,0.0,0.0,0.0,0.0,0.0,0.0,0.0,0.0,0.0,0.0
1959,Collin Johnson,Chi,WR,W 37-17,2.1,Atl,Home,91.5,01-02-24,17,False,0,39,5,1,1,2.1,0.0,0.0,1.0,11.0,0.0,0.0,0.0,0.0,2.1,0.0,0.0,1.0,11.0,0.0,0.0,0.0,0.0,2.1,0.0,0.0,1.0,11.0,0.0,0.0,0.0,2.1
1379,Collin Johnson,Chi,WR,L 9-17,0.0,GB,Away,142.5,01-09-24,18,False,0,39,5,11,0,1.05,0.0,0.0,0.5,5.5,0.0,0.0,0.0,0.0,2.1,0.0,0.0,1.0,11.0,0.0,0.0,0.0,0.0,1.05,0.0,0.0,0.5,5.5,0.0,0.0,0.0,1.05
1863,Collin Johnson,Chi,WR,W 27-16,0.0,Ari,Home,144.5,12-26-23,16,False,0,39,5,0,1,0.7000000000000001,0.0,0.0,0.3333333333333333,3.6666666666666665,0.0,0.0,0.0,0.0,2.1,0.0,0.0,1.0,11.0,0.0,0.0,0.0,0.0,0.7000000000000001,0.0,0.0,0.3333333333333333,3.6666666666666665,0.0,0.0,0.0,0.7000000000000001
2026,Colton Dowell,Ten,WR,L 3-26,0.0,Hou,Away,137.5,01-02-24,17,False,0,40,30,12,0,0.0,0.0,0.0,0.0,0.0,0.0,0.0,0.0,0.0,0.0,0.0,0.0,0.0,0.0,0.0,0.0,0.0,0.0,0.0,0.0,0.0,0.0,0.0,0.0,0.0,0.0,0.0
154,Colton Dowell,Ten,WR,W 27-3,0.0,Cin,Home,143.0,10-03-23,4,False,0,40,30,6,1,0.0,0.0,0.0,0.0,0.0,0.0,0.0,0.0,0.0,0.0,0.0,0.0,0.0,0.0,0.0,0.0,0.0,0.0,0.0,0.0,0.0,0.0,0.0,0.0,0.0,0.0,0.0
622,Colton Dowell,Ten,WR,L 16-23,0.0,Ind,Away,124.5,10-10-23,5,False,0,40,30,13,0,0.0,0.0,0.0,0.0,0.0,0.0,0.0,0.0,0.0,0.0,0.0,0.0,0.0,0.0,0.0,0.0,0.0,0.0,0.0,0.0,0.0,0.0,0.0,0.0,0.0,0.0,0.0
2822,Colton Dowell,Ten,WR,L 16-24,0.0,Bal,Home,128.0,10-17-23,6,False,0,40,30,2,1,0.0,0.0,0.0,0.0,0.0,0.0,0.0,0.0,0.0,0.0,0.0,0.0,0.0,0.0,0.0,0.0,0.0,0.0,0.0,0.0,0.0,0.0,0.0,0.0,0.0,0.0,0.0
770,Colton Dowell,Ten,WR,L 14-34,0.0,Jax,Away,126.0,11-21-23,11,False,0,40,30,14,0,0.0,0.0,0.0,0.0,0.0,0.0,0.0,0.0,0.0,0.0,0.0,0.0,0.0,0.0,0.0,0.0,0.0,0.0,0.0,0.0,0.0,0.0,0.0,0.0,0.0,0.0,0.0
1689,Colton Dowell,Ten,WR,W 17-10,0.0,Car,Home,149.0,11-28-23,12,False,0,40,30,4,1,0.0,0.0,0.0,0.0,0.0,0.0,0.0,0.0,0.0,0.0,0.0,0.0,0.0,0.0,0.0,0.0,0.0,0.0,0.0,0.0,0.0,0.0,0.0,0.0,0.0,0.0,0.0
912,Colton Dowell,Ten,WR,L 28-31,0.0,Ind,Home,113.0,12-05-23,13,False,0,40,30,13,1,0.0,0.0,0.0,0.0,0.0,0.0,0.0,0.0,0.0,0.0,0.0,0.0,0.0,0.0,0.0,0.0,0.0,0.0,0.0,0.0,0.0,0.0,0.0,0.0,0.0,0.0,0.0
1217,Colton Dowell,Ten,WR,W 28-27,0.0,Mia,Away,134.0,12-12-23,14,False,0,40,30,19,0,0.0,0.0,0.0,0.0,0.0,0.0,0.0,0.0,0.0,0.0,0.0,0.0,0.0,0.0,0.0,0.0,0.0,0.0,0.0,0.0,0.0,0.0,0.0,0.0,0.0,0.0,0.0
2365,Colton Dowell,Ten,WR,L 16-19,0.0,Hou,Home,140.0,12-19-23,15,False,0,40,30,12,1,0.0,0.0,0.0,0.0,0.0,0.0,0.0,0.0,0.0,0.0,0.0,0.0,0.0,0.0,0.0,0.0,0.0,0.0,0.0,0.0,0.0,0.0,0.0,0.0,0.0,0.0,0.0
1815,Colton Dowell,Ten,WR,L 17-20,1.3,Sea,Home,116.0,12-26-23,16,False,0,40,30,28,1,0.26,0.0,0.0,0.2,0.6,0.0,0.0,0.0,0.0,1.3,0.0,0.0,1.0,3.0,0.0,0.0,0.0,0.0,0.13,0.0,0.0,0.1,0.3,0.0,0.0,0.0,0.13
1898,Cooper Kupp,LAR,WR,W 26-25,12.7,NYG,Away,31.0,01-02-24,17,False,0,41,17,23,0,12.7,0.0,0.0,4.0,27.0,1.0,0.0,0.0,0.0,12.7,0.0,0.0,4.0,27.0,1.0,0.0,0.0,0.0,12.7,0.0,0.0,4.0,27.0,1.0,0.0,0.0,12.7
499,Cooper Kupp,LAR,WR,L 14-23,19.8,Phi,Home,12.0,10-10-23,5,False,0,41,17,25,1,16.25,0.0,0.0,6.0,72.5,0.5,0.0,0.0,0.0,32.5,0.0,0.0,12.0,145.0,1.0,0.0,0.0,0.0,16.25,0.0,0.0,6.0,72.5,0.5,0.0,0.0,16.25
2675,Cooper Kupp,LAR,WR,W 26-9,27.8,Ari,Home,4.0,10-17-23,6,False,0,41,17,0,1,20.099999999999998,0.0,0.0,6.333333333333333,97.66666666666667,0.6666666666666666,0.0,0.0,0.0,60.3,0.0,0.0,19.0,293.0,2.0,0.0,0.0,0.0,20.099999999999998,0.0,0.0,6.333333333333333,97.66666666666667,0.6666666666666666,0.0,0.0,20.099999999999998
2590,Cooper Kupp,LAR,WR,L 17-24,6.9,Pit,Home,53.0,10-24-23,7,False,0,41,17,26,1,16.8,0.0,0.0,5.25,80.5,0.5,0.0,0.0,0.0,67.2,0.0,0.0,21.0,322.0,2.0,0.0,0.0,0.0,16.8,0.0,0.0,5.25,80.5,0.5,0.0,0.0,16.8
2446,Cooper Kupp,LAR,WR,L 20-43,6.1,Dal,Away,74.5,10-31-23,8,False,0,41,17,8,0,14.66,0.0,0.0,5.0,68.6,0.4,0.0,0.0,0.0,73.3,0.0,0.0,25.0,343.0,2.0,0.0,0.0,0.0,14.66,0.0,0.0,5.0,68.6,0.4,0.0,0.0,14.66
965,Cooper Kupp,LAR,WR,L 3-20,6.8,GB,Away,49.0,11-07-23,9,False,0,41,17,11,0,13.479999999999999,0.0,0.0,4.6,72.8,0.2,0.0,0.0,0.0,80.1,0.0,0.0,27.0,391.0,2.0,0.0,0.0,0.0,13.35,0.0,0.0,4.5,65.16666666666667,0.3333333333333333,0.0,0.0,13.35
717,Cooper Kupp,LAR,WR,W 17-16,2.1,Sea,Home,86.5,11-21-23,11,False,0,41,17,28,1,9.940000000000001,0.0,0.0,3.2,51.4,0.2,0.0,0.0,0.0,82.2,0.0,0.0,28.0,402.0,2.0,0.0,0.0,0.0,11.742857142857144,0.0,0.0,4.0,57.42857142857143,0.2857142857142857,0.0,0.0,11.742857142857144
1607,Cooper Kupp,LAR,WR,W 37-14,4.8,Ari,Away,79.0,11-28-23,12,False,0,41,17,0,0,5.34,0.0,0.0,2.4,25.4,0.0,0.0,0.0,0.0,87.0,0.0,0.0,31.0,420.0,2.0,0.0,0.0,0.0,10.875,0.0,0.0,3.875,52.5,0.25,0.0,0.0,10.875
799,Cooper Kupp,LAR,WR,W 36-19,15.9,Cle,Home,18.0,12-05-23,13,False,0,41,17,7,1,7.139999999999999,0.0,0.0,3.2,27.4,0.2,0.0,0.0,0.0,102.9,0.0,0.0,37.0,459.0,3.0,0.0,0.0,0.0,11.433333333333334,0.0,0.0,4.111111111111111,51.0,0.3333333333333333,0.0,0.0,11.433333333333334
1067,Cooper Kupp,LAR,WR,L 31-37,25.5,Bal,Away,4.0,12-12-23,14,False,0,41,17,2,0,11.02,0.0,0.0,4.0,46.2,0.4,0.0,0.0,0.0,128.4,0.0,0.0,45.0,574.0,4.0,0.0,0.0,0.0,12.84,0.0,0.0,4.5,57.4,0.4,0.0,0.0,12.84
2209,Cooper Kupp,LAR,WR,W 28-20,25.1,Wsh,Home,5.0,12-19-23,15,False,0,41,17,31,1,14.680000000000001,0.0,0.0,5.2,58.8,0.6,0.0,0.0,0.0,153.5,0.0,0.0,53.0,685.0,5.0,0.0,0.0,0.0,13.954545454545455,0.0,0.0,4.818181818181818,62.27272727272727,0.45454545454545453,0.0,0.0,13.954545454545455
1735,Cooper Kupp,LAR,WR,W 30-22,10.9,NO,Home,37.0,12-26-23,16,False,0,41,17,22,1,16.439999999999998,0.0,0.0,6.2,67.0,0.6,0.2,-0.6,0.0,164.4,0.0,0.0,59.0,737.0,5.0,1.0,-3.0,0.0,13.700000000000001,0.0,0.0,4.916666666666667,61.416666666666664,0.4166666666666667,0.08333333333333333,-0.25,13.700000000000001
1336,Courtland Sutton,Den,WR,L 14-27,1.2,LV,Away,115.5,01-09-24,18,False,0,42,9,18,0,1.2,0.0,0.0,1.0,2.0,0.0,0.0,0.0,0.0,1.2,0.0,0.0,1.0,2.0,0.0,0.0,0.0,0.0,1.2,0.0,0.0,1.0,2.0,0.0,0.0,0.0,1.2
188,Courtland Sutton,Den,WR,L 16-17,13.2,LV,Home,27.0,09-12-23,1,False,0,42,9,18,1,7.199999999999999,0.0,0.0,2.5,17.0,0.5,0.0,0.0,0.0,14.399999999999999,0.0,0.0,5.0,34.0,1.0,0.0,0.0,0.0,7.199999999999999,0.0,0.0,2.5,17.0,0.5,0.0,0.0,7.199999999999999
2082,Courtland Sutton,Den,WR,L 33-35,11.6,Wsh,Home,47.0,09-19-23,2,False,0,42,9,31,1,8.666666666666666,0.0,0.0,3.3333333333333335,33.333333333333336,0.3333333333333333,0.0,0.0,0.0,26.0,0.0,0.0,10.0,100.0,1.0,0.0,0.0,0.0,8.666666666666666,0.0,0.0,3.3333333333333335,33.333333333333336,0.3333333333333333,0.0,0.0,8.666666666666666
337,Courtland Sutton,Den,WR,L 20-70,19.1,Mia,Away,13.5,09-26-23,3,False,0,42,9,19,0,11.275,0.0,0.0,4.5,47.75,0.5,0.0,0.0,0.0,45.1,0.0,0.0,18.0,191.0,2.0,0.0,0.0,0.0,11.275,0.0,0.0,4.5,47.75,0.5,0.0,0.0,11.275
32,Courtland Sutton,Den,WR,W 31-28,11.7,Chi,Away,33.0,10-03-23,4,False,0,42,9,5,0,11.36,0.0,0.0,4.2,43.6,0.6,0.0,0.0,0.0,56.8,0.0,0.0,21.0,218.0,3.0,0.0,0.0,0.0,11.36,0.0,0.0,4.2,43.6,0.6,0.0,0.0,11.36
569,Courtland Sutton,Den,WR,L 21-31,2.3,NYJ,Home,82.0,10-10-23,5,False,0,42,9,24,1,11.58,0.0,0.0,4.2,45.8,0.6,0.0,0.0,0.0,59.1,0.0,0.0,22.0,231.0,3.0,0.0,0.0,0.0,9.85,0.0,0.0,3.6666666666666665,38.5,0.5,0.0,0.0,9.85
2693,Courtland Sutton,Den,WR,L 8-19,14.6,KC,Away,22.0,10-17-23,6,False,0,42,9,15,0,11.86,0.0,0.0,4.2,48.6,0.6,0.0,0.0,0.0,73.7,0.0,0.0,26.0,277.0,4.0,0.0,0.0,0.0,10.528571428571428,0.0,0.0,3.7142857142857144,39.57142857142857,0.5714285714285714,0.0,0.0,10.528571428571428
2545,Courtland Sutton,Den,WR,W 19-17,19.6,GB,Home,8.0,10-24-23,7,False,0,42,9,11,1,13.459999999999999,0.0,0.0,4.4,50.6,0.8,0.0,0.0,0.0,93.3,0.0,0.0,32.0,353.0,5.0,0.0,0.0,0.0,11.6625,0.0,0.0,4.0,44.125,0.625,0.0,0.0,11.6625
2412,Courtland Sutton,Den,WR,W 24-9,10.9,KC,Home,40.0,10-31-23,8,False,0,42,9,15,1,11.82,0.0,0.0,3.2,38.2,0.8,0.0,0.0,0.0,104.2,0.0,0.0,34.0,382.0,6.0,0.0,0.0,0.0,11.577777777777778,0.0,0.0,3.7777777777777777,42.44444444444444,0.6666666666666666,0.0,0.0,11.577777777777778
1398,Courtland Sutton,Den,WR,W 24-22,17.3,Buf,Away,14.0,11-14-23,10,False,0,42,9,3,0,12.940000000000001,0.0,0.0,4.2,43.4,0.8,0.0,0.0,0.0,121.5,0.0,0.0,42.0,435.0,7.0,0.0,0.0,0.0,12.15,0.0,0.0,4.2,43.5,0.7,0.0,0.0,12.15
645,Courtland Sutton,Den,WR,W 21-20,16.6,Min,Home,14.0,11-21-23,11,False,0,42,9,20,1,15.8,0.0,0.0,4.8,54.0,1.0,0.0,0.0,0.0,138.1,0.0,0.0,46.0,501.0,8.0,0.0,0.0,0.0,12.554545454545455,0.0,0.0,4.181818181818182,45.54545454545455,0.7272727272727273,0.0,0.0,12.554545454545455
1573,Courtland Sutton,Den,WR,W 29-12,9.1,Cle,Home,45.0,11-28-23,12,False,0,42,9,7,1,14.7,0.0,0.0,4.6,57.0,0.8,0.0,0.0,0.0,147.2,0.0,0.0,49.0,562.0,8.0,0.0,0.0,0.0,12.266666666666666,0.0,0.0,4.083333333333333,46.833333333333336,0.6666666666666666,0.0,0.0,12.266666666666666
800,Courtland Sutton,Den,WR,L 17-22,15.7,Hou,Away,19.0,12-05-23,13,False,0,42,9,12,0,13.919999999999998,0.0,0.0,3.8,57.2,0.8,0.0,0.0,0.0,162.9,0.0,0.0,51.0,639.0,9.0,0.0,0.0,0.0,12.53076923076923,0.0,0.0,3.923076923076923,49.15384615384615,0.6923076923076923,0.0,0.0,12.53076923076923
1079,Courtland Sutton,Den,WR,W 24-7,15.2,LAC,Away,16.0,12-12-23,14,False,0,42,9,16,0,14.779999999999998,0.0,0.0,4.0,63.8,0.8,0.0,0.0,0.0,178.1,0.0,0.0,54.0,701.0,10.0,0.0,0.0,0.0,12.721428571428572,0.0,0.0,3.857142857142857,50.07142857142857,0.7142857142857143,0.0,0.0,12.721428571428572
2233,Courtland Sutton,Den,WR,L 17-42,12.1,Det,Away,29.0,12-19-23,15,False,0,42,9,10,0,13.74,0.0,0.0,3.4,67.4,0.6,0.0,0.0,0.0,190.2,0.0,0.0,59.0,772.0,10.0,0.0,0.0,0.0,12.68,0.0,0.0,3.933333333333333,51.46666666666667,0.6666666666666666,0.0,0.0,12.68
1822,Courtland Sutton,Den,WR,L 23-26,0.0,NE,Home,144.5,12-26-23,16,False,0,42,9,21,1,10.419999999999998,0.0,0.0,2.6,54.2,0.4,0.0,0.0,0.0,190.2,0.0,0.0,59.0,772.0,10.0,0.0,0.0,0.0,11.8875,0.0,0.0,3.6875,48.25,0.625,0.0,0.0,11.8875
1926,Curtis Samuel,Wsh,WR,L 10-27,6.3,SF,Home,59.0,01-02-24,17,False,0,43,31,27,1,6.3,0.0,0.0,3.0,33.0,0.0,0.0,0.0,0.0,6.3,0.0,0.0,3.0,33.0,0.0,0.0,0.0,0.0,6.3,0.0,0.0,3.0,33.0,0.0,0.0,0.0,6.3
1287,Curtis Samuel,Wsh,WR,L 10-38,5.0,Dal,Home,66.0,01-09-24,18,False,0,43,31,8,1,5.65,0.0,0.0,2.5,24.0,0.0,0.5,7.5,0.0,11.3,0.0,0.0,5.0,48.0,0.0,1.0,15.0,0.0,5.65,0.0,0.0,2.5,24.0,0.0,0.5,7.5,5.65
199,Curtis Samuel,Wsh,WR,W 20-16,11.0,Ari,Home,38.0,09-12-23,1,False,0,43,31,0,1,7.433333333333334,0.0,0.0,3.3333333333333335,34.0,0.0,0.6666666666666666,7.0,0.0,22.3,0.0,0.0,10.0,102.0,0.0,2.0,21.0,0.0,7.433333333333334,0.0,0.0,3.3333333333333335,34.0,0.0,0.6666666666666666,7.0,7.433333333333334
2106,Curtis Samuel,Wsh,WR,W 35-33,6.2,Den,Away,71.0,09-19-23,2,False,0,43,31,9,0,7.125,0.0,0.0,3.25,30.25,0.0,0.75,8.5,0.0,28.5,0.0,0.0,13.0,121.0,0.0,3.0,34.0,0.0,7.125,0.0,0.0,3.25,30.25,0.0,0.75,8.5,7.125
386,Curtis Samuel,Wsh,WR,L 3-37,7.4,Buf,Home,63.0,09-26-23,3,False,0,43,31,3,1,7.18,0.0,0.0,3.0,35.0,0.0,0.6,6.8,0.0,35.9,0.0,0.0,15.0,175.0,0.0,3.0,34.0,0.0,7.18,0.0,0.0,3.0,35.0,0.0,0.6,6.8,7.18
11,Curtis Samuel,Wsh,WR,L 31-34,18.2,Phi,Away,12.0,10-03-23,4,False,0,43,31,25,0,9.559999999999999,0.0,0.0,3.8,38.6,0.0,0.8,7.0,0.2,54.1,0.0,0.0,22.0,226.0,0.0,4.0,35.0,1.0,9.016666666666667,0.0,0.0,3.6666666666666665,37.666666666666664,0.0,0.6666666666666666,5.833333333333333,9.016666666666667
501,Curtis Samuel,Wsh,WR,L 20-40,18.5,Chi,Home,14.0,10-10-23,5,False,0,43,31,5,1,12.26,0.0,0.0,4.6,48.6,0.2,0.6,4.0,0.2,72.6,0.0,0.0,28.0,291.0,1.0,4.0,35.0,1.0,10.37142857142857,0.0,0.0,4.0,41.57142857142857,0.14285714285714285,0.5714285714285714,5.0,10.37142857142857
2694,Curtis Samuel,Wsh,WR,W 24-16,14.2,Atl,Away,23.5,10-17-23,6,False,0,43,31,1,0,12.9,0.0,0.0,4.4,46.2,0.4,0.6,2.8,0.2,86.8,0.0,0.0,32.0,333.0,2.0,5.0,35.0,1.0,10.85,0.0,0.0,4.0,41.625,0.25,0.625,4.375,10.85
2592,Curtis Samuel,Wsh,WR,L 7-14,6.5,NYG,Away,55.0,10-24-23,7,False,0,43,31,23,0,12.959999999999999,0.0,0.0,4.6,47.4,0.4,0.4,0.2,0.2,93.3,0.0,0.0,36.0,358.0,2.0,5.0,35.0,1.0,10.366666666666667,0.0,0.0,4.0,39.77777777777778,0.2222222222222222,0.5555555555555556,3.888888888888889,10.366666666666667
2444,Curtis Samuel,Wsh,WR,L 31-38,6.2,Phi,Home,72.5,10-31-23,8,False,0,43,31,25,1,12.72,0.0,0.0,5.0,41.0,0.4,0.4,0.2,0.2,99.5,0.0,0.0,40.0,380.0,2.0,5.0,35.0,1.0,9.95,0.0,0.0,4.0,38.0,0.2,0.5,3.5,9.95
1466,Curtis Samuel,Wsh,WR,L 26-29,2.6,Sea,Away,83.0,11-14-23,10,False,0,43,31,28,0,9.6,0.0,0.0,4.0,32.0,0.4,0.2,0.0,0.0,102.1,0.0,0.0,42.0,386.0,2.0,5.0,35.0,1.0,9.281818181818181,0.0,0.0,3.8181818181818183,35.09090909090909,0.18181818181818182,0.45454545454545453,3.1818181818181817,9.281818181818181
730,Curtis Samuel,Wsh,WR,L 19-31,1.5,NYG,Home,100.0,11-21-23,11,False,0,43,31,23,1,6.2,0.0,0.0,3.0,20.0,0.2,0.2,0.0,0.0,103.6,0.0,0.0,43.0,391.0,2.0,5.0,35.0,1.0,8.633333333333333,0.0,0.0,3.5833333333333335,32.583333333333336,0.16666666666666666,0.4166666666666667,2.9166666666666665,8.633333333333333
1545,Curtis Samuel,Wsh,WR,L 10-45,19.0,Dal,Away,17.0,11-28-23,12,False,0,43,31,8,0,7.159999999999999,0.0,0.0,4.0,31.6,0.0,0.0,0.0,0.0,122.6,0.0,0.0,52.0,491.0,2.0,5.0,35.0,1.0,9.430769230769231,0.0,0.0,4.0,37.76923076923077,0.15384615384615385,0.38461538461538464,2.6923076923076925,9.430769230769231
815,Curtis Samuel,Wsh,WR,L 15-45,10.5,Mia,Home,34.0,12-05-23,13,False,0,43,31,19,1,7.959999999999999,0.0,0.0,4.0,39.6,0.0,0.0,0.0,0.0,133.1,0.0,0.0,56.0,556.0,2.0,5.0,35.0,1.0,9.507142857142856,0.0,0.0,4.0,39.714285714285715,0.14285714285714285,0.35714285714285715,2.5,9.507142857142856
2217,Curtis Samuel,Wsh,WR,L 20-28,21.1,LAR,Away,13.0,12-19-23,15,False,0,43,31,17,0,10.940000000000001,0.0,0.0,4.2,43.4,0.4,0.0,0.0,0.0,154.2,0.0,0.0,61.0,597.0,4.0,5.0,35.0,1.0,10.28,0.0,0.0,4.066666666666666,39.8,0.26666666666666666,0.3333333333333333,2.3333333333333335,10.28
1786,Curtis Samuel,Wsh,WR,L 28-30,3.0,NYJ,Away,87.5,12-26-23,16,False,0,43,31,24,0,11.020000000000001,0.0,0.0,4.0,45.4,0.4,0.4,0.8,0.0,157.2,0.0,0.0,62.0,613.0,4.0,7.0,39.0,1.0,9.825,0.0,0.0,3.875,38.3125,0.25,0.4375,2.4375,9.825
2005,D.J. Montgomery,Ind,WR,W 23-20,0.0,LV,Home,137.5,01-02-24,17,False,0,44,13,18,1,0.0,0.0,0.0,0.0,0.0,0.0,0.0,0.0,0.0,0.0,0.0,0.0,0.0,0.0,0.0,0.0,0.0,0.0,0.0,0.0,0.0,0.0,0.0,0.0,0.0,0.0,0.0
1362,D.J. Montgomery,Ind,WR,L 19-23,0.0,Hou,Home,142.5,01-09-24,18,False,0,44,13,12,1,0.0,0.0,0.0,0.0,0.0,0.0,0.0,0.0,0.0,0.0,0.0,0.0,0.0,0.0,0.0,0.0,0.0,0.0,0.0,0.0,0.0,0.0,0.0,0.0,0.0,0.0,0.0
1694,D.J. Montgomery,Ind,WR,W 27-20,0.0,TB,Home,149.0,11-28-23,12,False,0,44,13,29,1,0.0,0.0,0.0,0.0,0.0,0.0,0.0,0.0,0.0,0.0,0.0,0.0,0.0,0.0,0.0,0.0,0.0,0.0,0.0,0.0,0.0,0.0,0.0,0.0,0.0,0.0,0.0
898,D.J. Montgomery,Ind,WR,W 31-28,0.0,Ten,Away,113.0,12-05-23,13,False,0,44,13,30,0,0.0,0.0,0.0,0.0,0.0,0.0,0.0,0.0,0.0,0.0,0.0,0.0,0.0,0.0,0.0,0.0,0.0,0.0,0.0,0.0,0.0,0.0,0.0,0.0,0.0,0.0,0.0
1203,D.J. Montgomery,Ind,WR,L 14-34,0.0,Cin,Away,134.0,12-12-23,14,False,0,44,13,6,0,0.0,0.0,0.0,0.0,0.0,0.0,0.0,0.0,0.0,0.0,0.0,0.0,0.0,0.0,0.0,0.0,0.0,0.0,0.0,0.0,0.0,0.0,0.0,0.0,0.0,0.0,0.0
2232,D.J. Montgomery,Ind,WR,W 30-13,12.8,Pit,Home,27.5,12-19-23,15,False,0,44,13,26,1,2.56,0.0,0.0,0.4,9.6,0.2,0.0,0.0,0.0,12.8,0.0,0.0,2.0,48.0,1.0,0.0,0.0,0.0,2.1333333333333333,0.0,0.0,0.3333333333333333,8.0,0.16666666666666666,0.0,0.0,2.1333333333333333
1806,D.J. Montgomery,Ind,WR,L 10-29,1.8,Atl,Away,106.0,12-26-23,16,False,0,44,13,1,0,2.9200000000000004,0.0,0.0,0.6,11.2,0.2,0.0,0.0,0.0,14.600000000000001,0.0,0.0,3.0,56.0,1.0,0.0,0.0,0.0,2.085714285714286,0.0,0.0,0.42857142857142855,8.0,0.14285714285714285,0.0,0.0,2.085714285714286
1950,DJ Chark Jr.,Car,WR,L 0-26,2.8,Jax,Away,84.0,01-02-24,17,False,0,45,4,14,0,2.8,0.0,0.0,1.0,18.0,0.0,0.0,0.0,0.0,2.8,0.0,0.0,1.0,18.0,0.0,0.0,0.0,0.0,2.8,0.0,0.0,1.0,18.0,0.0,0.0,0.0,2.8
1289,DJ Chark Jr.,Car,WR,L 0-9,4.6,TB,Home,68.0,01-09-24,18,False,0,45,4,29,1,3.6999999999999997,0.0,0.0,1.5,32.0,0.0,0.0,0.0,0.0,7.3999999999999995,0.0,0.0,3.0,64.0,0.0,0.0,0.0,0.0,3.6999999999999997,0.0,0.0,1.5,32.0,0.0,0.0,0.0,3.6999999999999997
2133,DJ Chark Jr.,Car,WR,L 17-20,2.5,NO,Home,98.5,09-19-23,2,False,0,45,4,22,1,3.2999999999999994,0.0,0.0,1.3333333333333333,26.333333333333332,0.0,0.0,0.0,0.0,9.899999999999999,0.0,0.0,4.0,79.0,0.0,0.0,0.0,0.0,3.2999999999999994,0.0,0.0,1.3333333333333333,26.333333333333332,0.0,0.0,0.0,3.2999999999999994
338,DJ Chark Jr.,Car,WR,L 27-37,18.6,Sea,Away,15.0,09-26-23,3,False,0,45,4,28,0,7.125,0.0,0.0,2.0,41.25,0.25,0.0,0.0,0.0,28.5,0.0,0.0,8.0,165.0,1.0,0.0,0.0,0.0,7.125,0.0,0.0,2.0,41.25,0.25,0.0,0.0,7.125
71,DJ Chark Jr.,Car,WR,L 13-21,4.8,Min,Home,73.0,10-03-23,4,False,0,45,4,20,1,6.659999999999999,0.0,0.0,2.0,38.6,0.2,0.0,0.0,0.0,33.3,0.0,0.0,10.0,193.0,1.0,0.0,0.0,0.0,6.659999999999999,0.0,0.0,2.0,38.6,0.2,0.0,0.0,6.659999999999999
511,DJ Chark Jr.,Car,WR,L 24-42,13.2,Det,Away,24.0,10-10-23,5,False,0,45,4,10,0,8.74,0.0,0.0,2.4,43.4,0.4,0.0,0.0,0.0,46.5,0.0,0.0,13.0,235.0,2.0,0.0,0.0,0.0,7.75,0.0,0.0,2.1666666666666665,39.166666666666664,0.3333333333333333,0.0,0.0,7.75
2734,DJ Chark Jr.,Car,WR,L 21-42,5.6,Mia,Away,62.5,10-17-23,6,False,0,45,4,19,0,8.94,0.0,0.0,2.6,39.4,0.4,0.0,0.0,0.0,52.1,0.0,0.0,16.0,261.0,2.0,0.0,0.0,0.0,7.442857142857143,0.0,0.0,2.2857142857142856,37.285714285714285,0.2857142857142857,0.0,0.0,7.442857142857143
2458,DJ Chark Jr.,Car,WR,W 15-13,4.3,Hou,Home,86.0,10-31-23,8,False,0,45,4,12,1,9.3,0.0,0.0,2.8,41.0,0.4,0.0,0.0,0.0,56.4,0.0,0.0,18.0,284.0,2.0,0.0,0.0,0.0,7.05,0.0,0.0,2.25,35.5,0.25,0.0,0.0,7.05
952,DJ Chark Jr.,Car,WR,L 13-27,8.9,Ind,Home,36.0,11-07-23,9,False,0,45,4,13,1,7.359999999999999,0.0,0.0,2.4,25.6,0.4,0.0,0.0,0.0,65.3,0.0,0.0,20.0,293.0,3.0,0.0,0.0,0.0,7.2555555555555555,0.0,0.0,2.2222222222222223,32.55555555555556,0.3333333333333333,0.0,0.0,7.2555555555555555
737,DJ Chark Jr.,Car,WR,L 10-33,0.0,Dal,Home,126.0,11-21-23,11,False,0,45,4,8,1,6.4,0.0,0.0,2.0,20.0,0.4,0.0,0.0,0.0,65.3,0.0,0.0,20.0,293.0,3.0,0.0,0.0,0.0,6.529999999999999,0.0,0.0,2.0,29.3,0.3,0.0,0.0,6.529999999999999
1596,DJ Chark Jr.,Car,WR,L 10-17,6.4,Ten,Away,67.5,11-28-23,12,False,0,45,4,30,0,5.040000000000001,0.0,0.0,2.0,18.4,0.2,0.0,0.0,0.0,71.7,0.0,0.0,23.0,327.0,3.0,0.0,0.0,0.0,6.5181818181818185,0.0,0.0,2.090909090909091,29.727272727272727,0.2727272727272727,0.0,0.0,6.5181818181818185
821,DJ Chark Jr.,Car,WR,L 18-21,8.6,TB,Away,40.0,12-05-23,13,False,0,45,4,29,0,5.64,0.0,0.0,2.0,24.4,0.2,0.0,0.0,0.0,80.3,0.0,0.0,26.0,383.0,3.0,0.0,0.0,0.0,6.691666666666666,0.0,0.0,2.1666666666666665,31.916666666666668,0.25,0.0,0.0,6.691666666666666
1130,DJ Chark Jr.,Car,WR,L 6-28,4.6,NO,Away,67.0,12-12-23,14,False,0,45,4,22,0,5.7,0.0,0.0,2.0,25.0,0.2,0.0,0.0,0.0,84.9,0.0,0.0,28.0,409.0,3.0,0.0,0.0,0.0,6.5307692307692315,0.0,0.0,2.1538461538461537,31.46153846153846,0.23076923076923078,0.0,0.0,6.5307692307692315
2291,DJ Chark Jr.,Car,WR,W 9-7,2.8,Atl,Home,87.0,12-19-23,15,False,0,45,4,1,1,4.4799999999999995,0.0,0.0,1.8,26.8,0.0,0.0,0.0,0.0,87.7,0.0,0.0,29.0,427.0,3.0,0.0,0.0,0.0,6.264285714285714,0.0,0.0,2.0714285714285716,30.5,0.21428571428571427,0.0,0.0,6.264285714285714
1704,DJ Chark Jr.,Car,WR,L 30-33,27.8,GB,Home,5.0,12-26-23,16,False,0,45,4,11,1,10.040000000000001,0.0,0.0,3.0,46.4,0.4,0.0,0.0,0.0,115.5,0.0,0.0,35.0,525.0,5.0,0.0,0.0,0.0,7.7,0.0,0.0,2.3333333333333335,35.0,0.3333333333333333,0.0,0.0,7.7
1870,DJ Moore,Chi,WR,W 37-17,30.9,Atl,Home,3.0,01-02-24,17,False,0,46,5,1,1,30.9,0.0,0.0,9.0,159.0,1.0,0.0,0.0,0.0,30.9,0.0,0.0,9.0,159.0,1.0,0.0,0.0,0.0,30.9,0.0,0.0,9.0,159.0,1.0,0.0,0.0,30.9
1259,DJ Moore,Chi,WR,L 9-17,10.4,GB,Away,38.0,01-09-24,18,False,0,46,5,11,0,20.65,0.0,0.0,6.5,111.5,0.5,0.0,0.0,0.0,41.3,0.0,0.0,13.0,223.0,1.0,0.0,0.0,0.0,20.65,0.0,0.0,6.5,111.5,0.5,0.0,0.0,20.65
235,DJ Moore,Chi,WR,L 20-38,4.5,GB,Home,74.5,09-12-23,1,False,0,46,5,11,1,15.266666666666666,0.0,0.0,5.0,82.66666666666667,0.3333333333333333,0.0,0.0,0.0,45.8,0.0,0.0,15.0,248.0,1.0,0.0,0.0,0.0,15.266666666666666,0.0,0.0,5.0,82.66666666666667,0.3333333333333333,0.0,0.0,15.266666666666666
2060,DJ Moore,Chi,WR,L 17-27,16.4,TB,Away,25.5,09-19-23,2,False,0,46,5,29,0,15.549999999999999,0.0,0.0,5.25,88.0,0.25,0.0,0.0,0.0,62.199999999999996,0.0,0.0,21.0,352.0,1.0,0.0,0.0,0.0,15.549999999999999,0.0,0.0,5.25,88.0,0.25,0.0,0.0,15.549999999999999
356,DJ Moore,Chi,WR,L 10-41,13.1,KC,Away,33.5,09-26-23,3,False,0,46,5,15,0,15.059999999999999,0.0,0.0,4.8,78.6,0.4,0.0,0.0,0.0,75.3,0.0,0.0,24.0,393.0,2.0,0.0,0.0,0.0,15.059999999999999,0.0,0.0,4.8,78.6,0.4,0.0,0.0,15.059999999999999
4,DJ Moore,Chi,WR,L 28-31,27.1,Den,Home,5.0,10-03-23,4,False,0,46,5,9,1,14.3,0.0,0.0,4.6,73.0,0.4,0.0,0.0,0.0,102.4,0.0,0.0,32.0,524.0,3.0,0.0,0.0,0.0,17.066666666666666,0.0,0.0,5.333333333333333,87.33333333333333,0.5,0.0,0.0,17.066666666666666
489,DJ Moore,Chi,WR,W 40-20,49.0,Wsh,Away,2.0,10-10-23,5,False,0,46,5,31,0,22.02,0.0,0.0,5.4,106.2,1.0,0.0,0.0,0.0,151.4,0.0,0.0,40.0,754.0,6.0,0.0,0.0,0.0,21.62857142857143,0.0,0.0,5.714285714285714,107.71428571428571,0.8571428571428571,0.0,0.0,21.62857142857143
2708,DJ Moore,Chi,WR,L 13-19,10.1,Min,Home,37.0,10-17-23,6,False,0,46,5,20,1,23.14,0.0,0.0,6.0,111.4,1.0,0.0,0.0,0.0,161.5,0.0,0.0,45.0,805.0,6.0,0.0,0.0,0.0,20.1875,0.0,0.0,5.625,100.625,0.75,0.0,0.0,20.1875
2558,DJ Moore,Chi,WR,W 30-12,13.4,LV,Home,21.0,10-24-23,7,False,0,46,5,18,1,22.540000000000003,0.0,0.0,6.4,101.4,1.0,0.0,0.0,0.0,174.9,0.0,0.0,53.0,859.0,6.0,0.0,0.0,0.0,19.433333333333334,0.0,0.0,5.888888888888889,95.44444444444444,0.6666666666666666,0.0,0.0,19.433333333333334
2423,DJ Moore,Chi,WR,L 13-30,9.5,LAC,Away,51.0,10-31-23,8,False,0,46,5,16,0,21.82,0.0,0.0,6.6,104.2,0.8,0.0,0.0,0.0,184.4,0.0,0.0,57.0,914.0,6.0,0.0,0.0,0.0,18.44,0.0,0.0,5.7,91.4,0.6,0.0,0.0,18.44
974,DJ Moore,Chi,WR,L 17-24,5.4,NO,Away,58.0,11-07-23,9,False,0,46,5,22,0,17.48,0.0,0.0,5.6,86.8,0.6,0.0,0.0,0.0,189.8,0.0,0.0,60.0,958.0,6.0,0.0,0.0,0.0,17.254545454545454,0.0,0.0,5.454545454545454,87.0909090909091,0.5454545454545454,0.0,0.0,17.254545454545454
1417,DJ Moore,Chi,WR,W 16-13,10.9,Car,Home,33.5,11-14-23,10,False,0,46,5,4,1,9.86,0.0,0.0,5.0,52.4,0.0,0.2,0.2,0.0,200.7,0.0,0.0,65.0,1016.0,6.0,1.0,1.0,0.0,16.724999999999998,0.0,0.0,5.416666666666667,84.66666666666667,0.5,0.08333333333333333,0.08333333333333333,16.724999999999998
637,DJ Moore,Chi,WR,L 26-31,22.6,Det,Away,6.0,11-21-23,11,False,0,46,5,10,0,12.36,0.0,0.0,5.4,61.4,0.2,0.2,0.2,0.0,223.3,0.0,0.0,72.0,1112.0,7.0,1.0,1.0,0.0,17.176923076923078,0.0,0.0,5.538461538461538,85.53846153846153,0.5384615384615384,0.07692307692307693,0.07692307692307693,17.176923076923078
1538,DJ Moore,Chi,WR,W 12-10,22.4,Min,Away,9.5,11-28-23,12,False,0,46,5,20,0,14.16,0.0,0.0,6.0,73.4,0.2,0.2,0.2,0.0,245.7,0.0,0.0,83.0,1226.0,7.0,1.0,1.0,0.0,17.55,0.0,0.0,5.928571428571429,87.57142857142857,0.5,0.07142857142857142,0.07142857142857142,17.55
1066,DJ Moore,Chi,WR,W 28-13,26.8,Det,Home,3.0,12-12-23,14,False,0,46,5,10,1,17.619999999999997,0.0,0.0,6.4,76.0,0.4,0.8,4.2,0.2,272.5,0.0,0.0,89.0,1294.0,8.0,4.0,21.0,1.0,18.166666666666668,0.0,0.0,5.933333333333334,86.26666666666667,0.5333333333333333,0.26666666666666666,1.4,18.166666666666668
2246,DJ Moore,Chi,WR,L 17-20,9.2,Cle,Away,42.5,12-19-23,15,False,0,46,5,7,0,18.38,0.0,0.0,6.6,77.6,0.4,0.8,4.2,0.2,281.7,0.0,0.0,93.0,1346.0,8.0,4.0,21.0,1.0,17.60625,0.0,0.0,5.8125,84.125,0.5,0.25,1.3125,17.60625
1776,DJ Moore,Chi,WR,W 27-16,4.8,Ari,Home,77.0,12-26-23,16,False,0,46,5,0,1,17.16,0.0,0.0,6.2,69.6,0.4,0.6,4.0,0.2,286.5,0.0,0.0,96.0,1364.0,8.0,4.0,21.0,1.0,16.852941176470587,0.0,0.0,5.647058823529412,80.23529411764706,0.47058823529411764,0.23529411764705882,1.2352941176470589,16.852941176470587
2030,DJ Turner,LV,WR,L 20-23,0.0,Ind,Away,137.5,01-02-24,17,False,0,47,18,13,0,0.0,0.0,0.0,0.0,0.0,0.0,0.0,0.0,0.0,0.0,0.0,0.0,0.0,0.0,0.0,0.0,0.0,0.0,0.0,0.0,0.0,0.0,0.0,0.0,0.0,0.0,0.0
1378,DJ Turner,LV,WR,W 27-14,0.0,Den,Home,142.5,01-09-24,18,False,0,47,18,9,1,0.0,0.0,0.0,0.0,0.0,0.0,0.0,0.0,0.0,0.0,0.0,0.0,0.0,0.0,0.0,0.0,0.0,0.0,0.0,0.0,0.0,0.0,0.0,0.0,0.0,0.0,0.0
2533,DJ Turner,LV,WR,L 14-26,0.0,Det,Away,138.0,10-31-23,8,False,0,47,18,10,0,0.0,0.0,0.0,0.0,0.0,0.0,0.0,0.0,0.0,0.0,0.0,0.0,0.0,0.0,0.0,0.0,0.0,0.0,0.0,0.0,0.0,0.0,0.0,0.0,0.0,0.0,0.0
1061,DJ Turner,LV,WR,W 30-6,0.0,NYG,Home,126.5,11-07-23,9,False,0,47,18,23,1,0.0,0.0,0.0,0.0,0.0,0.0,0.0,0.0,0.0,0.0,0.0,0.0,0.0,0.0,0.0,0.0,0.0,0.0,0.0,0.0,0.0,0.0,0.0,0.0,0.0,0.0,0.0
1523,DJ Turner,LV,WR,W 16-12,0.0,NYJ,Home,123.5,11-14-23,10,False,0,47,18,24,1,0.0,0.0,0.0,0.0,0.0,0.0,0.0,0.0,0.0,0.0,0.0,0.0,0.0,0.0,0.0,0.0,0.0,0.0,0.0,0.0,0.0,0.0,0.0,0.0,0.0,0.0,0.0
774,DJ Turner,LV,WR,L 13-20,0.0,Mia,Away,126.0,11-21-23,11,False,0,47,18,19,0,0.0,0.0,0.0,0.0,0.0,0.0,0.0,0.0,0.0,0.0,0.0,0.0,0.0,0.0,0.0,0.0,0.0,0.0,0.0,0.0,0.0,0.0,0.0,0.0,0.0,0.0,0.0
1696,DJ Turner,LV,WR,L 17-31,0.0,KC,Home,149.0,11-28-23,12,False,0,47,18,15,1,0.0,0.0,0.0,0.0,0.0,0.0,0.0,0.0,0.0,0.0,0.0,0.0,0.0,0.0,0.0,0.0,0.0,0.0,0.0,0.0,0.0,0.0,0.0,0.0,0.0,0.0,0.0
1220,DJ Turner,LV,WR,L 0-3,0.0,Min,Home,134.0,12-12-23,14,False,0,47,18,20,1,0.0,0.0,0.0,0.0,0.0,0.0,0.0,0.0,0.0,0.0,0.0,0.0,0.0,0.0,0.0,0.0,0.0,0.0,0.0,0.0,0.0,0.0,0.0,0.0,0.0,0.0,0.0
2368,DJ Turner,LV,WR,W 63-21,0.0,LAC,Home,140.0,12-19-23,15,False,0,47,18,16,1,0.0,0.0,0.0,0.0,0.0,0.0,0.0,0.0,0.0,0.0,0.0,0.0,0.0,0.0,0.0,0.0,0.0,0.0,0.0,0.0,0.0,0.0,0.0,0.0,0.0,0.0,0.0
1862,DJ Turner,LV,WR,W 20-14,0.0,KC,Away,144.5,12-26-23,16,False,0,47,18,15,0,0.0,0.0,0.0,0.0,0.0,0.0,0.0,0.0,0.0,0.0,0.0,0.0,0.0,0.0,0.0,0.0,0.0,0.0,0.0,0.0,0.0,0.0,0.0,0.0,0.0,0.0,0.0
1890,DK Metcalf,Sea,WR,L 23-30,15.6,Pit,Home,23.0,01-02-24,17,False,0,48,28,26,1,15.6,0.0,0.0,5.0,106.0,0.0,0.0,0.0,0.0,15.6,0.0,0.0,5.0,106.0,0.0,0.0,0.0,0.0,15.6,0.0,0.0,5.0,106.0,0.0,0.0,0.0,15.6
1318,DK Metcalf,Sea,WR,W 21-20,2.0,Ari,Away,97.0,01-09-24,18,False,0,48,28,0,0,8.8,0.0,0.0,3.0,58.0,0.0,0.0,0.0,0.0,17.6,0.0,0.0,6.0,116.0,0.0,0.0,0.0,0.0,8.8,0.0,0.0,3.0,58.0,0.0,0.0,0.0,8.8
186,DK Metcalf,Sea,WR,L 13-30,13.7,LAR,Home,25.0,09-12-23,1,False,0,48,28,17,1,10.433333333333332,0.0,0.0,3.0,54.333333333333336,0.3333333333333333,0.0,0.0,0.0,31.299999999999997,0.0,0.0,9.0,163.0,1.0,0.0,0.0,0.0,10.433333333333332,0.0,0.0,3.0,54.333333333333336,0.3333333333333333,0.0,0.0,10.433333333333332
2074,DK Metcalf,Sea,WR,W 37-31,13.5,Det,Away,39.0,09-19-23,2,False,0,48,28,10,0,11.2,0.0,0.0,3.75,59.5,0.25,0.0,0.0,0.0,44.8,0.0,0.0,15.0,238.0,1.0,0.0,0.0,0.0,11.2,0.0,0.0,3.75,59.5,0.25,0.0,0.0,11.2
341,DK Metcalf,Sea,WR,W 37-27,17.2,Car,Home,18.5,09-26-23,3,False,0,48,28,4,1,12.4,0.0,0.0,4.2,70.0,0.2,0.0,0.0,0.0,62.0,0.0,0.0,21.0,350.0,1.0,0.0,0.0,0.0,12.4,0.0,0.0,4.2,70.0,0.2,0.0,0.0,12.4
28,DK Metcalf,Sea,WR,W 24-3,12.4,NYG,Away,29.0,10-03-23,4,False,0,48,28,23,0,11.76,0.0,0.0,3.8,55.6,0.4,0.0,0.0,0.0,74.4,0.0,0.0,24.0,384.0,2.0,0.0,0.0,0.0,12.4,0.0,0.0,4.0,64.0,0.3333333333333333,0.0,0.0,12.4
2706,DK Metcalf,Sea,WR,L 13-17,10.9,Cin,Away,35.5,10-17-23,6,False,0,48,28,6,0,13.540000000000001,0.0,0.0,4.4,67.4,0.4,0.0,0.0,0.0,85.3,0.0,0.0,28.0,453.0,2.0,0.0,0.0,0.0,12.185714285714285,0.0,0.0,4.0,64.71428571428571,0.2857142857142857,0.0,0.0,12.185714285714285
2411,DK Metcalf,Sea,WR,W 24-20,11.7,Cle,Home,39.0,10-31-23,8,False,0,48,28,7,1,13.14,0.0,0.0,4.8,71.4,0.2,0.0,0.0,0.0,97.0,0.0,0.0,33.0,520.0,2.0,0.0,0.0,0.0,12.125,0.0,0.0,4.125,65.0,0.25,0.0,0.0,12.125
972,DK Metcalf,Sea,WR,L 3-37,6.0,Bal,Away,56.0,11-07-23,9,False,0,48,28,2,0,11.64,0.0,0.0,3.8,66.4,0.2,0.0,0.0,0.0,103.0,0.0,0.0,34.0,570.0,2.0,0.0,0.0,0.0,11.444444444444445,0.0,0.0,3.7777777777777777,63.333333333333336,0.2222222222222222,0.0,0.0,11.444444444444445
1399,DK Metcalf,Sea,WR,W 29-26,16.8,Wsh,Home,15.0,11-14-23,10,False,0,48,28,31,1,11.559999999999999,0.0,0.0,4.0,63.6,0.2,0.0,0.0,0.0,119.8,0.0,0.0,41.0,668.0,2.0,0.0,0.0,0.0,11.98,0.0,0.0,4.1,66.8,0.2,0.0,0.0,11.98
641,DK Metcalf,Sea,WR,L 16-17,20.4,LAR,Away,10.0,11-21-23,11,False,0,48,28,17,0,13.16,0.0,0.0,4.4,75.6,0.2,0.0,0.0,0.0,140.2,0.0,0.0,46.0,762.0,3.0,0.0,0.0,0.0,12.745454545454544,0.0,0.0,4.181818181818182,69.27272727272727,0.2727272727272727,0.0,0.0,12.745454545454544
1598,DK Metcalf,Sea,WR,L 13-31,6.2,SF,Home,70.0,11-28-23,12,False,0,48,28,27,1,12.219999999999999,0.0,0.0,4.2,68.2,0.2,0.0,0.0,0.0,146.4,0.0,0.0,49.0,794.0,3.0,0.0,0.0,0.0,12.200000000000001,0.0,0.0,4.083333333333333,66.16666666666667,0.25,0.0,0.0,12.200000000000001
782,DK Metcalf,Sea,WR,L 35-41,37.4,Dal,Away,1.0,12-05-23,13,False,0,48,28,8,0,17.36,0.0,0.0,4.4,81.6,0.8,0.0,0.0,0.0,183.8,0.0,0.0,55.0,928.0,6.0,0.0,0.0,0.0,14.13846153846154,0.0,0.0,4.230769230769231,71.38461538461539,0.46153846153846156,0.0,0.0,14.13846153846154
1087,DK Metcalf,Sea,WR,L 16-28,13.2,SF,Away,24.0,12-12-23,14,False,0,48,28,27,0,18.8,0.0,0.0,4.6,82.0,1.0,0.0,0.0,0.0,197.0,0.0,0.0,57.0,980.0,7.0,0.0,0.0,0.0,14.071428571428571,0.0,0.0,4.071428571428571,70.0,0.5,0.0,0.0,14.071428571428571
2231,DK Metcalf,Sea,WR,W 20-17,12.8,Phi,Home,27.5,12-19-23,15,False,0,48,28,25,1,18.0,0.0,0.0,4.2,78.0,1.0,0.0,0.0,0.0,209.8,0.0,0.0,62.0,1058.0,7.0,0.0,0.0,0.0,13.986666666666668,0.0,0.0,4.133333333333334,70.53333333333333,0.4666666666666667,0.0,0.0,13.986666666666668
1724,DK Metcalf,Sea,WR,W 20-17,15.6,Ten,Away,25.0,12-26-23,16,False,0,48,28,30,0,17.04,0.0,0.0,4.0,70.4,1.0,0.0,0.0,0.0,225.4,0.0,0.0,66.0,1114.0,8.0,0.0,0.0,0.0,14.0875,0.0,0.0,4.125,69.625,0.5,0.0,0.0,14.0875
1059,Damiere Byrd,Atl,WR,L 28-31,0.0,Min,Home,126.5,11-07-23,9,False,0,49,1,20,1,0.0,0.0,0.0,0.0,0.0,0.0,0.0,0.0,0.0,0.0,0.0,0.0,0.0,0.0,0.0,0.0,0.0,0.0,0.0,0.0,0.0,0.0,0.0,0.0,0.0,0.0,0.0
2033,Dan Chisena,Bal,WR,W 56-19,0.0,Mia,Home,137.5,01-02-24,17,False,0,50,2,19,1,0.0,0.0,0.0,0.0,0.0,0.0,0.0,0.0,0.0,0.0,0.0,0.0,0.0,0.0,0.0,0.0,0.0,0.0,0.0,0.0,0.0,0.0,0.0,0.0,0.0,0.0,0.0
1383,Dan Chisena,Bal,WR,L 10-17,0.0,Pit,Home,142.5,01-09-24,18,False,0,50,2,26,1,0.0,0.0,0.0,0.0,0.0,0.0,0.0,0.0,0.0,0.0,0.0,0.0,0.0,0.0,0.0,0.0,0.0,0.0,0.0,0.0,0.0,0.0,0.0,0.0,0.0,0.0,0.0
1864,Dan Chisena,Bal,WR,W 33-19,0.0,SF,Away,144.5,12-26-23,16,False,0,50,2,27,0,0.0,0.0,0.0,0.0,0.0,0.0,0.0,0.0,0.0,0.0,0.0,0.0,0.0,0.0,0.0,0.0,0.0,0.0,0.0,0.0,0.0,0.0,0.0,0.0,0.0,0.0,0.0
2019,Dareke Young,Sea,WR,L 23-30,0.0,Pit,Home,137.5,01-02-24,17,False,0,51,28,26,1,0.0,0.0,0.0,0.0,0.0,0.0,0.0,0.0,0.0,0.0,0.0,0.0,0.0,0.0,0.0,0.0,0.0,0.0,0.0,0.0,0.0,0.0,0.0,0.0,0.0,0.0,0.0
1370,Dareke Young,Sea,WR,W 21-20,0.0,Ari,Away,142.5,01-09-24,18,False,0,51,28,0,0,0.0,0.0,0.0,0.0,0.0,0.0,0.0,0.0,0.0,0.0,0.0,0.0,0.0,0.0,0.0,0.0,0.0,0.0,0.0,0.0,0.0,0.0,0.0,0.0,0.0,0.0,0.0
1512,Dareke Young,Sea,WR,W 29-26,0.0,Wsh,Home,123.5,11-14-23,10,False,0,51,28,31,1,0.0,0.0,0.0,0.0,0.0,0.0,0.0,0.0,0.0,0.0,0.0,0.0,0.0,0.0,0.0,0.0,0.0,0.0,0.0,0.0,0.0,0.0,0.0,0.0,0.0,0.0,0.0
1212,Dareke Young,Sea,WR,L 16-28,0.0,SF,Away,134.0,12-12-23,14,False,0,51,28,27,0,0.0,0.0,0.0,0.0,0.0,0.0,0.0,0.0,0.0,0.0,0.0,0.0,0.0,0.0,0.0,0.0,0.0,0.0,0.0,0.0,0.0,0.0,0.0,0.0,0.0,0.0,0.0
2358,Dareke Young,Sea,WR,W 20-17,0.0,Phi,Home,140.0,12-19-23,15,False,0,51,28,25,1,0.0,0.0,0.0,0.0,0.0,0.0,0.0,0.0,0.0,0.0,0.0,0.0,0.0,0.0,0.0,0.0,0.0,0.0,0.0,0.0,0.0,0.0,0.0,0.0,0.0,0.0,0.0
1853,Dareke Young,Sea,WR,W 20-17,0.0,Ten,Away,144.5,12-26-23,16,False,0,51,28,30,0,0.0,0.0,0.0,0.0,0.0,0.0,0.0,0.0,0.0,0.0,0.0,0.0,0.0,0.0,0.0,0.0,0.0,0.0,0.0,0.0,0.0,0.0,0.0,0.0,0.0,0.0,0.0
1875,Darius Slayton,NYG,WR,L 25-26,20.6,LAR,Home,8.0,01-02-24,17,False,0,52,23,17,1,20.6,0.0,0.0,4.0,106.0,1.0,0.0,0.0,0.0,20.6,0.0,0.0,4.0,106.0,1.0,0.0,0.0,0.0,20.6,0.0,0.0,4.0,106.0,1.0,0.0,0.0,20.6
1236,Darius Slayton,NYG,WR,W 27-10,17.2,Phi,Home,15.0,01-09-24,18,False,0,52,23,25,1,18.9,0.0,0.0,4.5,84.0,1.0,0.0,0.0,0.0,37.8,0.0,0.0,9.0,168.0,2.0,0.0,0.0,0.0,18.9,0.0,0.0,4.5,84.0,1.0,0.0,0.0,18.9
236,Darius Slayton,NYG,WR,L 0-40,4.5,Dal,Home,74.5,09-12-23,1,False,0,52,23,8,1,14.1,0.0,0.0,4.0,61.0,0.6666666666666666,0.0,0.0,0.0,42.3,0.0,0.0,12.0,183.0,2.0,0.0,0.0,0.0,14.1,0.0,0.0,4.0,61.0,0.6666666666666666,0.0,0.0,14.1
2090,Darius Slayton,NYG,WR,W 31-28,9.2,Ari,Away,55.0,09-19-23,2,False,0,52,23,0,0,12.875,0.0,0.0,3.75,61.25,0.5,0.0,0.0,0.0,51.5,0.0,0.0,15.0,245.0,2.0,0.0,0.0,0.0,12.875,0.0,0.0,3.75,61.25,0.5,0.0,0.0,12.875
395,Darius Slayton,NYG,WR,L 12-30,6.2,SF,Away,72.0,09-26-23,3,False,0,52,23,27,0,11.540000000000001,0.0,0.0,3.6,55.4,0.4,0.0,0.0,0.0,57.7,0.0,0.0,18.0,277.0,2.0,0.0,0.0,0.0,11.540000000000001,0.0,0.0,3.6,55.4,0.4,0.0,0.0,11.540000000000001
77,Darius Slayton,NYG,WR,L 3-24,4.3,Sea,Home,78.0,10-03-23,4,False,0,52,23,28,1,8.28,0.0,0.0,3.2,38.8,0.2,0.0,0.0,0.0,62.0,0.0,0.0,20.0,300.0,2.0,0.0,0.0,0.0,10.333333333333334,0.0,0.0,3.3333333333333335,50.0,0.3333333333333333,0.0,0.0,10.333333333333334
547,Darius Slayton,NYG,WR,L 16-31,5.5,Mia,Away,60.0,10-10-23,5,False,0,52,23,19,0,5.9399999999999995,0.0,0.0,2.6,33.4,0.0,0.0,0.0,0.0,67.5,0.0,0.0,22.0,335.0,2.0,0.0,0.0,0.0,9.642857142857142,0.0,0.0,3.142857142857143,47.857142857142854,0.2857142857142857,0.0,0.0,9.642857142857142
2707,Darius Slayton,NYG,WR,L 9-14,10.9,Buf,Away,35.5,10-17-23,6,False,0,52,23,3,0,7.220000000000001,0.0,0.0,2.8,44.2,0.0,0.0,0.0,0.0,78.4,0.0,0.0,26.0,404.0,2.0,0.0,0.0,0.0,9.8,0.0,0.0,3.25,50.5,0.25,0.0,0.0,9.8
2613,Darius Slayton,NYG,WR,W 14-7,3.2,Wsh,Home,75.5,10-24-23,7,False,0,52,23,31,1,6.0200000000000005,0.0,0.0,2.4,36.2,0.0,0.0,0.0,0.0,81.6,0.0,0.0,27.0,426.0,2.0,0.0,0.0,0.0,9.066666666666666,0.0,0.0,3.0,47.333333333333336,0.2222222222222222,0.0,0.0,9.066666666666666
2483,Darius Slayton,NYG,WR,L 10-13,0.9,NYJ,Home,111.0,10-31-23,8,False,0,52,23,24,1,4.96,0.0,0.0,2.0,29.6,0.0,0.0,0.0,0.0,82.5,0.0,0.0,28.0,425.0,2.0,0.0,0.0,0.0,8.25,0.0,0.0,2.8,42.5,0.2,0.0,0.0,8.25
947,Darius Slayton,NYG,WR,L 6-30,9.9,LV,Away,31.0,11-07-23,9,False,0,52,23,18,0,6.08,0.0,0.0,2.4,36.8,0.0,0.0,0.0,0.0,92.4,0.0,0.0,32.0,484.0,2.0,0.0,0.0,0.0,8.4,0.0,0.0,2.909090909090909,44.0,0.18181818181818182,0.0,0.0,8.4
1443,Darius Slayton,NYG,WR,L 17-49,5.1,Dal,Away,59.0,11-14-23,10,False,0,52,23,8,0,6.0,0.0,0.0,2.6,34.0,0.0,0.0,0.0,0.0,97.5,0.0,0.0,35.0,505.0,2.0,0.0,0.0,0.0,8.125,0.0,0.0,2.9166666666666665,42.083333333333336,0.16666666666666666,0.0,0.0,8.125
644,Darius Slayton,NYG,WR,W 31-19,18.2,Wsh,Away,13.0,11-21-23,11,False,0,52,23,31,0,7.459999999999999,0.0,0.0,2.6,36.6,0.2,0.0,0.0,0.0,115.7,0.0,0.0,39.0,587.0,3.0,0.0,0.0,0.0,8.9,0.0,0.0,3.0,45.15384615384615,0.23076923076923078,0.0,0.0,8.9
1616,Darius Slayton,NYG,WR,W 10-7,3.6,NE,Home,87.5,11-28-23,12,False,0,52,23,21,1,7.539999999999999,0.0,0.0,2.8,35.4,0.2,0.0,0.0,0.0,119.3,0.0,0.0,41.0,603.0,3.0,0.0,0.0,0.0,8.52142857142857,0.0,0.0,2.9285714285714284,43.07142857142857,0.21428571428571427,0.0,0.0,8.52142857142857
1144,Darius Slayton,NYG,WR,W 24-22,3.4,GB,Home,81.0,12-12-23,14,False,0,52,23,11,1,8.040000000000001,0.0,0.0,3.0,38.4,0.2,0.0,0.0,0.0,122.7,0.0,0.0,43.0,617.0,3.0,0.0,0.0,0.0,8.18,0.0,0.0,2.8666666666666667,41.13333333333333,0.2,0.0,0.0,8.18
2242,Darius Slayton,NYG,WR,L 6-24,10.3,NO,Away,37.0,12-19-23,15,False,0,52,23,22,0,8.120000000000001,0.0,0.0,3.0,39.2,0.2,0.0,0.0,0.0,133.0,0.0,0.0,47.0,680.0,3.0,0.0,0.0,0.0,8.3125,0.0,0.0,2.9375,42.5,0.1875,0.0,0.0,8.3125
1717,Darius Slayton,NYG,WR,L 25-33,18.0,Phi,Away,18.0,12-26-23,16,False,0,52,23,25,0,10.7,0.0,0.0,3.0,53.0,0.4,0.0,0.0,0.0,151.0,0.0,0.0,50.0,770.0,4.0,0.0,0.0,0.0,8.882352941176471,0.0,0.0,2.9411764705882355,45.294117647058826,0.23529411764705882,0.0,0.0,8.882352941176471
181,Darnell Mooney,Chi,WR,L 20-38,15.3,GB,Home,20.0,09-12-23,1,False,0,53,5,11,1,15.3,0.0,0.0,4.0,53.0,1.0,0.0,0.0,0.0,15.3,0.0,0.0,4.0,53.0,1.0,0.0,0.0,0.0,15.3,0.0,0.0,4.0,53.0,1.0,0.0,0.0,15.3
2162,Darnell Mooney,Chi,WR,L 17-27,0.0,TB,Away,145.0,09-19-23,2,False,0,53,5,29,0,7.65,0.0,0.0,2.0,26.5,0.5,0.0,0.0,0.0,15.3,0.0,0.0,4.0,53.0,1.0,0.0,0.0,0.0,7.65,0.0,0.0,2.0,26.5,0.5,0.0,0.0,7.65
441,Darnell Mooney,Chi,WR,L 10-41,0.0,KC,Away,141.0,09-26-23,3,False,0,53,5,15,0,5.1000000000000005,0.0,0.0,1.3333333333333333,17.666666666666668,0.3333333333333333,0.0,0.0,0.0,15.3,0.0,0.0,4.0,53.0,1.0,0.0,0.0,0.0,5.1000000000000005,0.0,0.0,1.3333333333333333,17.666666666666668,0.3333333333333333,0.0,0.0,5.1000000000000005
44,Darnell Mooney,Chi,WR,L 28-31,9.1,Den,Home,45.0,10-03-23,4,False,0,53,5,9,1,6.1,0.0,0.0,2.0,26.0,0.25,0.0,0.0,0.0,24.4,0.0,0.0,8.0,104.0,1.0,0.0,0.0,0.0,6.1,0.0,0.0,2.0,26.0,0.25,0.0,0.0,6.1
595,Darnell Mooney,Chi,WR,W 40-20,0.0,Wsh,Away,124.5,10-10-23,5,False,0,53,5,31,0,4.88,0.0,0.0,1.6,20.8,0.2,0.0,0.0,0.0,24.4,0.0,0.0,8.0,104.0,1.0,0.0,0.0,0.0,4.88,0.0,0.0,1.6,20.8,0.2,0.0,0.0,4.88
2724,Darnell Mooney,Chi,WR,L 13-19,6.8,Min,Home,53.0,10-17-23,6,False,0,53,5,20,1,3.1799999999999997,0.0,0.0,1.2,19.8,0.0,0.0,0.0,0.0,31.2,0.0,0.0,10.0,152.0,1.0,0.0,0.0,0.0,5.2,0.0,0.0,1.6666666666666667,25.333333333333332,0.16666666666666666,0.0,0.0,5.2
2588,Darnell Mooney,Chi,WR,W 30-12,7.4,LV,Home,51.0,10-24-23,7,False,0,53,5,18,1,4.66,0.0,0.0,2.0,26.2,0.0,0.2,0.4,0.0,38.6,0.0,0.0,14.0,184.0,1.0,1.0,2.0,0.0,5.514285714285714,0.0,0.0,2.0,26.285714285714285,0.14285714285714285,0.14285714285714285,0.2857142857142857,5.514285714285714
2449,Darnell Mooney,Chi,WR,L 13-30,5.4,LAC,Away,77.5,10-31-23,8,False,0,53,5,16,0,5.74,0.0,0.0,2.2,34.4,0.0,0.4,1.0,0.0,44.0,0.0,0.0,15.0,225.0,1.0,2.0,5.0,0.0,5.5,0.0,0.0,1.875,28.125,0.125,0.25,0.625,5.5
935,Darnell Mooney,Chi,WR,L 17-24,13.2,NO,Away,19.0,11-07-23,9,False,0,53,5,22,0,6.56,0.0,0.0,2.4,40.6,0.0,0.4,1.0,0.0,57.2,0.0,0.0,20.0,307.0,1.0,2.0,5.0,0.0,6.355555555555556,0.0,0.0,2.2222222222222223,34.111111111111114,0.1111111111111111,0.2222222222222222,0.5555555555555556,6.355555555555556
1457,Darnell Mooney,Chi,WR,W 16-13,3.4,Car,Home,74.0,11-14-23,10,False,0,53,5,4,1,7.24,0.0,0.0,2.8,43.4,0.0,0.4,1.0,0.0,60.6,0.0,0.0,22.0,321.0,1.0,2.0,5.0,0.0,6.0600000000000005,0.0,0.0,2.2,32.1,0.1,0.2,0.5,6.0600000000000005
705,Darnell Mooney,Chi,WR,L 26-31,3.4,Det,Away,74.0,11-21-23,11,False,0,53,5,10,0,6.56,0.0,0.0,2.6,38.6,0.0,0.4,1.0,0.0,64.0,0.0,0.0,23.0,345.0,1.0,2.0,5.0,0.0,5.818181818181818,0.0,0.0,2.090909090909091,31.363636363636363,0.09090909090909091,0.18181818181818182,0.45454545454545453,5.818181818181818
1627,Darnell Mooney,Chi,WR,W 12-10,2.6,Min,Away,99.5,11-28-23,12,False,0,53,5,20,0,5.6,0.0,0.0,2.2,33.4,0.0,0.2,0.6,0.0,66.6,0.0,0.0,25.0,351.0,1.0,2.0,5.0,0.0,5.55,0.0,0.0,2.0833333333333335,29.25,0.08333333333333333,0.16666666666666666,0.4166666666666667,5.55
1116,Darnell Mooney,Chi,WR,W 28-13,6.4,Det,Home,53.0,12-12-23,14,False,0,53,5,10,1,5.8,0.0,0.0,2.4,34.0,0.0,0.0,0.0,0.0,73.0,0.0,0.0,27.0,395.0,1.0,2.0,5.0,0.0,5.615384615384615,0.0,0.0,2.076923076923077,30.384615384615383,0.07692307692307693,0.15384615384615385,0.38461538461538464,5.615384615384615
2287,Darnell Mooney,Chi,WR,L 17-20,3.4,Cle,Away,83.0,12-19-23,15,False,0,53,5,7,0,3.84,0.0,0.0,1.8,20.4,0.0,0.0,0.0,0.0,76.4,0.0,0.0,29.0,409.0,1.0,2.0,5.0,0.0,5.457142857142857,0.0,0.0,2.0714285714285716,29.214285714285715,0.07142857142857142,0.14285714285714285,0.35714285714285715,5.457142857142857
1792,Darnell Mooney,Chi,WR,W 27-16,2.5,Ari,Home,93.5,12-26-23,16,False,0,53,5,0,1,3.66,0.0,0.0,1.8,18.6,0.0,0.0,0.0,0.0,78.9,0.0,0.0,31.0,414.0,1.0,2.0,5.0,0.0,5.260000000000001,0.0,0.0,2.066666666666667,27.6,0.06666666666666667,0.13333333333333333,0.3333333333333333,5.260000000000001
1869,Davante Adams,LV,WR,L 20-23,37.6,Ind,Away,2.0,01-02-24,17,False,0,54,18,13,0,37.6,0.0,0.0,13.0,126.0,2.0,0.0,0.0,0.0,37.6,0.0,0.0,13.0,126.0,2.0,0.0,0.0,0.0,37.6,0.0,0.0,13.0,126.0,2.0,0.0,0.0,37.6
1243,Davante Adams,LV,WR,W 27-14,15.6,Den,Home,22.0,01-09-24,18,False,0,54,18,9,1,26.6,0.0,0.0,9.0,86.0,1.5,0.0,0.0,0.0,53.2,0.0,0.0,18.0,172.0,3.0,0.0,0.0,0.0,26.6,0.0,0.0,9.0,86.0,1.5,0.0,0.0,26.6
190,Davante Adams,LV,WR,W 17-16,12.6,Den,Away,29.0,09-12-23,1,False,0,54,18,9,0,21.933333333333334,0.0,0.0,8.0,79.33333333333333,1.0,0.0,0.0,0.0,65.8,0.0,0.0,24.0,238.0,3.0,0.0,0.0,0.0,21.933333333333334,0.0,0.0,8.0,79.33333333333333,1.0,0.0,0.0,21.933333333333334
2051,Davante Adams,LV,WR,L 10-38,20.4,Buf,Away,16.5,09-19-23,2,False,0,54,18,3,0,21.55,0.0,0.0,7.5,80.5,1.0,0.0,0.0,0.0,86.2,0.0,0.0,30.0,322.0,4.0,0.0,0.0,0.0,21.55,0.0,0.0,7.5,80.5,1.0,0.0,0.0,21.55
325,Davante Adams,LV,WR,L 18-23,42.2,Pit,Home,2.0,09-26-23,3,False,0,54,18,26,1,25.68,0.0,0.0,8.6,98.8,1.2,0.0,0.0,0.0,128.4,0.0,0.0,43.0,494.0,6.0,0.0,0.0,0.0,25.68,0.0,0.0,8.6,98.8,1.2,0.0,0.0,25.68
18,Davante Adams,LV,WR,L 17-24,15.5,LAC,Away,19.0,10-03-23,4,False,0,54,18,16,0,21.26,0.0,0.0,7.6,88.6,0.8,0.0,0.0,0.0,143.9,0.0,0.0,51.0,569.0,6.0,0.0,0.0,0.0,23.983333333333334,0.0,0.0,8.5,94.83333333333333,1.0,0.0,0.0,23.983333333333334
532,Davante Adams,LV,WR,W 17-13,8.5,GB,Home,45.0,10-10-23,5,False,0,54,18,11,1,19.84,0.0,0.0,7.4,88.4,0.6,0.0,0.0,0.0,152.4,0.0,0.0,55.0,614.0,6.0,0.0,0.0,0.0,21.771428571428572,0.0,0.0,7.857142857142857,87.71428571428571,0.8571428571428571,0.0,0.0,21.771428571428572
2740,Davante Adams,LV,WR,W 21-17,4.9,NE,Home,69.5,10-17-23,6,False,0,54,18,21,1,18.300000000000004,0.0,0.0,6.6,81.0,0.6,0.0,0.0,0.0,157.3,0.0,0.0,57.0,643.0,6.0,0.0,0.0,0.0,19.6625,0.0,0.0,7.125,80.375,0.75,0.0,0.0,19.6625
2561,Davante Adams,LV,WR,L 12-30,12.7,Chi,Away,24.5,10-24-23,7,False,0,54,18,5,0,16.759999999999998,0.0,0.0,6.8,75.6,0.4,0.0,0.0,0.0,170.0,0.0,0.0,64.0,700.0,6.0,0.0,0.0,0.0,18.88888888888889,0.0,0.0,7.111111111111111,77.77777777777777,0.6666666666666666,0.0,0.0,18.88888888888889
2472,Davante Adams,LV,WR,L 14-26,2.1,Det,Away,100.5,10-31-23,8,False,0,54,18,10,0,8.74,0.0,0.0,4.4,43.4,0.0,0.0,0.0,0.0,172.1,0.0,0.0,65.0,711.0,6.0,0.0,0.0,0.0,17.21,0.0,0.0,6.5,71.1,0.6,0.0,0.0,17.21
961,Davante Adams,LV,WR,W 30-6,7.4,NYG,Home,45.0,11-07-23,9,False,0,54,18,23,1,7.12,0.0,0.0,3.6,35.2,0.0,0.0,0.0,0.0,179.5,0.0,0.0,69.0,745.0,6.0,0.0,0.0,0.0,16.318181818181817,0.0,0.0,6.2727272727272725,67.72727272727273,0.5454545454545454,0.0,0.0,16.318181818181817
1405,Davante Adams,LV,WR,W 16-12,14.6,NYJ,Home,21.0,11-14-23,10,False,0,54,18,24,1,8.34,0.0,0.0,4.0,43.4,0.0,0.0,0.0,0.0,194.1,0.0,0.0,75.0,831.0,6.0,0.0,0.0,0.0,16.175,0.0,0.0,6.25,69.25,0.5,0.0,0.0,16.175
639,Davante Adams,LV,WR,L 13-20,21.2,Mia,Away,8.0,11-21-23,11,False,0,54,18,19,0,11.6,0.0,0.0,5.0,54.0,0.2,0.0,0.0,0.0,215.3,0.0,0.0,82.0,913.0,7.0,0.0,0.0,0.0,16.56153846153846,0.0,0.0,6.3076923076923075,70.23076923076923,0.5384615384615384,0.0,0.0,16.56153846153846
1560,Davante Adams,LV,WR,L 17-31,12.3,KC,Home,32.0,11-28-23,12,False,0,54,18,15,1,11.52,0.0,0.0,4.6,57.2,0.2,0.0,0.0,0.0,227.6,0.0,0.0,87.0,986.0,7.0,0.0,0.0,0.0,16.257142857142856,0.0,0.0,6.214285714285714,70.42857142857143,0.5,0.0,0.0,16.257142857142856
1093,Davante Adams,LV,WR,L 0-3,12.3,Min,Home,30.0,12-12-23,14,False,0,54,18,20,1,13.559999999999999,0.0,0.0,5.8,65.6,0.2,0.0,0.0,0.0,239.9,0.0,0.0,94.0,1039.0,7.0,0.0,0.0,0.0,15.993333333333334,0.0,0.0,6.266666666666667,69.26666666666667,0.4666666666666667,0.0,0.0,15.993333333333334
2211,Davante Adams,LV,WR,W 63-21,24.1,LAC,Home,7.5,12-19-23,15,False,0,54,18,16,1,16.9,0.0,0.0,6.6,79.0,0.4,0.0,0.0,0.0,264.0,0.0,0.0,102.0,1140.0,8.0,0.0,0.0,0.0,16.5,0.0,0.0,6.375,71.25,0.5,0.0,0.0,16.5
1814,Davante Adams,LV,WR,W 20-14,1.4,KC,Away,115.0,12-26-23,16,False,0,54,18,15,0,14.260000000000002,0.0,0.0,5.6,62.6,0.4,0.0,0.0,0.0,265.40000000000003,0.0,0.0,103.0,1144.0,8.0,0.0,0.0,0.0,15.611764705882354,0.0,0.0,6.0588235294117645,67.29411764705883,0.47058823529411764,0.0,0.0,15.611764705882354
1953,David Bell,Cle,WR,W 37-20,2.7,NYJ,Home,86.0,01-02-24,17,False,0,55,7,24,1,2.7,0.0,0.0,2.0,7.0,0.0,0.0,0.0,0.0,2.7,0.0,0.0,2.0,7.0,0.0,0.0,0.0,0.0,2.7,0.0,0.0,2.0,7.0,0.0,0.0,0.0,2.7
1228,David Bell,Cle,WR,L 14-31,22.8,Cin,Away,7.0,01-09-24,18,False,0,55,7,6,0,12.75,0.0,0.0,3.0,37.5,1.0,0.0,0.0,0.0,25.5,0.0,0.0,6.0,75.0,2.0,0.0,0.0,0.0,12.75,0.0,0.0,3.0,37.5,1.0,0.0,0.0,12.75
299,David Bell,Cle,WR,W 24-3,0.0,Cin,Home,135.0,09-12-23,1,False,0,55,7,6,1,8.5,0.0,0.0,2.0,25.0,0.6666666666666666,0.0,0.0,0.0,25.5,0.0,0.0,6.0,75.0,2.0,0.0,0.0,0.0,8.5,0.0,0.0,2.0,25.0,0.6666666666666666,0.0,0.0,8.5
2111,David Bell,Cle,WR,L 22-26,5.7,Pit,Away,76.0,09-19-23,2,False,0,55,7,26,0,7.8,0.0,0.0,2.25,25.5,0.5,0.0,0.0,0.0,31.2,0.0,0.0,9.0,102.0,2.0,0.0,0.0,0.0,7.8,0.0,0.0,2.25,25.5,0.5,0.0,0.0,7.8
459,David Bell,Cle,WR,W 27-3,0.0,Ten,Home,141.0,09-26-23,3,False,0,55,7,30,1,6.24,0.0,0.0,1.8,20.4,0.4,0.0,0.0,0.0,31.2,0.0,0.0,9.0,102.0,2.0,0.0,0.0,0.0,6.24,0.0,0.0,1.8,20.4,0.4,0.0,0.0,6.24
136,David Bell,Cle,WR,L 3-28,0.0,Bal,Home,143.0,10-03-23,4,False,0,55,7,2,1,5.7,0.0,0.0,1.4,19.0,0.4,0.0,0.0,0.0,31.2,0.0,0.0,9.0,102.0,2.0,0.0,0.0,0.0,5.2,0.0,0.0,1.5,17.0,0.3333333333333333,0.0,0.0,5.2
2766,David Bell,Cle,WR,W 19-17,1.6,SF,Home,94.0,10-17-23,6,False,0,55,7,27,1,1.4600000000000002,0.0,0.0,0.8,6.6,0.0,0.0,0.0,0.0,32.8,0.0,0.0,10.0,108.0,2.0,0.0,0.0,0.0,4.685714285714285,0.0,0.0,1.4285714285714286,15.428571428571429,0.2857142857142857,0.0,0.0,4.685714285714285
2649,David Bell,Cle,WR,W 39-38,0.0,Ind,Away,116.0,10-24-23,7,False,0,55,7,13,0,1.4600000000000002,0.0,0.0,0.8,6.6,0.0,0.0,0.0,0.0,32.8,0.0,0.0,10.0,108.0,2.0,0.0,0.0,0.0,4.1,0.0,0.0,1.25,13.5,0.25,0.0,0.0,4.1
2506,David Bell,Cle,WR,L 20-24,0.0,Sea,Away,138.0,10-31-23,8,False,0,55,7,28,0,0.32,0.0,0.0,0.2,1.2,0.0,0.0,0.0,0.0,32.8,0.0,0.0,10.0,108.0,2.0,0.0,0.0,0.0,3.644444444444444,0.0,0.0,1.1111111111111112,12.0,0.2222222222222222,0.0,0.0,3.644444444444444
752,David Bell,Cle,WR,W 13-10,0.0,Pit,Home,126.0,11-21-23,11,False,0,55,7,26,1,0.32,0.0,0.0,0.2,1.2,0.0,0.0,0.0,0.0,32.8,0.0,0.0,10.0,108.0,2.0,0.0,0.0,0.0,3.28,0.0,0.0,1.0,10.8,0.2,0.0,0.0,3.28
1672,David Bell,Cle,WR,L 12-29,0.0,Den,Away,149.0,11-28-23,12,False,0,55,7,9,0,0.32,0.0,0.0,0.2,1.2,0.0,0.0,0.0,0.0,32.8,0.0,0.0,10.0,108.0,2.0,0.0,0.0,0.0,2.9818181818181815,0.0,0.0,0.9090909090909091,9.818181818181818,0.18181818181818182,0.0,0.0,2.9818181818181815
846,David Bell,Cle,WR,L 19-36,3.2,LAR,Away,65.5,12-05-23,13,False,0,55,7,17,0,0.64,0.0,0.0,0.4,2.4,0.0,0.0,0.0,0.0,36.0,0.0,0.0,12.0,120.0,2.0,0.0,0.0,0.0,3.0,0.0,0.0,1.0,10.0,0.16666666666666666,0.0,0.0,3.0
1095,David Bell,Cle,WR,W 31-27,11.1,Jax,Home,32.0,12-12-23,14,False,0,55,7,14,1,2.8600000000000003,0.0,0.0,0.6,10.6,0.2,0.0,0.0,0.0,47.1,0.0,0.0,13.0,161.0,3.0,0.0,0.0,0.0,3.623076923076923,0.0,0.0,1.0,12.384615384615385,0.23076923076923078,0.0,0.0,3.623076923076923
2345,David Bell,Cle,WR,W 20-17,0.0,Chi,Home,140.0,12-19-23,15,False,0,55,7,5,1,2.86,0.0,0.0,0.6,10.6,0.2,0.0,0.0,0.0,47.1,0.0,0.0,13.0,161.0,3.0,0.0,0.0,0.0,3.3642857142857143,0.0,0.0,0.9285714285714286,11.5,0.21428571428571427,0.0,0.0,3.3642857142857143
1809,David Bell,Cle,WR,W 36-22,1.6,Hou,Away,111.0,12-26-23,16,False,0,55,7,12,0,3.1799999999999997,0.0,0.0,0.8,11.8,0.2,0.0,0.0,0.0,48.7,0.0,0.0,14.0,167.0,3.0,0.0,0.0,0.0,3.246666666666667,0.0,0.0,0.9333333333333333,11.133333333333333,0.2,0.0,0.0,3.246666666666667
2017,David Moore,TB,WR,L 13-23,0.0,NO,Home,137.5,01-02-24,17,False,0,56,29,22,1,0.0,0.0,0.0,0.0,0.0,0.0,0.0,0.0,0.0,0.0,0.0,0.0,0.0,0.0,0.0,0.0,0.0,0.0,0.0,0.0,0.0,0.0,0.0,0.0,0.0,0.0,0.0
1321,David Moore,TB,WR,W 9-0,1.8,Car,Away,100.0,01-09-24,18,False,0,56,29,4,0,0.9,0.0,0.0,0.5,4.0,0.0,0.0,0.0,0.0,1.8,0.0,0.0,1.0,8.0,0.0,0.0,0.0,0.0,0.9,0.0,0.0,0.5,4.0,0.0,0.0,0.0,0.9
1688,David Moore,TB,WR,L 20-27,0.0,Ind,Away,149.0,11-28-23,12,False,0,56,29,13,0,0.6,0.0,0.0,0.3333333333333333,2.6666666666666665,0.0,0.0,0.0,0.0,1.8,0.0,0.0,1.0,8.0,0.0,0.0,0.0,0.0,0.6,0.0,0.0,0.3333333333333333,2.6666666666666665,0.0,0.0,0.0,0.6
907,David Moore,TB,WR,W 21-18,0.0,Car,Home,113.0,12-05-23,13,False,0,56,29,4,1,0.45,0.0,0.0,0.25,2.0,0.0,0.0,0.0,0.0,1.8,0.0,0.0,1.0,8.0,0.0,0.0,0.0,0.0,0.45,0.0,0.0,0.25,2.0,0.0,0.0,0.0,0.45
1160,David Moore,TB,WR,W 29-25,2.1,Atl,Away,96.0,12-12-23,14,False,0,56,29,1,0,0.78,0.0,0.0,0.4,3.8,0.0,0.0,0.0,0.0,3.9000000000000004,0.0,0.0,2.0,19.0,0.0,0.0,0.0,0.0,0.78,0.0,0.0,0.4,3.8,0.0,0.0,0.0,0.78
2229,David Moore,TB,WR,W 34-20,14.8,GB,Away,24.5,12-19-23,15,False,0,56,29,11,0,3.7400000000000007,0.0,0.0,0.8,17.4,0.2,0.0,0.0,0.0,18.700000000000003,0.0,0.0,4.0,87.0,1.0,0.0,0.0,0.0,3.116666666666667,0.0,0.0,0.6666666666666666,14.5,0.16666666666666666,0.0,0.0,3.116666666666667
1808,David Moore,TB,WR,W 30-12,1.7,Jax,Home,108.5,12-26-23,16,False,0,56,29,14,1,3.72,0.0,0.0,0.8,17.2,0.2,0.0,0.0,0.0,20.400000000000002,0.0,0.0,5.0,94.0,1.0,0.0,0.0,0.0,2.9142857142857146,0.0,0.0,0.7142857142857143,13.428571428571429,0.14285714285714285,0.0,0.0,2.9142857142857146
1525,David Sills V,Den,WR,W 24-22,0.0,Buf,Away,123.5,11-14-23,10,False,0,57,9,3,0,0.0,0.0,0.0,0.0,0.0,0.0,0.0,0.0,0.0,0.0,0.0,0.0,0.0,0.0,0.0,0.0,0.0,0.0,0.0,0.0,0.0,0.0,0.0,0.0,0.0,0.0,0.0
775,David Sills V,Den,WR,W 21-20,0.0,Min,Home,126.0,11-21-23,11,False,0,57,9,20,1,0.0,0.0,0.0,0.0,0.0,0.0,0.0,0.0,0.0,0.0,0.0,0.0,0.0,0.0,0.0,0.0,0.0,0.0,0.0,0.0,0.0,0.0,0.0,0.0,0.0,0.0,0.0
1697,David Sills V,Den,WR,W 29-12,0.0,Cle,Home,149.0,11-28-23,12,False,0,57,9,7,1,0.0,0.0,0.0,0.0,0.0,0.0,0.0,0.0,0.0,0.0,0.0,0.0,0.0,0.0,0.0,0.0,0.0,0.0,0.0,0.0,0.0,0.0,0.0,0.0,0.0,0.0,0.0
2006,DeAndre Carter,LV,WR,L 20-23,0.0,Ind,Away,137.5,01-02-24,17,False,0,58,18,13,0,0.0,0.0,0.0,0.0,0.0,0.0,0.0,0.0,0.0,0.0,0.0,0.0,0.0,0.0,0.0,0.0,0.0,0.0,0.0,0.0,0.0,0.0,0.0,0.0,0.0,0.0,0.0
1334,DeAndre Carter,LV,WR,W 27-14,1.3,Den,Home,113.0,01-09-24,18,False,0,58,18,9,1,0.65,0.0,0.0,0.5,1.5,0.0,0.0,0.0,0.0,1.3,0.0,0.0,1.0,3.0,0.0,0.0,0.0,0.0,0.65,0.0,0.0,0.5,1.5,0.0,0.0,0.0,0.65
263,DeAndre Carter,LV,WR,W 17-16,1.5,Den,Away,101.0,09-12-23,1,False,0,58,18,9,0,0.9333333333333332,0.0,0.0,0.6666666666666666,2.6666666666666665,0.0,0.0,0.0,0.0,2.8,0.0,0.0,2.0,8.0,0.0,0.0,0.0,0.0,0.9333333333333332,0.0,0.0,0.6666666666666666,2.6666666666666665,0.0,0.0,0.0,0.9333333333333332
2178,DeAndre Carter,LV,WR,L 10-38,0.0,Buf,Away,145.0,09-19-23,2,False,0,58,18,3,0,0.7,0.0,0.0,0.5,2.0,0.0,0.0,0.0,0.0,2.8,0.0,0.0,2.0,8.0,0.0,0.0,0.0,0.0,0.7,0.0,0.0,0.5,2.0,0.0,0.0,0.0,0.7
420,DeAndre Carter,LV,WR,L 18-23,2.6,Pit,Home,96.5,09-26-23,3,False,0,58,18,26,1,1.08,0.0,0.0,0.6,4.8,0.0,0.0,0.0,0.0,5.4,0.0,0.0,3.0,24.0,0.0,0.0,0.0,0.0,1.08,0.0,0.0,0.6,4.8,0.0,0.0,0.0,1.08
135,DeAndre Carter,LV,WR,L 17-24,0.0,LAC,Away,143.0,10-03-23,4,False,0,58,18,16,0,1.08,0.0,0.0,0.6,4.8,0.0,0.0,0.0,0.0,5.4,0.0,0.0,3.0,24.0,0.0,0.0,0.0,0.0,0.9,0.0,0.0,0.5,4.0,0.0,0.0,0.0,0.9
593,DeAndre Carter,LV,WR,W 17-13,0.3,GB,Home,106.0,10-10-23,5,False,0,58,18,11,1,0.8800000000000001,0.0,0.0,0.4,4.2,0.0,0.4,0.6,0.0,5.7,0.0,0.0,3.0,24.0,0.0,2.0,3.0,0.0,0.8142857142857143,0.0,0.0,0.42857142857142855,3.4285714285714284,0.0,0.2857142857142857,0.42857142857142855,0.8142857142857143
2799,DeAndre Carter,LV,WR,W 21-17,0.0,NE,Home,128.0,10-17-23,6,False,0,58,18,21,1,0.5800000000000001,0.0,0.0,0.2,3.2,0.0,0.4,0.6,0.0,5.7,0.0,0.0,3.0,24.0,0.0,2.0,3.0,0.0,0.7125,0.0,0.0,0.375,3.0,0.0,0.25,0.375,0.7125
2651,DeAndre Carter,LV,WR,L 12-30,0.0,Chi,Away,116.0,10-24-23,7,False,0,58,18,5,0,0.5800000000000001,0.0,0.0,0.2,3.2,0.0,0.4,0.6,0.0,5.7,0.0,0.0,3.0,24.0,0.0,2.0,3.0,0.0,0.6333333333333333,0.0,0.0,0.3333333333333333,2.6666666666666665,0.0,0.2222222222222222,0.3333333333333333,0.6333333333333333
2509,DeAndre Carter,LV,WR,L 14-26,0.0,Det,Away,138.0,10-31-23,8,False,0,58,18,10,0,0.06,0.0,0.0,0.0,0.0,0.0,0.4,0.6,0.0,5.7,0.0,0.0,3.0,24.0,0.0,2.0,3.0,0.0,0.5700000000000001,0.0,0.0,0.3,2.4,0.0,0.2,0.3,0.5700000000000001
999,DeAndre Carter,LV,WR,W 30-6,2.5,NYG,Home,83.5,11-07-23,9,False,0,58,18,23,1,0.5599999999999999,0.0,0.0,0.2,3.0,0.0,0.4,0.6,0.0,8.2,0.0,0.0,4.0,39.0,0.0,2.0,3.0,0.0,0.7454545454545454,0.0,0.0,0.36363636363636365,3.5454545454545454,0.0,0.18181818181818182,0.2727272727272727,0.7454545454545454
1486,DeAndre Carter,LV,WR,W 16-12,1.5,NYJ,Home,101.5,11-14-23,10,False,0,58,18,24,1,0.8,0.0,0.0,0.2,3.0,0.0,0.2,3.0,0.0,9.7,0.0,0.0,4.0,39.0,0.0,3.0,18.0,0.0,0.8083333333333332,0.0,0.0,0.3333333333333333,3.25,0.0,0.25,1.5,0.8083333333333332
754,DeAndre Carter,LV,WR,L 13-20,0.0,Mia,Away,126.0,11-21-23,11,False,0,58,18,19,0,0.8,0.0,0.0,0.2,3.0,0.0,0.2,3.0,0.0,9.7,0.0,0.0,4.0,39.0,0.0,3.0,18.0,0.0,0.7461538461538461,0.0,0.0,0.3076923076923077,3.0,0.0,0.23076923076923078,1.3846153846153846,0.7461538461538461
1676,DeAndre Carter,LV,WR,L 17-31,0.0,KC,Home,149.0,11-28-23,12,False,0,58,18,15,1,0.8,0.0,0.0,0.2,3.0,0.0,0.2,3.0,0.0,9.7,0.0,0.0,4.0,39.0,0.0,3.0,18.0,0.0,0.6928571428571428,0.0,0.0,0.2857142857142857,2.7857142857142856,0.0,0.21428571428571427,1.2857142857142858,0.6928571428571428
1204,DeAndre Carter,LV,WR,L 0-3,0.0,Min,Home,134.0,12-12-23,14,False,0,58,18,20,1,0.8,0.0,0.0,0.2,3.0,0.0,0.2,3.0,0.0,9.7,0.0,0.0,4.0,39.0,0.0,3.0,18.0,0.0,0.6466666666666666,0.0,0.0,0.26666666666666666,2.6,0.0,0.2,1.2,0.6466666666666666
2351,DeAndre Carter,LV,WR,W 63-21,0.0,LAC,Home,140.0,12-19-23,15,False,0,58,18,16,1,0.3,0.0,0.0,0.0,0.0,0.0,0.2,3.0,0.0,9.7,0.0,0.0,4.0,39.0,0.0,3.0,18.0,0.0,0.60625,0.0,0.0,0.25,2.4375,0.0,0.1875,1.125,0.60625
1847,DeAndre Carter,LV,WR,W 20-14,0.0,KC,Away,144.5,12-26-23,16,False,0,58,18,15,0,0.0,0.0,0.0,0.0,0.0,0.0,0.0,0.0,0.0,9.7,0.0,0.0,4.0,39.0,0.0,3.0,18.0,0.0,0.5705882352941176,0.0,0.0,0.23529411764705882,2.2941176470588234,0.0,0.17647058823529413,1.0588235294117647,0.5705882352941176
1894,DeAndre Hopkins,Ten,WR,L 3-26,14.2,Hou,Away,27.0,01-02-24,17,False,0,59,30,12,0,14.2,0.0,0.0,7.0,72.0,0.0,0.0,0.0,0.0,14.2,0.0,0.0,7.0,72.0,0.0,0.0,0.0,0.0,14.2,0.0,0.0,7.0,72.0,0.0,0.0,0.0,14.2
1235,DeAndre Hopkins,Ten,WR,W 28-20,17.6,Jax,Home,14.0,01-09-24,18,False,0,59,30,14,1,15.9,0.0,0.0,7.0,59.0,0.5,0.0,0.0,0.0,31.8,0.0,0.0,14.0,118.0,1.0,0.0,0.0,0.0,15.9,0.0,0.0,7.0,59.0,0.5,0.0,0.0,15.9
187,DeAndre Hopkins,Ten,WR,L 15-16,13.5,NO,Away,26.0,09-12-23,1,False,0,59,30,22,0,15.1,0.0,0.0,7.0,61.0,0.3333333333333333,0.0,0.0,0.0,45.3,0.0,0.0,21.0,183.0,1.0,0.0,0.0,0.0,15.1,0.0,0.0,7.0,61.0,0.3333333333333333,0.0,0.0,15.1
2097,DeAndre Hopkins,Ten,WR,W 27-24,8.0,LAC,Home,62.0,09-19-23,2,False,0,59,30,16,1,13.325,0.0,0.0,6.25,55.75,0.25,0.0,0.0,0.0,53.3,0.0,0.0,25.0,223.0,1.0,0.0,0.0,0.0,13.325,0.0,0.0,6.25,55.75,0.25,0.0,0.0,13.325
384,DeAndre Hopkins,Ten,WR,L 3-27,7.8,Cle,Away,61.0,09-26-23,3,False,0,59,30,7,0,12.22,0.0,0.0,5.6,54.2,0.2,0.0,0.0,0.0,61.1,0.0,0.0,28.0,271.0,1.0,0.0,0.0,0.0,12.22,0.0,0.0,5.6,54.2,0.2,0.0,0.0,12.22
37,DeAndre Hopkins,Ten,WR,W 27-3,10.3,Cin,Home,38.0,10-03-23,4,False,0,59,30,6,1,11.440000000000001,0.0,0.0,5.0,52.4,0.2,0.0,0.0,0.0,71.4,0.0,0.0,32.0,334.0,1.0,0.0,0.0,0.0,11.9,0.0,0.0,5.333333333333333,55.666666666666664,0.16666666666666666,0.0,0.0,11.9
494,DeAndre Hopkins,Ten,WR,L 16-23,22.0,Ind,Away,7.5,10-10-23,5,False,0,59,30,13,0,12.319999999999999,0.0,0.0,5.2,71.2,0.0,0.0,0.0,0.0,93.4,0.0,0.0,40.0,474.0,1.0,0.0,0.0,0.0,13.342857142857143,0.0,0.0,5.714285714285714,67.71428571428571,0.14285714285714285,0.0,0.0,13.342857142857143
2756,DeAndre Hopkins,Ten,WR,L 16-24,3.0,Bal,Home,85.5,10-17-23,6,False,0,59,30,2,1,10.219999999999999,0.0,0.0,4.0,62.2,0.0,0.0,0.0,0.0,96.4,0.0,0.0,41.0,494.0,1.0,0.0,0.0,0.0,12.05,0.0,0.0,5.125,61.75,0.125,0.0,0.0,12.05
2374,DeAndre Hopkins,Ten,WR,W 28-23,34.8,Atl,Home,2.0,10-31-23,8,False,0,59,30,1,1,15.579999999999998,0.0,0.0,4.0,79.8,0.6,0.0,0.0,0.0,131.2,0.0,0.0,45.0,622.0,4.0,0.0,0.0,0.0,14.577777777777776,0.0,0.0,5.0,69.11111111111111,0.4444444444444444,0.0,0.0,14.577777777777776
943,DeAndre Hopkins,Ten,WR,L 16-20,10.5,Pit,Away,27.5,11-07-23,9,False,0,59,30,26,0,16.119999999999997,0.0,0.0,4.2,82.2,0.6,0.2,1.0,0.0,141.7,0.0,0.0,49.0,682.0,4.0,1.0,5.0,0.0,14.169999999999998,0.0,0.0,4.9,68.2,0.4,0.1,0.5,14.169999999999998
1441,DeAndre Hopkins,Ten,WR,L 6-20,5.7,TB,Away,57.0,11-14-23,10,False,0,59,30,29,0,15.2,0.0,0.0,4.0,75.0,0.6,0.2,1.0,0.0,147.4,0.0,0.0,52.0,709.0,4.0,1.0,5.0,0.0,13.4,0.0,0.0,4.7272727272727275,64.45454545454545,0.36363636363636365,0.09090909090909091,0.45454545454545453,13.4
650,DeAndre Hopkins,Ten,WR,L 14-34,15.9,Jax,Away,18.5,11-21-23,11,False,0,59,30,14,0,13.98,0.0,0.0,3.2,58.8,0.8,0.2,1.0,0.0,163.3,0.0,0.0,56.0,768.0,5.0,1.0,5.0,0.0,13.608333333333334,0.0,0.0,4.666666666666667,64.0,0.4166666666666667,0.08333333333333333,0.4166666666666667,13.608333333333334
1580,DeAndre Hopkins,Ten,WR,W 17-10,7.9,Car,Home,52.0,11-28-23,12,False,0,59,30,4,1,14.959999999999999,0.0,0.0,3.6,64.6,0.8,0.2,1.0,0.0,171.20000000000002,0.0,0.0,59.0,817.0,5.0,1.0,5.0,0.0,13.16923076923077,0.0,0.0,4.538461538461538,62.84615384615385,0.38461538461538464,0.07692307692307693,0.38461538461538464,13.16923076923077
795,DeAndre Hopkins,Ten,WR,L 28-31,18.9,Ind,Home,14.0,12-05-23,13,False,0,59,30,13,1,11.78,0.0,0.0,3.8,54.0,0.4,0.4,1.8,0.0,190.1,0.0,0.0,64.0,892.0,6.0,2.0,9.0,0.0,13.578571428571427,0.0,0.0,4.571428571428571,63.714285714285715,0.42857142857142855,0.14285714285714285,0.6428571428571429,13.578571428571427
1068,DeAndre Hopkins,Ten,WR,W 28-27,25.4,Mia,Away,5.0,12-12-23,14,False,0,59,30,19,0,14.76,0.0,0.0,4.4,66.8,0.6,0.2,0.8,0.0,215.5,0.0,0.0,71.0,1016.0,7.0,2.0,9.0,0.0,14.366666666666667,0.0,0.0,4.733333333333333,67.73333333333333,0.4666666666666667,0.13333333333333333,0.6,14.366666666666667
2282,DeAndre Hopkins,Ten,WR,L 16-19,4.1,Hou,Home,78.5,12-19-23,15,False,0,59,30,12,1,14.439999999999998,0.0,0.0,4.2,65.6,0.6,0.2,0.8,0.0,219.6,0.0,0.0,73.0,1037.0,7.0,2.0,9.0,0.0,13.725,0.0,0.0,4.5625,64.8125,0.4375,0.125,0.5625,13.725
1780,DeAndre Hopkins,Ten,WR,L 17-20,4.0,Sea,Home,81.0,12-26-23,16,False,0,59,30,28,1,12.059999999999999,0.0,0.0,3.8,57.8,0.4,0.2,0.8,0.0,223.6,0.0,0.0,75.0,1057.0,7.0,2.0,9.0,0.0,13.152941176470588,0.0,0.0,4.411764705882353,62.1764705882353,0.4117647058823529,0.11764705882352941,0.5294117647058824,13.152941176470588
1920,DeMario Douglas,NE,WR,L 21-27,7.3,Buf,Away,53.0,01-02-24,17,False,0,60,21,3,0,7.3,0.0,0.0,3.0,31.0,0.0,3.0,12.0,0.0,7.3,0.0,0.0,3.0,31.0,0.0,3.0,12.0,0.0,7.3,0.0,0.0,3.0,31.0,0.0,3.0,12.0,7.3
1304,DeMario Douglas,NE,WR,L 3-17,3.3,NYJ,Home,84.0,01-09-24,18,False,0,60,21,24,1,5.3,0.0,0.0,2.5,22.0,0.0,2.0,6.0,0.0,10.6,0.0,0.0,5.0,44.0,0.0,4.0,12.0,0.0,5.3,0.0,0.0,2.5,22.0,0.0,2.0,6.0,5.3
2264,DeMario Douglas,NE,WR,L 17-27,6.3,KC,Home,60.0,12-19-23,15,False,0,60,21,15,1,5.633333333333333,0.0,0.0,2.6666666666666665,25.666666666666668,0.0,1.3333333333333333,4.0,0.0,16.9,0.0,0.0,8.0,77.0,0.0,4.0,12.0,0.0,5.633333333333333,0.0,0.0,2.6666666666666665,25.666666666666668,0.0,1.3333333333333333,4.0,5.633333333333333
1731,DeMario Douglas,NE,WR,W 26-23,12.4,Den,Away,32.0,12-26-23,16,False,0,60,21,9,0,7.325,0.0,0.0,3.25,37.75,0.0,1.0,3.0,0.0,29.3,0.0,0.0,13.0,151.0,0.0,4.0,12.0,0.0,7.325,0.0,0.0,3.25,37.75,0.0,1.0,3.0,7.325
1954,DeVante Parker,NE,WR,L 21-27,2.5,Buf,Away,87.0,01-02-24,17,False,0,61,21,3,0,2.5,0.0,0.0,1.0,15.0,0.0,0.0,0.0,0.0,2.5,0.0,0.0,1.0,15.0,0.0,0.0,0.0,0.0,2.5,0.0,0.0,1.0,15.0,0.0,0.0,0.0,2.5
1324,DeVante Parker,NE,WR,L 3-17,1.6,NYJ,Home,104.0,01-09-24,18,False,0,61,21,24,1,2.05,0.0,0.0,1.0,10.5,0.0,0.0,0.0,0.0,4.1,0.0,0.0,2.0,21.0,0.0,0.0,0.0,0.0,2.05,0.0,0.0,1.0,10.5,0.0,0.0,0.0,2.05
2081,DeVante Parker,NE,WR,L 17-24,11.7,Mia,Home,46.0,09-19-23,2,False,0,61,21,19,1,5.266666666666667,0.0,0.0,2.6666666666666665,26.0,0.0,0.0,0.0,0.0,15.799999999999999,0.0,0.0,8.0,78.0,0.0,0.0,0.0,0.0,5.266666666666667,0.0,0.0,2.6666666666666665,26.0,0.0,0.0,0.0,5.266666666666667
408,DeVante Parker,NE,WR,W 15-10,3.9,NYJ,Away,85.0,09-26-23,3,False,0,61,21,24,0,4.925,0.0,0.0,2.5,24.25,0.0,0.0,0.0,0.0,19.7,0.0,0.0,10.0,97.0,0.0,0.0,0.0,0.0,4.925,0.0,0.0,2.5,24.25,0.0,0.0,0.0,4.925
69,DeVante Parker,NE,WR,L 3-38,5.3,Dal,Away,69.5,10-03-23,4,False,0,61,21,8,0,5.0,0.0,0.0,2.4,26.0,0.0,0.0,0.0,0.0,25.0,0.0,0.0,12.0,130.0,0.0,0.0,0.0,0.0,5.0,0.0,0.0,2.4,26.0,0.0,0.0,0.0,5.0
554,DeVante Parker,NE,WR,L 0-34,4.0,NO,Home,67.5,10-10-23,5,False,0,61,21,22,1,5.3,0.0,0.0,2.6,27.0,0.0,0.0,0.0,0.0,29.0,0.0,0.0,14.0,150.0,0.0,0.0,0.0,0.0,4.833333333333333,0.0,0.0,2.3333333333333335,25.0,0.0,0.0,0.0,4.833333333333333
2763,DeVante Parker,NE,WR,L 17-21,1.7,LV,Away,92.0,10-17-23,6,False,0,61,21,18,0,5.319999999999999,0.0,0.0,2.6,27.2,0.0,0.0,0.0,0.0,30.7,0.0,0.0,15.0,157.0,0.0,0.0,0.0,0.0,4.385714285714285,0.0,0.0,2.142857142857143,22.428571428571427,0.0,0.0,0.0,4.385714285714285
2621,DeVante Parker,NE,WR,W 29-25,1.8,Buf,Home,84.0,10-24-23,7,False,0,61,21,3,1,3.34,0.0,0.0,1.6,17.4,0.0,0.0,0.0,0.0,32.5,0.0,0.0,16.0,165.0,0.0,0.0,0.0,0.0,4.0625,0.0,0.0,2.0,20.625,0.0,0.0,0.0,4.0625
2468,DeVante Parker,NE,WR,L 17-31,2.4,Mia,Away,96.5,10-31-23,8,False,0,61,21,19,0,3.04,0.0,0.0,1.4,16.4,0.0,0.0,0.0,0.0,34.9,0.0,0.0,17.0,179.0,0.0,0.0,0.0,0.0,3.8777777777777778,0.0,0.0,1.8888888888888888,19.88888888888889,0.0,0.0,0.0,3.8777777777777778
1586,DeVante Parker,NE,WR,L 7-10,7.2,NYG,Away,58.5,11-28-23,12,False,0,61,21,23,0,3.4200000000000004,0.0,0.0,1.6,18.2,0.0,0.0,0.0,0.0,42.099999999999994,0.0,0.0,20.0,221.0,0.0,0.0,0.0,0.0,4.209999999999999,0.0,0.0,2.0,22.1,0.0,0.0,0.0,4.209999999999999
816,DeVante Parker,NE,WR,L 0-6,10.4,LAC,Home,35.0,12-05-23,13,False,0,61,21,16,1,4.7,0.0,0.0,2.0,27.0,0.0,0.0,0.0,0.0,52.5,0.0,0.0,24.0,285.0,0.0,0.0,0.0,0.0,4.7727272727272725,0.0,0.0,2.1818181818181817,25.90909090909091,0.0,0.0,0.0,4.7727272727272725
2245,DeVante Parker,NE,WR,L 17-27,9.4,KC,Home,40.5,12-19-23,15,False,0,61,21,15,1,6.24,0.0,0.0,2.8,34.4,0.0,0.0,0.0,0.0,61.9,0.0,0.0,29.0,329.0,0.0,0.0,0.0,0.0,5.158333333333333,0.0,0.0,2.4166666666666665,27.416666666666668,0.0,0.0,0.0,5.158333333333333
1738,DeVante Parker,NE,WR,W 26-23,10.5,Den,Away,39.5,12-26-23,16,False,0,61,21,9,0,7.9799999999999995,0.0,0.0,3.4,45.8,0.0,0.0,0.0,0.0,72.4,0.0,0.0,33.0,394.0,0.0,0.0,0.0,0.0,5.56923076923077,0.0,0.0,2.5384615384615383,30.307692307692307,0.0,0.0,0.0,5.56923076923077
1927,DeVonta Smith,Phi,WR,L 31-35,6.0,Ari,Home,60.5,01-02-24,17,False,0,62,25,0,1,6.0,0.0,0.0,3.0,30.0,0.0,0.0,0.0,0.0,6.0,0.0,0.0,3.0,30.0,0.0,0.0,0.0,0.0,6.0,0.0,0.0,3.0,30.0,0.0,0.0,0.0,6.0
178,DeVonta Smith,Phi,WR,W 25-20,17.7,NE,Away,16.5,09-12-23,1,False,0,62,25,21,0,11.85,0.0,0.0,5.0,38.5,0.5,0.0,0.0,0.0,23.7,0.0,0.0,10.0,77.0,1.0,0.0,0.0,0.0,11.85,0.0,0.0,5.0,38.5,0.5,0.0,0.0,11.85
2045,DeVonta Smith,Phi,WR,W 34-28,23.1,Min,Home,10.0,09-19-23,2,False,0,62,25,20,1,15.6,0.0,0.0,4.666666666666667,69.33333333333333,0.6666666666666666,0.0,0.0,0.0,46.8,0.0,0.0,14.0,208.0,2.0,0.0,0.0,0.0,15.6,0.0,0.0,4.666666666666667,69.33333333333333,0.6666666666666666,0.0,0.0,15.6
392,DeVonta Smith,Phi,WR,W 25-11,6.8,TB,Away,69.0,09-26-23,3,False,0,62,25,29,0,13.4,0.0,0.0,4.5,59.0,0.5,0.0,0.0,0.0,53.6,0.0,0.0,18.0,236.0,2.0,0.0,0.0,0.0,13.4,0.0,0.0,4.5,59.0,0.5,0.0,0.0,13.4
24,DeVonta Smith,Phi,WR,W 34-31,14.8,Wsh,Home,24.5,10-03-23,4,False,0,62,25,31,1,13.680000000000001,0.0,0.0,5.0,62.8,0.4,0.0,0.0,0.0,68.4,0.0,0.0,25.0,314.0,2.0,0.0,0.0,0.0,13.680000000000001,0.0,0.0,5.0,62.8,0.4,0.0,0.0,13.680000000000001
585,DeVonta Smith,Phi,WR,W 23-14,1.6,LAR,Away,98.5,10-10-23,5,False,0,62,25,17,0,12.8,0.0,0.0,4.6,58.0,0.4,0.0,0.0,0.0,70.0,0.0,0.0,26.0,320.0,2.0,0.0,0.0,0.0,11.666666666666666,0.0,0.0,4.333333333333333,53.333333333333336,0.3333333333333333,0.0,0.0,11.666666666666666
2711,DeVonta Smith,Phi,WR,L 14-20,9.4,NYJ,Away,40.5,10-17-23,6,False,0,62,25,24,0,11.14,0.0,0.0,4.2,57.4,0.2,0.0,0.0,0.0,79.4,0.0,0.0,31.0,364.0,2.0,0.0,0.0,0.0,11.342857142857143,0.0,0.0,4.428571428571429,52.0,0.2857142857142857,0.0,0.0,11.342857142857143
2581,DeVonta Smith,Phi,WR,W 31-17,8.9,Mia,Home,44.0,10-24-23,7,False,0,62,25,19,1,8.3,0.0,0.0,4.2,41.0,0.0,0.0,0.0,0.0,88.3,0.0,0.0,35.0,413.0,2.0,0.0,0.0,0.0,11.0375,0.0,0.0,4.375,51.625,0.25,0.0,0.0,11.0375
2382,DeVonta Smith,Phi,WR,W 38-31,22.9,Wsh,Away,10.0,10-31-23,8,False,0,62,25,31,0,11.52,0.0,0.0,4.8,55.2,0.2,0.0,0.0,0.0,111.2,0.0,0.0,42.0,512.0,3.0,0.0,0.0,0.0,12.355555555555556,0.0,0.0,4.666666666666667,56.888888888888886,0.3333333333333333,0.0,0.0,12.355555555555556
931,DeVonta Smith,Phi,WR,W 28-23,14.1,Dal,Home,15.0,11-07-23,9,False,0,62,25,8,1,11.379999999999999,0.0,0.0,4.0,49.8,0.4,0.0,0.0,0.0,125.3,0.0,0.0,45.0,563.0,4.0,0.0,0.0,0.0,12.53,0.0,0.0,4.5,56.3,0.4,0.0,0.0,12.53
649,DeVonta Smith,Phi,WR,W 21-17,15.9,KC,Away,18.5,11-21-23,11,False,0,62,25,15,0,14.24,0.0,0.0,5.0,68.4,0.4,0.0,0.0,0.0,141.2,0.0,0.0,51.0,662.0,4.0,0.0,0.0,0.0,12.836363636363636,0.0,0.0,4.636363636363637,60.18181818181818,0.36363636363636365,0.0,0.0,12.836363636363636
1532,DeVonta Smith,Phi,WR,W 37-34,23.6,Buf,Home,4.0,11-28-23,12,False,0,62,25,3,1,17.080000000000002,0.0,0.0,5.4,80.8,0.6,0.0,0.0,0.0,164.8,0.0,0.0,58.0,768.0,5.0,0.0,0.0,0.0,13.733333333333334,0.0,0.0,4.833333333333333,64.0,0.4166666666666667,0.0,0.0,13.733333333333334
791,DeVonta Smith,Phi,WR,L 19-42,24.6,SF,Home,10.0,12-05-23,13,False,0,62,25,27,1,20.220000000000002,0.0,0.0,6.4,90.2,0.8,0.0,0.0,0.0,189.4,0.0,0.0,67.0,864.0,6.0,0.0,0.0,0.0,14.569230769230769,0.0,0.0,5.153846153846154,66.46153846153847,0.46153846153846156,0.0,0.0,14.569230769230769
1096,DeVonta Smith,Phi,WR,L 13-33,10.3,Dal,Away,33.5,12-12-23,14,False,0,62,25,8,0,17.7,0.0,0.0,6.0,85.0,0.6,0.0,0.0,0.0,199.70000000000002,0.0,0.0,72.0,937.0,6.0,0.0,0.0,0.0,14.264285714285716,0.0,0.0,5.142857142857143,66.92857142857143,0.42857142857142855,0.0,0.0,14.264285714285716
2243,DeVonta Smith,Phi,WR,L 17-20,10.0,Sea,Away,39.0,12-19-23,15,False,0,62,25,28,0,16.880000000000003,0.0,0.0,6.4,84.8,0.4,0.0,0.0,0.0,209.70000000000002,0.0,0.0,77.0,987.0,6.0,0.0,0.0,0.0,13.98,0.0,0.0,5.133333333333334,65.8,0.4,0.0,0.0,13.98
1718,DeVonta Smith,Phi,WR,W 33-25,17.9,NYG,Home,19.5,12-26-23,16,False,0,62,25,23,1,17.28,0.0,0.0,6.0,80.8,0.6,0.0,0.0,0.0,227.6,0.0,0.0,81.0,1066.0,7.0,0.0,0.0,0.0,14.225,0.0,0.0,5.0625,66.625,0.4375,0.0,0.0,14.225
2537,Dee Eskridge,Sea,WR,W 24-20,-0.5,Cle,Home,164.5,10-31-23,8,False,0,63,28,7,1,-0.5,0.0,0.0,0.0,0.0,0.0,1.0,-5.0,0.0,-0.5,0.0,0.0,0.0,0.0,0.0,1.0,-5.0,0.0,-0.5,0.0,0.0,0.0,0.0,0.0,1.0,-5.0,-0.5
1043,Dee Eskridge,Sea,WR,L 3-37,0.0,Bal,Away,126.5,11-07-23,9,False,0,63,28,2,0,-0.25,0.0,0.0,0.0,0.0,0.0,0.5,-2.5,0.0,-0.5,0.0,0.0,0.0,0.0,0.0,1.0,-5.0,0.0,-0.25,0.0,0.0,0.0,0.0,0.0,0.5,-2.5,-0.25
755,Dee Eskridge,Sea,WR,L 16-17,0.0,LAR,Away,126.0,11-21-23,11,False,0,63,28,17,0,-0.16666666666666666,0.0,0.0,0.0,0.0,0.0,0.3333333333333333,-1.6666666666666667,0.0,-0.5,0.0,0.0,0.0,0.0,0.0,1.0,-5.0,0.0,-0.16666666666666666,0.0,0.0,0.0,0.0,0.0,0.3333333333333333,-1.6666666666666667,-0.16666666666666666
1649,Dee Eskridge,Sea,WR,L 13-31,1.0,SF,Home,120.5,11-28-23,12,False,0,63,28,27,1,0.125,0.0,0.0,0.0,0.0,0.0,0.5,1.25,0.0,0.5,0.0,0.0,0.0,0.0,0.0,2.0,5.0,0.0,0.125,0.0,0.0,0.0,0.0,0.0,0.5,1.25,0.125
1880,Deebo Samuel,SF,WR,W 27-10,18.2,Wsh,Away,13.0,01-02-24,17,False,0,64,27,31,0,18.2,0.0,0.0,5.0,37.0,1.0,3.0,35.0,0.0,18.2,0.0,0.0,5.0,37.0,1.0,3.0,35.0,0.0,18.2,0.0,0.0,5.0,37.0,1.0,3.0,35.0,18.2
1286,Deebo Samuel,SF,WR,L 20-21,5.2,LAR,Home,64.5,01-09-24,18,False,0,64,27,17,1,11.7,0.0,0.0,3.5,29.0,0.5,2.0,23.0,0.0,23.4,0.0,0.0,7.0,58.0,1.0,4.0,46.0,0.0,11.7,0.0,0.0,3.5,29.0,0.5,2.0,23.0,11.7
197,Deebo Samuel,SF,WR,W 30-7,11.3,Pit,Away,36.0,09-12-23,1,False,0,64,27,26,0,11.566666666666668,0.0,0.0,4.0,37.666666666666664,0.3333333333333333,2.0,18.0,0.0,34.7,0.0,0.0,12.0,113.0,1.0,6.0,54.0,0.0,11.566666666666668,0.0,0.0,4.0,37.666666666666664,0.3333333333333333,2.0,18.0,11.566666666666668
2047,Deebo Samuel,SF,WR,W 30-23,22.1,LAR,Away,12.0,09-19-23,2,False,0,64,27,17,0,14.2,0.0,0.0,4.5,44.0,0.25,2.75,23.0,0.25,56.8,0.0,0.0,18.0,176.0,1.0,11.0,92.0,1.0,14.2,0.0,0.0,4.5,44.0,0.25,2.75,23.0,14.2
331,Deebo Samuel,SF,WR,W 30-12,25.1,NYG,Home,8.5,09-26-23,3,False,0,64,27,23,1,16.380000000000003,0.0,0.0,4.8,61.0,0.4,2.4,18.8,0.2,81.9,0.0,0.0,24.0,305.0,2.0,12.0,94.0,1.0,16.380000000000003,0.0,0.0,4.8,61.0,0.4,2.4,18.8,16.380000000000003
122,Deebo Samuel,SF,WR,W 35-16,0.6,Ari,Home,123.0,10-03-23,4,False,0,64,27,0,1,12.86,0.0,0.0,3.8,53.6,0.2,2.4,13.0,0.2,82.5,0.0,0.0,24.0,305.0,2.0,15.0,100.0,1.0,13.75,0.0,0.0,4.0,50.833333333333336,0.3333333333333333,2.5,16.666666666666668,13.75
514,Deebo Samuel,SF,WR,W 42-10,11.5,Dal,Home,27.0,10-10-23,5,False,0,64,27,8,1,14.120000000000001,0.0,0.0,4.0,60.4,0.2,3.2,16.8,0.2,94.0,0.0,0.0,27.0,360.0,2.0,20.0,130.0,1.0,13.428571428571429,0.0,0.0,3.857142857142857,51.42857142857143,0.2857142857142857,2.857142857142857,18.571428571428573,13.428571428571429
2771,Deebo Samuel,SF,WR,L 17-19,1.1,Cle,Away,100.0,10-17-23,6,False,0,64,27,7,0,12.080000000000002,0.0,0.0,3.0,49.4,0.2,3.2,17.4,0.2,95.10000000000001,0.0,0.0,27.0,360.0,2.0,22.0,141.0,1.0,11.887500000000001,0.0,0.0,3.375,45.0,0.25,2.75,17.625,11.887500000000001
1401,Deebo Samuel,SF,WR,W 34-3,15.9,Jax,Away,17.0,11-14-23,10,False,0,64,27,14,0,10.84,0.0,0.0,2.6,42.8,0.2,2.8,15.6,0.2,111.0,0.0,0.0,31.0,390.0,2.0,25.0,170.0,2.0,12.333333333333334,0.0,0.0,3.4444444444444446,43.333333333333336,0.2222222222222222,2.7777777777777777,18.88888888888889,12.333333333333334
670,Deebo Samuel,SF,WR,W 27-14,9.2,TB,Home,40.0,11-21-23,11,False,0,64,27,29,1,7.659999999999999,0.0,0.0,2.0,29.6,0.0,2.8,15.0,0.2,120.2,0.0,0.0,34.0,453.0,2.0,26.0,169.0,2.0,12.02,0.0,0.0,3.4,45.3,0.2,2.6,16.9,12.02
1537,Deebo Samuel,SF,WR,W 31-13,22.4,Sea,Away,9.5,11-28-23,12,False,0,64,27,28,0,12.02,0.0,0.0,3.4,45.4,0.0,3.0,16.8,0.4,142.6,0.0,0.0,41.0,532.0,2.0,30.0,184.0,3.0,12.963636363636363,0.0,0.0,3.727272727272727,48.36363636363637,0.18181818181818182,2.727272727272727,16.727272727272727,12.963636363636363
783,Deebo Samuel,SF,WR,W 42-19,35.8,Phi,Away,2.0,12-05-23,13,False,0,64,27,25,0,16.88,0.0,0.0,3.6,57.6,0.4,2.6,15.2,0.6,178.4,0.0,0.0,45.0,648.0,4.0,33.0,206.0,4.0,14.866666666666667,0.0,0.0,3.75,54.0,0.3333333333333333,2.75,17.166666666666668,14.866666666666667
1064,Deebo Samuel,SF,WR,W 28-16,34.0,Sea,Home,1.0,12-12-23,14,False,0,64,27,28,1,23.46,0.0,0.0,5.0,87.4,0.6,2.4,13.2,0.8,212.4,0.0,0.0,52.0,797.0,5.0,34.0,207.0,5.0,16.338461538461537,0.0,0.0,4.0,61.30769230769231,0.38461538461538464,2.6153846153846154,15.923076923076923,16.338461538461537
2215,Deebo Samuel,SF,WR,W 45-29,21.9,Ari,Away,11.0,12-19-23,15,False,0,64,27,0,0,24.659999999999997,0.0,0.0,5.0,91.0,1.0,2.0,9.6,0.6,234.3,0.0,0.0,56.0,845.0,7.0,35.0,218.0,5.0,16.735714285714288,0.0,0.0,4.0,60.357142857142854,0.5,2.5,15.571428571428571,16.735714285714288
1744,Deebo Samuel,SF,WR,L 19-33,9.4,Bal,Home,45.0,12-26-23,16,False,0,64,27,2,1,24.699999999999996,0.0,0.0,5.2,87.8,1.0,2.2,11.2,0.6,243.7,0.0,0.0,60.0,892.0,7.0,37.0,225.0,5.0,16.246666666666666,0.0,0.0,4.0,59.46666666666667,0.4666666666666667,2.466666666666667,15.0,16.246666666666666
1896,Demarcus Robinson,LAR,WR,W 26-25,13.2,NYG,Away,29.0,01-02-24,17,False,0,65,17,23,0,13.2,0.0,0.0,6.0,92.0,0.0,0.0,0.0,0.0,13.2,0.0,0.0,6.0,92.0,0.0,0.0,0.0,0.0,13.2,0.0,0.0,6.0,92.0,0.0,0.0,0.0,13.2
1349,Demarcus Robinson,LAR,WR,W 21-20,0.0,SF,Away,142.5,01-09-24,18,False,0,65,17,27,0,6.6,0.0,0.0,3.0,46.0,0.0,0.0,0.0,0.0,13.2,0.0,0.0,6.0,92.0,0.0,0.0,0.0,0.0,6.6,0.0,0.0,3.0,46.0,0.0,0.0,0.0,6.6
302,Demarcus Robinson,LAR,WR,W 30-13,0.0,Sea,Away,135.0,09-12-23,1,False,0,65,17,28,0,4.3999999999999995,0.0,0.0,2.0,30.666666666666668,0.0,0.0,0.0,0.0,13.2,0.0,0.0,6.0,92.0,0.0,0.0,0.0,0.0,4.3999999999999995,0.0,0.0,2.0,30.666666666666668,0.0,0.0,0.0,4.3999999999999995
2181,Demarcus Robinson,LAR,WR,L 23-30,0.0,SF,Home,145.0,09-19-23,2,False,0,65,17,27,1,3.3,0.0,0.0,1.5,23.0,0.0,0.0,0.0,0.0,13.2,0.0,0.0,6.0,92.0,0.0,0.0,0.0,0.0,3.3,0.0,0.0,1.5,23.0,0.0,0.0,0.0,3.3
463,Demarcus Robinson,LAR,WR,L 16-19,0.0,Cin,Away,141.0,09-26-23,3,False,0,65,17,6,0,2.6399999999999997,0.0,0.0,1.2,18.4,0.0,0.0,0.0,0.0,13.2,0.0,0.0,6.0,92.0,0.0,0.0,0.0,0.0,2.6399999999999997,0.0,0.0,1.2,18.4,0.0,0.0,0.0,2.6399999999999997
140,Demarcus Robinson,LAR,WR,W 29-23,0.0,Ind,Away,143.0,10-03-23,4,False,0,65,17,13,0,0.0,0.0,0.0,0.0,0.0,0.0,0.0,0.0,0.0,13.2,0.0,0.0,6.0,92.0,0.0,0.0,0.0,0.0,2.1999999999999997,0.0,0.0,1.0,15.333333333333334,0.0,0.0,0.0,2.1999999999999997
2802,Demarcus Robinson,LAR,WR,W 26-9,0.0,Ari,Home,128.0,10-17-23,6,False,0,65,17,0,1,0.0,0.0,0.0,0.0,0.0,0.0,0.0,0.0,0.0,13.2,0.0,0.0,6.0,92.0,0.0,0.0,0.0,0.0,1.8857142857142857,0.0,0.0,0.8571428571428571,13.142857142857142,0.0,0.0,0.0,1.8857142857142857
2654,Demarcus Robinson,LAR,WR,L 17-24,0.0,Pit,Home,116.0,10-24-23,7,False,0,65,17,26,1,0.0,0.0,0.0,0.0,0.0,0.0,0.0,0.0,0.0,13.2,0.0,0.0,6.0,92.0,0.0,0.0,0.0,0.0,1.65,0.0,0.0,0.75,11.5,0.0,0.0,0.0,1.65
2513,Demarcus Robinson,LAR,WR,L 20-43,0.0,Dal,Away,138.0,10-31-23,8,False,0,65,17,8,0,0.0,0.0,0.0,0.0,0.0,0.0,0.0,0.0,0.0,13.2,0.0,0.0,6.0,92.0,0.0,0.0,0.0,0.0,1.4666666666666666,0.0,0.0,0.6666666666666666,10.222222222222221,0.0,0.0,0.0,1.4666666666666666
1000,Demarcus Robinson,LAR,WR,L 3-20,2.5,GB,Away,83.5,11-07-23,9,False,0,65,17,11,0,0.5,0.0,0.0,0.2,3.0,0.0,0.0,0.0,0.0,15.7,0.0,0.0,7.0,107.0,0.0,0.0,0.0,0.0,1.5699999999999998,0.0,0.0,0.7,10.7,0.0,0.0,0.0,1.5699999999999998
699,Demarcus Robinson,LAR,WR,W 17-16,4.4,Sea,Home,68.0,11-21-23,11,False,0,65,17,28,1,1.3800000000000001,0.0,0.0,0.6,7.8,0.0,0.0,0.0,0.0,20.1,0.0,0.0,9.0,131.0,0.0,0.0,0.0,0.0,1.8272727272727274,0.0,0.0,0.8181818181818182,11.909090909090908,0.0,0.0,0.0,1.8272727272727274
1621,Demarcus Robinson,LAR,WR,W 37-14,3.3,Ari,Away,92.5,11-28-23,12,False,0,65,17,0,0,2.04,0.0,0.0,1.0,10.4,0.0,0.0,0.0,0.0,23.4,0.0,0.0,11.0,144.0,0.0,0.0,0.0,0.0,1.95,0.0,0.0,0.9166666666666666,12.0,0.0,0.0,0.0,1.95
802,Demarcus Robinson,LAR,WR,W 36-19,15.5,Cle,Home,21.0,12-05-23,13,False,0,65,17,7,1,5.14,0.0,0.0,1.8,21.4,0.2,0.0,0.0,0.0,38.9,0.0,0.0,15.0,199.0,1.0,0.0,0.0,0.0,2.9923076923076923,0.0,0.0,1.1538461538461537,15.307692307692308,0.07692307692307693,0.0,0.0,2.9923076923076923
1085,Demarcus Robinson,LAR,WR,L 31-37,13.6,Bal,Away,22.0,12-12-23,14,False,0,65,17,2,0,7.859999999999999,0.0,0.0,2.4,30.6,0.4,0.0,0.0,0.0,52.5,0.0,0.0,18.0,245.0,2.0,0.0,0.0,0.0,3.75,0.0,0.0,1.2857142857142858,17.5,0.14285714285714285,0.0,0.0,3.75
2230,Demarcus Robinson,LAR,WR,W 28-20,14.7,Wsh,Home,26.0,12-19-23,15,False,0,65,17,31,1,10.3,0.0,0.0,2.6,36.4,0.6,0.2,4.6,0.0,67.2,0.0,0.0,20.0,289.0,3.0,1.0,23.0,0.0,4.48,0.0,0.0,1.3333333333333333,19.266666666666666,0.2,0.06666666666666667,1.5333333333333334,4.48
1714,Demarcus Robinson,LAR,WR,W 30-22,20.2,NO,Home,15.0,12-26-23,16,False,0,65,17,22,1,13.459999999999999,0.0,0.0,3.4,48.0,0.8,0.2,4.6,0.0,87.4,0.0,0.0,26.0,371.0,4.0,1.0,23.0,0.0,5.4625,0.0,0.0,1.625,23.1875,0.25,0.0625,1.4375,5.4625
212,Demario Douglas,NE,WR,L 20-25,8.0,Phi,Home,51.0,09-12-23,1,False,0,66,21,25,1,8.0,0.0,0.0,4.0,40.0,0.0,0.0,0.0,0.0,8.0,0.0,0.0,4.0,40.0,0.0,0.0,0.0,0.0,8.0,0.0,0.0,4.0,40.0,0.0,0.0,0.0,8.0
2137,Demario Douglas,NE,WR,L 17-24,1.9,Mia,Home,103.0,09-19-23,2,False,0,66,21,19,1,4.95,0.0,0.0,3.0,29.5,0.0,0.0,0.0,0.0,9.9,0.0,0.0,6.0,59.0,0.0,0.0,0.0,0.0,4.95,0.0,0.0,3.0,29.5,0.0,0.0,0.0,4.95
418,Demario Douglas,NE,WR,W 15-10,3.0,NYJ,Away,94.5,09-26-23,3,False,0,66,21,24,0,4.3,0.0,0.0,2.3333333333333335,24.666666666666668,0.0,0.3333333333333333,1.6666666666666667,0.0,12.9,0.0,0.0,7.0,74.0,0.0,1.0,5.0,0.0,4.3,0.0,0.0,2.3333333333333335,24.666666666666668,0.0,0.3333333333333333,1.6666666666666667,4.3
57,Demario Douglas,NE,WR,L 3-38,6.5,Dal,Away,58.0,10-03-23,4,False,0,66,21,8,0,4.85,0.0,0.0,2.25,29.75,0.0,0.25,1.25,0.0,19.4,0.0,0.0,9.0,119.0,0.0,1.0,5.0,0.0,4.85,0.0,0.0,2.25,29.75,0.0,0.25,1.25,4.85
559,Demario Douglas,NE,WR,L 0-34,3.4,NO,Home,72.0,10-10-23,5,False,0,66,21,22,1,4.5600000000000005,0.0,0.0,2.0,28.6,0.0,0.2,1.0,0.0,22.8,0.0,0.0,10.0,143.0,0.0,1.0,5.0,0.0,4.5600000000000005,0.0,0.0,2.0,28.6,0.0,0.2,1.0,4.5600000000000005
2568,Demario Douglas,NE,WR,W 29-25,11.4,Buf,Home,30.0,10-24-23,7,False,0,66,21,3,1,5.24,0.0,0.0,2.0,31.4,0.0,0.4,5.0,0.0,34.2,0.0,0.0,14.0,197.0,0.0,2.0,25.0,0.0,5.7,0.0,0.0,2.3333333333333335,32.833333333333336,0.0,0.3333333333333333,4.166666666666667,5.7
2429,Demario Douglas,NE,WR,L 17-31,7.9,Mia,Away,57.5,10-31-23,8,False,0,66,21,19,0,6.44,0.0,0.0,2.6,32.6,0.0,0.6,5.8,0.0,42.1,0.0,0.0,19.0,222.0,0.0,3.0,29.0,0.0,6.014285714285714,0.0,0.0,2.7142857142857144,31.714285714285715,0.0,0.42857142857142855,4.142857142857143,6.014285714285714
944,Demario Douglas,NE,WR,L 17-20,10.5,Wsh,Home,27.5,11-07-23,9,False,0,66,21,31,1,7.94,0.0,0.0,3.4,40.6,0.0,0.6,4.8,0.0,52.6,0.0,0.0,24.0,277.0,0.0,4.0,29.0,0.0,6.575,0.0,0.0,3.0,34.625,0.0,0.5,3.625,6.575
1408,Demario Douglas,NE,WR,L 6-10,14.4,Ind,Home,23.5,11-14-23,10,False,0,66,21,13,1,9.52,0.0,0.0,4.2,48.4,0.0,0.6,4.8,0.0,67.0,0.0,0.0,30.0,361.0,0.0,4.0,29.0,0.0,7.444444444444445,0.0,0.0,3.3333333333333335,40.111111111111114,0.0,0.4444444444444444,3.2222222222222223,7.444444444444445
1563,Demario Douglas,NE,WR,L 7-10,10.9,NYG,Away,35.0,11-28-23,12,False,0,66,21,23,0,11.020000000000001,0.0,0.0,5.2,53.4,0.0,0.6,4.8,0.0,77.9,0.0,0.0,36.0,410.0,0.0,4.0,29.0,0.0,7.790000000000001,0.0,0.0,3.6,41.0,0.0,0.4,2.9,7.790000000000001
1991,Deonte Harty,Buf,WR,W 27-21,0.0,NE,Home,137.5,01-02-24,17,False,0,67,3,21,1,0.0,0.0,0.0,0.0,0.0,0.0,0.0,0.0,0.0,0.0,0.0,0.0,0.0,0.0,0.0,0.0,0.0,0.0,0.0,0.0,0.0,0.0,0.0,0.0,0.0,0.0,0.0
1267,Deonte Harty,Buf,WR,W 21-14,8.2,Mia,Away,46.0,01-09-24,18,False,0,67,3,19,0,4.1,0.0,0.0,0.5,6.0,0.0,0.0,0.0,0.0,8.2,0.0,0.0,1.0,12.0,0.0,0.0,0.0,0.0,4.1,0.0,0.0,0.5,6.0,0.0,0.0,0.0,4.1
239,Deonte Harty,Buf,WR,L 16-22,4.3,NYJ,Away,77.0,09-12-23,1,False,0,67,3,24,0,4.166666666666667,0.0,0.0,1.3333333333333333,7.0,0.0,0.3333333333333333,1.3333333333333333,0.0,12.5,0.0,0.0,4.0,21.0,0.0,1.0,4.0,0.0,4.166666666666667,0.0,0.0,1.3333333333333333,7.0,0.0,0.3333333333333333,1.3333333333333333,4.166666666666667
2136,Deonte Harty,Buf,WR,W 38-10,2.4,LV,Home,100.5,09-19-23,2,False,0,67,3,18,1,3.7249999999999996,0.0,0.0,1.5,6.25,0.0,0.25,1.0,0.0,14.899999999999999,0.0,0.0,6.0,25.0,0.0,1.0,4.0,0.0,3.7249999999999996,0.0,0.0,1.5,6.25,0.0,0.25,1.0,3.7249999999999996
414,Deonte Harty,Buf,WR,W 37-3,3.3,Wsh,Away,90.0,09-26-23,3,False,0,67,3,31,0,3.6399999999999997,0.0,0.0,1.6,8.0,0.0,0.6,0.4,0.0,18.2,0.0,0.0,8.0,40.0,0.0,3.0,2.0,0.0,3.6399999999999997,0.0,0.0,1.6,8.0,0.0,0.6,0.4,3.6399999999999997
90,Deonte Harty,Buf,WR,W 48-20,3.0,Mia,Home,90.5,10-03-23,4,False,0,67,3,19,1,4.24,0.0,0.0,2.0,10.0,0.0,0.6,0.4,0.0,21.2,0.0,0.0,10.0,50.0,0.0,3.0,2.0,0.0,3.533333333333333,0.0,0.0,1.6666666666666667,8.333333333333334,0.0,0.5,0.3333333333333333,3.533333333333333
535,Deonte Harty,Buf,WR,L 20-25,8.2,Jax,Home,48.0,10-10-23,5,False,0,67,3,14,1,4.24,0.0,0.0,2.2,20.0,0.0,0.6,0.4,0.0,29.4,0.0,0.0,12.0,112.0,0.0,3.0,2.0,0.0,4.2,0.0,0.0,1.7142857142857142,16.0,0.0,0.42857142857142855,0.2857142857142857,4.2
2721,Deonte Harty,Buf,WR,W 14-9,7.3,NYG,Home,50.5,10-17-23,6,False,0,67,3,23,1,4.84,0.0,0.0,1.8,18.8,0.2,0.4,-0.4,0.0,36.699999999999996,0.0,0.0,13.0,115.0,1.0,3.0,2.0,0.0,4.5874999999999995,0.0,0.0,1.625,14.375,0.125,0.375,0.25,4.5874999999999995
2620,Deonte Harty,Buf,WR,L 25-29,2.0,NE,Away,83.0,10-24-23,7,False,0,67,3,21,0,4.76,0.0,0.0,1.6,20.0,0.2,0.4,-0.4,0.0,38.699999999999996,0.0,0.0,14.0,125.0,1.0,3.0,2.0,0.0,4.3,0.0,0.0,1.5555555555555556,13.88888888888889,0.1111111111111111,0.3333333333333333,0.2222222222222222,4.3
2497,Deonte Harty,Buf,WR,W 24-18,0.0,TB,Home,138.0,10-31-23,8,False,0,67,3,29,1,4.1,0.0,0.0,1.2,17.0,0.2,0.0,0.0,0.0,38.699999999999996,0.0,0.0,14.0,125.0,1.0,3.0,2.0,0.0,3.8699999999999997,0.0,0.0,1.4,12.5,0.1,0.3,0.2,3.8699999999999997
1036,Deonte Harty,Buf,WR,L 18-24,0.0,Cin,Away,126.5,11-07-23,9,False,0,67,3,6,0,3.5,0.0,0.0,0.8,15.0,0.2,0.0,0.0,0.0,38.699999999999996,0.0,0.0,14.0,125.0,1.0,3.0,2.0,0.0,3.5181818181818176,0.0,0.0,1.2727272727272727,11.363636363636363,0.09090909090909091,0.2727272727272727,0.18181818181818182,3.5181818181818176
1495,Deonte Harty,Buf,WR,L 22-24,0.0,Den,Home,123.5,11-14-23,10,False,0,67,3,9,1,1.86,0.0,0.0,0.4,2.6,0.2,0.0,0.0,0.0,38.699999999999996,0.0,0.0,14.0,125.0,1.0,3.0,2.0,0.0,3.2249999999999996,0.0,0.0,1.1666666666666667,10.416666666666666,0.08333333333333333,0.25,0.16666666666666666,3.2249999999999996
779,Deonte Harty,Buf,WR,W 32-6,-0.2,NYJ,Home,148.0,11-21-23,11,False,0,67,3,24,1,0.36,0.0,0.0,0.2,2.0,0.0,0.2,-0.4,0.0,38.5,0.0,0.0,14.0,125.0,1.0,4.0,0.0,0.0,2.9615384615384617,0.0,0.0,1.0769230769230769,9.615384615384615,0.07692307692307693,0.3076923076923077,0.0,2.9615384615384617
1142,Deonte Harty,Buf,WR,W 20-17,3.5,KC,Away,79.5,12-12-23,14,False,0,67,3,15,0,0.6599999999999999,0.0,0.0,0.2,5.0,0.0,0.2,-0.4,0.0,42.0,0.0,0.0,15.0,150.0,1.0,4.0,0.0,0.0,3.0,0.0,0.0,1.0714285714285714,10.714285714285714,0.07142857142857142,0.2857142857142857,0.0,3.0
2337,Deonte Harty,Buf,WR,W 31-10,0.0,Dal,Home,140.0,12-19-23,15,False,0,67,3,8,1,0.6599999999999999,0.0,0.0,0.2,5.0,0.0,0.2,-0.4,0.0,42.0,0.0,0.0,15.0,150.0,1.0,4.0,0.0,0.0,2.8,0.0,0.0,1.0,10.0,0.06666666666666667,0.26666666666666666,0.0,2.8
1866,Deonte Harty,Buf,WR,W 24-22,-2.0,LAC,Away,167.5,12-26-23,16,False,0,67,3,16,0,0.25999999999999995,0.0,0.0,0.2,5.0,0.0,0.2,-0.4,0.0,40.0,0.0,0.0,15.0,150.0,1.0,4.0,0.0,0.0,2.5,0.0,0.0,0.9375,9.375,0.0625,0.25,0.0,2.5
1973,Derius Davis,LAC,WR,L 9-16,0.2,Den,Away,106.5,01-02-24,17,False,0,68,16,9,0,0.2,0.0,0.0,0.0,0.0,0.0,1.0,2.0,0.0,0.2,0.0,0.0,0.0,0.0,0.0,1.0,2.0,0.0,0.2,0.0,0.0,0.0,0.0,0.0,1.0,2.0,0.2
1291,Derius Davis,LAC,WR,L 12-13,4.5,KC,Home,69.5,01-09-24,18,False,0,68,16,15,1,2.35,0.0,0.0,0.5,9.0,0.0,2.0,9.5,0.0,4.7,0.0,0.0,1.0,18.0,0.0,4.0,19.0,0.0,2.35,0.0,0.0,0.5,9.0,0.0,2.0,9.5,2.35
262,Derius Davis,LAC,WR,L 34-36,1.5,Mia,Home,101.0,09-12-23,1,False,0,68,16,19,1,2.066666666666667,0.0,0.0,0.6666666666666666,7.666666666666667,0.0,1.3333333333333333,6.333333333333333,0.0,6.2,0.0,0.0,2.0,23.0,0.0,4.0,19.0,0.0,2.066666666666667,0.0,0.0,0.6666666666666666,7.666666666666667,0.0,1.3333333333333333,6.333333333333333,2.066666666666667
2157,Derius Davis,LAC,WR,L 24-27,1.0,Ten,Away,122.0,09-19-23,2,False,0,68,16,30,0,1.8,0.0,0.0,0.5,5.75,0.0,1.25,7.25,0.0,7.2,0.0,0.0,2.0,23.0,0.0,5.0,29.0,0.0,1.8,0.0,0.0,0.5,5.75,0.0,1.25,7.25,1.8
438,Derius Davis,LAC,WR,W 28-24,1.3,Min,Away,114.0,09-26-23,3,False,0,68,16,20,0,1.7,0.0,0.0,0.6,5.2,0.0,1.0,5.8,0.0,8.5,0.0,0.0,3.0,26.0,0.0,5.0,29.0,0.0,1.7,0.0,0.0,0.6,5.2,0.0,1.0,5.8,1.7
45,Derius Davis,LAC,WR,W 24-17,8.7,LV,Home,46.0,10-03-23,4,False,0,68,16,18,1,3.4,0.0,0.0,1.0,8.4,0.0,1.4,15.6,0.0,17.2,0.0,0.0,5.0,42.0,0.0,8.0,80.0,0.0,2.8666666666666667,0.0,0.0,0.8333333333333334,7.0,0.0,1.3333333333333333,13.333333333333334,2.8666666666666667
2795,Derius Davis,LAC,WR,L 17-20,0.0,Dal,Home,128.0,10-17-23,6,False,0,68,16,8,1,2.5,0.0,0.0,0.8,4.8,0.0,0.8,12.2,0.0,17.2,0.0,0.0,5.0,42.0,0.0,8.0,80.0,0.0,2.457142857142857,0.0,0.0,0.7142857142857143,6.0,0.0,1.1428571428571428,11.428571428571429,2.457142857142857
2608,Derius Davis,LAC,WR,L 17-31,3.4,KC,Away,70.5,10-24-23,7,False,0,68,16,15,0,2.88,0.0,0.0,0.8,5.8,0.0,1.4,15.0,0.0,20.599999999999998,0.0,0.0,6.0,52.0,0.0,11.0,94.0,0.0,2.5749999999999997,0.0,0.0,0.75,6.5,0.0,1.375,11.75,2.5749999999999997
2469,Derius Davis,LAC,WR,W 30-13,2.4,Chi,Home,96.5,10-31-23,8,False,0,68,16,5,1,3.1599999999999993,0.0,0.0,1.2,6.6,0.0,1.2,13.0,0.0,23.0,0.0,0.0,8.0,56.0,0.0,11.0,94.0,0.0,2.5555555555555554,0.0,0.0,0.8888888888888888,6.222222222222222,0.0,1.2222222222222223,10.444444444444445,2.5555555555555554
963,Derius Davis,LAC,WR,W 27-6,7.0,NYJ,Away,46.5,11-07-23,9,False,0,68,16,24,0,4.3,0.0,0.0,1.2,6.0,0.0,1.2,13.0,0.0,30.0,0.0,0.0,9.0,56.0,0.0,11.0,94.0,0.0,3.0,0.0,0.0,0.9,5.6,0.0,1.1,9.4,3.0
1465,Derius Davis,LAC,WR,L 38-41,2.7,Det,Home,80.0,11-14-23,10,False,0,68,16,10,1,3.1,0.0,0.0,1.2,4.2,0.0,0.6,2.8,0.0,32.7,0.0,0.0,11.0,63.0,0.0,11.0,94.0,0.0,2.972727272727273,0.0,0.0,1.0,5.7272727272727275,0.0,1.0,8.545454545454545,2.972727272727273
735,Derius Davis,LAC,WR,L 20-23,0.7,GB,Away,104.0,11-21-23,11,False,0,68,16,11,0,3.2399999999999998,0.0,0.0,1.4,3.6,0.0,0.6,2.8,0.0,33.4,0.0,0.0,12.0,60.0,0.0,11.0,94.0,0.0,2.783333333333333,0.0,0.0,1.0,5.0,0.0,0.9166666666666666,7.833333333333333,2.783333333333333
1647,Derius Davis,LAC,WR,L 10-20,1.1,Bal,Home,119.0,11-28-23,12,False,0,68,16,2,1,2.7800000000000002,0.0,0.0,1.4,2.0,0.0,0.4,-0.2,0.0,34.5,0.0,0.0,13.0,62.0,0.0,13.0,93.0,0.0,2.6538461538461537,0.0,0.0,1.0,4.769230769230769,0.0,1.0,7.153846153846154,2.6538461538461537
888,Derius Davis,LAC,WR,W 6-0,0.0,NE,Away,113.0,12-05-23,13,False,0,68,16,21,0,2.3,0.0,0.0,1.0,1.2,0.0,0.4,-0.2,0.0,34.5,0.0,0.0,13.0,62.0,0.0,13.0,93.0,0.0,2.4642857142857144,0.0,0.0,0.9285714285714286,4.428571428571429,0.0,0.9285714285714286,6.642857142857143,2.4642857142857144
1189,Derius Davis,LAC,WR,L 7-24,0.0,Den,Home,134.0,12-12-23,14,False,0,68,16,9,1,0.9,0.0,0.0,0.8,1.2,0.0,0.4,-0.2,0.0,34.5,0.0,0.0,13.0,62.0,0.0,13.0,93.0,0.0,2.3,0.0,0.0,0.8666666666666667,4.133333333333334,0.0,0.8666666666666667,6.2,2.3
2371,Derius Davis,LAC,WR,L 21-63,-1.2,LV,Away,167.0,12-19-23,15,False,0,68,16,18,0,0.12000000000000002,0.0,0.0,0.6,-0.6,0.0,0.4,-0.2,0.0,33.3,0.0,0.0,14.0,60.0,0.0,13.0,93.0,0.0,2.08125,0.0,0.0,0.875,3.75,0.0,0.8125,5.8125,2.08125
1795,Derius Davis,LAC,WR,L 22-24,2.4,Buf,Home,96.0,12-26-23,16,False,0,68,16,3,1,0.45999999999999996,0.0,0.0,0.6,1.2,0.0,0.6,1.4,0.0,35.7,0.0,0.0,15.0,66.0,0.0,14.0,101.0,0.0,2.1,0.0,0.0,0.8823529411764706,3.8823529411764706,0.0,0.8235294117647058,5.9411764705882355,2.1
1972,Deven Thompkins,TB,WR,L 13-23,1.0,NO,Home,105.0,01-02-24,17,False,0,69,29,22,1,1.0,0.0,0.0,1.0,0.0,0.0,0.0,0.0,0.0,1.0,0.0,0.0,1.0,0.0,0.0,0.0,0.0,0.0,1.0,0.0,0.0,1.0,0.0,0.0,0.0,0.0,1.0
1338,Deven Thompkins,TB,WR,W 9-0,1.1,Car,Away,117.5,01-09-24,18,False,0,69,29,4,0,1.05,0.0,0.0,1.0,0.5,0.0,0.0,0.0,0.0,2.1,0.0,0.0,2.0,1.0,0.0,0.0,0.0,0.0,1.05,0.0,0.0,1.0,0.5,0.0,0.0,0.0,1.05
251,Deven Thompkins,TB,WR,W 20-17,3.0,Min,Away,88.5,09-12-23,1,False,0,69,29,20,0,1.7,0.0,0.0,1.3333333333333333,3.6666666666666665,0.0,0.0,0.0,0.0,5.1,0.0,0.0,4.0,11.0,0.0,0.0,0.0,0.0,1.7,0.0,0.0,1.3333333333333333,3.6666666666666665,0.0,0.0,0.0,1.7
2156,Deven Thompkins,TB,WR,W 27-17,1.1,Chi,Home,121.0,09-19-23,2,False,0,69,29,5,1,1.55,0.0,0.0,1.0,2.75,0.0,0.25,2.75,0.0,6.2,0.0,0.0,4.0,11.0,0.0,1.0,11.0,0.0,1.55,0.0,0.0,1.0,2.75,0.0,0.25,2.75,1.55
419,Deven Thompkins,TB,WR,L 11-25,2.6,Phi,Home,96.5,09-26-23,3,False,0,69,29,25,1,1.7600000000000002,0.0,0.0,1.2,3.4,0.0,0.2,2.2,0.0,8.8,0.0,0.0,6.0,17.0,0.0,1.0,11.0,0.0,1.7600000000000002,0.0,0.0,1.2,3.4,0.0,0.2,2.2,1.7600000000000002
17,Deven Thompkins,TB,WR,W 26-9,15.6,NO,Away,18.0,10-03-23,4,False,0,69,29,22,0,4.68,0.0,0.0,1.8,12.4,0.2,0.4,4.4,0.0,24.4,0.0,0.0,10.0,62.0,1.0,2.0,22.0,0.0,4.066666666666666,0.0,0.0,1.6666666666666667,10.333333333333334,0.16666666666666666,0.3333333333333333,3.6666666666666665,4.066666666666666
2758,Deven Thompkins,TB,WR,L 6-20,2.3,Det,Home,87.5,10-17-23,6,False,0,69,29,10,1,4.92,0.0,0.0,2.0,11.8,0.2,0.6,5.4,0.0,26.7,0.0,0.0,12.0,60.0,1.0,3.0,27.0,0.0,3.814285714285714,0.0,0.0,1.7142857142857142,8.571428571428571,0.14285714285714285,0.42857142857142855,3.857142857142857,3.814285714285714
2617,Deven Thompkins,TB,WR,L 13-16,2.4,Atl,Home,80.0,10-24-23,7,False,0,69,29,1,1,4.8,0.0,0.0,2.2,12.6,0.2,0.6,5.4,0.0,29.1,0.0,0.0,15.0,74.0,1.0,3.0,27.0,0.0,3.6375,0.0,0.0,1.875,9.25,0.125,0.375,3.375,3.6375
2496,Deven Thompkins,TB,WR,L 18-24,0.0,Buf,Away,138.0,10-31-23,8,False,0,69,29,3,0,4.58,0.0,0.0,2.2,12.6,0.2,0.4,3.2,0.0,29.1,0.0,0.0,15.0,74.0,1.0,3.0,27.0,0.0,3.2333333333333334,0.0,0.0,1.6666666666666667,8.222222222222221,0.1111111111111111,0.3333333333333333,3.0,3.2333333333333334
1037,Deven Thompkins,TB,WR,L 37-39,0.0,Hou,Away,126.5,11-07-23,9,False,0,69,29,12,0,4.0600000000000005,0.0,0.0,1.8,11.4,0.2,0.4,3.2,0.0,29.1,0.0,0.0,15.0,74.0,1.0,3.0,27.0,0.0,2.91,0.0,0.0,1.5,7.4,0.1,0.3,2.7,2.91
1474,Deven Thompkins,TB,WR,W 20-6,2.1,Ten,Home,90.0,11-14-23,10,False,0,69,29,30,1,1.3599999999999999,0.0,0.0,1.2,3.4,0.0,0.4,2.2,0.0,31.2,0.0,0.0,16.0,79.0,1.0,4.0,33.0,0.0,2.8363636363636364,0.0,0.0,1.4545454545454546,7.181818181818182,0.09090909090909091,0.36363636363636365,3.0,2.8363636363636364
726,Deven Thompkins,TB,WR,L 14-27,1.7,SF,Away,94.5,11-21-23,11,False,0,69,29,27,0,1.24,0.0,0.0,0.8,3.8,0.0,0.4,4.6,0.0,32.9,0.0,0.0,16.0,79.0,1.0,5.0,50.0,0.0,2.7416666666666667,0.0,0.0,1.3333333333333333,6.583333333333333,0.08333333333333333,0.4166666666666667,4.166666666666667,2.7416666666666667
1658,Deven Thompkins,TB,WR,L 20-27,0.0,Ind,Away,149.0,11-28-23,12,False,0,69,29,13,0,0.76,0.0,0.0,0.2,1.0,0.0,0.4,4.6,0.0,32.9,0.0,0.0,16.0,79.0,1.0,5.0,50.0,0.0,2.5307692307692307,0.0,0.0,1.2307692307692308,6.076923076923077,0.07692307692307693,0.38461538461538464,3.8461538461538463,2.5307692307692307
857,Deven Thompkins,TB,WR,W 21-18,2.1,Car,Home,76.0,12-05-23,13,False,0,69,29,4,1,1.1800000000000002,0.0,0.0,0.4,1.8,0.0,0.8,6.0,0.0,35.0,0.0,0.0,17.0,83.0,1.0,7.0,57.0,0.0,2.5,0.0,0.0,1.2142857142857142,5.928571428571429,0.07142857142857142,0.5,4.071428571428571,2.5
1190,Deven Thompkins,TB,WR,W 29-25,0.0,Atl,Away,134.0,12-12-23,14,False,0,69,29,1,0,1.1800000000000002,0.0,0.0,0.4,1.8,0.0,0.8,6.0,0.0,35.0,0.0,0.0,17.0,83.0,1.0,7.0,57.0,0.0,2.3333333333333335,0.0,0.0,1.1333333333333333,5.533333333333333,0.06666666666666667,0.4666666666666667,3.8,2.3333333333333335
2370,Deven Thompkins,TB,WR,W 34-20,-0.1,GB,Away,166.0,12-19-23,15,False,0,69,29,11,0,0.74,0.0,0.0,0.2,0.8,0.0,0.8,4.6,0.0,34.9,0.0,0.0,17.0,83.0,1.0,8.0,56.0,0.0,2.18125,0.0,0.0,1.0625,5.1875,0.0625,0.5,3.5,2.18125
1835,Deven Thompkins,TB,WR,W 30-12,0.0,Jax,Home,144.5,12-26-23,16,False,0,69,29,14,1,0.4,0.0,0.0,0.2,0.8,0.0,0.6,1.2,0.0,34.9,0.0,0.0,17.0,83.0,1.0,8.0,56.0,0.0,2.052941176470588,0.0,0.0,1.0,4.882352941176471,0.058823529411764705,0.47058823529411764,3.2941176470588234,2.052941176470588
284,Devin Duvernay,Bal,WR,W 25-9,0.0,Hou,Home,135.0,09-12-23,1,False,0,70,2,12,1,0.0,0.0,0.0,0.0,0.0,0.0,0.0,0.0,0.0,0.0,0.0,0.0,0.0,0.0,0.0,0.0,0.0,0.0,0.0,0.0,0.0,0.0,0.0,0.0,0.0,0.0,0.0
2148,Devin Duvernay,Bal,WR,W 27-24,1.5,Cin,Away,113.0,09-19-23,2,False,0,70,2,6,0,0.75,0.0,0.0,0.0,0.0,0.0,1.5,7.5,0.0,1.5,0.0,0.0,0.0,0.0,0.0,3.0,15.0,0.0,0.75,0.0,0.0,0.0,0.0,0.0,1.5,7.5,0.75
452,Devin Duvernay,Bal,WR,L 19-22,0.0,Ind,Home,141.0,09-26-23,3,False,0,70,2,13,1,0.5,0.0,0.0,0.0,0.0,0.0,1.0,5.0,0.0,1.5,0.0,0.0,0.0,0.0,0.0,3.0,15.0,0.0,0.5,0.0,0.0,0.0,0.0,0.0,1.0,5.0,0.5
94,Devin Duvernay,Bal,WR,W 28-3,2.8,Cle,Away,94.0,10-03-23,4,False,0,70,2,7,0,1.075,0.0,0.0,0.5,2.0,0.0,0.75,3.75,0.0,4.3,0.0,0.0,2.0,8.0,0.0,3.0,15.0,0.0,1.075,0.0,0.0,0.5,2.0,0.0,0.75,3.75,1.075
601,Devin Duvernay,Bal,WR,L 10-17,0.0,Pit,Away,124.5,10-10-23,5,False,0,70,2,26,0,0.86,0.0,0.0,0.4,1.6,0.0,0.6,3.0,0.0,4.3,0.0,0.0,2.0,8.0,0.0,3.0,15.0,0.0,0.86,0.0,0.0,0.4,1.6,0.0,0.6,3.0,0.86
2792,Devin Duvernay,Bal,WR,W 24-16,0.0,Ten,Away,128.0,10-17-23,6,False,0,70,2,30,0,0.86,0.0,0.0,0.4,1.6,0.0,0.6,3.0,0.0,4.3,0.0,0.0,2.0,8.0,0.0,3.0,15.0,0.0,0.7166666666666667,0.0,0.0,0.3333333333333333,1.3333333333333333,0.0,0.5,2.5,0.7166666666666667
2644,Devin Duvernay,Bal,WR,W 38-6,0.0,Det,Home,116.0,10-24-23,7,False,0,70,2,10,1,0.5599999999999999,0.0,0.0,0.4,1.6,0.0,0.0,0.0,0.0,4.3,0.0,0.0,2.0,8.0,0.0,3.0,15.0,0.0,0.6142857142857142,0.0,0.0,0.2857142857142857,1.1428571428571428,0.0,0.42857142857142855,2.142857142857143,0.6142857142857142
2500,Devin Duvernay,Bal,WR,W 31-24,0.0,Ari,Away,138.0,10-31-23,8,False,0,70,2,0,0,0.5599999999999999,0.0,0.0,0.4,1.6,0.0,0.0,0.0,0.0,4.3,0.0,0.0,2.0,8.0,0.0,3.0,15.0,0.0,0.5375,0.0,0.0,0.25,1.0,0.0,0.375,1.875,0.5375
997,Devin Duvernay,Bal,WR,W 37-3,3.0,Sea,Home,81.0,11-07-23,9,False,0,70,2,28,1,0.6,0.0,0.0,0.4,2.0,0.0,0.0,0.0,0.0,7.3,0.0,0.0,4.0,18.0,0.0,3.0,15.0,0.0,0.8111111111111111,0.0,0.0,0.4444444444444444,2.0,0.0,0.3333333333333333,1.6666666666666667,0.8111111111111111
1501,Devin Duvernay,Bal,WR,L 31-33,0.0,Cle,Home,123.5,11-14-23,10,False,0,70,2,7,1,0.6,0.0,0.0,0.4,2.0,0.0,0.0,0.0,0.0,7.3,0.0,0.0,4.0,18.0,0.0,3.0,15.0,0.0,0.73,0.0,0.0,0.4,1.8,0.0,0.3,1.5,0.73
745,Devin Duvernay,Bal,WR,W 34-20,0.0,Cin,Home,126.0,11-21-23,11,False,0,70,2,6,1,0.6,0.0,0.0,0.4,2.0,0.0,0.0,0.0,0.0,7.3,0.0,0.0,4.0,18.0,0.0,3.0,15.0,0.0,0.6636363636363636,0.0,0.0,0.36363636363636365,1.6363636363636365,0.0,0.2727272727272727,1.3636363636363635,0.6636363636363636
1661,Devin Duvernay,Bal,WR,W 20-10,0.0,LAC,Away,149.0,11-28-23,12,False,0,70,2,16,0,0.6,0.0,0.0,0.4,2.0,0.0,0.2,0.0,0.0,7.3,0.0,0.0,4.0,18.0,0.0,4.0,15.0,0.0,0.6083333333333333,0.0,0.0,0.3333333333333333,1.5,0.0,0.3333333333333333,1.25,0.6083333333333333
1195,Devin Duvernay,Bal,WR,W 37-31,0.0,LAR,Home,134.0,12-12-23,14,False,0,70,2,17,1,0.6,0.0,0.0,0.4,2.0,0.0,0.2,0.0,0.0,7.3,0.0,0.0,4.0,18.0,0.0,4.0,15.0,0.0,0.5615384615384615,0.0,0.0,0.3076923076923077,1.3846153846153846,0.0,0.3076923076923077,1.1538461538461537,0.5615384615384615
480,Devon Allen,Phi,WR,W 25-11,0.0,TB,Away,141.0,09-26-23,3,False,0,71,25,29,0,0.0,0.0,0.0,0.0,0.0,0.0,0.0,0.0,0.0,0.0,0.0,0.0,0.0,0.0,0.0,0.0,0.0,0.0,0.0,0.0,0.0,0.0,0.0,0.0,0.0,0.0,0.0
2820,Devon Allen,Phi,WR,L 14-20,0.0,NYJ,Away,128.0,10-17-23,6,False,0,71,25,24,0,0.0,0.0,0.0,0.0,0.0,0.0,0.0,0.0,0.0,0.0,0.0,0.0,0.0,0.0,0.0,0.0,0.0,0.0,0.0,0.0,0.0,0.0,0.0,0.0,0.0,0.0,0.0
1900,Diontae Johnson,Pit,WR,W 30-23,11.6,Sea,Away,32.5,01-02-24,17,False,0,72,26,28,0,11.6,0.0,0.0,4.0,76.0,0.0,0.0,0.0,0.0,11.6,0.0,0.0,4.0,76.0,0.0,0.0,0.0,0.0,11.6,0.0,0.0,4.0,76.0,0.0,0.0,0.0,11.6
1234,Diontae Johnson,Pit,WR,W 17-10,18.9,Bal,Away,13.0,01-09-24,18,False,0,72,26,2,0,15.25,0.0,0.0,4.0,82.5,0.5,0.0,0.0,0.0,30.5,0.0,0.0,8.0,165.0,1.0,0.0,0.0,0.0,15.25,0.0,0.0,4.0,82.5,0.5,0.0,0.0,15.25
213,Diontae Johnson,Pit,WR,L 7-30,7.8,SF,Home,52.0,09-12-23,1,False,0,72,26,27,1,12.766666666666666,0.0,0.0,3.6666666666666665,71.0,0.3333333333333333,0.0,0.0,0.0,38.3,0.0,0.0,11.0,213.0,1.0,0.0,0.0,0.0,12.766666666666666,0.0,0.0,3.6666666666666665,71.0,0.3333333333333333,0.0,0.0,12.766666666666666
2161,Diontae Johnson,Pit,WR,W 26-22,0.0,Cle,Home,145.0,09-19-23,2,False,0,72,26,7,1,9.575,0.0,0.0,2.75,53.25,0.25,0.0,0.0,0.0,38.3,0.0,0.0,11.0,213.0,1.0,0.0,0.0,0.0,9.575,0.0,0.0,2.75,53.25,0.25,0.0,0.0,9.575
2560,Diontae Johnson,Pit,WR,W 24-17,12.9,LAR,Away,23.0,10-24-23,7,False,0,72,26,17,0,10.24,0.0,0.0,3.2,58.4,0.2,0.0,0.0,0.0,51.2,0.0,0.0,16.0,292.0,1.0,0.0,0.0,0.0,10.24,0.0,0.0,3.2,58.4,0.2,0.0,0.0,10.24
2392,Diontae Johnson,Pit,WR,L 10-20,16.5,Jax,Home,20.0,10-31-23,8,False,0,72,26,14,1,11.219999999999999,0.0,0.0,4.0,60.2,0.2,0.0,0.0,0.0,67.7,0.0,0.0,24.0,377.0,1.0,0.0,0.0,0.0,11.283333333333333,0.0,0.0,4.0,62.833333333333336,0.16666666666666666,0.0,0.0,11.283333333333333
922,Diontae Johnson,Pit,WR,W 20-16,22.0,Ten,Home,6.0,11-07-23,9,False,0,72,26,30,1,11.84,0.0,0.0,4.6,60.4,0.2,0.0,0.0,0.0,89.7,0.0,0.0,31.0,467.0,2.0,0.0,0.0,0.0,12.814285714285715,0.0,0.0,4.428571428571429,66.71428571428571,0.2857142857142857,0.0,0.0,12.814285714285715
1463,Diontae Johnson,Pit,WR,W 23-19,2.7,GB,Home,80.0,11-14-23,10,False,0,72,26,11,1,10.82,0.0,0.0,4.2,54.2,0.2,0.0,0.0,0.0,92.4,0.0,0.0,32.0,484.0,2.0,0.0,0.0,0.0,11.55,0.0,0.0,4.0,60.5,0.25,0.0,0.0,11.55
704,Diontae Johnson,Pit,WR,L 10-13,3.6,Cle,Away,73.0,11-21-23,11,False,0,72,26,7,0,11.540000000000001,0.0,0.0,4.6,57.4,0.2,0.0,0.0,0.0,96.0,0.0,0.0,34.0,500.0,2.0,0.0,0.0,0.0,10.666666666666666,0.0,0.0,3.7777777777777777,55.55555555555556,0.2222222222222222,0.0,0.0,10.666666666666666
1575,Diontae Johnson,Pit,WR,W 16-10,9.0,Cin,Away,46.5,11-28-23,12,False,0,72,26,6,0,10.76,0.0,0.0,4.4,51.6,0.2,0.0,0.0,0.0,105.0,0.0,0.0,38.0,550.0,2.0,0.0,0.0,0.0,10.5,0.0,0.0,3.8,55.0,0.2,0.0,0.0,10.5
805,Diontae Johnson,Pit,WR,L 10-24,13.3,Ari,Home,24.0,12-05-23,13,False,0,72,26,0,1,10.12,0.0,0.0,3.6,41.2,0.4,0.0,0.0,0.0,118.3,0.0,0.0,42.0,583.0,3.0,0.0,0.0,0.0,10.754545454545454,0.0,0.0,3.8181818181818183,53.0,0.2727272727272727,0.0,0.0,10.754545454545454
1081,Diontae Johnson,Pit,WR,L 18-21,14.7,NE,Home,18.0,12-12-23,14,False,0,72,26,21,1,8.66,0.0,0.0,2.8,34.6,0.4,0.0,0.0,0.0,133.0,0.0,0.0,45.0,640.0,4.0,0.0,0.0,0.0,11.083333333333334,0.0,0.0,3.75,53.333333333333336,0.3333333333333333,0.0,0.0,11.083333333333334
2222,Diontae Johnson,Pit,WR,L 13-30,16.2,Ind,Away,18.0,12-19-23,15,False,0,72,26,13,0,11.36,0.0,0.0,3.4,43.6,0.6,0.0,0.0,0.0,149.2,0.0,0.0,49.0,702.0,5.0,0.0,0.0,0.0,11.476923076923075,0.0,0.0,3.769230769230769,54.0,0.38461538461538464,0.0,0.0,11.476923076923075
1783,Diontae Johnson,Pit,WR,W 34-11,3.5,Cin,Home,84.0,12-26-23,16,False,0,72,26,6,1,11.34,0.0,0.0,3.4,43.4,0.6,0.0,0.0,0.0,152.7,0.0,0.0,51.0,717.0,5.0,0.0,0.0,0.0,10.907142857142857,0.0,0.0,3.642857142857143,51.214285714285715,0.35714285714285715,0.0,0.0,10.907142857142857
1983,Donovan Peoples-Jones,Det,WR,L 19-20,0.0,Dal,Away,137.5,01-02-24,17,False,0,73,10,8,0,0.0,0.0,0.0,0.0,0.0,0.0,0.0,0.0,0.0,0.0,0.0,0.0,0.0,0.0,0.0,0.0,0.0,0.0,0.0,0.0,0.0,0.0,0.0,0.0,0.0,0.0,0.0
1290,Donovan Peoples-Jones,Det,WR,W 30-20,4.5,Min,Home,69.5,01-09-24,18,False,0,73,10,20,1,2.25,0.0,0.0,1.0,12.5,0.0,0.0,0.0,0.0,4.5,0.0,0.0,2.0,25.0,0.0,0.0,0.0,0.0,2.25,0.0,0.0,1.0,12.5,0.0,0.0,0.0,2.25
254,Donovan Peoples-Jones,Cle,WR,W 24-3,2.2,Cin,Home,93.0,09-12-23,1,False,0,73,7,6,1,2.2333333333333334,0.0,0.0,1.0,12.333333333333334,0.0,0.0,0.0,0.0,6.7,0.0,0.0,3.0,37.0,0.0,0.0,0.0,0.0,2.2333333333333334,0.0,0.0,1.0,12.333333333333334,0.0,0.0,0.0,2.2333333333333334
2142,Donovan Peoples-Jones,Cle,WR,L 22-26,1.7,Pit,Away,107.5,09-19-23,2,False,0,73,7,26,0,2.1,0.0,0.0,1.0,11.0,0.0,0.0,0.0,0.0,8.4,0.0,0.0,4.0,44.0,0.0,0.0,0.0,0.0,2.1,0.0,0.0,1.0,11.0,0.0,0.0,0.0,2.1
382,Donovan Peoples-Jones,Cle,WR,W 27-3,7.9,Ten,Home,59.5,09-26-23,3,False,0,73,7,30,1,3.2600000000000002,0.0,0.0,1.4,18.6,0.0,0.0,0.0,0.0,16.3,0.0,0.0,7.0,93.0,0.0,0.0,0.0,0.0,3.2600000000000002,0.0,0.0,1.4,18.6,0.0,0.0,0.0,3.2600000000000002
109,Donovan Peoples-Jones,Cle,WR,L 3-28,1.7,Bal,Home,110.5,10-03-23,4,False,0,73,7,2,1,3.6,0.0,0.0,1.6,20.0,0.0,0.0,0.0,0.0,18.0,0.0,0.0,8.0,100.0,0.0,0.0,0.0,0.0,3.0,0.0,0.0,1.3333333333333333,16.666666666666668,0.0,0.0,0.0,3.0
2780,Donovan Peoples-Jones,Cle,WR,W 19-17,0.0,SF,Home,128.0,10-17-23,6,False,0,73,7,27,1,2.7,0.0,0.0,1.2,15.0,0.0,0.0,0.0,0.0,18.0,0.0,0.0,8.0,100.0,0.0,0.0,0.0,0.0,2.5714285714285716,0.0,0.0,1.1428571428571428,14.285714285714286,0.0,0.0,0.0,2.5714285714285716
2601,Donovan Peoples-Jones,Det,WR,L 6-38,4.2,Bal,Away,63.5,10-24-23,7,False,0,73,10,2,0,3.1000000000000005,0.0,0.0,1.4,17.0,0.0,0.0,0.0,0.0,22.200000000000003,0.0,0.0,10.0,122.0,0.0,0.0,0.0,0.0,2.7750000000000004,0.0,0.0,1.25,15.25,0.0,0.0,0.0,2.7750000000000004
2490,Donovan Peoples-Jones,Det,WR,W 26-14,0.0,LV,Home,138.0,10-31-23,8,False,0,73,10,18,1,2.7600000000000002,0.0,0.0,1.2,15.6,0.0,0.0,0.0,0.0,22.200000000000003,0.0,0.0,10.0,122.0,0.0,0.0,0.0,0.0,2.466666666666667,0.0,0.0,1.1111111111111112,13.555555555555555,0.0,0.0,0.0,2.466666666666667
741,Donovan Peoples-Jones,Det,WR,W 31-26,0.0,Chi,Home,126.0,11-21-23,11,False,0,73,10,5,1,1.1800000000000002,0.0,0.0,0.6,5.8,0.0,0.0,0.0,0.0,22.200000000000003,0.0,0.0,10.0,122.0,0.0,0.0,0.0,0.0,2.22,0.0,0.0,1.0,12.2,0.0,0.0,0.0,2.22
1655,Donovan Peoples-Jones,Det,WR,L 22-29,0.0,GB,Home,149.0,11-28-23,12,False,0,73,10,11,1,0.8400000000000001,0.0,0.0,0.4,4.4,0.0,0.0,0.0,0.0,22.200000000000003,0.0,0.0,10.0,122.0,0.0,0.0,0.0,0.0,2.0181818181818185,0.0,0.0,0.9090909090909091,11.090909090909092,0.0,0.0,0.0,2.0181818181818185
885,Donovan Peoples-Jones,Det,WR,W 33-28,0.0,NO,Away,113.0,12-05-23,13,False,0,73,10,22,0,0.8400000000000001,0.0,0.0,0.4,4.4,0.0,0.0,0.0,0.0,22.200000000000003,0.0,0.0,10.0,122.0,0.0,0.0,0.0,0.0,1.8500000000000003,0.0,0.0,0.8333333333333334,10.166666666666666,0.0,0.0,0.0,1.8500000000000003
1153,Donovan Peoples-Jones,Det,WR,L 13-28,2.7,Chi,Away,90.0,12-12-23,14,False,0,73,10,5,0,0.54,0.0,0.0,0.2,3.4,0.0,0.0,0.0,0.0,24.900000000000002,0.0,0.0,11.0,139.0,0.0,0.0,0.0,0.0,1.9153846153846155,0.0,0.0,0.8461538461538461,10.692307692307692,0.0,0.0,0.0,1.9153846153846155
2308,Donovan Peoples-Jones,Det,WR,W 42-17,1.5,Den,Home,106.0,12-19-23,15,False,0,73,10,9,1,0.8400000000000001,0.0,0.0,0.4,4.4,0.0,0.0,0.0,0.0,26.400000000000002,0.0,0.0,12.0,144.0,0.0,0.0,0.0,0.0,1.885714285714286,0.0,0.0,0.8571428571428571,10.285714285714286,0.0,0.0,0.0,1.885714285714286
1800,Donovan Peoples-Jones,Det,WR,W 30-24,2.1,Min,Away,101.0,12-26-23,16,False,0,73,10,20,0,1.2600000000000002,0.0,0.0,0.6,6.6,0.0,0.0,0.0,0.0,28.5,0.0,0.0,13.0,155.0,0.0,0.0,0.0,0.0,1.9,0.0,0.0,0.8666666666666667,10.333333333333334,0.0,0.0,0.0,1.9
1226,Dontayvion Wicks,GB,WR,W 17-9,24.1,Chi,Home,5.0,01-09-24,18,False,0,74,11,5,1,24.1,0.0,0.0,6.0,61.0,2.0,0.0,0.0,0.0,24.1,0.0,0.0,6.0,61.0,2.0,0.0,0.0,0.0,24.1,0.0,0.0,6.0,61.0,2.0,0.0,0.0,24.1
281,Dontayvion Wicks,GB,WR,W 38-20,0.0,Chi,Away,135.0,09-12-23,1,False,0,74,11,5,0,12.05,0.0,0.0,3.0,30.5,1.0,0.0,0.0,0.0,24.1,0.0,0.0,6.0,61.0,2.0,0.0,0.0,0.0,12.05,0.0,0.0,3.0,30.5,1.0,0.0,0.0,12.05
2080,Dontayvion Wicks,GB,WR,L 24-25,12.0,Atl,Away,45.0,09-19-23,2,False,0,74,11,1,0,12.033333333333333,0.0,0.0,2.6666666666666665,33.666666666666664,1.0,0.0,0.0,0.0,36.1,0.0,0.0,8.0,101.0,3.0,0.0,0.0,0.0,12.033333333333333,0.0,0.0,2.6666666666666665,33.666666666666664,1.0,0.0,0.0,12.033333333333333
377,Dontayvion Wicks,GB,WR,W 18-17,8.5,NO,Home,53.5,09-26-23,3,False,0,74,11,22,1,11.15,0.0,0.0,3.0,36.5,0.75,0.0,0.0,0.0,44.6,0.0,0.0,12.0,146.0,3.0,0.0,0.0,0.0,11.15,0.0,0.0,3.0,36.5,0.75,0.0,0.0,11.15
129,Dontayvion Wicks,GB,WR,L 20-34,0.0,Det,Home,143.0,10-03-23,4,False,0,74,11,10,1,8.92,0.0,0.0,2.4,29.2,0.6,0.0,0.0,0.0,44.6,0.0,0.0,12.0,146.0,3.0,0.0,0.0,0.0,8.92,0.0,0.0,2.4,29.2,0.6,0.0,0.0,8.92
577,Dontayvion Wicks,GB,WR,L 13-17,2.0,LV,Away,90.0,10-10-23,5,False,0,74,11,18,0,4.5,0.0,0.0,1.4,19.0,0.2,0.0,0.0,0.0,46.6,0.0,0.0,13.0,156.0,3.0,0.0,0.0,0.0,7.766666666666667,0.0,0.0,2.1666666666666665,26.0,0.5,0.0,0.0,7.766666666666667
2609,Dontayvion Wicks,GB,WR,L 17-19,3.36,Den,Away,72.0,10-24-23,7,False,0,74,11,9,0,5.172,2.8,0.0,1.6,22.4,0.2,0.2,0.2,0.0,49.96,14.0,0.0,14.0,173.0,3.0,1.0,1.0,0.0,7.137142857142857,2.0,0.0,2.0,24.714285714285715,0.42857142857142855,0.14285714285714285,0.14285714285714285,7.137142857142857
2455,Dontayvion Wicks,GB,WR,L 10-24,4.8,Min,Home,83.0,10-31-23,8,False,0,74,11,20,1,3.732,2.8,0.0,1.6,20.0,0.0,0.2,0.2,0.0,54.760000000000005,14.0,0.0,16.0,201.0,3.0,1.0,1.0,0.0,6.845000000000001,1.75,0.0,2.0,25.125,0.375,0.125,0.125,6.845000000000001
964,Dontayvion Wicks,GB,WR,W 20-3,6.9,LAR,Home,48.0,11-07-23,9,False,0,74,11,17,1,3.4120000000000004,2.8,0.0,1.6,20.8,0.0,0.2,0.2,0.0,61.660000000000004,14.0,0.0,20.0,250.0,3.0,1.0,1.0,0.0,6.851111111111112,1.5555555555555556,0.0,2.2222222222222223,27.77777777777778,0.3333333333333333,0.1111111111111111,0.1111111111111111,6.851111111111112
1425,Dontayvion Wicks,GB,WR,L 19-23,8.1,Pit,Away,41.0,11-14-23,10,False,0,74,11,26,0,5.032,2.8,0.0,2.2,31.0,0.0,0.2,0.2,0.0,69.76,14.0,0.0,23.0,301.0,3.0,1.0,1.0,0.0,6.976000000000001,1.4,0.0,2.3,30.1,0.3,0.1,0.1,6.976000000000001
658,Dontayvion Wicks,GB,WR,W 23-20,12.1,LAC,Home,27.0,11-21-23,11,False,0,74,11,16,1,7.052,2.8,0.0,2.6,47.2,0.0,0.2,0.2,0.0,81.86,14.0,0.0,26.0,392.0,3.0,1.0,1.0,0.0,7.441818181818181,1.2727272727272727,0.0,2.3636363636363638,35.63636363636363,0.2727272727272727,0.09090909090909091,0.09090909090909091,7.441818181818181
826,Dontayvion Wicks,GB,WR,W 27-19,7.3,KC,Home,44.5,12-05-23,13,False,0,74,11,15,1,7.840000000000001,0.0,0.0,3.0,52.4,0.0,0.0,0.0,0.0,89.16,14.0,0.0,29.0,435.0,3.0,1.0,1.0,0.0,7.43,1.1666666666666667,0.0,2.4166666666666665,36.25,0.25,0.08333333333333333,0.08333333333333333,7.43
1139,Dontayvion Wicks,GB,WR,L 22-24,4.0,NYG,Away,76.0,12-12-23,14,False,0,74,11,23,0,7.6800000000000015,0.0,0.0,3.0,50.8,0.0,0.0,0.0,0.0,93.16,14.0,0.0,31.0,455.0,3.0,1.0,1.0,0.0,7.166153846153846,1.0769230769230769,0.0,2.3846153846153846,35.0,0.23076923076923078,0.07692307692307693,0.07692307692307693,7.166153846153846
2223,Dontayvion Wicks,GB,WR,L 20-34,15.7,TB,Home,19.5,12-19-23,15,False,0,74,11,29,1,9.44,0.0,0.0,3.4,60.4,0.0,0.0,0.0,0.0,108.86,14.0,0.0,37.0,552.0,3.0,1.0,1.0,0.0,7.775714285714286,1.0,0.0,2.642857142857143,39.42857142857143,0.21428571428571427,0.07142857142857142,0.07142857142857142,7.775714285714286
1737,Dontayvion Wicks,GB,WR,W 33-30,10.9,Car,Away,37.0,12-26-23,16,False,0,74,11,4,0,9.999999999999998,0.0,0.0,3.2,56.0,0.2,0.0,0.0,0.0,119.76,14.0,0.0,39.0,581.0,4.0,1.0,1.0,0.0,7.984,0.9333333333333333,0.0,2.6,38.733333333333334,0.26666666666666666,0.06666666666666667,0.06666666666666667,7.984
1909,Drake London,Atl,WR,L 17-37,9.6,Chi,Away,41.5,01-02-24,17,False,0,75,1,5,0,9.6,0.0,0.0,4.0,56.0,0.0,0.0,0.0,0.0,9.6,0.0,0.0,4.0,56.0,0.0,0.0,0.0,0.0,9.6,0.0,0.0,4.0,56.0,0.0,0.0,0.0,9.6
1268,Drake London,Atl,WR,L 17-48,8.1,NO,Away,47.0,01-09-24,18,False,0,75,1,22,0,8.85,0.0,0.0,4.0,48.5,0.0,0.0,0.0,0.0,17.7,0.0,0.0,8.0,97.0,0.0,0.0,0.0,0.0,8.85,0.0,0.0,4.0,48.5,0.0,0.0,0.0,8.85
271,Drake London,Atl,WR,W 24-10,0.0,Car,Home,135.0,09-12-23,1,False,0,75,1,4,1,5.8999999999999995,0.0,0.0,2.6666666666666665,32.333333333333336,0.0,0.0,0.0,0.0,17.7,0.0,0.0,8.0,97.0,0.0,0.0,0.0,0.0,5.8999999999999995,0.0,0.0,2.6666666666666665,32.333333333333336,0.0,0.0,0.0,5.8999999999999995
2056,Drake London,Atl,WR,W 25-24,18.7,GB,Home,21.0,09-19-23,2,False,0,75,1,11,1,9.1,0.0,0.0,3.5,41.0,0.25,0.0,0.0,0.0,36.4,0.0,0.0,14.0,164.0,1.0,0.0,0.0,0.0,9.1,0.0,0.0,3.5,41.0,0.25,0.0,0.0,9.1
402,Drake London,Atl,WR,L 6-20,5.1,Det,Away,80.0,09-26-23,3,False,0,75,1,10,0,8.3,0.0,0.0,3.2,39.0,0.2,0.0,0.0,0.0,41.5,0.0,0.0,16.0,195.0,1.0,0.0,0.0,0.0,8.3,0.0,0.0,3.2,39.0,0.2,0.0,0.0,8.3
31,Drake London,Atl,WR,L 7-23,11.8,Jax,Away,31.5,10-03-23,4,False,0,75,1,14,0,8.739999999999998,0.0,0.0,3.0,33.4,0.4,0.0,0.0,0.0,53.3,0.0,0.0,19.0,223.0,2.0,0.0,0.0,0.0,8.883333333333333,0.0,0.0,3.1666666666666665,37.166666666666664,0.3333333333333333,0.0,0.0,8.883333333333333
506,Drake London,Atl,WR,W 21-19,14.68,Hou,Home,19.0,10-10-23,5,False,0,75,1,12,1,10.056,4.4,0.0,3.4,40.8,0.4,0.0,0.0,0.0,67.98,22.0,0.0,25.0,301.0,2.0,0.0,0.0,0.0,9.711428571428572,3.142857142857143,0.0,3.5714285714285716,43.0,0.2857142857142857,0.0,0.0,9.711428571428572
2677,Drake London,Atl,WR,L 16-24,21.5,Wsh,Home,5.5,10-17-23,6,False,0,75,1,31,1,14.356,4.4,0.0,5.2,65.8,0.4,0.0,0.0,0.0,89.47999999999999,22.0,0.0,34.0,426.0,2.0,0.0,0.0,0.0,11.184999999999999,2.75,0.0,4.25,53.25,0.25,0.0,0.0,11.184999999999999
2566,Drake London,Atl,WR,W 16-13,11.4,TB,Away,30.0,10-24-23,7,False,0,75,1,29,0,12.896,4.4,0.0,5.2,63.2,0.2,0.0,0.0,0.0,100.88,22.0,0.0,40.0,480.0,2.0,0.0,0.0,0.0,11.208888888888888,2.4444444444444446,0.0,4.444444444444445,53.333333333333336,0.2222222222222222,0.0,0.0,11.208888888888888
2415,Drake London,Atl,WR,L 23-28,10.5,Ten,Away,43.5,10-31-23,8,False,0,75,1,30,0,13.975999999999999,4.4,0.0,5.8,68.0,0.2,0.0,0.0,0.0,111.38,22.0,0.0,45.0,535.0,2.0,0.0,0.0,0.0,11.138,2.2,0.0,4.5,53.5,0.2,0.0,0.0,11.138
1435,Drake London,Atl,WR,L 23-25,6.6,Ari,Away,50.5,11-14-23,10,False,0,75,1,0,0,12.936000000000002,4.4,0.0,5.8,69.6,0.0,0.0,0.0,0.0,117.97999999999999,22.0,0.0,48.0,571.0,2.0,0.0,0.0,0.0,10.725454545454545,2.0,0.0,4.363636363636363,51.90909090909091,0.18181818181818182,0.0,0.0,10.725454545454545
1557,Drake London,Atl,WR,W 24-15,14.1,NO,Home,29.0,11-28-23,12,False,0,75,1,22,1,12.819999999999999,0.0,0.0,5.6,72.2,0.0,0.0,0.0,0.0,132.07999999999998,22.0,0.0,53.0,662.0,2.0,0.0,0.0,0.0,11.006666666666666,1.8333333333333333,0.0,4.416666666666667,55.166666666666664,0.16666666666666666,0.0,0.0,11.006666666666666
864,Drake London,Atl,WR,W 13-8,1.8,NYJ,Away,83.0,12-05-23,13,False,0,75,1,24,0,8.879999999999999,0.0,0.0,4.0,48.8,0.0,0.0,0.0,0.0,133.88,22.0,0.0,54.0,670.0,2.0,0.0,0.0,0.0,10.298461538461538,1.6923076923076923,0.0,4.153846153846154,51.53846153846154,0.15384615384615385,0.0,0.0,10.298461538461538
1065,Drake London,Atl,WR,L 25-29,29.2,TB,Home,2.0,12-12-23,14,False,0,75,1,29,1,12.440000000000001,0.0,0.0,4.8,72.4,0.0,0.0,0.0,0.0,163.07999999999998,22.0,0.0,64.0,842.0,2.0,0.0,0.0,0.0,11.648571428571428,1.5714285714285714,0.0,4.571428571428571,60.142857142857146,0.14285714285714285,0.0,0.0,11.648571428571428
2280,Drake London,Atl,WR,L 7-9,4.4,Car,Away,76.0,12-19-23,15,False,0,75,1,4,0,11.22,0.0,0.0,4.2,66.2,0.0,0.0,0.0,0.0,167.48,22.0,0.0,66.0,866.0,2.0,0.0,0.0,0.0,11.165333333333333,1.4666666666666666,0.0,4.4,57.733333333333334,0.13333333333333333,0.0,0.0,11.165333333333333
1763,Drake London,Atl,WR,W 29-10,6.9,Ind,Home,64.0,12-26-23,16,False,0,75,1,13,1,11.28,0.0,0.0,4.2,66.8,0.0,0.0,0.0,0.0,174.38,22.0,0.0,69.0,905.0,2.0,0.0,0.0,0.0,10.89875,1.375,0.0,4.3125,56.5625,0.125,0.0,0.0,10.89875
2004,Dyami Brown,Wsh,WR,L 10-27,0.0,SF,Home,137.5,01-02-24,17,False,0,76,31,27,1,0.0,0.0,0.0,0.0,0.0,0.0,0.0,0.0,0.0,0.0,0.0,0.0,0.0,0.0,0.0,0.0,0.0,0.0,0.0,0.0,0.0,0.0,0.0,0.0,0.0,0.0,0.0
1343,Dyami Brown,Wsh,WR,L 10-38,0.16,Dal,Home,122.0,01-09-24,18,False,0,76,31,8,1,0.08,2.0,0.0,0.0,0.0,0.0,0.0,0.0,0.0,0.16,4.0,0.0,0.0,0.0,0.0,0.0,0.0,0.0,0.08,2.0,0.0,0.0,0.0,0.0,0.0,0.0,0.08
297,Dyami Brown,Wsh,WR,W 20-16,0.0,Ari,Home,135.0,09-12-23,1,False,0,76,31,0,1,0.05333333333333334,1.3333333333333333,0.0,0.0,0.0,0.0,0.0,0.0,0.0,0.16,4.0,0.0,0.0,0.0,0.0,0.0,0.0,0.0,0.05333333333333334,1.3333333333333333,0.0,0.0,0.0,0.0,0.0,0.0,0.05333333333333334
2114,Dyami Brown,Wsh,WR,W 35-33,5.5,Den,Away,78.5,09-19-23,2,False,0,76,31,9,0,1.415,1.0,0.0,0.75,6.25,0.0,0.0,0.0,0.0,5.66,4.0,0.0,3.0,25.0,0.0,0.0,0.0,0.0,1.415,1.0,0.0,0.75,6.25,0.0,0.0,0.0,1.415
458,Dyami Brown,Wsh,WR,L 3-37,0.0,Buf,Home,141.0,09-26-23,3,False,0,76,31,3,1,1.1320000000000001,0.8,0.0,0.6,5.0,0.0,0.0,0.0,0.0,5.66,4.0,0.0,3.0,25.0,0.0,0.0,0.0,0.0,1.1320000000000001,0.8,0.0,0.6,5.0,0.0,0.0,0.0,1.1320000000000001
52,Dyami Brown,Wsh,WR,L 31-34,7.1,Phi,Away,53.0,10-03-23,4,False,0,76,31,25,0,2.552,0.8,0.0,1.0,15.2,0.0,0.0,0.0,0.0,12.76,4.0,0.0,5.0,76.0,0.0,0.0,0.0,0.0,2.1266666666666665,0.6666666666666666,0.0,0.8333333333333334,12.666666666666666,0.0,0.0,0.0,2.1266666666666665
574,Dyami Brown,Wsh,WR,L 20-40,2.1,Chi,Home,87.0,10-10-23,5,False,0,76,31,5,1,2.94,0.0,0.0,1.2,17.4,0.0,0.0,0.0,0.0,14.86,4.0,0.0,6.0,87.0,0.0,0.0,0.0,0.0,2.1228571428571428,0.5714285714285714,0.0,0.8571428571428571,12.428571428571429,0.0,0.0,0.0,2.1228571428571428
2798,Dyami Brown,Wsh,WR,W 24-16,0.0,Atl,Away,128.0,10-17-23,6,False,0,76,31,1,0,2.94,0.0,0.0,1.2,17.4,0.0,0.0,0.0,0.0,14.86,4.0,0.0,6.0,87.0,0.0,0.0,0.0,0.0,1.8575,0.5,0.0,0.75,10.875,0.0,0.0,0.0,1.8575
2648,Dyami Brown,Wsh,WR,L 7-14,0.0,NYG,Away,116.0,10-24-23,7,False,0,76,31,23,0,1.8399999999999999,0.0,0.0,0.6,12.4,0.0,0.0,0.0,0.0,14.86,4.0,0.0,6.0,87.0,0.0,0.0,0.0,0.0,1.651111111111111,0.4444444444444444,0.0,0.6666666666666666,9.666666666666666,0.0,0.0,0.0,1.651111111111111
2505,Dyami Brown,Wsh,WR,L 31-38,0.0,Phi,Home,138.0,10-31-23,8,False,0,76,31,25,1,1.8399999999999999,0.0,0.0,0.6,12.4,0.0,0.2,0.0,0.0,14.86,4.0,0.0,6.0,87.0,0.0,1.0,0.0,0.0,1.486,0.4,0.0,0.6,8.7,0.0,0.1,0.0,1.486
976,Dyami Brown,Wsh,WR,W 20-17,5.3,NE,Away,60.0,11-07-23,9,False,0,76,31,21,0,1.48,0.0,0.0,0.6,8.8,0.0,0.2,0.0,0.0,20.16,4.0,0.0,8.0,120.0,0.0,1.0,0.0,0.0,1.8327272727272728,0.36363636363636365,0.0,0.7272727272727273,10.909090909090908,0.0,0.09090909090909091,0.0,1.8327272727272728
1413,Dyami Brown,Wsh,WR,L 26-29,12.1,Sea,Away,29.5,11-14-23,10,False,0,76,31,28,0,3.4799999999999995,0.0,0.0,0.8,14.8,0.2,0.2,0.0,0.0,32.26,4.0,0.0,10.0,161.0,1.0,1.0,0.0,0.0,2.688333333333333,0.3333333333333333,0.0,0.8333333333333334,13.416666666666666,0.08333333333333333,0.08333333333333333,0.0,2.688333333333333
727,Dyami Brown,Wsh,WR,L 19-31,1.7,NYG,Home,94.5,11-21-23,11,False,0,76,31,23,1,3.8200000000000003,0.0,0.0,1.0,16.2,0.2,0.2,0.0,0.0,33.96,4.0,0.0,11.0,168.0,1.0,1.0,0.0,0.0,2.6123076923076924,0.3076923076923077,0.0,0.8461538461538461,12.923076923076923,0.07692307692307693,0.07692307692307693,0.0,2.6123076923076924
1671,Dyami Brown,Wsh,WR,L 10-45,0.0,Dal,Away,149.0,11-28-23,12,False,0,76,31,8,0,3.8200000000000003,0.0,0.0,1.0,16.2,0.2,0.2,0.0,0.0,33.96,4.0,0.0,11.0,168.0,1.0,1.0,0.0,0.0,2.4257142857142857,0.2857142857142857,0.0,0.7857142857142857,12.0,0.07142857142857142,0.07142857142857142,0.0,2.4257142857142857
868,Dyami Brown,Wsh,WR,L 15-45,1.0,Mia,Home,87.0,12-05-23,13,False,0,76,31,19,1,4.0200000000000005,0.0,0.0,1.2,16.2,0.2,0.0,0.0,0.0,34.96,4.0,0.0,12.0,168.0,1.0,1.0,0.0,0.0,2.3306666666666667,0.26666666666666666,0.0,0.8,11.2,0.06666666666666667,0.06666666666666667,0.0,2.3306666666666667
2349,Dyami Brown,Wsh,WR,L 20-28,0.0,LAR,Away,140.0,12-19-23,15,False,0,76,31,17,0,2.96,0.0,0.0,0.8,9.6,0.2,0.0,0.0,0.0,34.96,4.0,0.0,12.0,168.0,1.0,1.0,0.0,0.0,2.185,0.25,0.0,0.75,10.5,0.0625,0.0625,0.0,2.185
1844,Dyami Brown,Wsh,WR,L 28-30,0.0,NYJ,Away,144.5,12-26-23,16,False,0,76,31,24,0,0.54,0.0,0.0,0.4,1.4,0.0,0.0,0.0,0.0,34.96,4.0,0.0,12.0,168.0,1.0,1.0,0.0,0.0,2.0564705882352943,0.23529411764705882,0.0,0.7058823529411765,9.882352941176471,0.058823529411764705,0.058823529411764705,0.0,2.0564705882352943
628,Dylan Drummond,Det,WR,W 42-24,0.0,Car,Home,124.5,10-10-23,5,False,0,77,10,4,1,0.0,0.0,0.0,0.0,0.0,0.0,0.0,0.0,0.0,0.0,0.0,0.0,0.0,0.0,0.0,0.0,0.0,0.0,0.0,0.0,0.0,0.0,0.0,0.0,0.0,0.0,0.0
2669,Easop Winston Jr.,Sea,WR,W 20-10,0.0,Ari,Home,116.0,10-24-23,7,False,0,78,28,0,1,0.0,0.0,0.0,0.0,0.0,0.0,0.0,0.0,0.0,0.0,0.0,0.0,0.0,0.0,0.0,0.0,0.0,0.0,0.0,0.0,0.0,0.0,0.0,0.0,0.0,0.0,0.0
2025,Elijah Cooks,Jax,WR,W 26-0,0.0,Car,Home,137.5,01-02-24,17,False,0,79,14,4,1,0.0,0.0,0.0,0.0,0.0,0.0,0.0,0.0,0.0,0.0,0.0,0.0,0.0,0.0,0.0,0.0,0.0,0.0,0.0,0.0,0.0,0.0,0.0,0.0,0.0,0.0,0.0
1373,Elijah Cooks,Jax,WR,L 20-28,0.0,Ten,Away,142.5,01-09-24,18,False,0,79,14,30,0,0.0,0.0,0.0,0.0,0.0,0.0,0.0,0.0,0.0,0.0,0.0,0.0,0.0,0.0,0.0,0.0,0.0,0.0,0.0,0.0,0.0,0.0,0.0,0.0,0.0,0.0,0.0
2821,Elijah Cooks,Jax,WR,W 37-20,0.0,Ind,Home,128.0,10-17-23,6,False,0,79,14,13,1,0.0,0.0,0.0,0.0,0.0,0.0,0.0,0.0,0.0,0.0,0.0,0.0,0.0,0.0,0.0,0.0,0.0,0.0,0.0,0.0,0.0,0.0,0.0,0.0,0.0,0.0,0.0
2663,Elijah Cooks,Jax,WR,W 31-24,0.0,NO,Away,116.0,10-24-23,7,False,0,79,14,22,0,0.0,0.0,0.0,0.0,0.0,0.0,0.0,0.0,0.0,0.0,0.0,0.0,0.0,0.0,0.0,0.0,0.0,0.0,0.0,0.0,0.0,0.0,0.0,0.0,0.0,0.0,0.0
2526,Elijah Cooks,Jax,WR,W 20-10,0.0,Pit,Away,138.0,10-31-23,8,False,0,79,14,26,0,0.0,0.0,0.0,0.0,0.0,0.0,0.0,0.0,0.0,0.0,0.0,0.0,0.0,0.0,0.0,0.0,0.0,0.0,0.0,0.0,0.0,0.0,0.0,0.0,0.0,0.0,0.0
1518,Elijah Cooks,Jax,WR,L 3-34,0.0,SF,Home,123.5,11-14-23,10,False,0,79,14,27,1,0.0,0.0,0.0,0.0,0.0,0.0,0.0,0.0,0.0,0.0,0.0,0.0,0.0,0.0,0.0,0.0,0.0,0.0,0.0,0.0,0.0,0.0,0.0,0.0,0.0,0.0,0.0
1216,Elijah Cooks,Jax,WR,L 27-31,0.0,Cle,Away,134.0,12-12-23,14,False,0,79,14,7,0,0.0,0.0,0.0,0.0,0.0,0.0,0.0,0.0,0.0,0.0,0.0,0.0,0.0,0.0,0.0,0.0,0.0,0.0,0.0,0.0,0.0,0.0,0.0,0.0,0.0,0.0,0.0
2364,Elijah Cooks,Jax,WR,L 7-23,0.0,Bal,Home,140.0,12-19-23,15,False,0,79,14,2,1,0.0,0.0,0.0,0.0,0.0,0.0,0.0,0.0,0.0,0.0,0.0,0.0,0.0,0.0,0.0,0.0,0.0,0.0,0.0,0.0,0.0,0.0,0.0,0.0,0.0,0.0,0.0
1765,Elijah Cooks,Jax,WR,L 12-30,6.8,TB,Away,65.5,12-26-23,16,False,0,79,14,29,0,1.3599999999999999,0.0,0.0,0.6,7.6,0.0,0.0,0.0,0.0,6.8,0.0,0.0,3.0,38.0,0.0,0.0,0.0,0.0,0.7555555555555555,0.0,0.0,0.3333333333333333,4.222222222222222,0.0,0.0,0.0,0.7555555555555555
1884,Elijah Moore,Cle,WR,W 37-20,17.1,NYJ,Home,16.5,01-02-24,17,False,0,80,7,24,1,17.1,0.0,0.0,5.0,61.0,1.0,0.0,0.0,0.0,17.1,0.0,0.0,5.0,61.0,1.0,0.0,0.0,0.0,17.1,0.0,0.0,5.0,61.0,1.0,0.0,0.0,17.1
1346,Elijah Moore,Cle,WR,L 14-31,0.0,Cin,Away,142.5,01-09-24,18,False,0,80,7,6,0,8.55,0.0,0.0,2.5,30.5,0.5,0.0,0.0,0.0,17.1,0.0,0.0,5.0,61.0,1.0,0.0,0.0,0.0,8.55,0.0,0.0,2.5,30.5,0.5,0.0,0.0,8.55
204,Elijah Moore,Cle,WR,W 24-3,9.2,Cin,Home,43.0,09-12-23,1,False,0,80,7,6,1,8.766666666666667,0.0,0.0,2.6666666666666665,34.666666666666664,0.3333333333333333,0.6666666666666666,6.333333333333333,0.0,26.3,0.0,0.0,8.0,104.0,1.0,2.0,19.0,0.0,8.766666666666667,0.0,0.0,2.6666666666666665,34.666666666666664,0.3333333333333333,0.6666666666666666,6.333333333333333,8.766666666666667
2103,Elijah Moore,Cle,WR,L 22-26,7.1,Pit,Away,67.5,09-19-23,2,False,0,80,7,26,0,8.35,0.0,0.0,2.75,35.0,0.25,0.75,6.0,0.0,33.4,0.0,0.0,11.0,140.0,1.0,3.0,24.0,0.0,8.35,0.0,0.0,2.75,35.0,0.25,0.75,6.0,8.35
360,Elijah Moore,Cle,WR,W 27-3,11.8,Ten,Home,37.0,09-26-23,3,False,0,80,7,30,1,9.040000000000001,0.0,0.0,4.0,37.8,0.2,1.2,4.6,0.0,45.2,0.0,0.0,20.0,189.0,1.0,6.0,23.0,0.0,9.040000000000001,0.0,0.0,4.0,37.8,0.2,1.2,4.6,9.040000000000001
104,Elijah Moore,Cle,WR,L 3-28,2.0,Bal,Home,105.0,10-03-23,4,False,0,80,7,2,1,6.0200000000000005,0.0,0.0,3.4,29.6,0.0,1.4,0.6,0.0,47.2,0.0,0.0,22.0,209.0,1.0,7.0,3.0,0.0,7.866666666666667,0.0,0.0,3.6666666666666665,34.833333333333336,0.16666666666666666,1.1666666666666667,0.5,7.866666666666667
2725,Elijah Moore,Cle,WR,W 19-17,6.7,SF,Home,54.5,10-17-23,6,False,0,80,7,27,1,7.359999999999999,0.0,0.0,4.2,33.4,0.0,1.6,2.2,0.0,53.9,0.0,0.0,26.0,228.0,1.0,8.0,11.0,0.0,7.7,0.0,0.0,3.7142857142857144,32.57142857142857,0.14285714285714285,1.1428571428571428,1.5714285714285714,7.7
2576,Elijah Moore,Cle,WR,W 39-38,9.9,Ind,Away,38.5,10-24-23,7,False,0,80,7,13,0,7.5,0.0,0.0,4.4,36.6,0.0,1.2,-1.6,0.0,63.8,0.0,0.0,30.0,287.0,1.0,8.0,11.0,0.0,7.975,0.0,0.0,3.75,35.875,0.125,1.0,1.375,7.975
2453,Elijah Moore,Cle,WR,L 20-24,5.0,Sea,Away,81.0,10-31-23,8,False,0,80,7,28,0,7.08,0.0,0.0,4.2,35.4,0.0,1.0,-2.6,0.0,68.8,0.0,0.0,32.0,317.0,1.0,8.0,11.0,0.0,7.644444444444444,0.0,0.0,3.5555555555555554,35.22222222222222,0.1111111111111111,0.8888888888888888,1.2222222222222223,7.644444444444444
994,Elijah Moore,Cle,WR,W 27-0,3.4,Ari,Home,78.0,11-07-23,9,False,0,80,7,0,1,5.4,0.0,0.0,2.8,28.4,0.0,0.4,-2.4,0.0,72.2,0.0,0.0,34.0,331.0,1.0,8.0,11.0,0.0,7.220000000000001,0.0,0.0,3.4,33.1,0.1,0.8,1.1,7.220000000000001
1403,Elijah Moore,Cle,WR,W 33-31,15.4,Bal,Away,19.0,11-14-23,10,False,0,80,7,2,0,8.080000000000002,0.0,0.0,3.4,33.2,0.2,0.2,1.6,0.0,87.6,0.0,0.0,39.0,375.0,2.0,8.0,11.0,0.0,7.963636363636363,0.0,0.0,3.5454545454545454,34.09090909090909,0.18181818181818182,0.7272727272727273,1.0,7.963636363636363
659,Elijah Moore,Cle,WR,W 13-10,12.0,Pit,Home,28.0,11-21-23,11,False,0,80,7,26,1,9.14,0.0,0.0,3.8,41.4,0.2,0.0,0.0,0.0,99.6,0.0,0.0,45.0,435.0,2.0,8.0,11.0,0.0,8.299999999999999,0.0,0.0,3.75,36.25,0.16666666666666666,0.6666666666666666,0.9166666666666666,8.299999999999999
1605,Elijah Moore,Cle,WR,L 12-29,5.4,Den,Away,77.0,11-28-23,12,False,0,80,7,9,0,8.24,0.0,0.0,3.6,38.4,0.2,0.2,0.0,0.0,105.0,0.0,0.0,48.0,479.0,2.0,9.0,11.0,0.0,8.076923076923077,0.0,0.0,3.6923076923076925,36.84615384615385,0.15384615384615385,0.6923076923076923,0.8461538461538461,8.076923076923077
812,Elijah Moore,Cle,WR,L 19-36,12.3,LAR,Away,31.0,12-05-23,13,False,0,80,7,17,0,9.7,0.0,0.0,4.0,49.0,0.2,0.2,0.0,0.0,117.3,0.0,0.0,52.0,562.0,2.0,9.0,11.0,0.0,8.378571428571428,0.0,0.0,3.7142857142857144,40.142857142857146,0.14285714285714285,0.6428571428571429,0.7857142857142857,8.378571428571428
1110,Elijah Moore,Cle,WR,W 31-27,7.2,Jax,Home,46.5,12-12-23,14,False,0,80,7,14,1,10.46,0.0,0.0,4.2,54.6,0.2,0.2,0.0,0.0,124.5,0.0,0.0,55.0,604.0,2.0,9.0,11.0,0.0,8.3,0.0,0.0,3.6666666666666665,40.266666666666666,0.13333333333333333,0.6,0.7333333333333333,8.3
2286,Elijah Moore,Cle,WR,W 20-17,3.7,Chi,Home,82.0,12-19-23,15,False,0,80,7,5,1,8.120000000000001,0.0,0.0,3.6,49.2,0.0,0.2,0.0,0.0,128.2,0.0,0.0,57.0,621.0,2.0,9.0,11.0,0.0,8.0125,0.0,0.0,3.5625,38.8125,0.125,0.5625,0.6875,8.0125
1781,Elijah Moore,Cle,WR,W 36-22,3.9,Hou,Away,82.5,12-26-23,16,False,0,80,7,12,0,6.5,0.0,0.0,2.8,41.0,0.0,0.2,0.0,0.0,132.1,0.0,0.0,59.0,640.0,2.0,9.0,11.0,0.0,7.770588235294118,0.0,0.0,3.4705882352941178,37.64705882352941,0.11764705882352941,0.5294117647058824,0.6470588235294118,7.770588235294118
1998,Equanimeous St. Brown,Chi,WR,W 37-17,0.0,Atl,Home,137.5,01-02-24,17,False,0,81,5,1,1,0.0,0.0,0.0,0.0,0.0,0.0,0.0,0.0,0.0,0.0,0.0,0.0,0.0,0.0,0.0,0.0,0.0,0.0,0.0,0.0,0.0,0.0,0.0,0.0,0.0,0.0,0.0
1311,Equanimeous St. Brown,Chi,WR,L 9-17,2.8,GB,Away,90.5,01-09-24,18,False,0,81,5,11,0,1.4,0.0,0.0,0.5,9.0,0.0,0.0,0.0,0.0,2.8,0.0,0.0,1.0,18.0,0.0,0.0,0.0,0.0,1.4,0.0,0.0,0.5,9.0,0.0,0.0,0.0,1.4
88,Equanimeous St. Brown,Chi,WR,L 28-31,3.1,Den,Home,89.0,10-03-23,4,False,0,81,5,9,1,1.9666666666666668,0.0,0.0,0.6666666666666666,13.0,0.0,0.0,0.0,0.0,5.9,0.0,0.0,2.0,39.0,0.0,0.0,0.0,0.0,1.9666666666666668,0.0,0.0,0.6666666666666666,13.0,0.0,0.0,0.0,1.9666666666666668
605,Equanimeous St. Brown,Chi,WR,W 40-20,0.0,Wsh,Away,124.5,10-10-23,5,False,0,81,5,31,0,1.475,0.0,0.0,0.5,9.75,0.0,0.0,0.0,0.0,5.9,0.0,0.0,2.0,39.0,0.0,0.0,0.0,0.0,1.475,0.0,0.0,0.5,9.75,0.0,0.0,0.0,1.475
1487,Equanimeous St. Brown,Chi,WR,W 16-13,1.4,Car,Home,103.0,11-14-23,10,False,0,81,5,4,1,1.46,0.0,0.0,0.6,8.6,0.0,0.0,0.0,0.0,7.3,0.0,0.0,3.0,43.0,0.0,0.0,0.0,0.0,1.46,0.0,0.0,0.6,8.6,0.0,0.0,0.0,1.46
703,Equanimeous St. Brown,Chi,WR,L 26-31,3.9,Det,Away,72.0,11-21-23,11,False,0,81,5,10,0,2.2399999999999998,0.0,0.0,1.0,12.4,0.0,0.0,0.0,0.0,11.2,0.0,0.0,5.0,62.0,0.0,0.0,0.0,0.0,1.8666666666666665,0.0,0.0,0.8333333333333334,10.333333333333334,0.0,0.0,0.0,1.8666666666666665
1668,Equanimeous St. Brown,Chi,WR,W 12-10,0.0,Min,Away,149.0,11-28-23,12,False,0,81,5,20,0,1.6799999999999997,0.0,0.0,0.8,8.8,0.0,0.0,0.0,0.0,11.2,0.0,0.0,5.0,62.0,0.0,0.0,0.0,0.0,1.5999999999999999,0.0,0.0,0.7142857142857143,8.857142857142858,0.0,0.0,0.0,1.5999999999999999
258,Erik Ezukanma,Mia,WR,W 36-34,1.7,LAC,Away,97.0,09-12-23,1,False,0,82,19,16,0,1.7,0.0,0.0,0.0,0.0,0.0,2.0,17.0,0.0,1.7,0.0,0.0,0.0,0.0,0.0,2.0,17.0,0.0,1.7,0.0,0.0,0.0,0.0,0.0,2.0,17.0,1.7
2159,Erik Ezukanma,Mia,WR,W 24-17,0.5,NE,Away,124.0,09-19-23,2,False,0,82,19,21,0,1.1,0.0,0.0,0.0,0.0,0.0,2.5,11.0,0.0,2.2,0.0,0.0,0.0,0.0,0.0,5.0,22.0,0.0,1.1,0.0,0.0,0.0,0.0,0.0,2.5,11.0,1.1
2028,Ethan Fernea,Ind,WR,W 23-20,0.0,LV,Home,137.5,01-02-24,17,False,0,83,13,18,1,0.0,0.0,0.0,0.0,0.0,0.0,0.0,0.0,0.0,0.0,0.0,0.0,0.0,0.0,0.0,0.0,0.0,0.0,0.0,0.0,0.0,0.0,0.0,0.0,0.0,0.0,0.0
2367,Ethan Fernea,Ind,WR,W 30-13,0.0,Pit,Home,140.0,12-19-23,15,False,0,83,13,26,1,0.0,0.0,0.0,0.0,0.0,0.0,0.0,0.0,0.0,0.0,0.0,0.0,0.0,0.0,0.0,0.0,0.0,0.0,0.0,0.0,0.0,0.0,0.0,0.0,0.0,0.0,0.0
1859,Ethan Fernea,Ind,WR,L 10-29,0.0,Atl,Away,144.5,12-26-23,16,False,0,83,13,1,0,0.0,0.0,0.0,0.0,0.0,0.0,0.0,0.0,0.0,0.0,0.0,0.0,0.0,0.0,0.0,0.0,0.0,0.0,0.0,0.0,0.0,0.0,0.0,0.0,0.0,0.0,0.0
1524,Frank Darby,Atl,WR,L 23-25,0.0,Ari,Away,123.5,11-14-23,10,False,0,84,1,0,0,0.0,0.0,0.0,0.0,0.0,0.0,0.0,0.0,0.0,0.0,0.0,0.0,0.0,0.0,0.0,0.0,0.0,0.0,0.0,0.0,0.0,0.0,0.0,0.0,0.0,0.0,0.0
1943,Gabe Davis,Buf,WR,W 27-21,4.1,NE,Home,76.0,01-02-24,17,False,0,85,3,21,1,4.1,0.0,0.0,2.0,21.0,0.0,0.0,0.0,0.0,4.1,0.0,0.0,2.0,21.0,0.0,0.0,0.0,0.0,4.1,0.0,0.0,2.0,21.0,0.0,0.0,0.0,4.1
1344,Gabe Davis,Buf,WR,W 21-14,0.0,Mia,Away,142.5,01-09-24,18,False,0,85,3,19,0,2.05,0.0,0.0,1.0,10.5,0.0,0.0,0.0,0.0,4.1,0.0,0.0,2.0,21.0,0.0,0.0,0.0,0.0,2.05,0.0,0.0,1.0,10.5,0.0,0.0,0.0,2.05
230,Gabe Davis,Buf,WR,L 16-22,5.2,NYJ,Away,69.0,09-12-23,1,False,0,85,3,24,0,3.1,0.0,0.0,1.3333333333333333,17.666666666666668,0.0,0.0,0.0,0.0,9.3,0.0,0.0,4.0,53.0,0.0,0.0,0.0,0.0,3.1,0.0,0.0,1.3333333333333333,17.666666666666668,0.0,0.0,0.0,3.1
2049,Gabe Davis,Buf,WR,W 38-10,21.2,LV,Home,14.0,09-19-23,2,False,0,85,3,18,1,7.625,0.0,0.0,2.5,36.25,0.25,0.0,0.0,0.0,30.5,0.0,0.0,10.0,145.0,1.0,0.0,0.0,0.0,7.625,0.0,0.0,2.5,36.25,0.25,0.0,0.0,7.625
368,Gabe Davis,Buf,WR,W 37-3,10.3,Wsh,Away,45.0,09-26-23,3,False,0,85,3,31,0,8.16,0.0,0.0,2.2,36.0,0.4,0.2,-0.4,0.0,40.8,0.0,0.0,11.0,180.0,2.0,1.0,-2.0,0.0,8.16,0.0,0.0,2.2,36.0,0.4,0.2,-0.4,8.16
20,Gabe Davis,Buf,WR,W 48-20,15.1,Mia,Home,21.5,10-03-23,4,False,0,85,3,19,1,10.36,0.0,0.0,2.4,44.0,0.6,0.2,-0.4,0.0,55.9,0.0,0.0,14.0,241.0,3.0,1.0,-2.0,0.0,9.316666666666666,0.0,0.0,2.3333333333333335,40.166666666666664,0.5,0.16666666666666666,-0.3333333333333333,9.316666666666666
495,Gabe Davis,Buf,WR,L 20-25,22.0,Jax,Home,7.5,10-10-23,5,False,0,85,3,14,1,14.76,0.0,0.0,3.6,64.0,0.8,0.2,-0.4,0.0,77.9,0.0,0.0,20.0,341.0,4.0,1.0,-2.0,0.0,11.12857142857143,0.0,0.0,2.857142857142857,48.714285714285715,0.5714285714285714,0.14285714285714285,-0.2857142857142857,11.12857142857143
2755,Gabe Davis,Buf,WR,W 14-9,3.1,NYG,Home,84.0,10-17-23,6,False,0,85,3,23,1,14.339999999999998,0.0,0.0,3.8,61.8,0.8,0.2,-0.4,0.0,81.0,0.0,0.0,23.0,362.0,4.0,1.0,-2.0,0.0,10.125,0.0,0.0,2.875,45.25,0.5,0.125,-0.25,10.125
2625,Gabe Davis,Buf,WR,L 25-29,1.6,NE,Away,88.5,10-24-23,7,False,0,85,3,21,0,10.42,0.0,0.0,2.8,44.6,0.6,0.2,-0.4,0.0,82.6,0.0,0.0,24.0,368.0,4.0,1.0,-2.0,0.0,9.177777777777777,0.0,0.0,2.6666666666666665,40.888888888888886,0.4444444444444444,0.1111111111111111,-0.2222222222222222,9.177777777777777
2381,Gabe Davis,Buf,WR,W 24-18,23.7,TB,Home,9.0,10-31-23,8,False,0,85,3,29,1,13.1,0.0,0.0,4.4,55.0,0.6,0.0,0.0,0.0,106.3,0.0,0.0,33.0,455.0,5.0,1.0,-2.0,0.0,10.629999999999999,0.0,0.0,3.3,45.5,0.5,0.1,-0.2,10.629999999999999
1024,Gabe Davis,Buf,WR,L 18-24,0.0,Cin,Away,126.5,11-07-23,9,False,0,85,3,6,0,10.08,0.0,0.0,3.8,42.8,0.4,0.0,0.0,0.0,106.3,0.0,0.0,33.0,455.0,5.0,1.0,-2.0,0.0,9.663636363636364,0.0,0.0,3.0,41.36363636363637,0.45454545454545453,0.09090909090909091,-0.18181818181818182,9.663636363636364
1420,Gabe Davis,Buf,WR,L 22-24,9.6,Den,Home,36.0,11-14-23,10,False,0,85,3,9,1,7.6,0.0,0.0,3.0,34.0,0.2,0.0,0.0,0.0,115.89999999999999,0.0,0.0,35.0,511.0,5.0,1.0,-2.0,0.0,9.658333333333333,0.0,0.0,2.9166666666666665,42.583333333333336,0.4166666666666667,0.08333333333333333,-0.16666666666666666,9.658333333333333
736,Gabe Davis,Buf,WR,W 32-6,0.0,NYJ,Home,126.0,11-21-23,11,False,0,85,3,24,1,6.9799999999999995,0.0,0.0,2.4,29.8,0.2,0.0,0.0,0.0,115.89999999999999,0.0,0.0,35.0,511.0,5.0,1.0,-2.0,0.0,8.915384615384614,0.0,0.0,2.6923076923076925,39.30769230769231,0.38461538461538464,0.07692307692307693,-0.15384615384615385,8.915384615384614
1536,Gabe Davis,Buf,WR,L 34-37,22.5,Phi,Away,8.0,11-28-23,12,False,0,85,3,25,0,11.16,0.0,0.0,3.4,49.6,0.4,0.0,0.0,0.0,138.4,0.0,0.0,41.0,616.0,6.0,1.0,-2.0,0.0,9.885714285714286,0.0,0.0,2.9285714285714284,44.0,0.42857142857142855,0.07142857142857142,-0.14285714285714285,9.885714285714286
1174,Gabe Davis,Buf,WR,W 20-17,0.0,KC,Away,134.0,12-12-23,14,False,0,85,3,15,0,6.42,0.0,0.0,1.6,32.2,0.2,0.0,0.0,0.0,138.4,0.0,0.0,41.0,616.0,6.0,1.0,-2.0,0.0,9.226666666666667,0.0,0.0,2.7333333333333334,41.06666666666667,0.4,0.06666666666666667,-0.13333333333333333,9.226666666666667
2319,Gabe Davis,Buf,WR,W 31-10,0.0,Dal,Home,140.0,12-19-23,15,False,0,85,3,8,1,6.42,0.0,0.0,1.6,32.2,0.2,0.0,0.0,0.0,138.4,0.0,0.0,41.0,616.0,6.0,1.0,-2.0,0.0,8.65,0.0,0.0,2.5625,38.5,0.375,0.0625,-0.125,8.65
1711,Gabe Davis,Buf,WR,W 24-22,23.0,LAC,Away,12.0,12-26-23,16,False,0,85,3,16,0,9.1,0.0,0.0,2.0,47.0,0.4,0.0,0.0,0.0,161.4,0.0,0.0,45.0,746.0,7.0,1.0,-2.0,0.0,9.494117647058824,0.0,0.0,2.6470588235294117,43.88235294117647,0.4117647058823529,0.058823529411764705,-0.11764705882352941,9.494117647058824
1905,Garrett Wilson,NYJ,WR,L 20-37,9.9,Cle,Away,38.0,01-02-24,17,False,0,86,24,7,0,9.9,0.0,0.0,5.0,50.0,0.0,1.0,-1.0,0.0,9.9,0.0,0.0,5.0,50.0,0.0,1.0,-1.0,0.0,9.9,0.0,0.0,5.0,50.0,0.0,1.0,-1.0,9.9
1282,Garrett Wilson,NYJ,WR,W 17-3,5.4,NE,Away,62.0,01-09-24,18,False,0,86,24,21,0,7.65,0.0,0.0,3.5,42.0,0.0,0.5,-0.5,0.0,15.3,0.0,0.0,7.0,84.0,0.0,1.0,-1.0,0.0,7.65,0.0,0.0,3.5,42.0,0.0,0.5,-0.5,7.65
183,Garrett Wilson,NYJ,WR,W 22-16,14.4,Buf,Home,22.0,09-12-23,1,False,0,86,24,3,1,9.9,0.0,0.0,4.0,39.333333333333336,0.3333333333333333,0.3333333333333333,-0.3333333333333333,0.0,29.700000000000003,0.0,0.0,12.0,118.0,1.0,1.0,-1.0,0.0,9.9,0.0,0.0,4.0,39.333333333333336,0.3333333333333333,0.3333333333333333,-0.3333333333333333,9.9
2062,Garrett Wilson,NYJ,WR,L 10-30,16.3,Dal,Away,27.0,09-19-23,2,False,0,86,24,8,0,11.5,0.0,0.0,3.5,50.25,0.5,0.25,-0.25,0.0,46.0,0.0,0.0,14.0,201.0,2.0,1.0,-1.0,0.0,11.5,0.0,0.0,3.5,50.25,0.5,0.25,-0.25,11.5
371,Garrett Wilson,NYJ,WR,L 10-15,9.8,NE,Home,48.0,09-26-23,3,False,0,86,24,21,1,11.16,0.0,0.0,3.8,49.8,0.4,0.2,-0.2,0.0,55.8,0.0,0.0,19.0,249.0,2.0,1.0,-1.0,0.0,11.16,0.0,0.0,3.8,49.8,0.4,0.2,-0.2,11.16
22,Garrett Wilson,NYJ,WR,L 20-23,15.0,KC,Home,23.0,10-03-23,4,False,0,86,24,15,1,12.180000000000001,0.0,0.0,4.6,51.8,0.4,0.0,0.0,0.0,70.8,0.0,0.0,28.0,309.0,2.0,1.0,-1.0,0.0,11.799999999999999,0.0,0.0,4.666666666666667,51.5,0.3333333333333333,0.16666666666666666,-0.16666666666666666,11.799999999999999
533,Garrett Wilson,NYJ,WR,W 31-21,8.4,Den,Away,46.0,10-10-23,5,False,0,86,24,9,0,12.78,0.0,0.0,4.8,55.8,0.4,0.0,0.0,0.0,79.2,0.0,0.0,31.0,363.0,2.0,1.0,-1.0,0.0,11.314285714285715,0.0,0.0,4.428571428571429,51.857142857142854,0.2857142857142857,0.14285714285714285,-0.14285714285714285,11.314285714285715
2687,Garrett Wilson,NYJ,WR,W 20-14,17.0,Phi,Home,16.0,10-17-23,6,False,0,86,24,25,1,13.3,0.0,0.0,5.4,67.0,0.2,0.0,0.0,0.0,96.2,0.0,0.0,39.0,453.0,2.0,1.0,-1.0,0.0,12.025,0.0,0.0,4.875,56.625,0.25,0.125,-0.125,12.025
2389,Garrett Wilson,NYJ,WR,W 13-10,17.6,NYG,Away,17.0,10-31-23,8,False,0,86,24,23,0,13.560000000000002,0.0,0.0,6.4,70.4,0.0,0.2,1.2,0.0,113.80000000000001,0.0,0.0,46.0,553.0,2.0,2.0,5.0,0.0,12.644444444444446,0.0,0.0,5.111111111111111,61.44444444444444,0.2222222222222222,0.2222222222222222,0.5555555555555556,12.644444444444446
936,Garrett Wilson,NYJ,WR,L 6-27,13.0,LAC,Home,20.0,11-07-23,9,False,0,86,24,16,1,14.2,0.0,0.0,6.8,76.8,0.0,0.2,1.2,0.0,126.80000000000001,0.0,0.0,53.0,633.0,2.0,2.0,5.0,0.0,12.680000000000001,0.0,0.0,5.3,63.3,0.2,0.2,0.5,12.680000000000001
1397,Garrett Wilson,NYJ,WR,L 12-16,18.3,LV,Away,13.0,11-14-23,10,False,0,86,24,18,0,14.860000000000003,0.0,0.0,6.8,83.4,0.0,0.2,1.2,0.0,145.1,0.0,0.0,62.0,726.0,2.0,2.0,5.0,0.0,13.19090909090909,0.0,0.0,5.636363636363637,66.0,0.18181818181818182,0.18181818181818182,0.45454545454545453,13.19090909090909
734,Garrett Wilson,NYJ,WR,L 6-32,0.9,Buf,Away,103.0,11-21-23,11,False,0,86,24,3,0,13.36,0.0,0.0,6.6,74.4,0.0,0.2,1.2,0.0,146.0,0.0,0.0,64.0,735.0,2.0,2.0,5.0,0.0,12.166666666666666,0.0,0.0,5.333333333333333,61.25,0.16666666666666666,0.16666666666666666,0.4166666666666667,12.166666666666666
1548,Garrett Wilson,NYJ,WR,L 13-34,17.4,Mia,Home,20.0,11-28-23,12,False,0,86,24,19,1,13.440000000000001,0.0,0.0,6.4,65.2,0.2,0.2,1.2,0.0,163.4,0.0,0.0,71.0,779.0,3.0,2.0,5.0,0.0,12.569230769230769,0.0,0.0,5.461538461538462,59.92307692307692,0.23076923076923078,0.15384615384615385,0.38461538461538464,12.569230769230769
823,Garrett Wilson,NYJ,WR,L 8-13,8.0,Atl,Home,42.0,12-05-23,13,False,0,86,24,1,1,11.52,0.0,0.0,5.6,55.2,0.2,0.0,0.0,0.0,171.4,0.0,0.0,74.0,829.0,3.0,2.0,5.0,0.0,12.242857142857144,0.0,0.0,5.285714285714286,59.214285714285715,0.21428571428571427,0.14285714285714285,0.35714285714285715,12.242857142857144
1070,Garrett Wilson,NYJ,WR,W 30-6,20.1,Hou,Home,7.0,12-12-23,14,False,0,86,24,12,1,12.940000000000001,0.0,0.0,6.0,60.8,0.2,0.2,0.6,0.0,191.5,0.0,0.0,83.0,937.0,3.0,3.0,8.0,0.0,12.766666666666667,0.0,0.0,5.533333333333333,62.46666666666667,0.2,0.2,0.5333333333333333,12.766666666666667
2269,Garrett Wilson,NYJ,WR,L 0-30,5.9,Mia,Away,65.5,12-19-23,15,False,0,86,24,19,0,10.46,0.0,0.0,4.8,48.0,0.2,0.2,0.6,0.0,197.4,0.0,0.0,86.0,966.0,3.0,3.0,8.0,0.0,12.3375,0.0,0.0,5.375,60.375,0.1875,0.1875,0.5,12.3375
1722,Garrett Wilson,NYJ,WR,W 30-28,15.8,Wsh,Home,23.0,12-26-23,16,False,0,86,24,31,1,13.440000000000001,0.0,0.0,6.2,61.4,0.2,0.4,-1.0,0.0,213.20000000000002,0.0,0.0,95.0,1042.0,3.0,4.0,0.0,0.0,12.541176470588237,0.0,0.0,5.588235294117647,61.294117647058826,0.17647058823529413,0.23529411764705882,0.0,12.541176470588237
1876,George Pickens,Pit,WR,W 30-23,20.1,Sea,Away,9.0,01-02-24,17,False,0,87,26,28,0,20.1,0.0,0.0,7.0,131.0,0.0,0.0,0.0,0.0,20.1,0.0,0.0,7.0,131.0,0.0,0.0,0.0,0.0,20.1,0.0,0.0,7.0,131.0,0.0,0.0,0.0,20.1
1342,George Pickens,Pit,WR,W 17-10,0.3,Bal,Away,121.0,01-09-24,18,False,0,87,26,2,0,10.200000000000001,0.0,0.0,3.5,65.5,0.0,0.5,1.5,0.0,20.400000000000002,0.0,0.0,7.0,131.0,0.0,1.0,3.0,0.0,10.200000000000001,0.0,0.0,3.5,65.5,0.0,0.5,1.5,10.200000000000001
210,George Pickens,Pit,WR,L 7-30,8.6,SF,Home,49.0,09-12-23,1,False,0,87,26,27,1,9.666666666666666,0.0,0.0,4.0,55.666666666666664,0.0,0.3333333333333333,1.0,0.0,29.0,0.0,0.0,12.0,167.0,0.0,1.0,3.0,0.0,9.666666666666666,0.0,0.0,4.0,55.666666666666664,0.0,0.3333333333333333,1.0,9.666666666666666
2046,George Pickens,Pit,WR,W 26-22,22.7,Cle,Home,11.0,09-19-23,2,False,0,87,26,7,1,12.925,0.0,0.0,4.0,73.5,0.25,0.25,0.75,0.0,51.7,0.0,0.0,16.0,294.0,1.0,1.0,3.0,0.0,12.925,0.0,0.0,4.0,73.5,0.25,0.25,0.75,12.925
361,George Pickens,Pit,WR,W 23-18,11.5,LV,Away,38.0,09-26-23,3,False,0,87,26,18,0,12.64,0.0,0.0,4.0,73.8,0.2,0.2,0.6,0.0,63.2,0.0,0.0,20.0,369.0,1.0,1.0,3.0,0.0,12.64,0.0,0.0,4.0,73.8,0.2,0.2,0.6,12.64
64,George Pickens,Pit,WR,L 6-30,5.5,Hou,Away,65.0,10-03-23,4,False,0,87,26,12,0,9.72,0.0,0.0,3.2,52.6,0.2,0.2,0.6,0.0,68.7,0.0,0.0,23.0,394.0,1.0,1.0,3.0,0.0,11.450000000000001,0.0,0.0,3.8333333333333335,65.66666666666667,0.16666666666666666,0.16666666666666666,0.5,11.450000000000001
492,George Pickens,Pit,WR,W 17-10,26.6,Bal,Home,5.0,10-10-23,5,False,0,87,26,2,1,14.98,0.0,0.0,4.4,78.6,0.4,0.2,3.2,0.0,95.30000000000001,0.0,0.0,29.0,524.0,2.0,2.0,19.0,0.0,13.614285714285716,0.0,0.0,4.142857142857143,74.85714285714286,0.2857142857142857,0.2857142857142857,2.7142857142857144,13.614285714285716
2556,George Pickens,Pit,WR,W 24-17,15.7,LAR,Away,19.0,10-24-23,7,False,0,87,26,17,0,16.4,0.0,0.0,4.4,92.8,0.4,0.2,3.2,0.0,111.0,0.0,0.0,34.0,631.0,2.0,2.0,19.0,0.0,13.875,0.0,0.0,4.25,78.875,0.25,0.25,2.375,13.875
2425,George Pickens,Pit,WR,L 10-20,9.2,Jax,Home,53.0,10-31-23,8,False,0,87,26,14,1,13.7,0.0,0.0,3.8,71.8,0.4,0.2,3.2,0.0,120.2,0.0,0.0,35.0,653.0,3.0,2.0,19.0,0.0,13.355555555555556,0.0,0.0,3.888888888888889,72.55555555555556,0.3333333333333333,0.2222222222222222,2.111111111111111,13.355555555555556
1007,George Pickens,Pit,WR,W 20-16,1.9,Ten,Home,92.0,11-07-23,9,False,0,87,26,30,1,11.78,0.0,0.0,3.4,56.6,0.4,0.2,3.2,0.0,122.10000000000001,0.0,0.0,37.0,652.0,3.0,2.0,19.0,0.0,12.21,0.0,0.0,3.7,65.2,0.3,0.2,1.9,12.21
1427,George Pickens,Pit,WR,W 23-19,7.5,GB,Home,43.5,11-14-23,10,False,0,87,26,11,1,12.18,0.0,0.0,3.4,60.6,0.4,0.2,3.2,0.0,129.6,0.0,0.0,40.0,697.0,3.0,2.0,19.0,0.0,11.781818181818181,0.0,0.0,3.6363636363636362,63.36363636363637,0.2727272727272727,0.18181818181818182,1.7272727272727273,11.781818181818181
678,George Pickens,Pit,WR,L 10-13,7.7,Cle,Away,47.0,11-21-23,11,False,0,87,26,7,0,8.4,0.0,0.0,3.0,42.2,0.2,0.2,-0.2,0.0,137.3,0.0,0.0,44.0,735.0,3.0,3.0,18.0,0.0,11.441666666666668,0.0,0.0,3.6666666666666665,61.25,0.25,0.25,1.5,11.441666666666668
1576,George Pickens,Pit,WR,W 16-10,8.8,Cin,Away,48.0,11-28-23,12,False,0,87,26,6,0,7.0200000000000005,0.0,0.0,2.6,32.4,0.2,0.2,-0.2,0.0,146.1,0.0,0.0,47.0,793.0,3.0,3.0,18.0,0.0,11.238461538461538,0.0,0.0,3.6153846153846154,61.0,0.23076923076923078,0.23076923076923078,1.3846153846153846,11.238461538461538
811,George Pickens,Pit,WR,L 10-24,12.6,Ari,Home,30.0,12-05-23,13,False,0,87,26,0,1,7.7,0.0,0.0,3.2,45.2,0.0,0.2,-0.2,0.0,158.70000000000002,0.0,0.0,51.0,879.0,3.0,3.0,18.0,0.0,11.335714285714287,0.0,0.0,3.642857142857143,62.785714285714285,0.21428571428571427,0.21428571428571427,1.2857142857142858,11.335714285714287
1112,George Pickens,Pit,WR,L 18-21,6.9,NE,Home,49.0,12-12-23,14,False,0,87,26,21,1,8.7,0.0,0.0,3.8,49.2,0.0,0.2,-0.2,0.0,165.6,0.0,0.0,56.0,898.0,3.0,3.0,18.0,0.0,11.04,0.0,0.0,3.7333333333333334,59.86666666666667,0.2,0.2,1.2,11.04
2253,George Pickens,Pit,WR,L 13-30,7.7,Ind,Away,49.5,12-19-23,15,False,0,87,26,13,0,8.74,0.0,0.0,3.8,49.6,0.0,0.2,-0.2,0.0,173.3,0.0,0.0,59.0,945.0,3.0,3.0,18.0,0.0,10.83125,0.0,0.0,3.6875,59.0625,0.1875,0.1875,1.125,10.83125
1701,George Pickens,Pit,WR,W 34-11,35.5,Cin,Home,2.0,12-26-23,16,False,0,87,26,6,1,14.3,0.0,0.0,3.8,81.0,0.4,0.0,0.0,0.0,208.8,0.0,0.0,63.0,1140.0,5.0,3.0,18.0,0.0,12.282352941176471,0.0,0.0,3.7058823529411766,67.05882352941177,0.29411764705882354,0.17647058823529413,1.0588235294117647,12.282352941176471
1892,Greg Dortch,Ari,WR,W 35-31,15.2,Phi,Away,25.0,01-02-24,17,False,0,88,0,25,0,15.2,0.0,0.0,7.0,82.0,0.0,0.0,0.0,0.0,15.2,0.0,0.0,7.0,82.0,0.0,0.0,0.0,0.0,15.2,0.0,0.0,7.0,82.0,0.0,0.0,0.0,15.2
1302,Greg Dortch,Ari,WR,L 20-21,3.4,Sea,Home,81.5,01-09-24,18,False,0,88,0,28,1,9.299999999999999,0.0,0.0,4.5,48.0,0.0,0.0,0.0,0.0,18.599999999999998,0.0,0.0,9.0,96.0,0.0,0.0,0.0,0.0,9.299999999999999,0.0,0.0,4.5,48.0,0.0,0.0,0.0,9.299999999999999
300,Greg Dortch,Ari,WR,L 16-20,0.0,Wsh,Away,135.0,09-12-23,1,False,0,88,0,31,0,6.199999999999999,0.0,0.0,3.0,32.0,0.0,0.0,0.0,0.0,18.599999999999998,0.0,0.0,9.0,96.0,0.0,0.0,0.0,0.0,6.199999999999999,0.0,0.0,3.0,32.0,0.0,0.0,0.0,6.199999999999999
2180,Greg Dortch,Ari,WR,L 28-31,0.0,NYG,Home,145.0,09-19-23,2,False,0,88,0,23,1,4.6499999999999995,0.0,0.0,2.25,24.0,0.0,0.0,0.0,0.0,18.599999999999998,0.0,0.0,9.0,96.0,0.0,0.0,0.0,0.0,4.6499999999999995,0.0,0.0,2.25,24.0,0.0,0.0,0.0,4.6499999999999995
460,Greg Dortch,Ari,WR,W 28-16,0.0,Dal,Home,141.0,09-26-23,3,False,0,88,0,8,1,3.7199999999999998,0.0,0.0,1.8,19.2,0.0,0.0,0.0,0.0,18.599999999999998,0.0,0.0,9.0,96.0,0.0,0.0,0.0,0.0,3.7199999999999998,0.0,0.0,1.8,19.2,0.0,0.0,0.0,3.7199999999999998
137,Greg Dortch,Ari,WR,L 16-35,0.0,SF,Away,143.0,10-03-23,4,False,0,88,0,27,0,0.6799999999999999,0.0,0.0,0.4,2.8,0.0,0.0,0.0,0.0,18.599999999999998,0.0,0.0,9.0,96.0,0.0,0.0,0.0,0.0,3.0999999999999996,0.0,0.0,1.5,16.0,0.0,0.0,0.0,3.0999999999999996
608,Greg Dortch,Ari,WR,L 20-34,0.0,Cin,Home,124.5,10-10-23,5,False,0,88,0,6,1,0.0,0.0,0.0,0.0,0.0,0.0,0.0,0.0,0.0,18.599999999999998,0.0,0.0,9.0,96.0,0.0,0.0,0.0,0.0,2.657142857142857,0.0,0.0,1.2857142857142858,13.714285714285714,0.0,0.0,0.0,2.657142857142857
2801,Greg Dortch,Ari,WR,L 9-26,0.0,LAR,Away,128.0,10-17-23,6,False,0,88,0,17,0,0.0,0.0,0.0,0.0,0.0,0.0,0.0,0.0,0.0,18.599999999999998,0.0,0.0,9.0,96.0,0.0,0.0,0.0,0.0,2.3249999999999997,0.0,0.0,1.125,12.0,0.0,0.0,0.0,2.3249999999999997
2653,Greg Dortch,Ari,WR,L 10-20,0.0,Sea,Away,116.0,10-24-23,7,False,0,88,0,28,0,0.0,0.0,0.0,0.0,0.0,0.0,0.0,0.0,0.0,18.599999999999998,0.0,0.0,9.0,96.0,0.0,0.0,0.0,0.0,2.0666666666666664,0.0,0.0,1.0,10.666666666666666,0.0,0.0,0.0,2.0666666666666664
1022,Greg Dortch,Ari,WR,L 0-27,1.2,Cle,Away,104.5,11-07-23,9,False,0,88,0,7,0,0.24,0.0,0.0,0.2,0.4,0.0,0.0,0.0,0.0,19.8,0.0,0.0,10.0,98.0,0.0,0.0,0.0,0.0,1.98,0.0,0.0,1.0,9.8,0.0,0.0,0.0,1.98
1506,Greg Dortch,Ari,WR,W 25-23,0.0,Atl,Home,123.5,11-14-23,10,False,0,88,0,1,1,0.24,0.0,0.0,0.2,0.4,0.0,0.0,0.0,0.0,19.8,0.0,0.0,10.0,98.0,0.0,0.0,0.0,0.0,1.8,0.0,0.0,0.9090909090909091,8.909090909090908,0.0,0.0,0.0,1.8
654,Greg Dortch,Ari,WR,L 16-21,13.6,Hou,Away,23.0,11-21-23,11,False,0,88,0,12,0,2.96,0.0,0.0,1.4,15.6,0.0,0.0,0.0,0.0,33.4,0.0,0.0,16.0,174.0,0.0,0.0,0.0,0.0,2.783333333333333,0.0,0.0,1.3333333333333333,14.5,0.0,0.0,0.0,2.783333333333333
1562,Greg Dortch,Ari,WR,L 14-37,11.7,LAR,Home,34.0,11-28-23,12,False,0,88,0,17,1,5.3,0.0,0.0,2.0,21.0,0.2,0.0,0.0,0.0,45.099999999999994,0.0,0.0,19.0,201.0,1.0,0.0,0.0,0.0,3.469230769230769,0.0,0.0,1.4615384615384615,15.461538461538462,0.07692307692307693,0.0,0.0,3.469230769230769
848,Greg Dortch,Ari,WR,W 24-10,2.9,Pit,Away,67.0,12-05-23,13,False,0,88,0,26,0,5.88,0.0,0.0,2.2,24.8,0.2,0.0,0.0,0.0,48.0,0.0,0.0,20.0,220.0,1.0,0.0,0.0,0.0,3.4285714285714284,0.0,0.0,1.4285714285714286,15.714285714285714,0.07142857142857142,0.0,0.0,3.4285714285714284
2284,Greg Dortch,Ari,WR,L 29-45,4.0,SF,Home,80.0,12-19-23,15,False,0,88,0,27,1,6.4399999999999995,0.0,0.0,2.4,27.4,0.2,0.2,1.0,0.0,52.0,0.0,0.0,22.0,235.0,1.0,1.0,5.0,0.0,3.466666666666667,0.0,0.0,1.4666666666666666,15.666666666666666,0.06666666666666667,0.06666666666666667,0.3333333333333333,3.466666666666667
1730,Greg Dortch,Ari,WR,L 16-27,12.5,Chi,Away,31.0,12-26-23,16,False,0,88,0,5,0,8.940000000000001,0.0,0.0,2.8,36.4,0.4,0.2,1.0,0.0,64.5,0.0,0.0,24.0,280.0,2.0,1.0,5.0,0.0,4.03125,0.0,0.0,1.5,17.5,0.125,0.0625,0.3125,4.03125
1928,Gunner Olszewski,NYG,WR,L 25-26,6.0,LAR,Home,60.5,01-02-24,17,False,0,89,23,17,1,6.0,0.0,0.0,0.0,0.0,0.0,0.0,0.0,0.0,6.0,0.0,0.0,0.0,0.0,0.0,0.0,0.0,0.0,6.0,0.0,0.0,0.0,0.0,0.0,0.0,0.0,6.0
1361,Gunner Olszewski,NYG,WR,W 27-10,0.0,Phi,Home,142.5,01-09-24,18,False,0,89,23,25,1,3.0,0.0,0.0,0.0,0.0,0.0,0.0,0.0,0.0,6.0,0.0,0.0,0.0,0.0,0.0,0.0,0.0,0.0,3.0,0.0,0.0,0.0,0.0,0.0,0.0,0.0,3.0
2202,Gunner Olszewski,Pit,WR,W 26-22,-1.0,Cle,Home,167.0,09-19-23,2,False,0,89,26,7,1,1.6666666666666667,0.0,0.0,0.3333333333333333,0.0,0.0,0.0,0.0,0.0,5.0,0.0,0.0,1.0,0.0,0.0,0.0,0.0,0.0,1.6666666666666667,0.0,0.0,0.3333333333333333,0.0,0.0,0.0,0.0,1.6666666666666667
631,Gunner Olszewski,Pit,WR,W 17-10,-2.0,Bal,Home,143.5,10-10-23,5,False,0,89,26,2,1,0.75,0.0,0.0,0.25,0.0,0.0,0.0,0.0,0.0,3.0,0.0,0.0,1.0,0.0,0.0,0.0,0.0,0.0,0.75,0.0,0.0,0.25,0.0,0.0,0.0,0.0,0.75
1045,Gunner Olszewski,NYG,WR,L 6-30,0.0,LV,Away,126.5,11-07-23,9,False,0,89,23,18,0,0.6,0.0,0.0,0.2,0.0,0.0,0.0,0.0,0.0,3.0,0.0,0.0,1.0,0.0,0.0,0.0,0.0,0.0,0.6,0.0,0.0,0.2,0.0,0.0,0.0,0.0,0.6
1508,Gunner Olszewski,NYG,WR,L 17-49,0.0,Dal,Away,123.5,11-14-23,10,False,0,89,23,8,0,-0.6,0.0,0.0,0.2,0.0,0.0,0.0,0.0,0.0,3.0,0.0,0.0,1.0,0.0,0.0,0.0,0.0,0.0,0.5,0.0,0.0,0.16666666666666666,0.0,0.0,0.0,0.0,0.5
756,Gunner Olszewski,NYG,WR,W 31-19,0.0,Wsh,Away,126.0,11-21-23,11,False,0,89,23,31,0,-0.6,0.0,0.0,0.2,0.0,0.0,0.0,0.0,0.0,3.0,0.0,0.0,1.0,0.0,0.0,0.0,0.0,0.0,0.42857142857142855,0.0,0.0,0.14285714285714285,0.0,0.0,0.0,0.0,0.42857142857142855
1677,Gunner Olszewski,NYG,WR,W 10-7,0.0,NE,Home,149.0,11-28-23,12,False,0,89,23,21,1,-0.4,0.0,0.0,0.0,0.0,0.0,0.0,0.0,0.0,3.0,0.0,0.0,1.0,0.0,0.0,0.0,0.0,0.0,0.375,0.0,0.0,0.125,0.0,0.0,0.0,0.0,0.375
1202,Gunner Olszewski,NYG,WR,W 24-22,0.0,GB,Home,134.0,12-12-23,14,False,0,89,23,11,1,0.0,0.0,0.0,0.0,0.0,0.0,0.0,0.0,0.0,3.0,0.0,0.0,1.0,0.0,0.0,0.0,0.0,0.0,0.3333333333333333,0.0,0.0,0.1111111111111111,0.0,0.0,0.0,0.0,0.3333333333333333
2350,Gunner Olszewski,NYG,WR,L 6-24,0.0,NO,Away,140.0,12-19-23,15,False,0,89,23,22,0,0.0,0.0,0.0,0.0,0.0,0.0,0.0,0.0,0.0,3.0,0.0,0.0,1.0,0.0,0.0,0.0,0.0,0.0,0.3,0.0,0.0,0.1,0.0,0.0,0.0,0.0,0.3
1846,Gunner Olszewski,NYG,WR,L 25-33,0.0,Phi,Away,144.5,12-26-23,16,False,0,89,23,25,0,0.0,0.0,0.0,0.0,0.0,0.0,0.0,0.0,0.0,3.0,0.0,0.0,1.0,0.0,0.0,0.0,0.0,0.0,0.2727272727272727,0.0,0.0,0.09090909090909091,0.0,0.0,0.0,0.0,0.2727272727272727
1980,Hunter Renfrow,LV,WR,L 20-23,0.0,Ind,Away,137.5,01-02-24,17,False,0,90,18,13,0,0.0,0.0,0.0,0.0,0.0,0.0,0.0,0.0,0.0,0.0,0.0,0.0,0.0,0.0,0.0,0.0,0.0,0.0,0.0,0.0,0.0,0.0,0.0,0.0,0.0,0.0,0.0
1351,Hunter Renfrow,LV,WR,W 27-14,0.0,Den,Home,142.5,01-09-24,18,False,0,90,18,9,1,0.0,0.0,0.0,0.0,0.0,0.0,0.0,0.0,0.0,0.0,0.0,0.0,0.0,0.0,0.0,0.0,0.0,0.0,0.0,0.0,0.0,0.0,0.0,0.0,0.0,0.0,0.0
272,Hunter Renfrow,LV,WR,W 17-16,0.0,Den,Away,135.0,09-12-23,1,False,0,90,18,9,0,0.0,0.0,0.0,0.0,0.0,0.0,0.0,0.0,0.0,0.0,0.0,0.0,0.0,0.0,0.0,0.0,0.0,0.0,0.0,0.0,0.0,0.0,0.0,0.0,0.0,0.0,0.0
2127,Hunter Renfrow,LV,WR,L 10-38,3.3,Buf,Away,92.5,09-19-23,2,False,0,90,18,3,0,0.825,0.0,0.0,0.25,5.75,0.0,0.0,0.0,0.0,3.3,0.0,0.0,1.0,23.0,0.0,0.0,0.0,0.0,0.825,0.0,0.0,0.25,5.75,0.0,0.0,0.0,0.825
411,Hunter Renfrow,LV,WR,L 18-23,3.7,Pit,Home,87.5,09-26-23,3,False,0,90,18,26,1,1.4,0.0,0.0,0.6,8.0,0.0,0.0,0.0,0.0,7.0,0.0,0.0,3.0,40.0,0.0,0.0,0.0,0.0,1.4,0.0,0.0,0.6,8.0,0.0,0.0,0.0,1.4
86,Hunter Renfrow,LV,WR,L 17-24,3.2,LAC,Away,87.5,10-03-23,4,False,0,90,18,16,0,2.04,0.0,0.0,1.0,10.4,0.0,0.0,0.0,0.0,10.2,0.0,0.0,5.0,52.0,0.0,0.0,0.0,0.0,1.7,0.0,0.0,0.8333333333333334,8.666666666666666,0.0,0.0,0.0,1.7
584,Hunter Renfrow,LV,WR,W 17-13,1.7,GB,Home,96.5,10-10-23,5,False,0,90,18,11,1,2.38,0.0,0.0,1.2,11.8,0.0,0.0,0.0,0.0,11.9,0.0,0.0,6.0,59.0,0.0,0.0,0.0,0.0,1.7,0.0,0.0,0.8571428571428571,8.428571428571429,0.0,0.0,0.0,1.7
2778,Hunter Renfrow,LV,WR,W 21-17,0.0,NE,Home,128.0,10-17-23,6,False,0,90,18,21,1,2.38,0.0,0.0,1.2,11.8,0.0,0.0,0.0,0.0,11.9,0.0,0.0,6.0,59.0,0.0,0.0,0.0,0.0,1.4875,0.0,0.0,0.75,7.375,0.0,0.0,0.0,1.4875
2607,Hunter Renfrow,LV,WR,L 12-30,3.4,Chi,Away,70.5,10-24-23,7,False,0,90,18,5,0,2.4,0.0,0.0,1.4,10.0,0.0,0.0,0.0,0.0,15.3,0.0,0.0,8.0,73.0,0.0,0.0,0.0,0.0,1.7000000000000002,0.0,0.0,0.8888888888888888,8.11111111111111,0.0,0.0,0.0,1.7000000000000002
2462,Hunter Renfrow,LV,WR,L 14-26,3.9,Det,Away,90.0,10-31-23,8,False,0,90,18,10,0,2.44,0.0,0.0,1.4,10.4,0.0,0.0,0.0,0.0,19.2,0.0,0.0,10.0,92.0,0.0,0.0,0.0,0.0,1.92,0.0,0.0,1.0,9.2,0.0,0.0,0.0,1.92
979,Hunter Renfrow,LV,WR,W 30-6,5.2,NYG,Home,63.0,11-07-23,9,False,0,90,18,23,1,2.8400000000000003,0.0,0.0,1.4,14.4,0.0,0.0,0.0,0.0,24.4,0.0,0.0,12.0,124.0,0.0,0.0,0.0,0.0,2.2181818181818183,0.0,0.0,1.0909090909090908,11.272727272727273,0.0,0.0,0.0,2.2181818181818183
1485,Hunter Renfrow,LV,WR,W 16-12,1.5,NYJ,Home,101.5,11-14-23,10,False,0,90,18,24,1,2.8,0.0,0.0,1.4,14.0,0.0,0.0,0.0,0.0,25.9,0.0,0.0,13.0,129.0,0.0,0.0,0.0,0.0,2.158333333333333,0.0,0.0,1.0833333333333333,10.75,0.0,0.0,0.0,2.158333333333333
672,Hunter Renfrow,LV,WR,L 13-20,9.2,Mia,Away,40.0,11-21-23,11,False,0,90,18,19,0,4.64,0.0,0.0,2.4,22.4,0.0,0.0,0.0,0.0,35.1,0.0,0.0,18.0,171.0,0.0,0.0,0.0,0.0,2.7,0.0,0.0,1.3846153846153846,13.153846153846153,0.0,0.0,0.0,2.7
1581,Hunter Renfrow,LV,WR,L 17-31,7.8,KC,Home,53.0,11-28-23,12,False,0,90,18,15,1,5.5200000000000005,0.0,0.0,2.8,27.2,0.0,0.0,0.0,0.0,42.9,0.0,0.0,22.0,209.0,0.0,0.0,0.0,0.0,3.064285714285714,0.0,0.0,1.5714285714285714,14.928571428571429,0.0,0.0,0.0,3.064285714285714
1122,Hunter Renfrow,LV,WR,L 0-3,5.6,Min,Home,59.0,12-12-23,14,False,0,90,18,20,1,5.859999999999999,0.0,0.0,3.0,32.6,0.0,0.0,0.0,0.0,48.5,0.0,0.0,25.0,255.0,0.0,0.0,0.0,0.0,3.2333333333333334,0.0,0.0,1.6666666666666667,17.0,0.0,0.0,0.0,3.2333333333333334
2324,Hunter Renfrow,LV,WR,W 63-21,0.0,LAC,Home,140.0,12-19-23,15,False,0,90,18,16,1,4.819999999999999,0.0,0.0,2.6,26.2,0.0,0.0,0.0,0.0,48.5,0.0,0.0,25.0,255.0,0.0,0.0,0.0,0.0,3.03125,0.0,0.0,1.5625,15.9375,0.0,0.0,0.0,3.03125
1828,Hunter Renfrow,LV,WR,W 20-14,0.0,KC,Away,144.5,12-26-23,16,False,0,90,18,15,0,4.52,0.0,0.0,2.4,25.2,0.0,0.0,0.0,0.0,48.5,0.0,0.0,25.0,255.0,0.0,0.0,0.0,0.0,2.8529411764705883,0.0,0.0,1.4705882352941178,15.0,0.0,0.0,0.0,2.8529411764705883
1941,Ihmir Smith-Marsette,Car,WR,L 0-26,4.2,Jax,Away,74.5,01-02-24,17,False,0,91,4,14,0,4.2,0.0,0.0,3.0,12.0,0.0,1.0,0.0,0.0,4.2,0.0,0.0,3.0,12.0,0.0,1.0,0.0,0.0,4.2,0.0,0.0,3.0,12.0,0.0,1.0,0.0,4.2
1326,Ihmir Smith-Marsette,Car,WR,L 0-9,1.6,TB,Home,104.0,01-09-24,18,False,0,91,4,29,1,2.9000000000000004,0.0,0.0,2.0,9.0,0.0,0.5,0.0,0.0,5.800000000000001,0.0,0.0,4.0,18.0,0.0,1.0,0.0,0.0,2.9000000000000004,0.0,0.0,2.0,9.0,0.0,0.5,0.0,2.9000000000000004
316,Ihmir Smith-Marsette,Car,WR,L 10-24,0.0,Atl,Away,135.0,09-12-23,1,False,0,91,4,1,0,1.9333333333333336,0.0,0.0,1.3333333333333333,6.0,0.0,0.3333333333333333,0.0,0.0,5.800000000000001,0.0,0.0,4.0,18.0,0.0,1.0,0.0,0.0,1.9333333333333336,0.0,0.0,1.3333333333333333,6.0,0.0,0.3333333333333333,0.0,1.9333333333333336
2194,Ihmir Smith-Marsette,Car,WR,L 17-20,0.0,NO,Home,145.0,09-19-23,2,False,0,91,4,22,1,1.4500000000000002,0.0,0.0,1.0,4.5,0.0,0.25,0.0,0.0,5.800000000000001,0.0,0.0,4.0,18.0,0.0,1.0,0.0,0.0,1.4500000000000002,0.0,0.0,1.0,4.5,0.0,0.25,0.0,1.4500000000000002
476,Ihmir Smith-Marsette,Car,WR,L 27-37,0.0,Sea,Away,141.0,09-26-23,3,False,0,91,4,28,0,1.1600000000000001,0.0,0.0,0.8,3.6,0.0,0.2,0.0,0.0,5.800000000000001,0.0,0.0,4.0,18.0,0.0,1.0,0.0,0.0,1.1600000000000001,0.0,0.0,0.8,3.6,0.0,0.2,0.0,1.1600000000000001
150,Ihmir Smith-Marsette,Car,WR,L 13-21,0.0,Min,Home,143.0,10-03-23,4,False,0,91,4,20,1,0.32,0.0,0.0,0.2,1.2,0.0,0.0,0.0,0.0,5.800000000000001,0.0,0.0,4.0,18.0,0.0,1.0,0.0,0.0,0.9666666666666668,0.0,0.0,0.6666666666666666,3.0,0.0,0.16666666666666666,0.0,0.9666666666666668
619,Ihmir Smith-Marsette,Car,WR,L 24-42,0.0,Det,Away,124.5,10-10-23,5,False,0,91,4,10,0,0.0,0.0,0.0,0.0,0.0,0.0,0.0,0.0,0.0,5.800000000000001,0.0,0.0,4.0,18.0,0.0,1.0,0.0,0.0,0.8285714285714286,0.0,0.0,0.5714285714285714,2.5714285714285716,0.0,0.14285714285714285,0.0,0.8285714285714286
2815,Ihmir Smith-Marsette,Car,WR,L 21-42,0.0,Mia,Away,128.0,10-17-23,6,False,0,91,4,19,0,0.0,0.0,0.0,0.0,0.0,0.0,0.0,0.0,0.0,5.800000000000001,0.0,0.0,4.0,18.0,0.0,1.0,0.0,0.0,0.7250000000000001,0.0,0.0,0.5,2.25,0.0,0.125,0.0,0.7250000000000001
2524,Ihmir Smith-Marsette,Car,WR,W 15-13,0.0,Hou,Home,138.0,10-31-23,8,False,0,91,4,12,1,0.0,0.0,0.0,0.0,0.0,0.0,0.0,0.0,0.0,5.800000000000001,0.0,0.0,4.0,18.0,0.0,1.0,0.0,0.0,0.6444444444444445,0.0,0.0,0.4444444444444444,2.0,0.0,0.1111111111111111,0.0,0.6444444444444445
1050,Ihmir Smith-Marsette,Car,WR,L 13-27,0.0,Ind,Home,126.5,11-07-23,9,False,0,91,4,13,1,0.0,0.0,0.0,0.0,0.0,0.0,0.0,0.0,0.0,5.800000000000001,0.0,0.0,4.0,18.0,0.0,1.0,0.0,0.0,0.5800000000000001,0.0,0.0,0.4,1.8,0.0,0.1,0.0,0.5800000000000001
1440,Ihmir Smith-Marsette,Car,WR,L 13-16,6.0,Chi,Away,55.5,11-14-23,10,False,0,91,4,5,0,1.2,0.0,0.0,0.0,0.0,0.0,0.0,0.0,0.0,11.8,0.0,0.0,4.0,18.0,0.0,1.0,0.0,0.0,1.0727272727272728,0.0,0.0,0.36363636363636365,1.6363636363636365,0.0,0.09090909090909091,0.0,1.0727272727272728
766,Ihmir Smith-Marsette,Car,WR,L 10-33,0.0,Dal,Home,126.0,11-21-23,11,False,0,91,4,8,1,1.2,0.0,0.0,0.0,0.0,0.0,0.0,0.0,0.0,11.8,0.0,0.0,4.0,18.0,0.0,1.0,0.0,0.0,0.9833333333333334,0.0,0.0,0.3333333333333333,1.5,0.0,0.08333333333333333,0.0,0.9833333333333334
1629,Ihmir Smith-Marsette,Car,WR,L 10-17,2.4,Ten,Away,101.0,11-28-23,12,False,0,91,4,30,0,1.6800000000000002,0.0,0.0,0.2,2.8,0.0,0.0,0.0,0.0,14.200000000000001,0.0,0.0,5.0,32.0,0.0,1.0,0.0,0.0,1.0923076923076924,0.0,0.0,0.38461538461538464,2.4615384615384617,0.0,0.07692307692307693,0.0,1.0923076923076924
897,Ihmir Smith-Marsette,Car,WR,L 18-21,0.0,TB,Away,113.0,12-05-23,13,False,0,91,4,29,0,1.6800000000000002,0.0,0.0,0.2,2.8,0.0,0.0,0.0,0.0,14.200000000000001,0.0,0.0,5.0,32.0,0.0,1.0,0.0,0.0,1.0142857142857145,0.0,0.0,0.35714285714285715,2.2857142857142856,0.0,0.07142857142857142,0.0,1.0142857142857145
1171,Ihmir Smith-Marsette,Car,WR,L 6-28,1.0,NO,Away,108.0,12-12-23,14,False,0,91,4,22,0,1.8800000000000001,0.0,0.0,0.2,2.8,0.0,0.2,2.0,0.0,15.200000000000001,0.0,0.0,5.0,32.0,0.0,2.0,10.0,0.0,1.0133333333333334,0.0,0.0,0.3333333333333333,2.1333333333333333,0.0,0.13333333333333333,0.6666666666666666,1.0133333333333334
2273,Ihmir Smith-Marsette,Car,WR,W 9-7,5.2,Atl,Home,68.5,12-19-23,15,False,0,91,4,1,1,1.72,0.0,0.0,0.6,3.0,0.0,1.0,8.2,0.0,20.4,0.0,0.0,7.0,33.0,0.0,6.0,41.0,0.0,1.275,0.0,0.0,0.4375,2.0625,0.0,0.375,2.5625,1.275
1733,Ihmir Smith-Marsette,Car,WR,L 30-33,12.1,GB,Home,33.5,12-26-23,16,False,0,91,4,11,1,4.14,0.0,0.0,0.8,6.6,0.0,1.4,14.8,0.2,32.5,0.0,0.0,8.0,51.0,0.0,8.0,74.0,1.0,1.911764705882353,0.0,0.0,0.47058823529411764,3.0,0.0,0.47058823529411764,4.352941176470588,1.911764705882353
2027,Irvin Charles,NYJ,WR,L 20-37,0.0,Cle,Away,137.5,01-02-24,17,False,0,92,24,7,0,0.0,0.0,0.0,0.0,0.0,0.0,0.0,0.0,0.0,0.0,0.0,0.0,0.0,0.0,0.0,0.0,0.0,0.0,0.0,0.0,0.0,0.0,0.0,0.0,0.0,0.0,0.0
1374,Irvin Charles,NYJ,WR,W 17-3,0.0,NE,Away,142.5,01-09-24,18,False,0,92,24,21,0,0.0,0.0,0.0,0.0,0.0,0.0,0.0,0.0,0.0,0.0,0.0,0.0,0.0,0.0,0.0,0.0,0.0,0.0,0.0,0.0,0.0,0.0,0.0,0.0,0.0,0.0,0.0
625,Irvin Charles,NYJ,WR,W 31-21,0.0,Den,Away,124.5,10-10-23,5,False,0,92,24,9,0,0.0,0.0,0.0,0.0,0.0,0.0,0.0,0.0,0.0,0.0,0.0,0.0,0.0,0.0,0.0,0.0,0.0,0.0,0.0,0.0,0.0,0.0,0.0,0.0,0.0,0.0,0.0
2823,Irvin Charles,NYJ,WR,W 20-14,0.0,Phi,Home,128.0,10-17-23,6,False,0,92,24,25,1,0.0,0.0,0.0,0.0,0.0,0.0,0.0,0.0,0.0,0.0,0.0,0.0,0.0,0.0,0.0,0.0,0.0,0.0,0.0,0.0,0.0,0.0,0.0,0.0,0.0,0.0,0.0
1055,Irvin Charles,NYJ,WR,L 6-27,0.0,LAC,Home,126.5,11-07-23,9,False,0,92,24,16,1,0.0,0.0,0.0,0.0,0.0,0.0,0.0,0.0,0.0,0.0,0.0,0.0,0.0,0.0,0.0,0.0,0.0,0.0,0.0,0.0,0.0,0.0,0.0,0.0,0.0,0.0,0.0
1519,Irvin Charles,NYJ,WR,L 12-16,0.0,LV,Away,123.5,11-14-23,10,False,0,92,24,18,0,0.0,0.0,0.0,0.0,0.0,0.0,0.0,0.0,0.0,0.0,0.0,0.0,0.0,0.0,0.0,0.0,0.0,0.0,0.0,0.0,0.0,0.0,0.0,0.0,0.0,0.0,0.0
771,Irvin Charles,NYJ,WR,L 6-32,0.0,Buf,Away,126.0,11-21-23,11,False,0,92,24,3,0,0.0,0.0,0.0,0.0,0.0,0.0,0.0,0.0,0.0,0.0,0.0,0.0,0.0,0.0,0.0,0.0,0.0,0.0,0.0,0.0,0.0,0.0,0.0,0.0,0.0,0.0,0.0
1690,Irvin Charles,NYJ,WR,L 13-34,0.0,Mia,Home,149.0,11-28-23,12,False,0,92,24,19,1,0.0,0.0,0.0,0.0,0.0,0.0,0.0,0.0,0.0,0.0,0.0,0.0,0.0,0.0,0.0,0.0,0.0,0.0,0.0,0.0,0.0,0.0,0.0,0.0,0.0,0.0,0.0
913,Irvin Charles,NYJ,WR,L 8-13,0.0,Atl,Home,113.0,12-05-23,13,False,0,92,24,1,1,0.0,0.0,0.0,0.0,0.0,0.0,0.0,0.0,0.0,0.0,0.0,0.0,0.0,0.0,0.0,0.0,0.0,0.0,0.0,0.0,0.0,0.0,0.0,0.0,0.0,0.0,0.0
1218,Irvin Charles,NYJ,WR,W 30-6,0.0,Hou,Home,134.0,12-12-23,14,False,0,92,24,12,1,0.0,0.0,0.0,0.0,0.0,0.0,0.0,0.0,0.0,0.0,0.0,0.0,0.0,0.0,0.0,0.0,0.0,0.0,0.0,0.0,0.0,0.0,0.0,0.0,0.0,0.0,0.0
2366,Irvin Charles,NYJ,WR,L 0-30,0.0,Mia,Away,140.0,12-19-23,15,False,0,92,24,19,0,0.0,0.0,0.0,0.0,0.0,0.0,0.0,0.0,0.0,0.0,0.0,0.0,0.0,0.0,0.0,0.0,0.0,0.0,0.0,0.0,0.0,0.0,0.0,0.0,0.0,0.0,0.0
1858,Irvin Charles,NYJ,WR,W 30-28,0.0,Wsh,Home,144.5,12-26-23,16,False,0,92,24,31,1,0.0,0.0,0.0,0.0,0.0,0.0,0.0,0.0,0.0,0.0,0.0,0.0,0.0,0.0,0.0,0.0,0.0,0.0,0.0,0.0,0.0,0.0,0.0,0.0,0.0,0.0,0.0
1951,Isaiah Hodgins,NYG,WR,L 25-26,2.8,LAR,Home,84.0,01-02-24,17,False,0,93,23,17,1,2.8,0.0,0.0,1.0,18.0,0.0,0.0,0.0,0.0,2.8,0.0,0.0,1.0,18.0,0.0,0.0,0.0,0.0,2.8,0.0,0.0,1.0,18.0,0.0,0.0,0.0,2.8
1275,Isaiah Hodgins,NYG,WR,W 27-10,6.6,Phi,Home,54.0,01-09-24,18,False,0,93,23,25,1,4.699999999999999,0.0,0.0,2.0,27.0,0.0,0.0,0.0,0.0,9.399999999999999,0.0,0.0,4.0,54.0,0.0,0.0,0.0,0.0,4.699999999999999,0.0,0.0,2.0,27.0,0.0,0.0,0.0,4.699999999999999
264,Isaiah Hodgins,NYG,WR,L 0-40,1.4,Dal,Home,103.5,09-12-23,1,False,0,93,23,8,1,3.5999999999999996,0.0,0.0,1.6666666666666667,26.0,0.0,0.0,0.0,0.0,10.799999999999999,0.0,0.0,5.0,78.0,0.0,0.0,0.0,0.0,3.5999999999999996,0.0,0.0,1.6666666666666667,26.0,0.0,0.0,0.0,3.5999999999999996
2070,Isaiah Hodgins,NYG,WR,W 31-28,14.0,Ari,Away,35.0,09-19-23,2,False,0,93,23,0,0,6.199999999999999,0.0,0.0,2.25,29.5,0.25,0.0,0.0,0.0,24.799999999999997,0.0,0.0,9.0,118.0,1.0,0.0,0.0,0.0,6.199999999999999,0.0,0.0,2.25,29.5,0.25,0.0,0.0,6.199999999999999
444,Isaiah Hodgins,NYG,WR,L 12-30,0.0,SF,Away,141.0,09-26-23,3,False,0,93,23,27,0,4.959999999999999,0.0,0.0,1.8,23.6,0.2,0.0,0.0,0.0,24.799999999999997,0.0,0.0,9.0,118.0,1.0,0.0,0.0,0.0,4.959999999999999,0.0,0.0,1.8,23.6,0.2,0.0,0.0,4.959999999999999
66,Isaiah Hodgins,NYG,WR,L 3-24,5.4,Sea,Home,67.0,10-03-23,4,False,0,93,23,28,1,5.4799999999999995,0.0,0.0,2.2,24.8,0.2,0.0,0.0,0.0,30.2,0.0,0.0,12.0,142.0,1.0,0.0,0.0,0.0,5.033333333333333,0.0,0.0,2.0,23.666666666666668,0.16666666666666666,0.0,0.0,5.033333333333333
556,Isaiah Hodgins,NYG,WR,L 16-31,3.9,Mia,Away,69.0,10-10-23,5,False,0,93,23,19,0,4.9399999999999995,0.0,0.0,2.0,21.4,0.2,0.0,0.0,0.0,34.1,0.0,0.0,14.0,161.0,1.0,0.0,0.0,0.0,4.871428571428572,0.0,0.0,2.0,23.0,0.14285714285714285,0.0,0.0,4.871428571428572
2781,Isaiah Hodgins,NYG,WR,L 9-14,0.0,Buf,Away,128.0,10-17-23,6,False,0,93,23,3,0,4.659999999999999,0.0,0.0,1.8,16.6,0.2,0.0,0.0,0.0,34.1,0.0,0.0,14.0,161.0,1.0,0.0,0.0,0.0,4.2625,0.0,0.0,1.75,20.125,0.125,0.0,0.0,4.2625
2611,Isaiah Hodgins,NYG,WR,W 14-7,3.3,Wsh,Home,73.5,10-24-23,7,False,0,93,23,31,1,2.52,0.0,0.0,1.4,11.2,0.0,0.0,0.0,0.0,37.4,0.0,0.0,16.0,174.0,1.0,0.0,0.0,0.0,4.155555555555555,0.0,0.0,1.7777777777777777,19.333333333333332,0.1111111111111111,0.0,0.0,4.155555555555555
2493,Isaiah Hodgins,NYG,WR,L 10-13,0.0,NYJ,Home,138.0,10-31-23,8,False,0,93,23,24,1,2.52,0.0,0.0,1.4,11.2,0.0,0.0,0.0,0.0,37.4,0.0,0.0,16.0,174.0,1.0,0.0,0.0,0.0,3.7399999999999998,0.0,0.0,1.6,17.4,0.1,0.0,0.0,3.7399999999999998
1032,Isaiah Hodgins,NYG,WR,L 6-30,0.0,LV,Away,126.5,11-07-23,9,False,0,93,23,18,0,1.44,0.0,0.0,0.8,6.4,0.0,0.0,0.0,0.0,37.4,0.0,0.0,16.0,174.0,1.0,0.0,0.0,0.0,3.4,0.0,0.0,1.4545454545454546,15.818181818181818,0.09090909090909091,0.0,0.0,3.4
1493,Isaiah Hodgins,NYG,WR,L 17-49,0.0,Dal,Away,123.5,11-14-23,10,False,0,93,23,8,0,0.6599999999999999,0.0,0.0,0.4,2.6,0.0,0.0,0.0,0.0,37.4,0.0,0.0,16.0,174.0,1.0,0.0,0.0,0.0,3.1166666666666667,0.0,0.0,1.3333333333333333,14.5,0.08333333333333333,0.0,0.0,3.1166666666666667
701,Isaiah Hodgins,NYG,WR,W 31-19,4.2,Wsh,Away,70.0,11-21-23,11,False,0,93,23,31,0,1.5,0.0,0.0,0.8,7.0,0.0,0.0,0.0,0.0,41.6,0.0,0.0,18.0,196.0,1.0,0.0,0.0,0.0,3.2,0.0,0.0,1.3846153846153846,15.076923076923077,0.07692307692307693,0.0,0.0,3.2
1578,Isaiah Hodgins,NYG,WR,W 10-7,8.2,NE,Home,50.0,11-28-23,12,False,0,93,23,21,1,2.4799999999999995,0.0,0.0,0.6,6.8,0.2,0.0,0.0,0.0,49.8,0.0,0.0,19.0,208.0,2.0,0.0,0.0,0.0,3.557142857142857,0.0,0.0,1.3571428571428572,14.857142857142858,0.14285714285714285,0.0,0.0,3.557142857142857
1098,Isaiah Hodgins,NYG,WR,W 24-22,10.2,GB,Home,35.0,12-12-23,14,False,0,93,23,11,1,4.52,0.0,0.0,1.0,11.2,0.4,0.0,0.0,0.0,60.0,0.0,0.0,21.0,230.0,3.0,0.0,0.0,0.0,4.0,0.0,0.0,1.4,15.333333333333334,0.2,0.0,0.0,4.0
2329,Isaiah Hodgins,NYG,WR,L 6-24,0.0,NO,Away,140.0,12-19-23,15,False,0,93,23,22,0,4.52,0.0,0.0,1.0,11.2,0.4,0.0,0.0,0.0,60.0,0.0,0.0,21.0,230.0,3.0,0.0,0.0,0.0,3.75,0.0,0.0,1.3125,14.375,0.1875,0.0,0.0,3.75
1831,Isaiah Hodgins,NYG,WR,L 25-33,0.0,Phi,Away,144.5,12-26-23,16,False,0,93,23,25,0,4.52,0.0,0.0,1.0,11.2,0.4,0.0,0.0,0.0,60.0,0.0,0.0,21.0,230.0,3.0,0.0,0.0,0.0,3.5294117647058822,0.0,0.0,1.2352941176470589,13.529411764705882,0.17647058823529413,0.0,0.0,3.5294117647058822
293,Isaiah McKenzie,Ind,WR,L 21-31,0.0,Jax,Home,135.0,09-12-23,1,False,0,94,13,14,1,0.0,0.0,0.0,0.0,0.0,0.0,0.0,0.0,0.0,0.0,0.0,0.0,0.0,0.0,0.0,0.0,0.0,0.0,0.0,0.0,0.0,0.0,0.0,0.0,0.0,0.0,0.0
2143,Isaiah McKenzie,Ind,WR,W 31-20,1.7,Hou,Away,107.5,09-19-23,2,False,0,94,13,12,0,0.85,0.0,0.0,0.5,3.5,0.0,0.0,0.0,0.0,1.7,0.0,0.0,1.0,7.0,0.0,0.0,0.0,0.0,0.85,0.0,0.0,0.5,3.5,0.0,0.0,0.0,0.85
436,Isaiah McKenzie,Ind,WR,W 22-19,1.3,Bal,Away,114.0,09-26-23,3,False,0,94,13,2,0,1.0,0.0,0.0,0.6666666666666666,3.3333333333333335,0.0,0.0,0.0,0.0,3.0,0.0,0.0,2.0,10.0,0.0,0.0,0.0,0.0,1.0,0.0,0.0,0.6666666666666666,3.3333333333333335,0.0,0.0,0.0,1.0
113,Isaiah McKenzie,Ind,WR,L 23-29,1.6,LAR,Home,113.0,10-03-23,4,False,0,94,13,17,1,1.15,0.0,0.0,0.75,4.0,0.0,0.0,0.0,0.0,4.6,0.0,0.0,3.0,16.0,0.0,0.0,0.0,0.0,1.15,0.0,0.0,0.75,4.0,0.0,0.0,0.0,1.15
592,Isaiah McKenzie,Ind,WR,W 23-16,0.4,Ten,Home,105.0,10-10-23,5,False,0,94,13,30,1,1.0,0.0,0.0,0.6,3.2,0.0,0.2,0.8,0.0,5.0,0.0,0.0,3.0,16.0,0.0,1.0,4.0,0.0,1.0,0.0,0.0,0.6,3.2,0.0,0.2,0.8,1.0
2745,Isaiah McKenzie,Ind,WR,L 20-37,4.3,Jax,Away,74.0,10-17-23,6,False,0,94,13,14,0,1.86,0.0,0.0,1.0,7.8,0.0,0.2,0.8,0.0,9.3,0.0,0.0,5.0,39.0,0.0,1.0,4.0,0.0,1.55,0.0,0.0,0.8333333333333334,6.5,0.0,0.16666666666666666,0.6666666666666666,1.55
2635,Isaiah McKenzie,Ind,WR,L 38-39,0.7,Cle,Home,98.0,10-24-23,7,False,0,94,13,7,1,1.6599999999999997,0.0,0.0,0.8,6.4,0.0,0.4,2.2,0.0,10.0,0.0,0.0,5.0,39.0,0.0,2.0,11.0,0.0,1.4285714285714286,0.0,0.0,0.7142857142857143,5.571428571428571,0.0,0.2857142857142857,1.5714285714285714,1.4285714285714286
2503,Isaiah McKenzie,Ind,WR,L 27-38,0.0,NO,Home,138.0,10-31-23,8,False,0,94,13,22,1,1.4,0.0,0.0,0.6,5.8,0.0,0.4,2.2,0.0,10.0,0.0,0.0,5.0,39.0,0.0,2.0,11.0,0.0,1.25,0.0,0.0,0.625,4.875,0.0,0.25,1.375,1.25
1019,Isaiah McKenzie,Ind,WR,W 27-13,1.2,Car,Away,104.5,11-07-23,9,False,0,94,13,4,0,1.3199999999999998,0.0,0.0,0.8,7.0,0.0,0.4,2.2,0.0,11.2,0.0,0.0,7.0,51.0,0.0,2.0,11.0,0.0,1.2444444444444445,0.0,0.0,0.7777777777777778,5.666666666666667,0.0,0.2222222222222222,1.2222222222222223,1.2444444444444445
1433,Isaiah McKenzie,Ind,WR,W 10-6,7.1,NE,Away,49.0,11-14-23,10,False,0,94,13,21,0,2.6599999999999997,0.0,0.0,1.6,13.2,0.0,0.2,1.4,0.0,18.299999999999997,0.0,0.0,11.0,82.0,0.0,2.0,11.0,0.0,1.8299999999999996,0.0,0.0,1.1,8.2,0.0,0.2,1.1,1.8299999999999996
1654,Isaiah McKenzie,Ind,WR,W 27-20,0.3,TB,Home,126.0,11-28-23,12,False,0,94,13,29,1,1.86,0.0,0.0,1.2,8.6,0.0,0.4,2.0,0.0,18.599999999999998,0.0,0.0,11.0,82.0,0.0,3.0,14.0,0.0,1.6909090909090907,0.0,0.0,1.0,7.454545454545454,0.0,0.2727272727272727,1.2727272727272727,1.6909090909090907
892,Isaiah McKenzie,Ind,WR,W 31-28,0.0,Ten,Away,113.0,12-05-23,13,False,0,94,13,30,0,1.72,0.0,0.0,1.2,8.6,0.0,0.2,0.6,0.0,18.599999999999998,0.0,0.0,11.0,82.0,0.0,3.0,14.0,0.0,1.5499999999999998,0.0,0.0,0.9166666666666666,6.833333333333333,0.0,0.25,1.1666666666666667,1.5499999999999998
1221,Isaiah McKenzie,Ind,WR,L 14-34,-2.0,Cin,Away,158.0,12-12-23,14,False,0,94,13,6,0,1.3199999999999998,0.0,0.0,1.2,8.6,0.0,0.2,0.6,0.0,16.599999999999998,0.0,0.0,11.0,82.0,0.0,3.0,14.0,0.0,1.2769230769230768,0.0,0.0,0.8461538461538461,6.3076923076923075,0.0,0.23076923076923078,1.0769230769230769,1.2769230769230768
1922,Ja'Marr Chase,Cin,WR,L 17-25,7.1,KC,Away,55.5,01-02-24,17,False,0,95,6,15,0,7.1,0.0,0.0,3.0,41.0,0.0,0.0,0.0,0.0,7.1,0.0,0.0,3.0,41.0,0.0,0.0,0.0,0.0,7.1,0.0,0.0,3.0,41.0,0.0,0.0,0.0,7.1
1279,Ja'Marr Chase,Cin,WR,W 31-14,5.9,Cle,Home,58.5,01-09-24,18,False,0,95,6,7,1,6.5,0.0,0.0,3.5,30.0,0.0,0.0,0.0,0.0,13.0,0.0,0.0,7.0,60.0,0.0,0.0,0.0,0.0,6.5,0.0,0.0,3.5,30.0,0.0,0.0,0.0,6.5
205,Ja'Marr Chase,Cin,WR,L 3-24,9.1,Cle,Away,44.5,09-12-23,1,False,0,95,6,7,0,7.366666666666667,0.0,0.0,4.0,33.0,0.0,0.3333333333333333,0.6666666666666666,0.0,22.1,0.0,0.0,12.0,99.0,0.0,1.0,2.0,0.0,7.366666666666667,0.0,0.0,4.0,33.0,0.0,0.3333333333333333,0.6666666666666666,7.366666666666667
2095,Ja'Marr Chase,Cin,WR,L 24-27,8.1,Bal,Home,60.5,09-19-23,2,False,0,95,6,2,1,7.55,0.0,0.0,4.25,32.5,0.0,0.25,0.5,0.0,30.2,0.0,0.0,17.0,130.0,0.0,1.0,2.0,0.0,7.55,0.0,0.0,4.25,32.5,0.0,0.25,0.5,7.55
329,Ja'Marr Chase,Cin,WR,W 19-16,26.1,LAR,Home,6.0,09-26-23,3,False,0,95,6,17,1,11.26,0.0,0.0,5.8,54.2,0.0,0.2,0.4,0.0,56.3,0.0,0.0,29.0,271.0,0.0,1.0,2.0,0.0,11.26,0.0,0.0,5.8,54.2,0.0,0.2,0.4,11.26
26,Ja'Marr Chase,Cin,WR,L 3-27,14.3,Ten,Away,27.0,10-03-23,4,False,0,95,6,30,0,12.7,0.0,0.0,6.6,60.6,0.0,0.2,0.4,0.0,70.6,0.0,0.0,36.0,344.0,0.0,1.0,2.0,0.0,11.766666666666666,0.0,0.0,6.0,57.333333333333336,0.0,0.16666666666666666,0.3333333333333333,11.766666666666666
488,Ja'Marr Chase,Cin,WR,W 34-20,52.2,Ari,Away,1.0,10-10-23,5,False,0,95,6,0,0,21.96,0.0,0.0,8.8,95.2,0.6,0.2,0.4,0.0,122.80000000000001,0.0,0.0,51.0,536.0,3.0,1.0,2.0,0.0,17.542857142857144,0.0,0.0,7.285714285714286,76.57142857142857,0.42857142857142855,0.14285714285714285,0.2857142857142857,17.542857142857144
2697,Ja'Marr Chase,Cin,WR,W 17-13,14.0,Sea,Home,26.0,10-17-23,6,False,0,95,6,28,1,22.940000000000005,0.0,0.0,9.0,103.4,0.6,0.0,0.0,0.0,136.8,0.0,0.0,57.0,616.0,3.0,1.0,2.0,0.0,17.1,0.0,0.0,7.125,77.0,0.375,0.125,0.25,17.1
2377,Ja'Marr Chase,Cin,WR,W 31-17,25.2,SF,Away,4.5,10-31-23,8,False,0,95,6,27,0,26.360000000000003,0.0,0.0,10.0,117.2,0.8,0.4,-1.6,0.0,162.0,0.0,0.0,67.0,716.0,4.0,3.0,-6.0,0.0,18.0,0.0,0.0,7.444444444444445,79.55555555555556,0.4444444444444444,0.3333333333333333,-0.6666666666666666,18.0
956,Ja'Marr Chase,Cin,WR,W 24-18,8.1,Buf,Home,40.5,11-07-23,9,False,0,95,6,3,1,22.76,0.0,0.0,8.4,97.2,0.8,0.4,-1.6,0.0,170.1,0.0,0.0,71.0,757.0,4.0,3.0,-6.0,0.0,17.009999999999998,0.0,0.0,7.1,75.7,0.4,0.3,-0.6,17.009999999999998
1391,Ja'Marr Chase,Cin,WR,L 27-30,23.4,Hou,Home,7.0,11-14-23,10,False,0,95,6,12,1,24.58,0.0,0.0,8.0,107.4,1.0,0.4,-1.6,0.0,193.5,0.0,0.0,76.0,881.0,5.0,3.0,-6.0,0.0,17.59090909090909,0.0,0.0,6.909090909090909,80.0909090909091,0.45454545454545453,0.2727272727272727,-0.5454545454545454,17.59090909090909
671,Ja'Marr Chase,Cin,WR,L 20-34,9.2,Bal,Away,40.0,11-21-23,11,False,0,95,6,2,0,15.979999999999999,0.0,0.0,5.4,71.4,0.6,0.4,-1.6,0.0,202.7,0.0,0.0,78.0,893.0,6.0,3.0,-6.0,0.0,16.891666666666666,0.0,0.0,6.5,74.41666666666667,0.5,0.25,-0.5,16.891666666666666
1561,Ja'Marr Chase,Cin,WR,L 10-16,12.1,Pit,Home,33.0,11-28-23,12,False,0,95,6,26,1,15.6,0.0,0.0,5.0,71.6,0.6,0.4,-1.6,0.0,214.8,0.0,0.0,82.0,974.0,6.0,3.0,-6.0,0.0,16.523076923076925,0.0,0.0,6.3076923076923075,74.92307692307692,0.46153846153846156,0.23076923076923078,-0.46153846153846156,16.523076923076925
787,Ja'Marr Chase,Cin,WR,W 34-31,31.62,Jax,Away,6.0,12-05-23,13,False,0,95,6,14,0,16.884,-1.4,0.0,5.2,81.4,0.6,0.0,0.0,0.0,246.42000000000002,-7.0,0.0,93.0,1123.0,7.0,3.0,-6.0,0.0,17.601428571428574,-0.5,0.0,6.642857142857143,80.21428571428571,0.5,0.21428571428571427,-0.42857142857142855,17.601428571428574
1120,Ja'Marr Chase,Cin,WR,W 34-14,5.9,Ind,Home,57.0,12-12-23,14,False,0,95,6,13,1,16.444,-1.4,0.0,5.0,79.0,0.6,0.0,0.0,0.0,252.32,-7.0,0.0,96.0,1152.0,7.0,3.0,-6.0,0.0,16.82133333333333,-0.4666666666666667,0.0,6.4,76.8,0.4666666666666667,0.2,-0.4,16.82133333333333
2238,Ja'Marr Chase,Cin,WR,W 27-24,10.4,Min,Home,34.5,12-19-23,15,False,0,95,6,20,1,13.844,-1.4,0.0,4.8,67.0,0.4,0.0,0.0,0.0,262.72,-7.0,0.0,100.0,1216.0,7.0,3.0,-6.0,0.0,16.42,-0.4375,0.0,6.25,76.0,0.4375,0.1875,-0.375,16.42
487,Jacob Harris,Jax,WR,L 17-37,0.0,Hou,Home,141.0,09-26-23,3,False,0,96,14,12,1,0.0,0.0,0.0,0.0,0.0,0.0,0.0,0.0,0.0,0.0,0.0,0.0,0.0,0.0,0.0,0.0,0.0,0.0,0.0,0.0,0.0,0.0,0.0,0.0,0.0,0.0,0.0
160,Jacob Harris,Jax,WR,W 23-7,0.0,Atl,Home,143.0,10-03-23,4,False,0,96,14,1,1,0.0,0.0,0.0,0.0,0.0,0.0,0.0,0.0,0.0,0.0,0.0,0.0,0.0,0.0,0.0,0.0,0.0,0.0,0.0,0.0,0.0,0.0,0.0,0.0,0.0,0.0,0.0
2826,Jaelon Darden,Cle,WR,W 19-17,0.0,SF,Home,128.0,10-17-23,6,False,0,97,7,27,1,0.0,0.0,0.0,0.0,0.0,0.0,0.0,0.0,0.0,0.0,0.0,0.0,0.0,0.0,0.0,0.0,0.0,0.0,0.0,0.0,0.0,0.0,0.0,0.0,0.0,0.0,0.0
1975,Jahan Dotson,Wsh,WR,L 10-27,0.0,SF,Home,137.5,01-02-24,17,False,0,98,31,27,1,0.0,0.0,0.0,0.0,0.0,0.0,0.0,0.0,0.0,0.0,0.0,0.0,0.0,0.0,0.0,0.0,0.0,0.0,0.0,0.0,0.0,0.0,0.0,0.0,0.0,0.0,0.0
1298,Jahan Dotson,Wsh,WR,L 10-38,3.7,Dal,Home,77.5,01-09-24,18,False,0,98,31,8,1,1.85,0.0,0.0,1.0,8.5,0.0,0.0,0.0,0.0,3.7,0.0,0.0,2.0,17.0,0.0,0.0,0.0,0.0,1.85,0.0,0.0,1.0,8.5,0.0,0.0,0.0,1.85
207,Jahan Dotson,Wsh,WR,W 20-16,9.0,Ari,Home,46.0,09-12-23,1,False,0,98,31,0,1,4.233333333333333,0.0,0.0,2.3333333333333335,19.0,0.0,0.0,0.0,0.0,12.7,0.0,0.0,7.0,57.0,0.0,0.0,0.0,0.0,4.233333333333333,0.0,0.0,2.3333333333333335,19.0,0.0,0.0,0.0,4.233333333333333
2117,Jahan Dotson,Wsh,WR,W 35-33,5.2,Den,Away,81.5,09-19-23,2,False,0,98,31,9,0,4.475,0.0,0.0,2.5,19.75,0.0,0.0,0.0,0.0,17.9,0.0,0.0,10.0,79.0,0.0,0.0,0.0,0.0,4.475,0.0,0.0,2.5,19.75,0.0,0.0,0.0,4.475
407,Jahan Dotson,Wsh,WR,L 3-37,4.1,Buf,Home,83.5,09-26-23,3,False,0,98,31,3,1,4.4,0.0,0.0,2.4,20.0,0.0,0.0,0.0,0.0,22.0,0.0,0.0,12.0,100.0,0.0,0.0,0.0,0.0,4.4,0.0,0.0,2.4,20.0,0.0,0.0,0.0,4.4
27,Jahan Dotson,Wsh,WR,L 31-34,12.7,Phi,Away,28.0,10-03-23,4,False,0,98,31,25,0,6.94,0.0,0.0,3.2,25.4,0.2,0.0,0.0,0.0,34.7,0.0,0.0,16.0,127.0,1.0,0.0,0.0,0.0,5.783333333333334,0.0,0.0,2.6666666666666665,21.166666666666668,0.16666666666666666,0.0,0.0,5.783333333333334
544,Jahan Dotson,Wsh,WR,L 20-40,6.0,Chi,Home,57.5,10-10-23,5,False,0,98,31,5,1,7.4,0.0,0.0,3.4,28.0,0.2,0.0,0.0,0.0,40.7,0.0,0.0,19.0,157.0,1.0,0.0,0.0,0.0,5.814285714285715,0.0,0.0,2.7142857142857144,22.428571428571427,0.14285714285714285,0.0,0.0,5.814285714285715
2772,Jahan Dotson,Wsh,WR,W 24-16,0.0,Atl,Away,128.0,10-17-23,6,False,0,98,31,1,0,5.6,0.0,0.0,2.4,20.0,0.2,0.0,0.0,0.0,40.7,0.0,0.0,19.0,157.0,1.0,0.0,0.0,0.0,5.0875,0.0,0.0,2.375,19.625,0.125,0.0,0.0,5.0875
2580,Jahan Dotson,Wsh,WR,L 7-14,9.3,NYG,Away,43.0,10-24-23,7,False,0,98,31,23,0,6.42,0.0,0.0,2.8,24.2,0.2,0.0,0.0,0.0,50.0,0.0,0.0,24.0,200.0,1.0,0.0,0.0,0.0,5.555555555555555,0.0,0.0,2.6666666666666665,22.22222222222222,0.1111111111111111,0.0,0.0,5.555555555555555
2379,Jahan Dotson,Wsh,WR,L 31-38,24.8,Phi,Home,7.0,10-31-23,8,False,0,98,31,25,1,10.559999999999999,0.0,0.0,4.0,41.6,0.4,0.0,0.0,0.0,74.8,0.0,0.0,32.0,308.0,2.0,0.0,0.0,0.0,7.4799999999999995,0.0,0.0,3.2,30.8,0.2,0.0,0.0,7.4799999999999995
925,Jahan Dotson,Wsh,WR,W 20-17,16.9,NE,Away,9.0,11-07-23,9,False,0,98,31,21,0,11.4,0.0,0.0,4.0,50.0,0.4,0.0,0.0,0.0,91.7,0.0,0.0,36.0,377.0,3.0,0.0,0.0,0.0,8.336363636363636,0.0,0.0,3.272727272727273,34.27272727272727,0.2727272727272727,0.0,0.0,8.336363636363636
1489,Jahan Dotson,Wsh,WR,L 26-29,0.0,Sea,Away,123.5,11-14-23,10,False,0,98,31,28,0,10.2,0.0,0.0,3.4,44.0,0.4,0.0,0.0,0.0,91.7,0.0,0.0,36.0,377.0,3.0,0.0,0.0,0.0,7.641666666666667,0.0,0.0,3.0,31.416666666666668,0.25,0.0,0.0,7.641666666666667
660,Jahan Dotson,Wsh,WR,L 19-31,11.3,NYG,Home,29.0,11-21-23,11,False,0,98,31,23,1,12.459999999999999,0.0,0.0,4.0,48.6,0.6,0.0,0.0,0.0,103.0,0.0,0.0,39.0,400.0,4.0,0.0,0.0,0.0,7.923076923076923,0.0,0.0,3.0,30.76923076923077,0.3076923076923077,0.0,0.0,7.923076923076923
1566,Jahan Dotson,Wsh,WR,L 10-45,10.2,Dal,Away,38.0,11-28-23,12,False,0,98,31,8,0,12.64,0.0,0.0,4.0,50.4,0.6,0.0,0.0,0.0,113.2,0.0,0.0,44.0,452.0,4.0,0.0,0.0,0.0,8.085714285714285,0.0,0.0,3.142857142857143,32.285714285714285,0.2857142857142857,0.0,0.0,8.085714285714285
837,Jahan Dotson,Wsh,WR,L 15-45,4.3,Mia,Home,56.0,12-05-23,13,False,0,98,31,19,1,8.540000000000001,0.0,0.0,2.8,33.4,0.4,0.0,0.0,0.0,117.5,0.0,0.0,46.0,475.0,4.0,0.0,0.0,0.0,7.833333333333333,0.0,0.0,3.066666666666667,31.666666666666668,0.26666666666666666,0.0,0.0,7.833333333333333
2299,Jahan Dotson,Wsh,WR,L 20-28,2.2,LAR,Away,96.5,12-19-23,15,False,0,98,31,17,0,5.6,0.0,0.0,2.2,22.0,0.2,0.0,0.0,0.0,119.7,0.0,0.0,47.0,487.0,4.0,0.0,0.0,0.0,7.48125,0.0,0.0,2.9375,30.4375,0.25,0.0,0.0,7.48125
1773,Jahan Dotson,Wsh,WR,L 28-30,5.1,NYJ,Away,74.5,12-26-23,16,False,0,98,31,24,0,6.62,0.0,0.0,2.6,28.2,0.2,0.0,0.0,0.0,124.8,0.0,0.0,49.0,518.0,4.0,0.0,0.0,0.0,7.341176470588235,0.0,0.0,2.8823529411764706,30.470588235294116,0.23529411764705882,0.0,0.0,7.341176470588235
1969,Jake Bobo,Sea,WR,L 23-30,1.4,Pit,Home,101.5,01-02-24,17,False,0,99,28,26,1,1.4,0.0,0.0,1.0,4.0,0.0,0.0,0.0,0.0,1.4,0.0,0.0,1.0,4.0,0.0,0.0,0.0,0.0,1.4,0.0,0.0,1.0,4.0,0.0,0.0,0.0,1.4
1319,Jake Bobo,Sea,WR,W 21-20,1.9,Ari,Away,98.0,01-09-24,18,False,0,99,28,0,0,1.65,0.0,0.0,1.0,6.5,0.0,0.0,0.0,0.0,3.3,0.0,0.0,2.0,13.0,0.0,0.0,0.0,0.0,1.65,0.0,0.0,1.0,6.5,0.0,0.0,0.0,1.65
289,Jake Bobo,Sea,WR,L 13-30,0.0,LAR,Home,135.0,09-12-23,1,False,0,99,28,17,1,1.0999999999999999,0.0,0.0,0.6666666666666666,4.333333333333333,0.0,0.0,0.0,0.0,3.3,0.0,0.0,2.0,13.0,0.0,0.0,0.0,0.0,1.0999999999999999,0.0,0.0,0.6666666666666666,4.333333333333333,0.0,0.0,0.0,1.0999999999999999
2154,Jake Bobo,Sea,WR,W 37-31,1.3,Det,Away,118.5,09-19-23,2,False,0,99,28,10,0,1.15,0.0,0.0,0.75,4.0,0.0,0.0,0.0,0.0,4.6,0.0,0.0,3.0,16.0,0.0,0.0,0.0,0.0,1.15,0.0,0.0,0.75,4.0,0.0,0.0,0.0,1.15
385,Jake Bobo,Sea,WR,W 37-27,7.5,Car,Home,62.0,09-26-23,3,False,0,99,28,4,1,2.42,0.0,0.0,0.8,4.2,0.2,0.0,0.0,0.0,12.1,0.0,0.0,4.0,21.0,1.0,0.0,0.0,0.0,2.42,0.0,0.0,0.8,4.2,0.2,0.0,0.0,2.42
131,Jake Bobo,Sea,WR,W 24-3,0.0,NYG,Away,143.0,10-03-23,4,False,0,99,28,23,0,2.1399999999999997,0.0,0.0,0.6,3.4,0.2,0.0,0.0,0.0,12.1,0.0,0.0,4.0,21.0,1.0,0.0,0.0,0.0,2.0166666666666666,0.0,0.0,0.6666666666666666,3.5,0.16666666666666666,0.0,0.0,2.0166666666666666
2730,Jake Bobo,Sea,WR,L 13-17,6.3,Cin,Away,59.0,10-17-23,6,False,0,99,28,6,0,3.0200000000000005,0.0,0.0,0.8,10.2,0.2,0.0,0.0,0.0,18.4,0.0,0.0,6.0,64.0,1.0,0.0,0.0,0.0,2.6285714285714286,0.0,0.0,0.8571428571428571,9.142857142857142,0.14285714285714285,0.0,0.0,2.6285714285714286
2555,Jake Bobo,Sea,WR,W 20-10,16.1,Ari,Home,18.0,10-24-23,7,False,0,99,28,0,1,6.24,0.0,0.0,1.6,22.4,0.4,0.0,0.0,0.0,34.5,0.0,0.0,10.0,125.0,2.0,0.0,0.0,0.0,4.3125,0.0,0.0,1.25,15.625,0.25,0.0,0.0,4.3125
2414,Jake Bobo,Sea,WR,W 24-20,10.6,Cle,Home,42.0,10-31-23,8,False,0,99,28,7,1,8.1,0.0,0.0,1.8,26.4,0.4,0.2,0.6,0.2,45.1,0.0,0.0,12.0,148.0,2.0,1.0,3.0,1.0,5.011111111111111,0.0,0.0,1.3333333333333333,16.444444444444443,0.2222222222222222,0.1111111111111111,0.3333333333333333,5.011111111111111
1034,Jake Bobo,Sea,WR,L 3-37,0.0,Bal,Away,126.5,11-07-23,9,False,0,99,28,2,0,6.6,0.0,0.0,1.6,25.4,0.2,0.2,0.6,0.2,45.1,0.0,0.0,12.0,148.0,2.0,1.0,3.0,1.0,4.51,0.0,0.0,1.2,14.8,0.2,0.1,0.3,4.51
1460,Jake Bobo,Sea,WR,W 29-26,3.3,Wsh,Home,76.0,11-14-23,10,False,0,99,28,31,1,7.260000000000001,0.0,0.0,2.0,28.0,0.2,0.2,0.6,0.2,48.4,0.0,0.0,14.0,161.0,2.0,1.0,3.0,1.0,4.3999999999999995,0.0,0.0,1.2727272727272727,14.636363636363637,0.18181818181818182,0.09090909090909091,0.2727272727272727,4.3999999999999995
722,Jake Bobo,Sea,WR,L 16-17,1.8,LAR,Away,90.5,11-21-23,11,False,0,99,28,17,0,6.36,0.0,0.0,1.8,21.0,0.2,0.2,0.6,0.2,50.2,0.0,0.0,15.0,169.0,2.0,1.0,3.0,1.0,4.183333333333334,0.0,0.0,1.25,14.083333333333334,0.16666666666666666,0.08333333333333333,0.25,4.183333333333334
1641,Jake Bobo,Sea,WR,L 13-31,1.6,SF,Home,113.0,11-28-23,12,False,0,99,28,27,1,3.46,0.0,0.0,1.2,10.0,0.0,0.2,0.6,0.2,51.8,0.0,0.0,16.0,175.0,2.0,1.0,3.0,1.0,3.9846153846153842,0.0,0.0,1.2307692307692308,13.461538461538462,0.15384615384615385,0.07692307692307693,0.23076923076923078,3.9846153846153842
863,Jake Bobo,Sea,WR,L 35-41,1.9,Dal,Away,81.0,12-05-23,13,False,0,99,28,8,0,1.72,0.0,0.0,1.0,7.2,0.0,0.0,0.0,0.0,53.7,0.0,0.0,17.0,184.0,2.0,1.0,3.0,1.0,3.835714285714286,0.0,0.0,1.2142857142857142,13.142857142857142,0.14285714285714285,0.07142857142857142,0.21428571428571427,3.835714285714286
1185,Jake Bobo,Sea,WR,L 16-28,0.0,SF,Away,134.0,12-12-23,14,False,0,99,28,27,0,1.72,0.0,0.0,1.0,7.2,0.0,0.0,0.0,0.0,53.7,0.0,0.0,17.0,184.0,2.0,1.0,3.0,1.0,3.58,0.0,0.0,1.1333333333333333,12.266666666666667,0.13333333333333333,0.06666666666666667,0.2,3.58
2313,Jake Bobo,Sea,WR,W 20-17,1.4,Phi,Home,109.0,12-19-23,15,False,0,99,28,25,1,1.34,0.0,0.0,0.8,5.4,0.0,0.0,0.0,0.0,55.1,0.0,0.0,18.0,188.0,2.0,1.0,3.0,1.0,3.44375,0.0,0.0,1.125,11.75,0.125,0.0625,0.1875,3.44375
1805,Jake Bobo,Sea,WR,W 20-17,1.8,Ten,Away,106.0,12-26-23,16,False,0,99,28,30,0,1.34,0.0,0.0,0.8,5.4,0.0,0.0,0.0,0.0,56.9,0.0,0.0,19.0,196.0,2.0,1.0,3.0,1.0,3.347058823529412,0.0,0.0,1.1176470588235294,11.529411764705882,0.11764705882352941,0.058823529411764705,0.17647058823529413,3.347058823529412
1899,Jakobi Meyers,LV,WR,L 20-23,11.6,Ind,Away,32.5,01-02-24,17,False,0,100,18,13,0,11.6,0.0,0.0,6.0,56.0,0.0,0.0,0.0,0.0,11.6,0.0,0.0,6.0,56.0,0.0,0.0,0.0,0.0,11.6,0.0,0.0,6.0,56.0,0.0,0.0,0.0,11.6
1230,Jakobi Meyers,LV,WR,W 27-14,21.6,Den,Home,9.0,01-09-24,18,False,0,100,18,9,1,16.6,0.0,0.0,4.5,58.5,0.5,0.5,2.5,0.5,33.2,0.0,0.0,9.0,117.0,1.0,1.0,5.0,1.0,16.6,0.0,0.0,4.5,58.5,0.5,0.5,2.5,16.6
164,Jakobi Meyers,LV,WR,W 17-16,29.1,Den,Away,3.0,09-12-23,1,False,0,100,18,9,0,20.76666666666667,0.0,0.0,6.0,66.0,1.0,0.3333333333333333,1.6666666666666667,0.3333333333333333,62.300000000000004,0.0,0.0,18.0,198.0,3.0,1.0,5.0,1.0,20.76666666666667,0.0,0.0,6.0,66.0,1.0,0.3333333333333333,1.6666666666666667,20.76666666666667
348,Jakobi Meyers,LV,WR,L 18-23,15.5,Pit,Home,25.0,09-26-23,3,False,0,100,18,26,1,19.450000000000003,0.0,0.0,6.25,70.75,0.75,0.25,1.25,0.25,77.80000000000001,0.0,0.0,25.0,283.0,3.0,1.0,5.0,1.0,19.450000000000003,0.0,0.0,6.25,70.75,0.75,0.25,1.25,19.450000000000003
68,Jakobi Meyers,LV,WR,L 17-24,5.3,LAC,Away,69.5,10-03-23,4,False,0,100,18,16,0,16.62,0.0,0.0,5.4,63.2,0.6,0.2,1.0,0.2,83.10000000000001,0.0,0.0,27.0,316.0,3.0,1.0,5.0,1.0,16.62,0.0,0.0,5.4,63.2,0.6,0.2,1.0,16.62
497,Jakobi Meyers,LV,WR,W 17-13,20.5,GB,Home,10.0,10-10-23,5,False,0,100,18,11,1,18.400000000000002,0.0,0.0,5.6,67.0,0.8,0.4,1.0,0.2,103.60000000000001,0.0,0.0,34.0,391.0,4.0,2.0,5.0,1.0,17.26666666666667,0.0,0.0,5.666666666666667,65.16666666666667,0.6666666666666666,0.3333333333333333,0.8333333333333334,17.26666666666667
2686,Jakobi Meyers,LV,WR,W 21-17,17.1,NE,Home,14.5,10-17-23,6,False,0,100,18,21,1,17.5,0.0,0.0,6.0,67.0,0.8,0.2,0.0,0.0,120.7,0.0,0.0,39.0,452.0,5.0,2.0,5.0,1.0,17.242857142857144,0.0,0.0,5.571428571428571,64.57142857142857,0.7142857142857143,0.2857142857142857,0.7142857142857143,17.242857142857144
2548,Jakobi Meyers,LV,WR,L 12-30,18.0,Chi,Away,11.0,10-24-23,7,False,0,100,18,5,0,15.280000000000001,0.0,0.0,5.6,60.8,0.6,0.2,0.0,0.0,138.70000000000002,0.0,0.0,46.0,502.0,6.0,2.0,5.0,1.0,17.337500000000002,0.0,0.0,5.75,62.75,0.75,0.25,0.625,17.337500000000002
2464,Jakobi Meyers,LV,WR,L 14-26,2.9,Det,Away,92.0,10-31-23,8,False,0,100,18,10,0,12.760000000000002,0.0,0.0,4.4,47.6,0.6,0.2,0.0,0.0,141.6,0.0,0.0,47.0,521.0,6.0,2.0,5.0,1.0,15.733333333333333,0.0,0.0,5.222222222222222,57.888888888888886,0.6666666666666666,0.2222222222222222,0.5555555555555556,15.733333333333333
933,Jakobi Meyers,LV,WR,W 30-6,13.5,NYG,Home,17.5,11-07-23,9,False,0,100,18,23,1,14.4,0.0,0.0,4.4,48.6,0.6,0.4,3.4,0.2,155.1,0.0,0.0,49.0,559.0,6.0,3.0,22.0,2.0,15.51,0.0,0.0,4.9,55.9,0.6,0.3,2.2,15.51
1448,Jakobi Meyers,LV,WR,W 16-12,4.1,NYJ,Home,65.5,11-14-23,10,False,0,100,18,24,1,11.120000000000001,0.0,0.0,3.4,37.8,0.4,0.2,3.4,0.2,159.20000000000002,0.0,0.0,51.0,580.0,6.0,3.0,22.0,2.0,14.472727272727274,0.0,0.0,4.636363636363637,52.72727272727273,0.5454545454545454,0.2727272727272727,2.0,14.472727272727274
673,Jakobi Meyers,LV,WR,L 13-20,8.9,Mia,Away,42.0,11-21-23,11,False,0,100,18,19,0,9.48,0.0,0.0,3.2,35.4,0.2,0.2,3.4,0.2,168.1,0.0,0.0,55.0,629.0,6.0,3.0,22.0,2.0,14.008333333333333,0.0,0.0,4.583333333333333,52.416666666666664,0.5,0.25,1.8333333333333333,14.008333333333333
1542,Jakobi Meyers,LV,WR,L 17-31,20.1,KC,Home,14.0,11-28-23,12,False,0,100,18,15,1,9.9,0.0,0.0,3.0,41.2,0.2,0.4,3.8,0.2,188.20000000000002,0.0,0.0,61.0,708.0,7.0,4.0,24.0,2.0,14.476923076923079,0.0,0.0,4.6923076923076925,54.46153846153846,0.5384615384615384,0.3076923076923077,1.8461538461538463,14.476923076923079
1108,Jakobi Meyers,LV,WR,L 0-3,7.5,Min,Home,45.0,12-12-23,14,False,0,100,18,20,1,10.820000000000002,0.0,0.0,3.8,42.4,0.2,0.4,3.8,0.2,195.70000000000002,0.0,0.0,66.0,733.0,7.0,4.0,24.0,2.0,13.97857142857143,0.0,0.0,4.714285714285714,52.357142857142854,0.5,0.2857142857142857,1.7142857142857142,13.97857142857143
2225,Jakobi Meyers,LV,WR,W 63-21,15.68,LAC,Home,21.0,12-19-23,15,False,0,100,18,16,1,11.256,2.4,0.2,3.8,41.2,0.4,0.2,0.4,0.0,211.38,12.0,1.0,68.0,765.0,8.0,4.0,24.0,2.0,14.092,0.8,0.06666666666666667,4.533333333333333,51.0,0.5333333333333333,0.26666666666666666,1.6,14.092
1760,Jakobi Meyers,LV,WR,W 20-14,7.2,KC,Away,61.5,12-26-23,16,False,0,100,18,15,0,11.876000000000001,2.4,0.2,4.0,45.4,0.4,0.2,0.4,0.0,218.58,12.0,1.0,71.0,807.0,8.0,4.0,24.0,2.0,13.66125,0.75,0.0625,4.4375,50.4375,0.5,0.25,1.5,13.66125
2015,Jalen Brooks,Dal,WR,W 20-19,0.0,Det,Home,137.5,01-02-24,17,False,0,101,8,10,1,0.0,0.0,0.0,0.0,0.0,0.0,0.0,0.0,0.0,0.0,0.0,0.0,0.0,0.0,0.0,0.0,0.0,0.0,0.0,0.0,0.0,0.0,0.0,0.0,0.0,0.0,0.0
1339,Jalen Brooks,Dal,WR,W 38-10,1.1,Wsh,Away,117.5,01-09-24,18,False,0,101,8,31,0,0.55,0.0,0.0,0.5,0.5,0.0,0.0,0.0,0.0,1.1,0.0,0.0,1.0,1.0,0.0,0.0,0.0,0.0,0.55,0.0,0.0,0.5,0.5,0.0,0.0,0.0,0.55
2187,Jalen Brooks,Dal,WR,W 30-10,0.0,NYJ,Home,145.0,09-19-23,2,False,0,101,8,24,1,0.3666666666666667,0.0,0.0,0.3333333333333333,0.3333333333333333,0.0,0.0,0.0,0.0,1.1,0.0,0.0,1.0,1.0,0.0,0.0,0.0,0.0,0.3666666666666667,0.0,0.0,0.3333333333333333,0.3333333333333333,0.0,0.0,0.0,0.3666666666666667
2810,Jalen Brooks,Dal,WR,W 20-17,0.0,LAC,Away,128.0,10-17-23,6,False,0,101,8,16,0,0.275,0.0,0.0,0.25,0.25,0.0,0.0,0.0,0.0,1.1,0.0,0.0,1.0,1.0,0.0,0.0,0.0,0.0,0.275,0.0,0.0,0.25,0.25,0.0,0.0,0.0,0.275
1426,Jalen Brooks,Dal,WR,W 49-17,7.9,NYG,Home,42.0,11-14-23,10,False,0,101,8,23,1,1.8,0.0,0.0,1.0,8.0,0.0,0.0,0.0,0.0,9.0,0.0,0.0,5.0,40.0,0.0,0.0,0.0,0.0,1.8,0.0,0.0,1.0,8.0,0.0,0.0,0.0,1.8
764,Jalen Brooks,Dal,WR,W 33-10,0.0,Car,Away,126.0,11-21-23,11,False,0,101,8,4,0,1.8,0.0,0.0,1.0,8.0,0.0,0.0,0.0,0.0,9.0,0.0,0.0,5.0,40.0,0.0,0.0,0.0,0.0,1.5,0.0,0.0,0.8333333333333334,6.666666666666667,0.0,0.0,0.0,1.5
1619,Jalen Brooks,Dal,WR,W 45-10,3.4,Wsh,Home,91.0,11-28-23,12,False,0,101,8,31,1,2.2600000000000002,0.0,0.0,1.0,12.6,0.0,0.0,0.0,0.0,12.4,0.0,0.0,6.0,64.0,0.0,0.0,0.0,0.0,1.7714285714285716,0.0,0.0,0.8571428571428571,9.142857142857142,0.0,0.0,0.0,1.7714285714285716
1981,Jalen Guyton,LAC,WR,L 9-16,0.0,Den,Away,137.5,01-02-24,17,False,0,102,16,9,0,0.0,0.0,0.0,0.0,0.0,0.0,0.0,0.0,0.0,0.0,0.0,0.0,0.0,0.0,0.0,0.0,0.0,0.0,0.0,0.0,0.0,0.0,0.0,0.0,0.0,0.0,0.0
1031,Jalen Guyton,LAC,WR,W 27-6,0.0,NYJ,Away,126.5,11-07-23,9,False,0,102,16,24,0,0.0,0.0,0.0,0.0,0.0,0.0,0.0,0.0,0.0,0.0,0.0,0.0,0.0,0.0,0.0,0.0,0.0,0.0,0.0,0.0,0.0,0.0,0.0,0.0,0.0,0.0,0.0
1409,Jalen Guyton,LAC,WR,L 38-41,14.1,Det,Home,25.0,11-14-23,10,False,0,102,16,10,1,4.7,0.0,0.0,1.3333333333333333,13.666666666666666,0.3333333333333333,0.0,0.0,0.0,14.1,0.0,0.0,4.0,41.0,1.0,0.0,0.0,0.0,4.7,0.0,0.0,1.3333333333333333,13.666666666666666,0.3333333333333333,0.0,0.0,4.7
1644,Jalen Guyton,LAC,WR,L 10-20,1.4,Bal,Home,116.5,11-28-23,12,False,0,102,16,2,1,3.875,0.0,0.0,1.25,11.25,0.25,0.0,0.0,0.0,15.5,0.0,0.0,5.0,45.0,1.0,0.0,0.0,0.0,3.875,0.0,0.0,1.25,11.25,0.25,0.0,0.0,3.875
867,Jalen Guyton,LAC,WR,W 6-0,1.5,NE,Away,85.5,12-05-23,13,False,0,102,16,21,0,3.4,0.0,0.0,1.2,10.0,0.2,0.0,0.0,0.0,17.0,0.0,0.0,6.0,50.0,1.0,0.0,0.0,0.0,3.4,0.0,0.0,1.2,10.0,0.2,0.0,0.0,3.4
1164,Jalen Guyton,LAC,WR,L 7-24,1.8,Den,Home,101.0,12-12-23,14,False,0,102,16,9,1,3.7600000000000002,0.0,0.0,1.4,11.6,0.2,0.0,0.0,0.0,18.8,0.0,0.0,7.0,58.0,1.0,0.0,0.0,0.0,3.1333333333333333,0.0,0.0,1.1666666666666667,9.666666666666666,0.16666666666666666,0.0,0.0,3.1333333333333333
2285,Jalen Guyton,LAC,WR,L 21-63,3.9,LV,Away,81.0,12-19-23,15,False,0,102,16,18,0,4.54,0.0,0.0,1.8,15.4,0.2,0.0,0.0,0.0,22.7,0.0,0.0,9.0,77.0,1.0,0.0,0.0,0.0,3.242857142857143,0.0,0.0,1.2857142857142858,11.0,0.14285714285714285,0.0,0.0,3.242857142857143
1798,Jalen Guyton,LAC,WR,L 22-24,2.2,Buf,Home,99.5,12-26-23,16,False,0,102,16,3,1,2.16,0.0,0.0,1.2,9.6,0.0,0.0,0.0,0.0,24.9,0.0,0.0,10.0,89.0,1.0,0.0,0.0,0.0,3.1125,0.0,0.0,1.25,11.125,0.125,0.0,0.0,3.1125
309,Jalen Nailor,Min,WR,L 17-20,0.0,TB,Home,135.0,09-12-23,1,False,0,103,20,29,1,0.0,0.0,0.0,0.0,0.0,0.0,0.0,0.0,0.0,0.0,0.0,0.0,0.0,0.0,0.0,0.0,0.0,0.0,0.0,0.0,0.0,0.0,0.0,0.0,0.0,0.0,0.0
2186,Jalen Nailor,Min,WR,L 28-34,0.0,Phi,Away,145.0,09-19-23,2,False,0,103,20,25,0,0.0,0.0,0.0,0.0,0.0,0.0,0.0,0.0,0.0,0.0,0.0,0.0,0.0,0.0,0.0,0.0,0.0,0.0,0.0,0.0,0.0,0.0,0.0,0.0,0.0,0.0,0.0
1468,Jalen Nailor,Min,WR,W 27-19,2.6,NO,Home,83.0,11-14-23,10,False,0,103,20,22,1,0.8666666666666667,0.0,0.0,0.3333333333333333,5.333333333333333,0.0,0.0,0.0,0.0,2.6,0.0,0.0,1.0,16.0,0.0,0.0,0.0,0.0,0.8666666666666667,0.0,0.0,0.3333333333333333,5.333333333333333,0.0,0.0,0.0,0.8666666666666667
761,Jalen Nailor,Min,WR,L 20-21,0.0,Den,Away,126.0,11-21-23,11,False,0,103,20,9,0,0.65,0.0,0.0,0.25,4.0,0.0,0.0,0.0,0.0,2.6,0.0,0.0,1.0,16.0,0.0,0.0,0.0,0.0,0.65,0.0,0.0,0.25,4.0,0.0,0.0,0.0,0.65
1682,Jalen Nailor,Min,WR,L 10-12,0.0,Chi,Home,149.0,11-28-23,12,False,0,103,20,5,1,0.52,0.0,0.0,0.2,3.2,0.0,0.0,0.0,0.0,2.6,0.0,0.0,1.0,16.0,0.0,0.0,0.0,0.0,0.52,0.0,0.0,0.2,3.2,0.0,0.0,0.0,0.52
1147,Jalen Nailor,Min,WR,W 3-0,3.3,LV,Away,83.0,12-12-23,14,False,0,103,20,18,0,1.1800000000000002,0.0,0.0,0.6,5.8,0.0,0.0,0.0,0.0,5.9,0.0,0.0,3.0,29.0,0.0,0.0,0.0,0.0,0.9833333333333334,0.0,0.0,0.5,4.833333333333333,0.0,0.0,0.0,0.9833333333333334
1902,Jalen Reagor,NE,WR,L 21-27,10.9,Buf,Away,34.5,01-02-24,17,False,0,104,21,3,0,10.9,0.0,0.0,1.0,39.0,0.0,0.0,0.0,0.0,10.9,0.0,0.0,1.0,39.0,0.0,0.0,0.0,0.0,10.9,0.0,0.0,1.0,39.0,0.0,0.0,0.0,10.9
1277,Jalen Reagor,NE,WR,L 3-17,6.0,NYJ,Home,56.5,01-09-24,18,False,0,104,21,24,1,8.45,0.0,0.0,1.0,36.0,0.0,0.5,8.5,0.0,16.9,0.0,0.0,2.0,72.0,0.0,1.0,17.0,0.0,8.45,0.0,0.0,1.0,36.0,0.0,0.5,8.5,8.45
2812,Jalen Reagor,NE,WR,L 17-21,0.0,LV,Away,128.0,10-17-23,6,False,0,104,21,18,0,5.633333333333333,0.0,0.0,0.6666666666666666,24.0,0.0,0.3333333333333333,5.666666666666667,0.0,16.9,0.0,0.0,2.0,72.0,0.0,1.0,17.0,0.0,5.633333333333333,0.0,0.0,0.6666666666666666,24.0,0.0,0.3333333333333333,5.666666666666667,5.633333333333333
2619,Jalen Reagor,NE,WR,W 29-25,2.1,Buf,Home,82.0,10-24-23,7,False,0,104,21,3,1,4.75,0.0,0.0,0.75,20.75,0.0,0.25,4.25,0.0,19.0,0.0,0.0,3.0,83.0,0.0,1.0,17.0,0.0,4.75,0.0,0.0,0.75,20.75,0.0,0.25,4.25,4.75
2514,Jalen Reagor,NE,WR,L 17-31,0.0,Mia,Away,138.0,10-31-23,8,False,0,104,21,19,0,3.8,0.0,0.0,0.6,16.6,0.0,0.2,3.4,0.0,19.0,0.0,0.0,3.0,83.0,0.0,1.0,17.0,0.0,3.8,0.0,0.0,0.6,16.6,0.0,0.2,3.4,3.8
1004,Jalen Reagor,NE,WR,L 17-20,2.1,Wsh,Home,87.5,11-07-23,9,False,0,104,21,31,1,2.04,0.0,0.0,0.6,11.0,0.0,0.2,3.4,0.0,21.1,0.0,0.0,4.0,94.0,0.0,1.0,17.0,0.0,3.516666666666667,0.0,0.0,0.6666666666666666,15.666666666666666,0.0,0.16666666666666666,2.8333333333333335,3.516666666666667
1500,Jalen Reagor,NE,WR,L 6-10,0.0,Ind,Home,123.5,11-14-23,10,False,0,104,21,13,1,0.8400000000000001,0.0,0.0,0.4,4.4,0.0,0.0,0.0,0.0,21.1,0.0,0.0,4.0,94.0,0.0,1.0,17.0,0.0,3.0142857142857147,0.0,0.0,0.5714285714285714,13.428571428571429,0.0,0.14285714285714285,2.4285714285714284,3.0142857142857147
858,Jalen Reagor,NE,WR,L 0-6,2.1,LAC,Home,76.0,12-05-23,13,False,0,104,21,16,1,1.2600000000000002,0.0,0.0,0.6,6.6,0.0,0.0,0.0,0.0,23.2,0.0,0.0,5.0,105.0,0.0,1.0,17.0,0.0,2.9,0.0,0.0,0.625,13.125,0.0,0.125,2.125,2.9
1194,Jalen Reagor,NE,WR,W 21-18,0.0,Pit,Away,134.0,12-12-23,14,False,0,104,21,26,0,0.8400000000000002,0.0,0.0,0.4,4.4,0.0,0.0,0.0,0.0,23.2,0.0,0.0,5.0,105.0,0.0,1.0,17.0,0.0,2.5777777777777775,0.0,0.0,0.5555555555555556,11.666666666666666,0.0,0.1111111111111111,1.8888888888888888,2.5777777777777775
2341,Jalen Reagor,NE,WR,L 17-27,0.0,KC,Home,140.0,12-19-23,15,False,0,104,21,15,1,0.8400000000000002,0.0,0.0,0.4,4.4,0.0,0.0,0.0,0.0,23.2,0.0,0.0,5.0,105.0,0.0,1.0,17.0,0.0,2.32,0.0,0.0,0.5,10.5,0.0,0.1,1.7,2.32
1772,Jalen Reagor,NE,WR,W 26-23,5.3,Den,Away,73.0,12-26-23,16,False,0,104,21,9,0,1.48,0.0,0.0,0.6,8.8,0.0,0.0,0.0,0.0,28.5,0.0,0.0,7.0,138.0,0.0,1.0,17.0,0.0,2.590909090909091,0.0,0.0,0.6363636363636364,12.545454545454545,0.0,0.09090909090909091,1.5454545454545454,2.590909090909091
1962,Jalen Tolbert,Dal,WR,W 20-19,1.9,Det,Home,95.0,01-02-24,17,False,0,105,8,10,1,1.9,0.0,0.0,1.0,9.0,0.0,0.0,0.0,0.0,1.9,0.0,0.0,1.0,9.0,0.0,0.0,0.0,0.0,1.9,0.0,0.0,1.0,9.0,0.0,0.0,0.0,1.9
1264,Jalen Tolbert,Dal,WR,W 38-10,8.8,Wsh,Away,43.5,01-09-24,18,False,0,105,8,31,0,5.3500000000000005,0.0,0.0,1.5,8.5,0.5,0.0,0.0,0.0,10.700000000000001,0.0,0.0,3.0,17.0,1.0,0.0,0.0,0.0,5.3500000000000005,0.0,0.0,1.5,8.5,0.5,0.0,0.0,5.3500000000000005
287,Jalen Tolbert,Dal,WR,W 40-0,0.0,NYG,Away,135.0,09-12-23,1,False,0,105,8,23,0,3.566666666666667,0.0,0.0,1.0,5.666666666666667,0.3333333333333333,0.0,0.0,0.0,10.700000000000001,0.0,0.0,3.0,17.0,1.0,0.0,0.0,0.0,3.566666666666667,0.0,0.0,1.0,5.666666666666667,0.3333333333333333,0.0,0.0,3.566666666666667
2122,Jalen Tolbert,Dal,WR,W 30-10,4.8,NYJ,Home,85.5,09-19-23,2,False,0,105,8,24,1,3.875,0.0,0.0,1.5,8.75,0.25,0.0,0.0,0.0,15.5,0.0,0.0,6.0,35.0,1.0,0.0,0.0,0.0,3.875,0.0,0.0,1.5,8.75,0.25,0.0,0.0,3.875
453,Jalen Tolbert,Dal,WR,L 16-28,0.0,Ari,Away,141.0,09-26-23,3,False,0,105,8,0,0,3.1,0.0,0.0,1.2,7.0,0.2,0.0,0.0,0.0,15.5,0.0,0.0,6.0,35.0,1.0,0.0,0.0,0.0,3.1,0.0,0.0,1.2,7.0,0.2,0.0,0.0,3.1
43,Jalen Tolbert,Dal,WR,W 38-3,9.3,NE,Home,43.5,10-03-23,4,False,0,105,8,21,1,4.58,0.0,0.0,1.8,15.8,0.2,0.0,0.0,0.0,24.8,0.0,0.0,10.0,88.0,1.0,0.0,0.0,0.0,4.133333333333334,0.0,0.0,1.6666666666666667,14.666666666666666,0.16666666666666666,0.0,0.0,4.133333333333334
603,Jalen Tolbert,Dal,WR,L 10-42,0.0,SF,Away,124.5,10-10-23,5,False,0,105,8,27,0,2.82,0.0,0.0,1.4,14.2,0.0,0.0,0.0,0.0,24.8,0.0,0.0,10.0,88.0,1.0,0.0,0.0,0.0,3.542857142857143,0.0,0.0,1.4285714285714286,12.571428571428571,0.14285714285714285,0.0,0.0,3.542857142857143
2828,Jalen Tolbert,Dal,WR,W 20-17,-2.0,LAC,Away,157.5,10-17-23,6,False,0,105,8,16,0,2.42,0.0,0.0,1.4,14.2,0.0,0.0,0.0,0.0,22.8,0.0,0.0,10.0,88.0,1.0,0.0,0.0,0.0,2.85,0.0,0.0,1.25,11.0,0.125,0.0,0.0,2.85
2501,Jalen Tolbert,Dal,WR,W 43-20,0.0,LAR,Home,138.0,10-31-23,8,False,0,105,8,17,1,1.46,0.0,0.0,0.8,10.6,0.0,0.0,0.0,0.0,22.8,0.0,0.0,10.0,88.0,1.0,0.0,0.0,0.0,2.533333333333333,0.0,0.0,1.1111111111111112,9.777777777777779,0.1111111111111111,0.0,0.0,2.533333333333333
932,Jalen Tolbert,Dal,WR,L 23-28,13.9,Phi,Away,16.0,11-07-23,9,False,0,105,8,25,0,4.24,0.0,0.0,1.4,20.4,0.2,0.0,0.0,0.0,36.7,0.0,0.0,13.0,137.0,2.0,0.0,0.0,0.0,3.6700000000000004,0.0,0.0,1.3,13.7,0.2,0.0,0.0,3.6700000000000004
1471,Jalen Tolbert,Dal,WR,W 49-17,2.2,NYG,Home,87.5,11-14-23,10,False,0,105,8,23,1,2.8200000000000003,0.0,0.0,1.0,10.2,0.2,0.0,0.0,0.0,38.9,0.0,0.0,15.0,139.0,2.0,0.0,0.0,0.0,3.536363636363636,0.0,0.0,1.3636363636363635,12.636363636363637,0.18181818181818182,0.0,0.0,3.536363636363636
709,Jalen Tolbert,Dal,WR,W 33-10,3.2,Car,Away,77.5,11-21-23,11,False,0,105,8,4,0,3.46,0.0,0.0,1.4,12.6,0.2,0.0,0.0,0.0,42.1,0.0,0.0,17.0,151.0,2.0,0.0,0.0,0.0,3.5083333333333333,0.0,0.0,1.4166666666666667,12.583333333333334,0.16666666666666666,0.0,0.0,3.5083333333333333
1589,Jalen Tolbert,Dal,WR,W 45-10,6.9,Wsh,Home,61.0,11-28-23,12,False,0,105,8,31,1,5.24,0.0,0.0,1.8,22.4,0.2,0.0,0.0,0.0,49.0,0.0,0.0,19.0,200.0,2.0,0.0,0.0,0.0,3.769230769230769,0.0,0.0,1.4615384615384615,15.384615384615385,0.15384615384615385,0.0,0.0,3.769230769230769
849,Jalen Tolbert,Dal,WR,W 41-35,2.7,Sea,Home,68.0,12-05-23,13,False,0,105,8,28,1,5.78,0.0,0.0,2.0,25.8,0.2,0.0,0.0,0.0,51.7,0.0,0.0,20.0,217.0,2.0,0.0,0.0,0.0,3.692857142857143,0.0,0.0,1.4285714285714286,15.5,0.14285714285714285,0.0,0.0,3.692857142857143
1188,Jalen Tolbert,Dal,WR,W 33-13,0.0,Phi,Home,134.0,12-12-23,14,False,0,105,8,25,1,3.0,0.0,0.0,1.4,16.0,0.0,0.0,0.0,0.0,51.7,0.0,0.0,20.0,217.0,2.0,0.0,0.0,0.0,3.4466666666666668,0.0,0.0,1.3333333333333333,14.466666666666667,0.13333333333333333,0.0,0.0,3.4466666666666668
2336,Jalen Tolbert,Dal,WR,L 10-31,0.0,Buf,Away,140.0,12-19-23,15,False,0,105,8,3,0,2.56,0.0,0.0,1.0,15.6,0.0,0.0,0.0,0.0,51.7,0.0,0.0,20.0,217.0,2.0,0.0,0.0,0.0,3.23125,0.0,0.0,1.25,13.5625,0.125,0.0,0.0,3.23125
1762,Jalen Tolbert,Dal,WR,L 20-22,7.1,Mia,Away,63.0,12-26-23,16,False,0,105,8,19,0,3.34,0.0,0.0,1.0,23.4,0.0,0.0,0.0,0.0,58.800000000000004,0.0,0.0,22.0,268.0,2.0,0.0,0.0,0.0,3.458823529411765,0.0,0.0,1.2941176470588236,15.764705882352942,0.11764705882352941,0.0,0.0,3.458823529411765
1934,Jalin Hyatt,NYG,WR,L 25-26,5.5,LAR,Home,67.0,01-02-24,17,False,0,106,23,17,1,5.5,0.0,0.0,3.0,25.0,0.0,0.0,0.0,0.0,5.5,0.0,0.0,3.0,25.0,0.0,0.0,0.0,0.0,5.5,0.0,0.0,3.0,25.0,0.0,0.0,0.0,5.5
1327,Jalin Hyatt,NYG,WR,W 27-10,1.5,Phi,Home,107.0,01-09-24,18,False,0,106,23,25,1,3.5,0.0,0.0,2.0,15.0,0.0,0.0,0.0,0.0,7.0,0.0,0.0,4.0,30.0,0.0,0.0,0.0,0.0,3.5,0.0,0.0,2.0,15.0,0.0,0.0,0.0,3.5
274,Jalin Hyatt,NYG,WR,L 0-40,0.0,Dal,Home,135.0,09-12-23,1,False,0,106,23,8,1,2.3333333333333335,0.0,0.0,1.3333333333333333,10.0,0.0,0.0,0.0,0.0,7.0,0.0,0.0,4.0,30.0,0.0,0.0,0.0,0.0,2.3333333333333335,0.0,0.0,1.3333333333333333,10.0,0.0,0.0,0.0,2.3333333333333335
2085,Jalin Hyatt,NYG,WR,W 31-28,10.9,Ari,Away,50.0,09-19-23,2,False,0,106,23,0,0,4.475,0.0,0.0,1.5,29.75,0.0,0.0,0.0,0.0,17.9,0.0,0.0,6.0,119.0,0.0,0.0,0.0,0.0,4.475,0.0,0.0,1.5,29.75,0.0,0.0,0.0,4.475
443,Jalin Hyatt,NYG,WR,L 12-30,0.0,SF,Away,141.0,09-26-23,3,False,0,106,23,27,0,3.5799999999999996,0.0,0.0,1.2,23.8,0.0,0.0,0.0,0.0,17.9,0.0,0.0,6.0,119.0,0.0,0.0,0.0,0.0,3.5799999999999996,0.0,0.0,1.2,23.8,0.0,0.0,0.0,3.5799999999999996
89,Jalin Hyatt,NYG,WR,L 3-24,3.0,Sea,Home,90.5,10-03-23,4,False,0,106,23,28,1,3.08,0.0,0.0,1.0,20.8,0.0,0.0,0.0,0.0,20.9,0.0,0.0,8.0,129.0,0.0,0.0,0.0,0.0,3.483333333333333,0.0,0.0,1.3333333333333333,21.5,0.0,0.0,0.0,3.483333333333333
598,Jalin Hyatt,NYG,WR,L 16-31,0.0,Mia,Away,124.5,10-10-23,5,False,0,106,23,19,0,2.7800000000000002,0.0,0.0,0.8,19.8,0.0,0.0,0.0,0.0,20.9,0.0,0.0,8.0,129.0,0.0,0.0,0.0,0.0,2.9857142857142853,0.0,0.0,1.1428571428571428,18.428571428571427,0.0,0.0,0.0,2.9857142857142853
2739,Jalin Hyatt,NYG,WR,L 9-14,5.1,Buf,Away,68.0,10-17-23,6,False,0,106,23,3,0,3.8,0.0,0.0,1.4,24.0,0.0,0.0,0.0,0.0,26.0,0.0,0.0,11.0,150.0,0.0,0.0,0.0,0.0,3.25,0.0,0.0,1.375,18.75,0.0,0.0,0.0,3.25
2579,Jalin Hyatt,NYG,WR,W 14-7,9.5,Wsh,Home,41.5,10-24-23,7,False,0,106,23,31,1,3.5200000000000005,0.0,0.0,1.4,21.2,0.0,0.0,0.0,0.0,35.5,0.0,0.0,13.0,225.0,0.0,0.0,0.0,0.0,3.9444444444444446,0.0,0.0,1.4444444444444444,25.0,0.0,0.0,0.0,3.9444444444444446
2489,Jalin Hyatt,NYG,WR,L 10-13,0.0,NYJ,Home,138.0,10-31-23,8,False,0,106,23,24,1,3.5200000000000005,0.0,0.0,1.4,21.2,0.0,0.0,0.0,0.0,35.5,0.0,0.0,13.0,225.0,0.0,0.0,0.0,0.0,3.55,0.0,0.0,1.3,22.5,0.0,0.0,0.0,3.55
986,Jalin Hyatt,NYG,WR,L 6-30,3.9,LV,Away,70.0,11-07-23,9,False,0,106,23,18,0,3.7,0.0,0.0,1.4,23.0,0.0,0.0,0.0,0.0,39.4,0.0,0.0,15.0,244.0,0.0,0.0,0.0,0.0,3.5818181818181816,0.0,0.0,1.3636363636363635,22.181818181818183,0.0,0.0,0.0,3.5818181818181816
1491,Jalin Hyatt,NYG,WR,L 17-49,0.0,Dal,Away,123.5,11-14-23,10,False,0,106,23,8,0,3.7,0.0,0.0,1.4,23.0,0.0,0.0,0.0,0.0,39.4,0.0,0.0,15.0,244.0,0.0,0.0,0.0,0.0,3.283333333333333,0.0,0.0,1.25,20.333333333333332,0.0,0.0,0.0,3.283333333333333
724,Jalin Hyatt,NYG,WR,W 31-19,1.7,Wsh,Away,94.5,11-21-23,11,False,0,106,23,31,0,3.02,0.0,0.0,1.0,20.2,0.0,0.0,0.0,0.0,41.1,0.0,0.0,16.0,251.0,0.0,0.0,0.0,0.0,3.161538461538462,0.0,0.0,1.2307692307692308,19.307692307692307,0.0,0.0,0.0,3.161538461538462
1552,Jalin Hyatt,NYG,WR,W 10-7,15.9,NE,Home,24.0,11-28-23,12,False,0,106,23,21,1,4.3,0.0,0.0,1.6,27.0,0.0,0.0,0.0,0.0,57.0,0.0,0.0,21.0,360.0,0.0,0.0,0.0,0.0,4.071428571428571,0.0,0.0,1.5,25.714285714285715,0.0,0.0,0.0,4.071428571428571
1145,Jalin Hyatt,NYG,WR,W 24-22,3.3,GB,Home,83.0,12-12-23,14,False,0,106,23,11,1,4.96,0.0,0.0,2.0,29.6,0.0,0.0,0.0,0.0,60.3,0.0,0.0,23.0,373.0,0.0,0.0,0.0,0.0,4.02,0.0,0.0,1.5333333333333334,24.866666666666667,0.0,0.0,0.0,4.02
2325,Jalin Hyatt,NYG,WR,L 6-24,0.0,NO,Away,140.0,12-19-23,15,False,0,106,23,22,0,4.180000000000001,0.0,0.0,1.6,25.8,0.0,0.0,0.0,0.0,60.3,0.0,0.0,23.0,373.0,0.0,0.0,0.0,0.0,3.76875,0.0,0.0,1.4375,23.3125,0.0,0.0,0.0,3.76875
1829,Jalin Hyatt,NYG,WR,L 25-33,0.0,Phi,Away,144.5,12-26-23,16,False,0,106,23,25,0,4.180000000000001,0.0,0.0,1.6,25.8,0.0,0.0,0.0,0.0,60.3,0.0,0.0,23.0,373.0,0.0,0.0,0.0,0.0,3.5470588235294116,0.0,0.0,1.3529411764705883,21.941176470588236,0.0,0.0,0.0,3.5470588235294116
1921,Jamal Agnew,Jax,WR,W 26-0,7.3,Car,Home,53.0,01-02-24,17,False,0,107,14,4,1,7.3,0.0,0.0,2.0,53.0,0.0,0.0,0.0,0.0,7.3,0.0,0.0,2.0,53.0,0.0,0.0,0.0,0.0,7.3,0.0,0.0,2.0,53.0,0.0,0.0,0.0,7.3
323,Jamal Agnew,Jax,WR,W 31-21,-0.2,Ind,Away,162.0,09-12-23,1,False,0,107,14,13,0,3.55,0.0,0.0,1.0,26.5,0.0,1.0,-1.0,0.0,7.1,0.0,0.0,2.0,53.0,0.0,2.0,-2.0,0.0,3.55,0.0,0.0,1.0,26.5,0.0,1.0,-1.0,3.55
2147,Jamal Agnew,Jax,WR,L 9-17,1.5,KC,Home,113.0,09-19-23,2,False,0,107,14,15,1,2.8666666666666667,0.0,0.0,1.0,19.333333333333332,0.0,0.6666666666666666,-0.6666666666666666,0.0,8.6,0.0,0.0,3.0,58.0,0.0,2.0,-2.0,0.0,2.8666666666666667,0.0,0.0,1.0,19.333333333333332,0.0,0.6666666666666666,-0.6666666666666666,2.8666666666666667
391,Jamal Agnew,Jax,WR,L 17-37,6.9,Hou,Home,67.5,09-26-23,3,False,0,107,14,12,1,3.875,0.0,0.0,1.75,26.75,0.0,0.5,-0.5,0.0,15.5,0.0,0.0,7.0,107.0,0.0,2.0,-2.0,0.0,3.875,0.0,0.0,1.75,26.75,0.0,0.5,-0.5,3.875
594,Jamal Agnew,Jax,WR,W 25-20,0.1,Buf,Away,107.0,10-10-23,5,False,0,107,14,3,0,3.12,0.0,0.0,1.4,21.4,0.0,0.6,-0.2,0.0,15.6,0.0,0.0,7.0,107.0,0.0,3.0,-1.0,0.0,3.12,0.0,0.0,1.4,21.4,0.0,0.6,-0.2,3.12
2786,Jamal Agnew,Jax,WR,W 37-20,0.0,Ind,Home,128.0,10-17-23,6,False,0,107,14,13,1,1.6600000000000001,0.0,0.0,1.0,10.8,0.0,0.6,-0.2,0.0,15.6,0.0,0.0,7.0,107.0,0.0,3.0,-1.0,0.0,2.6,0.0,0.0,1.1666666666666667,17.833333333333332,0.0,0.5,-0.16666666666666666,2.6
2587,Jamal Agnew,Jax,WR,W 31-24,7.5,NO,Away,49.5,10-24-23,7,False,0,107,14,22,0,3.2,0.0,0.0,1.8,18.0,0.0,0.4,0.0,0.0,23.1,0.0,0.0,11.0,143.0,0.0,4.0,-2.0,0.0,3.3000000000000003,0.0,0.0,1.5714285714285714,20.428571428571427,0.0,0.5714285714285714,-0.2857142857142857,3.3000000000000003
2498,Jamal Agnew,Jax,WR,W 20-10,0.0,Pit,Away,138.0,10-31-23,8,False,0,107,14,26,0,2.9,0.0,0.0,1.6,17.0,0.0,0.4,0.0,0.0,23.1,0.0,0.0,11.0,143.0,0.0,4.0,-2.0,0.0,2.8875,0.0,0.0,1.375,17.875,0.0,0.5,-0.25,2.8875
1497,Jamal Agnew,Jax,WR,L 3-34,0.0,SF,Home,123.5,11-14-23,10,False,0,107,14,27,1,1.52,0.0,0.0,0.8,7.2,0.0,0.4,0.0,0.0,23.1,0.0,0.0,11.0,143.0,0.0,4.0,-2.0,0.0,2.566666666666667,0.0,0.0,1.2222222222222223,15.88888888888889,0.0,0.4444444444444444,-0.2222222222222222,2.566666666666667
2227,Jamal Agnew,Jax,WR,L 7-23,15.0,Bal,Home,23.0,12-19-23,15,False,0,107,14,2,1,4.5,0.0,0.0,1.2,21.2,0.2,0.2,-0.2,0.0,38.1,0.0,0.0,13.0,213.0,1.0,4.0,-2.0,0.0,3.81,0.0,0.0,1.3,21.3,0.1,0.4,-0.2,3.81
1799,Jamal Agnew,Jax,WR,L 12-30,2.2,TB,Away,99.5,12-26-23,16,False,0,107,14,29,0,4.9399999999999995,0.0,0.0,1.4,23.6,0.2,0.2,-0.2,0.0,40.3,0.0,0.0,14.0,225.0,1.0,4.0,-2.0,0.0,3.6636363636363636,0.0,0.0,1.2727272727272727,20.454545454545453,0.09090909090909091,0.36363636363636365,-0.18181818181818182,3.6636363636363636
2024,James Proche II,Cle,WR,W 37-20,0.0,NYJ,Home,137.5,01-02-24,17,False,0,108,7,24,1,0.0,0.0,0.0,0.0,0.0,0.0,0.0,0.0,0.0,0.0,0.0,0.0,0.0,0.0,0.0,0.0,0.0,0.0,0.0,0.0,0.0,0.0,0.0,0.0,0.0,0.0,0.0
1372,James Proche II,Cle,WR,L 14-31,0.0,Cin,Away,142.5,01-09-24,18,False,0,108,7,6,0,0.0,0.0,0.0,0.0,0.0,0.0,0.0,0.0,0.0,0.0,0.0,0.0,0.0,0.0,0.0,0.0,0.0,0.0,0.0,0.0,0.0,0.0,0.0,0.0,0.0,0.0,0.0
1057,James Proche II,Cle,WR,W 27-0,0.0,Ari,Home,126.5,11-07-23,9,False,0,108,7,0,1,0.0,0.0,0.0,0.0,0.0,0.0,0.0,0.0,0.0,0.0,0.0,0.0,0.0,0.0,0.0,0.0,0.0,0.0,0.0,0.0,0.0,0.0,0.0,0.0,0.0,0.0,0.0
1528,James Proche II,Cle,WR,W 33-31,-2.0,Bal,Away,144.0,11-14-23,10,False,0,108,7,2,0,-0.5,0.0,0.0,0.0,0.0,0.0,0.0,0.0,0.0,-2.0,0.0,0.0,0.0,0.0,0.0,0.0,0.0,0.0,-0.5,0.0,0.0,0.0,0.0,0.0,0.0,0.0,-0.5
772,James Proche II,Cle,WR,W 13-10,0.0,Pit,Home,126.0,11-21-23,11,False,0,108,7,26,1,-0.4,0.0,0.0,0.0,0.0,0.0,0.0,0.0,0.0,-2.0,0.0,0.0,0.0,0.0,0.0,0.0,0.0,0.0,-0.4,0.0,0.0,0.0,0.0,0.0,0.0,0.0,-0.4
1693,James Proche II,Cle,WR,L 12-29,0.0,Den,Away,149.0,11-28-23,12,False,0,108,7,9,0,-0.4,0.0,0.0,0.0,0.0,0.0,0.0,0.0,0.0,-2.0,0.0,0.0,0.0,0.0,0.0,0.0,0.0,0.0,-0.3333333333333333,0.0,0.0,0.0,0.0,0.0,0.0,0.0,-0.3333333333333333
911,James Proche II,Cle,WR,L 19-36,0.0,LAR,Away,113.0,12-05-23,13,False,0,108,7,17,0,-0.4,0.0,0.0,0.0,0.0,0.0,0.0,0.0,0.0,-2.0,0.0,0.0,0.0,0.0,0.0,0.0,0.0,0.0,-0.2857142857142857,0.0,0.0,0.0,0.0,0.0,0.0,0.0,-0.2857142857142857
1215,James Proche II,Cle,WR,W 31-27,0.0,Jax,Home,134.0,12-12-23,14,False,0,108,7,14,1,-0.4,0.0,0.0,0.0,0.0,0.0,0.0,0.0,0.0,-2.0,0.0,0.0,0.0,0.0,0.0,0.0,0.0,0.0,-0.25,0.0,0.0,0.0,0.0,0.0,0.0,0.0,-0.25
2363,James Proche II,Cle,WR,W 20-17,0.0,Chi,Home,140.0,12-19-23,15,False,0,108,7,5,1,0.0,0.0,0.0,0.0,0.0,0.0,0.0,0.0,0.0,-2.0,0.0,0.0,0.0,0.0,0.0,0.0,0.0,0.0,-0.2222222222222222,0.0,0.0,0.0,0.0,0.0,0.0,0.0,-0.2222222222222222
1857,James Proche II,Cle,WR,W 36-22,0.0,Hou,Away,144.5,12-26-23,16,False,0,108,7,12,0,0.0,0.0,0.0,0.0,0.0,0.0,0.0,0.0,0.0,-2.0,0.0,0.0,0.0,0.0,0.0,0.0,0.0,0.0,-0.2,0.0,0.0,0.0,0.0,0.0,0.0,0.0,-0.2
1910,Jameson Williams,Det,WR,L 19-20,9.5,Dal,Away,43.0,01-02-24,17,False,0,109,10,8,0,9.5,0.0,0.0,2.0,69.0,0.0,1.0,6.0,0.0,9.5,0.0,0.0,2.0,69.0,0.0,1.0,6.0,0.0,9.5,0.0,0.0,2.0,69.0,0.0,1.0,6.0,9.5
571,Jameson Williams,Det,WR,W 42-24,2.2,Car,Home,84.5,10-10-23,5,False,0,109,10,4,1,5.85,0.0,0.0,2.0,35.5,0.0,0.5,3.0,0.0,11.7,0.0,0.0,4.0,71.0,0.0,1.0,6.0,0.0,5.85,0.0,0.0,2.0,35.5,0.0,0.5,3.0,5.85
2700,Jameson Williams,Det,WR,W 20-6,13.3,TB,Away,29.0,10-17-23,6,False,0,109,10,29,0,8.333333333333334,0.0,0.0,2.0,41.333333333333336,0.3333333333333333,0.3333333333333333,2.0,0.0,25.0,0.0,0.0,6.0,124.0,1.0,1.0,6.0,0.0,8.333333333333334,0.0,0.0,2.0,41.333333333333336,0.3333333333333333,0.3333333333333333,2.0,8.333333333333334
2637,Jameson Williams,Det,WR,L 6-38,0.0,Bal,Away,116.0,10-24-23,7,False,0,109,10,2,0,6.25,0.0,0.0,1.5,31.0,0.25,0.25,1.5,0.0,25.0,0.0,0.0,6.0,124.0,1.0,1.0,6.0,0.0,6.25,0.0,0.0,1.5,31.0,0.25,0.25,1.5,6.25
2463,Jameson Williams,Det,WR,W 26-14,3.6,LV,Home,91.0,10-31-23,8,False,0,109,10,18,1,5.720000000000001,0.0,0.0,1.6,28.0,0.2,0.2,1.2,0.0,28.6,0.0,0.0,8.0,140.0,1.0,1.0,6.0,0.0,5.720000000000001,0.0,0.0,1.6,28.0,0.2,0.2,1.2,5.720000000000001
1454,Jameson Williams,Det,WR,W 41-38,3.8,LAC,Away,69.5,11-14-23,10,False,0,109,10,16,0,4.58,0.0,0.0,1.6,17.8,0.2,0.0,0.0,0.0,32.4,0.0,0.0,10.0,158.0,1.0,1.0,6.0,0.0,5.3999999999999995,0.0,0.0,1.6666666666666667,26.333333333333332,0.16666666666666666,0.16666666666666666,1.0,5.3999999999999995
657,Jameson Williams,Det,WR,W 31-26,12.4,Chi,Home,25.5,11-21-23,11,False,0,109,10,5,1,6.62,0.0,0.0,1.6,26.2,0.4,0.0,0.0,0.0,44.8,0.0,0.0,12.0,202.0,2.0,1.0,6.0,0.0,6.3999999999999995,0.0,0.0,1.7142857142857142,28.857142857142858,0.2857142857142857,0.14285714285714285,0.8571428571428571,6.3999999999999995
1588,Jameson Williams,Det,WR,L 22-29,7.1,GB,Home,60.0,11-28-23,12,False,0,109,10,11,1,5.38,0.0,0.0,1.6,25.8,0.2,0.0,0.0,0.0,51.9,0.0,0.0,14.0,253.0,2.0,1.0,6.0,0.0,6.4875,0.0,0.0,1.75,31.625,0.25,0.125,0.75,6.4875
819,Jameson Williams,Det,WR,W 33-28,10.0,NO,Away,38.0,12-05-23,13,False,0,109,10,22,0,7.38,0.0,0.0,1.8,28.0,0.2,0.2,3.8,0.2,61.9,0.0,0.0,15.0,264.0,2.0,2.0,25.0,1.0,6.877777777777777,0.0,0.0,1.6666666666666667,29.333333333333332,0.2222222222222222,0.2222222222222222,2.7777777777777777,6.877777777777777
1173,Jameson Williams,Det,WR,L 13-28,0.4,Chi,Away,110.0,12-12-23,14,False,0,109,10,5,0,6.739999999999999,0.0,0.0,1.4,24.8,0.2,0.4,4.6,0.2,62.3,0.0,0.0,15.0,264.0,2.0,3.0,29.0,1.0,6.2299999999999995,0.0,0.0,1.5,26.4,0.2,0.3,2.9,6.2299999999999995
2250,Jameson Williams,Det,WR,W 42-17,8.7,Den,Home,46.0,12-19-23,15,False,0,109,10,9,1,7.720000000000001,0.0,0.0,1.8,30.6,0.2,0.4,4.6,0.2,71.0,0.0,0.0,19.0,311.0,2.0,3.0,29.0,1.0,6.454545454545454,0.0,0.0,1.7272727272727273,28.272727272727273,0.18181818181818182,0.2727272727272727,2.6363636363636362,6.454545454545454
1745,Jameson Williams,Det,WR,W 30-24,9.3,Min,Away,46.0,12-26-23,16,False,0,109,10,20,0,7.1,0.0,0.0,2.4,30.4,0.0,0.4,4.6,0.2,80.3,0.0,0.0,24.0,354.0,2.0,3.0,29.0,1.0,6.691666666666666,0.0,0.0,2.0,29.5,0.16666666666666666,0.25,2.4166666666666665,6.691666666666666
1997,Jamison Crowder,Wsh,WR,L 10-27,0.0,SF,Home,137.5,01-02-24,17,False,0,110,31,27,1,0.0,0.0,0.0,0.0,0.0,0.0,0.0,0.0,0.0,0.0,0.0,0.0,0.0,0.0,0.0,0.0,0.0,0.0,0.0,0.0,0.0,0.0,0.0,0.0,0.0,0.0,0.0
1320,Jamison Crowder,Wsh,WR,L 10-38,1.8,Dal,Home,100.0,01-09-24,18,False,0,110,31,8,1,0.9,0.0,0.0,0.5,4.0,0.0,0.0,0.0,0.0,1.8,0.0,0.0,1.0,8.0,0.0,0.0,0.0,0.0,0.9,0.0,0.0,0.5,4.0,0.0,0.0,0.0,0.9
314,Jamison Crowder,Wsh,WR,W 20-16,0.0,Ari,Home,135.0,09-12-23,1,False,0,110,31,0,1,0.6,0.0,0.0,0.3333333333333333,2.6666666666666665,0.0,0.0,0.0,0.0,1.8,0.0,0.0,1.0,8.0,0.0,0.0,0.0,0.0,0.6,0.0,0.0,0.3333333333333333,2.6666666666666665,0.0,0.0,0.0,0.6
2192,Jamison Crowder,Wsh,WR,W 35-33,0.0,Den,Away,145.0,09-19-23,2,False,0,110,31,9,0,0.45,0.0,0.0,0.25,2.0,0.0,0.0,0.0,0.0,1.8,0.0,0.0,1.0,8.0,0.0,0.0,0.0,0.0,0.45,0.0,0.0,0.25,2.0,0.0,0.0,0.0,0.45
475,Jamison Crowder,Wsh,WR,L 3-37,0.0,Buf,Home,141.0,09-26-23,3,False,0,110,31,3,1,0.36,0.0,0.0,0.2,1.6,0.0,0.0,0.0,0.0,1.8,0.0,0.0,1.0,8.0,0.0,0.0,0.0,0.0,0.36,0.0,0.0,0.2,1.6,0.0,0.0,0.0,0.36
149,Jamison Crowder,Wsh,WR,L 31-34,0.0,Phi,Away,143.0,10-03-23,4,False,0,110,31,25,0,0.36,0.0,0.0,0.2,1.6,0.0,0.0,0.0,0.0,1.8,0.0,0.0,1.0,8.0,0.0,0.0,0.0,0.0,0.3,0.0,0.0,0.16666666666666666,1.3333333333333333,0.0,0.0,0.0,0.3
553,Jamison Crowder,Wsh,WR,L 20-40,4.1,Chi,Home,66.0,10-10-23,5,False,0,110,31,5,1,0.82,0.0,0.0,0.4,4.2,0.0,0.0,0.0,0.0,5.8999999999999995,0.0,0.0,3.0,29.0,0.0,0.0,0.0,0.0,0.8428571428571427,0.0,0.0,0.42857142857142855,4.142857142857143,0.0,0.0,0.0,0.8428571428571427
2814,Jamison Crowder,Wsh,WR,W 24-16,0.0,Atl,Away,128.0,10-17-23,6,False,0,110,31,1,0,0.82,0.0,0.0,0.4,4.2,0.0,0.0,0.0,0.0,5.8999999999999995,0.0,0.0,3.0,29.0,0.0,0.0,0.0,0.0,0.7374999999999999,0.0,0.0,0.375,3.625,0.0,0.0,0.0,0.7374999999999999
2646,Jamison Crowder,Wsh,WR,L 7-14,0.0,NYG,Away,116.0,10-24-23,7,False,0,110,31,23,0,0.82,0.0,0.0,0.4,4.2,0.0,0.0,0.0,0.0,5.8999999999999995,0.0,0.0,3.0,29.0,0.0,0.0,0.0,0.0,0.6555555555555554,0.0,0.0,0.3333333333333333,3.2222222222222223,0.0,0.0,0.0,0.6555555555555554
2383,Jamison Crowder,Wsh,WR,L 31-38,22.5,Phi,Home,11.0,10-31-23,8,False,0,110,31,25,1,5.32,0.0,0.0,1.8,23.2,0.2,0.0,0.0,0.0,28.4,0.0,0.0,10.0,124.0,1.0,0.0,0.0,0.0,2.84,0.0,0.0,1.0,12.4,0.1,0.0,0.0,2.84
969,Jamison Crowder,Wsh,WR,W 20-17,6.3,NE,Away,53.0,11-07-23,9,False,0,110,31,21,0,6.58,0.0,0.0,2.6,27.8,0.2,0.0,0.0,0.0,34.699999999999996,0.0,0.0,14.0,147.0,1.0,0.0,0.0,0.0,3.1545454545454543,0.0,0.0,1.2727272727272727,13.363636363636363,0.09090909090909091,0.0,0.0,3.1545454545454543
1496,Jamison Crowder,Wsh,WR,L 26-29,0.0,Sea,Away,123.5,11-14-23,10,False,0,110,31,28,0,5.76,0.0,0.0,2.2,23.6,0.2,0.0,0.0,0.0,34.699999999999996,0.0,0.0,14.0,147.0,1.0,0.0,0.0,0.0,2.891666666666666,0.0,0.0,1.1666666666666667,12.25,0.08333333333333333,0.0,0.0,2.891666666666666
710,Jamison Crowder,Wsh,WR,L 19-31,3.2,NYG,Home,77.5,11-21-23,11,False,0,110,31,23,1,6.4,0.0,0.0,2.6,26.0,0.2,0.0,0.0,0.0,37.9,0.0,0.0,16.0,159.0,1.0,0.0,0.0,0.0,2.9153846153846152,0.0,0.0,1.2307692307692308,12.23076923076923,0.07692307692307693,0.0,0.0,2.9153846153846152
1662,Jamison Crowder,Wsh,WR,L 10-45,0.0,Dal,Away,149.0,11-28-23,12,False,0,110,31,8,0,6.4,0.0,0.0,2.6,26.0,0.2,0.0,0.0,0.0,37.9,0.0,0.0,16.0,159.0,1.0,0.0,0.0,0.0,2.707142857142857,0.0,0.0,1.1428571428571428,11.357142857142858,0.07142857142857142,0.0,0.0,2.707142857142857
893,Jamison Crowder,Wsh,WR,L 15-45,0.0,Mia,Home,113.0,12-05-23,13,False,0,110,31,19,1,1.9000000000000008,0.0,0.0,1.2,7.0,0.0,0.0,0.0,0.0,37.9,0.0,0.0,16.0,159.0,1.0,0.0,0.0,0.0,2.5266666666666664,0.0,0.0,1.0666666666666667,10.6,0.06666666666666667,0.0,0.0,2.5266666666666664
2343,Jamison Crowder,Wsh,WR,L 20-28,0.0,LAR,Away,140.0,12-19-23,15,False,0,110,31,17,0,0.6400000000000008,0.0,0.0,0.4,2.4,0.0,0.0,0.0,0.0,37.9,0.0,0.0,16.0,159.0,1.0,0.0,0.0,0.0,2.36875,0.0,0.0,1.0,9.9375,0.0625,0.0,0.0,2.36875
1867,Jamison Crowder,Wsh,WR,L 28-30,-2.0,NYJ,Away,167.5,12-26-23,16,False,0,110,31,24,0,0.24000000000000074,0.0,0.0,0.4,2.4,0.0,0.0,0.0,0.0,35.9,0.0,0.0,16.0,159.0,1.0,0.0,0.0,0.0,2.111764705882353,0.0,0.0,0.9411764705882353,9.352941176470589,0.058823529411764705,0.0,0.0,2.111764705882353
1939,Jason Brownlee,NYJ,WR,L 20-37,4.8,Cle,Away,72.0,01-02-24,17,False,0,111,24,7,0,4.8,0.0,0.0,2.0,28.0,0.0,0.0,0.0,0.0,4.8,0.0,0.0,2.0,28.0,0.0,0.0,0.0,0.0,4.8,0.0,0.0,2.0,28.0,0.0,0.0,0.0,4.8
1360,Jason Brownlee,NYJ,WR,W 17-3,0.0,NE,Away,142.5,01-09-24,18,False,0,111,24,21,0,2.4,0.0,0.0,1.0,14.0,0.0,0.0,0.0,0.0,4.8,0.0,0.0,2.0,28.0,0.0,0.0,0.0,0.0,2.4,0.0,0.0,1.0,14.0,0.0,0.0,0.0,2.4
2804,Jason Brownlee,NYJ,WR,W 20-14,0.0,Phi,Home,128.0,10-17-23,6,False,0,111,24,25,1,1.5999999999999999,0.0,0.0,0.6666666666666666,9.333333333333334,0.0,0.0,0.0,0.0,4.8,0.0,0.0,2.0,28.0,0.0,0.0,0.0,0.0,1.5999999999999999,0.0,0.0,0.6666666666666666,9.333333333333334,0.0,0.0,0.0,1.5999999999999999
2516,Jason Brownlee,NYJ,WR,W 13-10,0.0,NYG,Away,138.0,10-31-23,8,False,0,111,24,23,0,1.2,0.0,0.0,0.5,7.0,0.0,0.0,0.0,0.0,4.8,0.0,0.0,2.0,28.0,0.0,0.0,0.0,0.0,1.2,0.0,0.0,0.5,7.0,0.0,0.0,0.0,1.2
760,Jason Brownlee,NYJ,WR,L 6-32,0.0,Buf,Away,126.0,11-21-23,11,False,0,111,24,3,0,0.96,0.0,0.0,0.4,5.6,0.0,0.0,0.0,0.0,4.8,0.0,0.0,2.0,28.0,0.0,0.0,0.0,0.0,0.96,0.0,0.0,0.4,5.6,0.0,0.0,0.0,0.96
1614,Jason Brownlee,NYJ,WR,L 13-34,4.0,Mia,Home,85.0,11-28-23,12,False,0,111,24,19,1,0.8,0.0,0.0,0.4,4.0,0.0,0.0,0.0,0.0,8.8,0.0,0.0,4.0,48.0,0.0,0.0,0.0,0.0,1.4666666666666668,0.0,0.0,0.6666666666666666,8.0,0.0,0.0,0.0,1.4666666666666668
896,Jason Brownlee,NYJ,WR,L 8-13,0.0,Atl,Home,113.0,12-05-23,13,False,0,111,24,1,1,0.8,0.0,0.0,0.4,4.0,0.0,0.0,0.0,0.0,8.8,0.0,0.0,4.0,48.0,0.0,0.0,0.0,0.0,1.2571428571428573,0.0,0.0,0.5714285714285714,6.857142857142857,0.0,0.0,0.0,1.2571428571428573
1753,Jason Brownlee,NYJ,WR,W 30-28,7.8,Wsh,Home,54.0,12-26-23,16,False,0,111,24,31,1,2.3600000000000003,0.0,0.0,0.6,5.6,0.2,0.0,0.0,0.0,16.6,0.0,0.0,5.0,56.0,1.0,0.0,0.0,0.0,2.075,0.0,0.0,0.625,7.0,0.125,0.0,0.0,2.075
278,Jauan Jennings,SF,WR,W 30-7,0.0,Pit,Away,135.0,09-12-23,1,False,0,112,27,26,0,0.0,0.0,0.0,0.0,0.0,0.0,0.0,0.0,0.0,0.0,0.0,0.0,0.0,0.0,0.0,0.0,0.0,0.0,0.0,0.0,0.0,0.0,0.0,0.0,0.0,0.0,0.0
2102,Jauan Jennings,SF,WR,W 30-23,7.1,LAR,Away,67.5,09-19-23,2,False,0,112,27,17,0,3.55,0.0,0.0,1.0,25.5,0.0,0.0,0.0,0.0,7.1,0.0,0.0,2.0,51.0,0.0,0.0,0.0,0.0,3.55,0.0,0.0,1.0,25.5,0.0,0.0,0.0,3.55
404,Jauan Jennings,SF,WR,W 30-12,5.1,NYG,Home,80.0,09-26-23,3,False,0,112,27,23,1,4.066666666666666,0.0,0.0,1.3333333333333333,27.333333333333332,0.0,0.0,0.0,0.0,12.2,0.0,0.0,4.0,82.0,0.0,0.0,0.0,0.0,4.066666666666666,0.0,0.0,1.3333333333333333,27.333333333333332,0.0,0.0,0.0,4.066666666666666
564,Jauan Jennings,SF,WR,W 42-10,2.9,Dal,Home,77.0,10-10-23,5,False,0,112,27,8,1,3.775,0.0,0.0,1.25,25.25,0.0,0.0,0.0,0.0,15.1,0.0,0.0,5.0,101.0,0.0,0.0,0.0,0.0,3.775,0.0,0.0,1.25,25.25,0.0,0.0,0.0,3.775
2743,Jauan Jennings,SF,WR,L 17-19,4.6,Cle,Away,72.0,10-17-23,6,False,0,112,27,7,0,3.94,0.0,0.0,1.4,25.4,0.0,0.0,0.0,0.0,19.7,0.0,0.0,7.0,127.0,0.0,0.0,0.0,0.0,3.94,0.0,0.0,1.4,25.4,0.0,0.0,0.0,3.94
2573,Jauan Jennings,SF,WR,L 17-22,10.4,Min,Away,36.0,10-24-23,7,False,0,112,27,20,0,6.0200000000000005,0.0,0.0,2.4,36.2,0.0,0.0,0.0,0.0,30.1,0.0,0.0,12.0,181.0,0.0,0.0,0.0,0.0,5.016666666666667,0.0,0.0,2.0,30.166666666666668,0.0,0.0,0.0,5.016666666666667
2492,Jauan Jennings,SF,WR,L 17-31,0.0,Cin,Home,138.0,10-31-23,8,False,0,112,27,6,1,4.6,0.0,0.0,2.0,26.0,0.0,0.0,0.0,0.0,30.1,0.0,0.0,12.0,181.0,0.0,0.0,0.0,0.0,4.3,0.0,0.0,1.7142857142857142,25.857142857142858,0.0,0.0,0.0,4.3
1480,Jauan Jennings,SF,WR,W 34-3,1.8,Jax,Away,96.0,11-14-23,10,False,0,112,27,14,0,3.94,0.0,0.0,1.8,21.4,0.0,0.0,0.0,0.0,31.9,0.0,0.0,13.0,189.0,0.0,0.0,0.0,0.0,3.9875,0.0,0.0,1.625,23.625,0.0,0.0,0.0,3.9875
743,Jauan Jennings,SF,WR,W 27-14,0.0,TB,Home,126.0,11-21-23,11,False,0,112,27,29,1,3.3600000000000003,0.0,0.0,1.6,17.6,0.0,0.0,0.0,0.0,31.9,0.0,0.0,13.0,189.0,0.0,0.0,0.0,0.0,3.5444444444444443,0.0,0.0,1.4444444444444444,21.0,0.0,0.0,0.0,3.5444444444444443
1639,Jauan Jennings,SF,WR,W 31-13,1.7,Sea,Away,110.0,11-28-23,12,False,0,112,27,28,0,2.7800000000000002,0.0,0.0,1.4,13.8,0.0,0.0,0.0,0.0,33.6,0.0,0.0,14.0,196.0,0.0,0.0,0.0,0.0,3.3600000000000003,0.0,0.0,1.4,19.6,0.0,0.0,0.0,3.3600000000000003
804,Jauan Jennings,SF,WR,W 42-19,13.4,Phi,Away,23.0,12-05-23,13,False,0,112,27,25,0,3.38,0.0,0.0,1.0,11.8,0.2,0.0,0.0,0.0,47.0,0.0,0.0,17.0,240.0,1.0,0.0,0.0,0.0,4.2727272727272725,0.0,0.0,1.5454545454545454,21.818181818181817,0.09090909090909091,0.0,0.0,4.2727272727272725
1184,Jauan Jennings,SF,WR,W 28-16,0.0,Sea,Home,134.0,12-12-23,14,False,0,112,27,28,1,3.38,0.0,0.0,1.0,11.8,0.2,0.0,0.0,0.0,47.0,0.0,0.0,17.0,240.0,1.0,0.0,0.0,0.0,3.9166666666666665,0.0,0.0,1.4166666666666667,20.0,0.08333333333333333,0.0,0.0,3.9166666666666665
2279,Jauan Jennings,SF,WR,W 45-29,4.5,Ari,Away,75.0,12-19-23,15,False,0,112,27,0,0,3.9200000000000004,0.0,0.0,1.2,15.2,0.2,0.0,0.0,0.0,51.5,0.0,0.0,19.0,265.0,1.0,0.0,0.0,0.0,3.9615384615384617,0.0,0.0,1.4615384615384615,20.384615384615383,0.07692307692307693,0.0,0.0,3.9615384615384617
1915,Jaxon Smith-Njigba,Sea,WR,L 23-30,8.2,Pit,Home,48.0,01-02-24,17,False,0,113,28,26,1,8.2,0.0,0.0,1.0,12.0,1.0,0.0,0.0,0.0,8.2,0.0,0.0,1.0,12.0,1.0,0.0,0.0,0.0,8.2,0.0,0.0,1.0,12.0,1.0,0.0,0.0,8.2
1292,Jaxon Smith-Njigba,Sea,WR,W 21-20,4.4,Ari,Away,71.0,01-09-24,18,False,0,113,28,0,0,6.3,0.0,0.0,2.0,13.0,0.5,0.0,0.0,0.0,12.6,0.0,0.0,4.0,26.0,1.0,0.0,0.0,0.0,6.3,0.0,0.0,2.0,13.0,0.5,0.0,0.0,6.3
238,Jaxon Smith-Njigba,Sea,WR,L 13-30,4.3,LAR,Home,77.0,09-12-23,1,False,0,113,28,17,1,5.633333333333333,0.0,0.0,2.3333333333333335,13.0,0.3333333333333333,0.0,0.0,0.0,16.9,0.0,0.0,7.0,39.0,1.0,0.0,0.0,0.0,5.633333333333333,0.0,0.0,2.3333333333333335,13.0,0.3333333333333333,0.0,0.0,5.633333333333333
2094,Jaxon Smith-Njigba,Sea,WR,W 37-31,8.4,Det,Away,59.0,09-19-23,2,False,0,113,28,10,0,6.325,0.0,0.0,3.0,18.25,0.25,0.0,0.0,0.0,25.3,0.0,0.0,12.0,73.0,1.0,0.0,0.0,0.0,6.325,0.0,0.0,3.0,18.25,0.25,0.0,0.0,6.325
425,Jaxon Smith-Njigba,Sea,WR,W 37-27,2.0,Car,Home,102.5,09-26-23,3,False,0,113,28,4,1,5.46,0.0,0.0,2.6,16.6,0.2,0.0,0.0,0.0,27.3,0.0,0.0,13.0,83.0,1.0,0.0,0.0,0.0,5.46,0.0,0.0,2.6,16.6,0.2,0.0,0.0,5.46
85,Jaxon Smith-Njigba,Sea,WR,W 24-3,3.5,NYG,Away,86.0,10-03-23,4,False,0,113,28,23,0,4.5200000000000005,0.0,0.0,3.0,15.2,0.0,0.0,0.0,0.0,30.8,0.0,0.0,16.0,88.0,1.0,0.0,0.0,0.0,5.133333333333334,0.0,0.0,2.6666666666666665,14.666666666666666,0.16666666666666666,0.0,0.0,5.133333333333334
2716,Jaxon Smith-Njigba,Sea,WR,L 13-17,8.8,Cin,Away,44.5,10-17-23,6,False,0,113,28,6,0,5.4,0.0,0.0,3.2,22.0,0.0,0.0,0.0,0.0,39.6,0.0,0.0,20.0,136.0,1.0,0.0,0.0,0.0,5.6571428571428575,0.0,0.0,2.857142857142857,19.428571428571427,0.14285714285714285,0.0,0.0,5.6571428571428575
2553,Jaxon Smith-Njigba,Sea,WR,W 20-10,16.3,Ari,Home,16.0,10-24-23,7,False,0,113,28,0,1,7.8,0.0,0.0,3.4,32.0,0.2,0.0,0.0,0.0,55.900000000000006,0.0,0.0,24.0,199.0,2.0,0.0,0.0,0.0,6.987500000000001,0.0,0.0,3.0,24.875,0.25,0.0,0.0,6.987500000000001
2406,Jaxon Smith-Njigba,Sea,WR,W 24-20,12.6,Cle,Home,34.5,10-31-23,8,False,0,113,28,7,1,8.64,0.0,0.0,3.0,32.4,0.4,0.0,0.0,0.0,68.5,0.0,0.0,27.0,235.0,3.0,0.0,0.0,0.0,7.611111111111111,0.0,0.0,3.0,26.11111111111111,0.3333333333333333,0.0,0.0,7.611111111111111
940,Jaxon Smith-Njigba,Sea,WR,L 3-37,12.3,Bal,Away,23.5,11-07-23,9,False,0,113,28,2,0,10.7,0.0,0.0,4.0,43.0,0.4,0.0,0.0,0.0,80.8,0.0,0.0,33.0,298.0,3.0,0.0,0.0,0.0,8.08,0.0,0.0,3.3,29.8,0.3,0.0,0.0,8.08
1422,Jaxon Smith-Njigba,Sea,WR,W 29-26,9.3,Wsh,Home,38.5,11-14-23,10,False,0,113,28,31,1,11.860000000000001,0.0,0.0,4.2,52.6,0.4,0.0,0.0,0.0,90.10000000000001,0.0,0.0,37.0,351.0,3.0,0.0,0.0,0.0,8.190909090909091,0.0,0.0,3.3636363636363638,31.90909090909091,0.2727272727272727,0.0,0.0,8.190909090909091
682,Jaxon Smith-Njigba,Sea,WR,L 16-17,7.0,LAR,Away,51.0,11-21-23,11,False,0,113,28,17,0,11.5,0.0,0.0,4.0,51.0,0.4,0.0,0.0,0.0,97.10000000000001,0.0,0.0,40.0,391.0,3.0,0.0,0.0,0.0,8.091666666666667,0.0,0.0,3.3333333333333335,32.583333333333336,0.25,0.0,0.0,8.091666666666667
1599,Jaxon Smith-Njigba,Sea,WR,L 13-31,6.1,SF,Home,71.0,11-28-23,12,False,0,113,28,27,1,9.459999999999999,0.0,0.0,3.6,46.6,0.2,0.0,0.0,0.0,103.2,0.0,0.0,42.0,432.0,3.0,0.0,0.0,0.0,7.938461538461539,0.0,0.0,3.230769230769231,33.23076923076923,0.23076923076923078,0.0,0.0,7.938461538461539
806,Jaxon Smith-Njigba,Sea,WR,L 35-41,13.2,Dal,Away,25.0,12-05-23,13,False,0,113,28,8,0,9.58,0.0,0.0,4.4,51.8,0.0,0.0,0.0,0.0,116.4,0.0,0.0,49.0,494.0,3.0,0.0,0.0,0.0,8.314285714285715,0.0,0.0,3.5,35.285714285714285,0.21428571428571427,0.0,0.0,8.314285714285715
1114,Jaxon Smith-Njigba,Sea,WR,L 16-28,6.5,SF,Away,51.0,12-12-23,14,False,0,113,28,27,0,8.42,0.0,0.0,4.0,44.2,0.0,0.0,0.0,0.0,122.9,0.0,0.0,53.0,519.0,3.0,0.0,0.0,0.0,8.193333333333333,0.0,0.0,3.533333333333333,34.6,0.2,0.0,0.0,8.193333333333333
2228,Jaxon Smith-Njigba,Sea,WR,W 20-17,14.8,Phi,Home,24.5,12-19-23,15,False,0,113,28,25,1,9.52,0.0,0.0,4.0,43.2,0.2,0.0,0.0,0.0,137.7,0.0,0.0,57.0,567.0,4.0,0.0,0.0,0.0,8.60625,0.0,0.0,3.5625,35.4375,0.25,0.0,0.0,8.60625
1732,Jaxon Smith-Njigba,Sea,WR,W 20-17,12.1,Ten,Away,33.5,12-26-23,16,False,0,113,28,30,0,10.54,0.0,0.0,4.6,47.4,0.2,0.0,0.0,0.0,149.8,0.0,0.0,63.0,628.0,4.0,0.0,0.0,0.0,8.811764705882354,0.0,0.0,3.7058823529411766,36.94117647058823,0.23529411764705882,0.0,0.0,8.811764705882354
1871,Jayden Reed,GB,WR,W 33-10,26.9,Min,Away,4.0,01-02-24,17,False,0,114,11,20,0,26.9,0.0,0.0,6.0,89.0,2.0,0.0,0.0,0.0,26.9,0.0,0.0,6.0,89.0,2.0,0.0,0.0,0.0,26.9,0.0,0.0,6.0,89.0,2.0,0.0,0.0,26.9
1246,Jayden Reed,GB,WR,W 17-9,15.2,Chi,Home,25.0,01-09-24,18,False,0,114,11,5,1,21.049999999999997,0.0,0.0,5.0,100.5,1.0,0.0,0.0,0.0,42.099999999999994,0.0,0.0,10.0,201.0,2.0,0.0,0.0,0.0,21.049999999999997,0.0,0.0,5.0,100.5,1.0,0.0,0.0,21.049999999999997
220,Jayden Reed,GB,WR,W 38-20,6.6,Chi,Away,58.5,09-12-23,1,False,0,114,11,5,0,16.23333333333333,0.0,0.0,4.0,83.0,0.6666666666666666,0.3333333333333333,-0.6666666666666666,0.0,48.699999999999996,0.0,0.0,12.0,249.0,2.0,1.0,-2.0,0.0,16.23333333333333,0.0,0.0,4.0,83.0,0.6666666666666666,0.3333333333333333,-0.6666666666666666,16.23333333333333
2055,Jayden Reed,GB,WR,L 24-25,19.7,Atl,Away,20.0,09-19-23,2,False,0,114,11,1,0,17.1,0.0,0.0,4.0,71.5,1.0,0.25,-0.5,0.0,68.4,0.0,0.0,16.0,286.0,4.0,1.0,-2.0,0.0,17.1,0.0,0.0,4.0,71.5,1.0,0.25,-0.5,17.1
373,Jayden Reed,GB,WR,W 18-17,9.3,NO,Home,50.0,09-26-23,3,False,0,114,11,22,1,15.540000000000001,0.0,0.0,3.8,69.8,0.8,0.2,-0.4,0.0,77.7,0.0,0.0,19.0,349.0,4.0,1.0,-2.0,0.0,15.540000000000001,0.0,0.0,3.8,69.8,0.8,0.2,-0.4,15.540000000000001
36,Jayden Reed,GB,WR,L 20-34,10.5,Det,Home,36.5,10-03-23,4,False,0,114,11,10,1,12.26,0.0,0.0,3.2,63.0,0.4,0.2,-0.4,0.0,88.2,0.0,0.0,22.0,404.0,4.0,1.0,-2.0,0.0,14.700000000000001,0.0,0.0,3.6666666666666665,67.33333333333333,0.6666666666666666,0.16666666666666666,-0.3333333333333333,14.700000000000001
583,Jayden Reed,GB,WR,L 13-17,1.7,LV,Away,96.5,10-10-23,5,False,0,114,11,18,0,9.559999999999999,0.0,0.0,2.6,42.0,0.4,0.2,-0.4,0.0,89.9,0.0,0.0,23.0,411.0,4.0,1.0,-2.0,0.0,12.842857142857143,0.0,0.0,3.2857142857142856,58.714285714285715,0.5714285714285714,0.14285714285714285,-0.2857142857142857,12.842857142857143
2569,Jayden Reed,GB,WR,L 17-19,11.1,Den,Away,32.0,10-24-23,7,False,0,114,11,9,0,10.46,0.0,0.0,2.8,36.6,0.6,0.0,0.0,0.0,101.0,0.0,0.0,26.0,432.0,5.0,1.0,-2.0,0.0,12.625,0.0,0.0,3.25,54.0,0.625,0.125,-0.25,12.625
2408,Jayden Reed,GB,WR,L 10-24,12.3,Min,Home,36.0,10-31-23,8,False,0,114,11,20,1,8.98,0.0,0.0,2.8,45.8,0.2,0.0,0.0,0.0,113.3,0.0,0.0,30.0,515.0,5.0,1.0,-2.0,0.0,12.588888888888889,0.0,0.0,3.3333333333333335,57.22222222222222,0.5555555555555556,0.1111111111111111,-0.2222222222222222,12.588888888888889
962,Jayden Reed,GB,WR,W 20-3,7.0,LAR,Home,46.5,11-07-23,9,False,0,114,11,17,1,8.52,0.0,0.0,2.8,37.0,0.2,0.2,4.2,0.0,120.3,0.0,0.0,33.0,534.0,5.0,2.0,19.0,0.0,12.03,0.0,0.0,3.3,53.4,0.5,0.2,1.9,12.03
1395,Jayden Reed,GB,WR,L 19-23,19.4,Pit,Away,11.0,11-14-23,10,False,0,114,11,26,0,10.299999999999999,0.0,0.0,3.2,42.8,0.4,0.2,4.2,0.0,139.7,0.0,0.0,38.0,618.0,6.0,2.0,19.0,0.0,12.7,0.0,0.0,3.4545454545454546,56.18181818181818,0.5454545454545454,0.18181818181818182,1.7272727272727273,12.7
642,Jayden Reed,GB,WR,W 23-20,19.2,LAC,Home,11.0,11-21-23,11,False,0,114,11,16,1,13.8,0.0,0.0,3.8,50.6,0.4,0.8,13.4,0.2,158.9,0.0,0.0,42.0,664.0,6.0,5.0,65.0,1.0,13.241666666666667,0.0,0.0,3.5,55.333333333333336,0.5,0.4166666666666667,5.416666666666667,13.241666666666667
1553,Jayden Reed,GB,WR,W 29-22,15.0,Det,Away,25.0,11-28-23,12,False,0,114,11,10,0,14.579999999999998,0.0,0.0,4.0,53.2,0.4,1.2,16.6,0.2,173.9,0.0,0.0,46.0,698.0,7.0,7.0,81.0,1.0,13.376923076923077,0.0,0.0,3.5384615384615383,53.69230769230769,0.5384615384615384,0.5384615384615384,6.230769230769231,13.376923076923077
831,Jayden Reed,GB,WR,W 27-19,5.6,KC,Home,50.0,12-05-23,13,False,0,114,11,15,1,13.24,0.0,0.0,4.0,39.8,0.4,1.2,16.6,0.2,179.5,0.0,0.0,50.0,714.0,7.0,7.0,81.0,1.0,12.821428571428571,0.0,0.0,3.5714285714285716,51.0,0.5,0.5,5.785714285714286,12.821428571428571
1069,Jayden Reed,GB,WR,L 22-24,20.5,NYG,Away,6.0,12-12-23,14,False,0,114,11,23,0,15.939999999999998,0.0,0.0,5.0,41.4,0.4,1.8,20.0,0.4,200.0,0.0,0.0,58.0,741.0,7.0,11.0,119.0,2.0,13.333333333333334,0.0,0.0,3.8666666666666667,49.4,0.4666666666666667,0.7333333333333333,7.933333333333334,13.333333333333334
2221,Jayden Reed,GB,WR,L 20-34,17.2,TB,Home,17.0,12-19-23,15,False,0,114,11,29,1,15.5,0.0,0.0,5.2,35.0,0.4,1.8,20.0,0.4,217.2,0.0,0.0,64.0,793.0,8.0,11.0,119.0,2.0,13.575,0.0,0.0,4.0,49.5625,0.5,0.6875,7.4375,13.575
192,Jaylen Waddle,Mia,WR,W 36-34,11.8,LAC,Away,31.0,09-12-23,1,False,0,115,19,16,0,11.8,0.0,0.0,4.0,78.0,0.0,0.0,0.0,0.0,11.8,0.0,0.0,4.0,78.0,0.0,0.0,0.0,0.0,11.8,0.0,0.0,4.0,78.0,0.0,0.0,0.0,11.8
2078,Jaylen Waddle,Mia,WR,W 24-17,12.4,NE,Away,43.5,09-19-23,2,False,0,115,19,21,0,12.100000000000001,0.0,0.0,4.0,82.0,0.0,0.5,-1.0,0.0,24.200000000000003,0.0,0.0,8.0,164.0,0.0,1.0,-2.0,0.0,12.100000000000001,0.0,0.0,4.0,82.0,0.0,0.5,-1.0,12.100000000000001
46,Jaylen Waddle,Mia,WR,L 20-48,8.6,Buf,Away,47.5,10-03-23,4,False,0,115,19,3,0,10.933333333333332,0.0,0.0,4.0,70.0,0.0,0.3333333333333333,-0.6666666666666666,0.0,32.8,0.0,0.0,12.0,210.0,0.0,1.0,-2.0,0.0,10.933333333333332,0.0,0.0,4.0,70.0,0.0,0.3333333333333333,-0.6666666666666666,10.933333333333332
507,Jaylen Waddle,Mia,WR,W 31-16,14.5,NYG,Home,20.0,10-10-23,5,False,0,115,19,23,1,11.825,0.0,0.0,4.25,61.25,0.25,0.25,-0.5,0.0,47.3,0.0,0.0,17.0,245.0,1.0,1.0,-2.0,0.0,11.825,0.0,0.0,4.25,61.25,0.25,0.25,-0.5,11.825
2684,Jaylen Waddle,Mia,WR,W 42-21,18.1,Car,Home,13.0,10-17-23,6,False,0,115,19,4,1,13.080000000000002,0.0,0.0,4.8,59.2,0.4,0.2,-0.4,0.0,65.4,0.0,0.0,24.0,296.0,2.0,1.0,-2.0,0.0,13.080000000000002,0.0,0.0,4.8,59.2,0.4,0.2,-0.4,13.080000000000002
2564,Jaylen Waddle,Mia,WR,L 17-31,12.3,Phi,Away,27.0,10-24-23,7,False,0,115,19,25,0,13.180000000000001,0.0,0.0,5.2,56.2,0.4,0.2,-0.4,0.0,77.7,0.0,0.0,30.0,359.0,2.0,1.0,-2.0,0.0,12.950000000000001,0.0,0.0,5.0,59.833333333333336,0.3333333333333333,0.16666666666666666,-0.3333333333333333,12.950000000000001
2378,Jaylen Waddle,Mia,WR,W 31-17,25.1,NE,Home,6.0,10-31-23,8,False,0,115,19,21,1,15.719999999999999,0.0,0.0,5.8,63.2,0.6,0.0,0.0,0.0,102.80000000000001,0.0,0.0,37.0,480.0,3.0,1.0,-2.0,0.0,14.685714285714287,0.0,0.0,5.285714285714286,68.57142857142857,0.42857142857142855,0.14285714285714285,-0.2857142857142857,14.685714285714287
955,Jaylen Waddle,Mia,WR,L 14-21,8.4,KC,Away,39.0,11-07-23,9,False,0,115,19,15,0,15.680000000000001,0.0,0.0,5.6,62.4,0.6,0.2,2.4,0.0,111.2,0.0,0.0,40.0,522.0,3.0,2.0,10.0,0.0,13.9,0.0,0.0,5.0,65.25,0.375,0.25,1.25,13.9
667,Jaylen Waddle,Mia,WR,W 20-13,9.5,LV,Home,36.0,11-21-23,11,False,0,115,19,18,1,14.680000000000001,0.0,0.0,5.4,66.4,0.4,0.2,2.4,0.0,120.7,0.0,0.0,44.0,577.0,3.0,2.0,10.0,0.0,13.411111111111111,0.0,0.0,4.888888888888889,64.11111111111111,0.3333333333333333,0.2222222222222222,1.1111111111111112,13.411111111111111
1544,Jaylen Waddle,Mia,WR,W 34-13,19.4,NYJ,Away,15.5,11-28-23,12,False,0,115,19,24,0,14.939999999999998,0.0,0.0,5.6,79.0,0.2,0.2,2.4,0.0,140.1,0.0,0.0,52.0,691.0,3.0,2.0,10.0,0.0,14.01,0.0,0.0,5.2,69.1,0.3,0.2,1.0,14.01
817,Jaylen Waddle,Mia,WR,W 45-15,10.2,Wsh,Away,36.5,12-05-23,13,False,0,115,19,31,0,14.52,0.0,0.0,5.4,76.8,0.2,0.2,2.4,0.0,150.3,0.0,0.0,57.0,743.0,3.0,2.0,10.0,0.0,13.663636363636364,0.0,0.0,5.181818181818182,67.54545454545455,0.2727272727272727,0.18181818181818182,0.9090909090909091,13.663636363636364
1083,Jaylen Waddle,Mia,WR,L 27-28,13.9,Ten,Home,20.0,12-12-23,14,False,0,115,19,30,1,12.28,0.0,0.0,5.2,68.4,0.0,0.2,2.4,0.0,164.2,0.0,0.0,63.0,822.0,3.0,2.0,10.0,0.0,13.683333333333332,0.0,0.0,5.25,68.5,0.25,0.16666666666666666,0.8333333333333334,13.683333333333332
2206,Jaylen Waddle,Mia,WR,W 30-0,28.2,NYJ,Home,2.0,12-19-23,15,False,0,115,19,24,1,16.24,0.0,0.0,6.2,88.4,0.2,0.0,0.0,0.0,192.4,0.0,0.0,71.0,964.0,4.0,2.0,10.0,0.0,14.8,0.0,0.0,5.461538461538462,74.15384615384616,0.3076923076923077,0.15384615384615385,0.7692307692307693,14.8
1767,Jaylen Waddle,Mia,WR,W 22-20,6.2,Dal,Home,68.5,12-26-23,16,False,0,115,19,8,1,15.579999999999998,0.0,0.0,5.6,87.4,0.2,0.2,0.4,0.0,198.6,0.0,0.0,72.0,1014.0,4.0,3.0,12.0,0.0,14.185714285714285,0.0,0.0,5.142857142857143,72.42857142857143,0.2857142857142857,0.21428571428571427,0.8571428571428571,14.185714285714285
1914,Jerry Jeudy,Den,WR,W 16-9,8.4,LAC,Home,47.0,01-02-24,17,False,0,116,9,16,1,8.4,0.0,0.0,3.0,54.0,0.0,0.0,0.0,0.0,8.4,0.0,0.0,3.0,54.0,0.0,0.0,0.0,0.0,8.4,0.0,0.0,3.0,54.0,0.0,0.0,0.0,8.4
1238,Jerry Jeudy,Den,WR,L 14-27,16.9,LV,Away,17.0,01-09-24,18,False,0,116,9,18,0,12.649999999999999,0.0,0.0,3.0,66.5,0.5,0.0,0.0,0.0,25.299999999999997,0.0,0.0,6.0,133.0,1.0,0.0,0.0,0.0,12.649999999999999,0.0,0.0,3.0,66.5,0.5,0.0,0.0,12.649999999999999
2113,Jerry Jeudy,Den,WR,L 33-35,5.5,Wsh,Home,78.5,09-19-23,2,False,0,116,9,31,1,10.266666666666666,0.0,0.0,3.0,52.666666666666664,0.3333333333333333,0.0,0.0,0.0,30.799999999999997,0.0,0.0,9.0,158.0,1.0,0.0,0.0,0.0,10.266666666666666,0.0,0.0,3.0,52.666666666666664,0.3333333333333333,0.0,0.0,10.266666666666666
357,Jerry Jeudy,Den,WR,L 20-70,13.1,Mia,Away,33.5,09-26-23,3,False,0,116,9,19,0,10.975,0.0,0.0,3.5,59.75,0.25,0.0,0.0,0.0,43.9,0.0,0.0,14.0,239.0,1.0,0.0,0.0,0.0,10.975,0.0,0.0,3.5,59.75,0.25,0.0,0.0,10.975
48,Jerry Jeudy,Den,WR,W 31-28,8.2,Chi,Away,49.0,10-03-23,4,False,0,116,9,5,0,10.419999999999998,0.0,0.0,3.4,58.2,0.2,0.0,0.0,0.0,52.099999999999994,0.0,0.0,17.0,291.0,1.0,0.0,0.0,0.0,10.419999999999998,0.0,0.0,3.4,58.2,0.2,0.0,0.0,10.419999999999998
516,Jerry Jeudy,Den,WR,L 21-31,11.0,NYJ,Home,29.0,10-10-23,5,False,0,116,9,24,1,10.94,0.0,0.0,4.0,57.4,0.2,0.0,0.0,0.0,63.099999999999994,0.0,0.0,23.0,341.0,1.0,0.0,0.0,0.0,10.516666666666666,0.0,0.0,3.8333333333333335,56.833333333333336,0.16666666666666666,0.0,0.0,10.516666666666666
2744,Jerry Jeudy,Den,WR,L 8-19,4.4,KC,Away,73.0,10-17-23,6,False,0,116,9,15,0,8.440000000000001,0.0,0.0,4.0,44.4,0.0,0.0,0.0,0.0,67.5,0.0,0.0,26.0,355.0,1.0,0.0,0.0,0.0,9.642857142857142,0.0,0.0,3.7142857142857144,50.714285714285715,0.14285714285714285,0.0,0.0,9.642857142857142
2567,Jerry Jeudy,Den,WR,W 19-17,11.4,GB,Home,30.0,10-24-23,7,False,0,116,9,11,1,9.620000000000001,0.0,0.0,4.4,52.2,0.0,0.0,0.0,0.0,78.89999999999999,0.0,0.0,31.0,419.0,1.0,0.0,0.0,0.0,9.862499999999999,0.0,0.0,3.875,52.375,0.125,0.0,0.0,9.862499999999999
2404,Jerry Jeudy,Den,WR,W 24-9,13.0,KC,Home,32.0,10-31-23,8,False,0,116,9,15,1,9.6,0.0,0.0,3.8,46.0,0.2,0.0,0.0,0.0,91.89999999999999,0.0,0.0,33.0,469.0,2.0,0.0,0.0,0.0,10.21111111111111,0.0,0.0,3.6666666666666665,52.111111111111114,0.2222222222222222,0.0,0.0,10.21111111111111
1436,Jerry Jeudy,Den,WR,W 24-22,6.5,Buf,Away,52.0,11-14-23,10,False,0,116,9,3,0,9.260000000000002,0.0,0.0,3.8,42.6,0.2,0.0,0.0,0.0,98.39999999999999,0.0,0.0,36.0,504.0,2.0,0.0,0.0,0.0,9.84,0.0,0.0,3.6,50.4,0.2,0.0,0.0,9.84
661,Jerry Jeudy,Den,WR,W 21-20,10.8,Min,Home,30.0,11-21-23,11,False,0,116,9,20,1,9.22,0.0,0.0,3.6,44.2,0.2,0.0,0.0,0.0,109.2,0.0,0.0,41.0,562.0,2.0,0.0,0.0,0.0,9.927272727272728,0.0,0.0,3.727272727272727,51.09090909090909,0.18181818181818182,0.0,0.0,9.927272727272728
1622,Jerry Jeudy,Den,WR,W 29-12,3.1,Cle,Home,94.5,11-28-23,12,False,0,116,9,7,1,8.96,0.0,0.0,3.4,43.6,0.2,0.0,0.0,0.0,112.3,0.0,0.0,43.0,573.0,2.0,0.0,0.0,0.0,9.358333333333333,0.0,0.0,3.5833333333333335,47.75,0.16666666666666666,0.0,0.0,9.358333333333333
822,Jerry Jeudy,Den,WR,L 17-22,8.1,Hou,Away,41.0,12-05-23,13,False,0,116,9,12,0,8.3,0.0,0.0,3.0,41.0,0.2,0.0,0.0,0.0,120.39999999999999,0.0,0.0,46.0,624.0,2.0,0.0,0.0,0.0,9.26153846153846,0.0,0.0,3.5384615384615383,48.0,0.15384615384615385,0.0,0.0,9.26153846153846
1141,Jerry Jeudy,Den,WR,W 24-7,3.6,LAC,Away,78.0,12-12-23,14,False,0,116,9,16,0,6.42,0.0,0.0,3.0,34.2,0.0,0.0,0.0,0.0,124.0,0.0,0.0,48.0,640.0,2.0,0.0,0.0,0.0,8.857142857142858,0.0,0.0,3.4285714285714284,45.714285714285715,0.14285714285714285,0.0,0.0,8.857142857142858
2239,Jerry Jeudy,Den,WR,L 17-42,10.4,Det,Away,34.5,12-19-23,15,False,0,116,9,10,0,7.2,0.0,0.0,3.0,42.0,0.0,0.0,0.0,0.0,134.4,0.0,0.0,51.0,714.0,2.0,0.0,0.0,0.0,8.96,0.0,0.0,3.4,47.6,0.13333333333333333,0.0,0.0,8.96
1758,Jerry Jeudy,Den,WR,L 23-26,7.4,NE,Home,59.0,12-26-23,16,False,0,116,9,21,1,6.5200000000000005,0.0,0.0,2.6,39.2,0.0,0.0,0.0,0.0,141.8,0.0,0.0,54.0,758.0,2.0,0.0,0.0,0.0,8.8625,0.0,0.0,3.375,47.375,0.125,0.0,0.0,8.8625
1957,John Metchie III,Hou,WR,W 26-3,2.2,Ten,Home,90.0,01-02-24,17,False,0,117,12,30,1,2.2,0.0,0.0,1.0,8.0,0.0,1.0,4.0,0.0,2.2,0.0,0.0,1.0,8.0,0.0,1.0,4.0,0.0,2.2,0.0,0.0,1.0,8.0,0.0,1.0,4.0,2.2
1328,John Metchie III,Hou,WR,W 23-19,1.5,Ind,Away,107.0,01-09-24,18,False,0,117,12,13,0,1.85,0.0,0.0,1.0,6.5,0.0,0.5,2.0,0.0,3.7,0.0,0.0,2.0,13.0,0.0,1.0,4.0,0.0,1.85,0.0,0.0,1.0,6.5,0.0,0.5,2.0,1.85
2132,John Metchie III,Hou,WR,L 20-31,2.7,Ind,Home,97.0,09-19-23,2,False,0,117,12,13,1,2.1333333333333333,0.0,0.0,1.0,10.0,0.0,0.3333333333333333,1.3333333333333333,0.0,6.4,0.0,0.0,3.0,30.0,0.0,1.0,4.0,0.0,2.1333333333333333,0.0,0.0,1.0,10.0,0.0,0.3333333333333333,1.3333333333333333,2.1333333333333333
413,John Metchie III,Hou,WR,W 37-17,3.3,Jax,Away,90.0,09-26-23,3,False,0,117,12,14,0,2.425,0.0,0.0,1.25,10.75,0.0,0.25,1.0,0.0,9.7,0.0,0.0,5.0,43.0,0.0,1.0,4.0,0.0,2.425,0.0,0.0,1.25,10.75,0.0,0.25,1.0,2.425
87,John Metchie III,Hou,WR,W 30-6,3.2,Pit,Home,87.5,10-03-23,4,False,0,117,12,26,1,2.58,0.0,0.0,1.2,13.0,0.0,0.2,0.8,0.0,12.9,0.0,0.0,6.0,65.0,0.0,1.0,4.0,0.0,2.58,0.0,0.0,1.2,13.0,0.0,0.2,0.8,2.58
555,John Metchie III,Hou,WR,L 19-21,4.0,Atl,Away,67.5,10-10-23,5,False,0,117,12,1,0,2.94,0.0,0.0,1.4,15.4,0.0,0.0,0.0,0.0,16.9,0.0,0.0,8.0,85.0,0.0,1.0,4.0,0.0,2.8166666666666664,0.0,0.0,1.3333333333333333,14.166666666666666,0.0,0.16666666666666666,0.6666666666666666,2.8166666666666664
2782,John Metchie III,Hou,WR,W 20-13,0.0,NO,Home,128.0,10-17-23,6,False,0,117,12,22,1,2.6399999999999997,0.0,0.0,1.2,14.4,0.0,0.0,0.0,0.0,16.9,0.0,0.0,8.0,85.0,0.0,1.0,4.0,0.0,2.414285714285714,0.0,0.0,1.1428571428571428,12.142857142857142,0.0,0.14285714285714285,0.5714285714285714,2.414285714285714
2494,John Metchie III,Hou,WR,L 13-15,0.0,Car,Away,138.0,10-31-23,8,False,0,117,12,4,0,2.1,0.0,0.0,1.0,11.0,0.0,0.0,0.0,0.0,16.9,0.0,0.0,8.0,85.0,0.0,1.0,4.0,0.0,2.1125,0.0,0.0,1.0,10.625,0.0,0.125,0.5,2.1125
1002,John Metchie III,Hou,WR,W 39-37,2.4,TB,Home,85.5,11-07-23,9,False,0,117,12,29,1,1.92,0.0,0.0,0.8,11.2,0.0,0.0,0.0,0.0,19.3,0.0,0.0,9.0,99.0,0.0,1.0,4.0,0.0,2.1444444444444444,0.0,0.0,1.0,11.0,0.0,0.1111111111111111,0.4444444444444444,2.1444444444444444
1446,John Metchie III,Hou,WR,W 30-27,4.5,Cin,Away,61.5,11-14-23,10,False,0,117,12,6,0,2.1799999999999997,0.0,0.0,1.0,11.8,0.0,0.0,0.0,0.0,23.8,0.0,0.0,11.0,124.0,0.0,1.0,4.0,0.0,2.38,0.0,0.0,1.1,12.4,0.0,0.1,0.4,2.38
715,John Metchie III,Hou,WR,W 21-16,2.2,Ari,Home,84.5,11-21-23,11,False,0,117,12,0,1,1.8199999999999998,0.0,0.0,0.8,10.2,0.0,0.0,0.0,0.0,26.0,0.0,0.0,12.0,136.0,0.0,1.0,4.0,0.0,2.3636363636363638,0.0,0.0,1.0909090909090908,12.363636363636363,0.0,0.09090909090909091,0.36363636363636365,2.3636363636363638
1640,John Metchie III,Hou,WR,L 21-24,1.6,Jax,Home,113.0,11-28-23,12,False,0,117,12,14,1,2.1399999999999997,0.0,0.0,1.0,11.4,0.0,0.0,0.0,0.0,27.6,0.0,0.0,13.0,142.0,0.0,1.0,4.0,0.0,2.3000000000000003,0.0,0.0,1.0833333333333333,11.833333333333334,0.0,0.08333333333333333,0.3333333333333333,2.3000000000000003
862,John Metchie III,Hou,WR,W 22-17,1.9,Den,Home,81.0,12-05-23,13,False,0,117,12,9,1,2.52,0.0,0.0,1.2,13.2,0.0,0.0,0.0,0.0,29.5,0.0,0.0,14.0,151.0,0.0,1.0,4.0,0.0,2.269230769230769,0.0,0.0,1.0769230769230769,11.615384615384615,0.0,0.07692307692307693,0.3076923076923077,2.269230769230769
1167,John Metchie III,Hou,WR,L 6-30,1.6,NYJ,Away,103.5,12-12-23,14,False,0,117,12,24,0,2.36,0.0,0.0,1.2,11.6,0.0,0.0,0.0,0.0,31.1,0.0,0.0,15.0,157.0,0.0,1.0,4.0,0.0,2.2214285714285715,0.0,0.0,1.0714285714285714,11.214285714285714,0.0,0.07142857142857142,0.2857142857142857,2.2214285714285715
2316,John Metchie III,Hou,WR,W 19-16,1.1,Ten,Away,112.0,12-19-23,15,False,0,117,12,30,0,1.6799999999999997,0.0,0.0,1.0,6.8,0.0,0.0,0.0,0.0,32.2,0.0,0.0,16.0,158.0,0.0,1.0,4.0,0.0,2.146666666666667,0.0,0.0,1.0666666666666667,10.533333333333333,0.0,0.06666666666666667,0.26666666666666666,2.146666666666667
1832,John Metchie III,Hou,WR,L 22-36,0.0,Cle,Home,144.5,12-26-23,16,False,0,117,12,7,1,1.2399999999999998,0.0,0.0,0.8,4.4,0.0,0.0,0.0,0.0,32.2,0.0,0.0,16.0,158.0,0.0,1.0,4.0,0.0,2.0125,0.0,0.0,1.0,9.875,0.0,0.0625,0.25,2.0125
1375,Johnny Johnson III,Hou,WR,W 23-19,0.0,Ind,Away,142.5,01-09-24,18,False,0,118,12,13,0,0.0,0.0,0.0,0.0,0.0,0.0,0.0,0.0,0.0,0.0,0.0,0.0,0.0,0.0,0.0,0.0,0.0,0.0,0.0,0.0,0.0,0.0,0.0,0.0,0.0,0.0,0.0
1961,Jonathan Mingo,Car,WR,L 0-26,2.0,Jax,Away,93.5,01-02-24,17,False,0,119,4,14,0,2.0,0.0,0.0,2.0,0.0,0.0,0.0,0.0,0.0,2.0,0.0,0.0,2.0,0.0,0.0,0.0,0.0,0.0,2.0,0.0,0.0,2.0,0.0,0.0,0.0,0.0,2.0
244,Jonathan Mingo,Car,WR,L 10-24,3.7,Atl,Away,83.5,09-12-23,1,False,0,119,4,1,0,2.85,0.0,0.0,2.0,8.5,0.0,0.0,0.0,0.0,5.7,0.0,0.0,4.0,17.0,0.0,0.0,0.0,0.0,2.85,0.0,0.0,2.0,8.5,0.0,0.0,0.0,2.85
2112,Jonathan Mingo,Car,WR,L 17-20,5.6,NO,Home,77.0,09-19-23,2,False,0,119,4,22,1,3.766666666666667,0.0,0.0,2.3333333333333335,14.333333333333334,0.0,0.0,0.0,0.0,11.3,0.0,0.0,7.0,43.0,0.0,0.0,0.0,0.0,3.766666666666667,0.0,0.0,2.3333333333333335,14.333333333333334,0.0,0.0,0.0,3.766666666666667
403,Jonathan Mingo,Car,WR,L 27-37,5.1,Sea,Away,80.0,09-26-23,3,False,0,119,4,28,0,4.1,0.0,0.0,2.5,16.0,0.0,0.0,0.0,0.0,16.4,0.0,0.0,10.0,64.0,0.0,0.0,0.0,0.0,4.1,0.0,0.0,2.5,16.0,0.0,0.0,0.0,4.1
524,Jonathan Mingo,Car,WR,L 24-42,9.8,Det,Away,36.5,10-10-23,5,False,0,119,4,10,0,5.24,0.0,0.0,3.0,22.4,0.0,0.0,0.0,0.0,26.2,0.0,0.0,15.0,112.0,0.0,0.0,0.0,0.0,5.24,0.0,0.0,3.0,22.4,0.0,0.0,0.0,5.24
2747,Jonathan Mingo,Car,WR,L 21-42,4.1,Mia,Away,76.0,10-17-23,6,False,0,119,4,19,0,5.659999999999999,0.0,0.0,3.0,26.6,0.0,0.0,0.0,0.0,30.299999999999997,0.0,0.0,17.0,133.0,0.0,0.0,0.0,0.0,5.05,0.0,0.0,2.8333333333333335,22.166666666666668,0.0,0.0,0.0,5.05
2418,Jonathan Mingo,Car,WR,W 15-13,10.2,Hou,Home,46.0,10-31-23,8,False,0,119,4,12,1,6.959999999999999,0.0,0.0,3.4,35.6,0.0,0.0,0.0,0.0,40.5,0.0,0.0,21.0,195.0,0.0,0.0,0.0,0.0,5.785714285714286,0.0,0.0,3.0,27.857142857142858,0.0,0.0,0.0,5.785714285714286
1017,Jonathan Mingo,Car,WR,L 13-27,1.5,Ind,Home,101.0,11-07-23,9,False,0,119,4,13,1,6.139999999999999,0.0,0.0,3.0,31.4,0.0,0.0,0.0,0.0,42.0,0.0,0.0,22.0,200.0,0.0,0.0,0.0,0.0,5.25,0.0,0.0,2.75,25.0,0.0,0.0,0.0,5.25
1444,Jonathan Mingo,Car,WR,L 13-16,5.0,Chi,Away,60.0,11-14-23,10,False,0,119,4,5,0,6.12,0.0,0.0,3.0,31.2,0.0,0.0,0.0,0.0,47.0,0.0,0.0,25.0,220.0,0.0,0.0,0.0,0.0,5.222222222222222,0.0,0.0,2.7777777777777777,24.444444444444443,0.0,0.0,0.0,5.222222222222222
729,Jonathan Mingo,Car,WR,L 10-33,1.6,Dal,Home,98.0,11-21-23,11,False,0,119,4,8,1,4.4799999999999995,0.0,0.0,2.2,22.8,0.0,0.0,0.0,0.0,48.6,0.0,0.0,26.0,226.0,0.0,0.0,0.0,0.0,4.86,0.0,0.0,2.6,22.6,0.0,0.0,0.0,4.86
1567,Jonathan Mingo,Car,WR,L 10-17,10.0,Ten,Away,39.0,11-28-23,12,False,0,119,4,30,0,5.659999999999999,0.0,0.0,2.6,30.6,0.0,0.0,0.0,0.0,58.599999999999994,0.0,0.0,30.0,286.0,0.0,0.0,0.0,0.0,5.327272727272727,0.0,0.0,2.727272727272727,26.0,0.0,0.0,0.0,5.327272727272727
808,Jonathan Mingo,Car,WR,L 18-21,12.9,TB,Away,26.5,12-05-23,13,False,0,119,4,29,0,6.2,0.0,0.0,3.0,32.0,0.0,0.0,0.0,0.0,71.5,0.0,0.0,36.0,355.0,0.0,0.0,0.0,0.0,5.958333333333333,0.0,0.0,3.0,29.583333333333332,0.0,0.0,0.0,5.958333333333333
1135,Jonathan Mingo,Car,WR,L 6-28,4.2,NO,Away,73.5,12-12-23,14,False,0,119,4,22,0,6.74,0.0,0.0,3.2,35.4,0.0,0.0,0.0,0.0,75.7,0.0,0.0,38.0,377.0,0.0,0.0,0.0,0.0,5.823076923076924,0.0,0.0,2.923076923076923,29.0,0.0,0.0,0.0,5.823076923076924
2257,Jonathan Mingo,Car,WR,W 9-7,7.2,Atl,Home,53.0,12-19-23,15,False,0,119,4,1,1,7.1800000000000015,0.0,0.0,3.4,37.8,0.0,0.0,0.0,0.0,82.9,0.0,0.0,42.0,409.0,0.0,0.0,0.0,0.0,5.921428571428572,0.0,0.0,3.0,29.214285714285715,0.0,0.0,0.0,5.921428571428572
1801,Jonathan Mingo,Car,WR,L 30-33,1.9,GB,Home,103.0,12-26-23,16,False,0,119,4,11,1,7.24,0.0,0.0,3.4,38.4,0.0,0.0,0.0,0.0,84.8,0.0,0.0,43.0,418.0,0.0,0.0,0.0,0.0,5.653333333333333,0.0,0.0,2.8666666666666667,27.866666666666667,0.0,0.0,0.0,5.653333333333333
1930,Jordan Addison,Min,WR,L 10-33,5.8,GB,Home,63.5,01-02-24,17,False,0,120,20,11,1,5.8,0.0,0.0,3.0,28.0,0.0,0.0,0.0,0.0,5.8,0.0,0.0,3.0,28.0,0.0,0.0,0.0,0.0,5.8,0.0,0.0,3.0,28.0,0.0,0.0,0.0,5.8
1242,Jordan Addison,Min,WR,L 20-30,15.7,Det,Away,20.5,01-09-24,18,False,0,120,20,10,0,10.75,0.0,0.0,3.5,42.5,0.5,0.0,0.0,0.0,21.5,0.0,0.0,7.0,85.0,1.0,0.0,0.0,0.0,10.75,0.0,0.0,3.5,42.5,0.5,0.0,0.0,10.75
180,Jordan Addison,Min,WR,L 17-20,16.1,TB,Home,19.0,09-12-23,1,False,0,120,20,29,1,12.533333333333333,0.0,0.0,3.6666666666666665,48.666666666666664,0.6666666666666666,0.0,0.0,0.0,37.6,0.0,0.0,11.0,146.0,2.0,0.0,0.0,0.0,12.533333333333333,0.0,0.0,3.6666666666666665,48.666666666666664,0.6666666666666666,0.0,0.0,12.533333333333333
2063,Jordan Addison,Min,WR,L 28-34,16.2,Phi,Away,28.0,09-19-23,2,False,0,120,20,25,0,13.45,0.0,0.0,3.5,54.5,0.75,0.0,0.0,0.0,53.8,0.0,0.0,14.0,218.0,3.0,0.0,0.0,0.0,13.45,0.0,0.0,3.5,54.5,0.75,0.0,0.0,13.45
362,Jordan Addison,Min,WR,L 24-28,11.2,LAC,Home,39.0,09-26-23,3,False,0,120,20,16,1,13.0,0.0,0.0,4.0,54.0,0.6,0.0,0.0,0.0,65.0,0.0,0.0,20.0,270.0,3.0,0.0,0.0,0.0,13.0,0.0,0.0,4.0,54.0,0.6,0.0,0.0,13.0
123,Jordan Addison,Min,WR,W 21-13,0.0,Car,Away,143.0,10-03-23,4,False,0,120,20,4,0,11.84,0.0,0.0,3.4,48.4,0.6,0.0,0.0,0.0,65.0,0.0,0.0,20.0,270.0,3.0,0.0,0.0,0.0,10.833333333333334,0.0,0.0,3.3333333333333335,45.0,0.5,0.0,0.0,10.833333333333334
502,Jordan Addison,Min,WR,L 20-27,18.4,KC,Home,15.0,10-10-23,5,False,0,120,20,15,1,12.379999999999999,0.0,0.0,3.8,49.8,0.6,0.0,0.0,0.0,83.4,0.0,0.0,26.0,334.0,4.0,0.0,0.0,0.0,11.914285714285715,0.0,0.0,3.7142857142857144,47.714285714285715,0.5714285714285714,0.0,0.0,11.914285714285715
2703,Jordan Addison,Min,WR,W 19-13,11.8,Chi,Away,32.0,10-17-23,6,False,0,120,20,5,0,11.52,0.0,0.0,3.6,43.2,0.6,0.0,0.0,0.0,95.2,0.0,0.0,29.0,362.0,5.0,0.0,0.0,0.0,11.9,0.0,0.0,3.625,45.25,0.625,0.0,0.0,11.9
2538,Jordan Addison,Min,WR,W 22-17,31.3,SF,Home,1.0,10-24-23,7,False,0,120,20,27,1,14.539999999999997,0.0,0.0,4.4,53.4,0.8,0.0,0.0,0.0,126.5,0.0,0.0,36.0,485.0,7.0,0.0,0.0,0.0,14.055555555555555,0.0,0.0,4.0,53.888888888888886,0.7777777777777778,0.0,0.0,14.055555555555555
2385,Jordan Addison,Min,WR,W 24-10,21.4,GB,Away,13.0,10-31-23,8,False,0,120,20,11,0,16.580000000000002,0.0,0.0,4.6,59.4,1.0,0.2,0.4,0.0,147.9,0.0,0.0,43.0,567.0,8.0,1.0,2.0,0.0,14.790000000000001,0.0,0.0,4.3,56.7,0.8,0.1,0.2,14.790000000000001
945,Jordan Addison,Min,WR,W 31-28,10.2,Atl,Away,29.0,11-07-23,9,False,0,120,20,1,0,18.619999999999997,0.0,0.0,5.6,69.8,1.0,0.2,0.4,0.0,158.1,0.0,0.0,48.0,619.0,8.0,1.0,2.0,0.0,14.372727272727273,0.0,0.0,4.363636363636363,56.27272727272727,0.7272727272727273,0.09090909090909091,0.18181818181818182,14.372727272727273
1418,Jordan Addison,Min,WR,W 27-19,10.9,NO,Home,33.5,11-14-23,10,False,0,120,20,22,1,17.119999999999997,0.0,0.0,5.2,70.8,0.8,0.2,0.4,0.0,169.0,0.0,0.0,52.0,688.0,8.0,1.0,2.0,0.0,14.083333333333334,0.0,0.0,4.333333333333333,57.333333333333336,0.6666666666666666,0.08333333333333333,0.16666666666666666,14.083333333333334
680,Jordan Addison,Min,WR,L 20-21,7.4,Den,Away,48.5,11-21-23,11,False,0,120,20,9,0,16.24,0.0,0.0,5.2,74.0,0.6,0.2,0.4,0.0,176.4,0.0,0.0,55.0,732.0,8.0,1.0,2.0,0.0,13.569230769230769,0.0,0.0,4.230769230769231,56.30769230769231,0.6153846153846154,0.07692307692307693,0.15384615384615385,13.569230769230769
1568,Jordan Addison,Min,WR,L 10-12,9.9,Chi,Home,40.5,11-28-23,12,False,0,120,20,5,1,11.959999999999999,0.0,0.0,5.0,57.2,0.2,0.2,0.4,0.0,186.3,0.0,0.0,61.0,771.0,8.0,1.0,2.0,0.0,13.307142857142859,0.0,0.0,4.357142857142857,55.07142857142857,0.5714285714285714,0.07142857142857142,0.14285714285714285,13.307142857142859
1128,Jordan Addison,Min,WR,W 3-0,4.7,LV,Away,65.0,12-12-23,14,False,0,120,20,18,0,8.620000000000001,0.0,0.0,4.0,46.2,0.0,0.0,0.0,0.0,191.0,0.0,0.0,63.0,798.0,8.0,1.0,2.0,0.0,12.733333333333333,0.0,0.0,4.2,53.2,0.5333333333333333,0.06666666666666667,0.13333333333333333,12.733333333333333
2205,Jordan Addison,Min,WR,L 24-27,29.1,Cin,Away,1.0,12-19-23,15,False,0,120,20,6,0,12.400000000000002,0.0,0.0,4.2,58.0,0.4,0.0,0.0,0.0,220.1,0.0,0.0,69.0,909.0,10.0,1.0,2.0,0.0,13.75625,0.0,0.0,4.3125,56.8125,0.625,0.0625,0.125,13.75625
1816,Jordan Addison,Min,WR,L 24-30,1.2,Det,Home,117.5,12-26-23,16,False,0,120,20,10,1,10.46,0.0,0.0,3.6,44.6,0.4,0.0,0.0,0.0,221.3,0.0,0.0,70.0,911.0,10.0,1.0,2.0,0.0,13.01764705882353,0.0,0.0,4.117647058823529,53.588235294117645,0.5882352941176471,0.058823529411764705,0.11764705882352941,13.01764705882353
1919,Josh Downs,Ind,WR,W 23-20,7.3,LV,Home,53.0,01-02-24,17,False,0,121,13,18,1,7.3,0.0,0.0,2.0,53.0,0.0,0.0,0.0,0.0,7.3,0.0,0.0,2.0,53.0,0.0,0.0,0.0,0.0,7.3,0.0,0.0,2.0,53.0,0.0,0.0,0.0,7.3
1269,Josh Downs,Ind,WR,L 19-23,7.8,Hou,Home,48.0,01-09-24,18,False,0,121,13,12,1,7.55,0.0,0.0,2.5,50.5,0.0,0.0,0.0,0.0,15.1,0.0,0.0,5.0,101.0,0.0,0.0,0.0,0.0,7.55,0.0,0.0,2.5,50.5,0.0,0.0,0.0,7.55
227,Josh Downs,Ind,WR,L 21-31,6.0,Jax,Home,66.5,09-12-23,1,False,0,121,13,14,1,7.033333333333334,0.0,0.0,2.6666666666666665,43.666666666666664,0.0,0.0,0.0,0.0,21.1,0.0,0.0,8.0,131.0,0.0,0.0,0.0,0.0,7.033333333333334,0.0,0.0,2.6666666666666665,43.666666666666664,0.0,0.0,0.0,7.033333333333334
2099,Josh Downs,Ind,WR,W 31-20,7.7,Hou,Away,64.0,09-19-23,2,False,0,121,13,12,0,7.2,0.0,0.0,3.0,42.0,0.0,0.0,0.0,0.0,28.8,0.0,0.0,12.0,168.0,0.0,0.0,0.0,0.0,7.2,0.0,0.0,3.0,42.0,0.0,0.0,0.0,7.2
355,Josh Downs,Ind,WR,W 22-19,13.7,Bal,Away,32.0,09-26-23,3,False,0,121,13,2,0,8.5,0.0,0.0,4.0,45.0,0.0,0.0,0.0,0.0,42.5,0.0,0.0,20.0,225.0,0.0,0.0,0.0,0.0,8.5,0.0,0.0,4.0,45.0,0.0,0.0,0.0,8.5
65,Josh Downs,Ind,WR,L 23-29,5.4,LAR,Home,67.0,10-03-23,4,False,0,121,13,17,1,8.120000000000001,0.0,0.0,4.0,41.2,0.0,0.0,0.0,0.0,47.9,0.0,0.0,22.0,259.0,0.0,0.0,0.0,0.0,7.983333333333333,0.0,0.0,3.6666666666666665,43.166666666666664,0.0,0.0,0.0,7.983333333333333
505,Josh Downs,Ind,WR,W 23-16,15.7,Ten,Home,18.0,10-10-23,5,False,0,121,13,30,1,9.7,0.0,0.0,4.6,51.0,0.0,0.0,0.0,0.0,63.6,0.0,0.0,28.0,356.0,0.0,0.0,0.0,0.0,9.085714285714285,0.0,0.0,4.0,50.857142857142854,0.0,0.0,0.0,9.085714285714285
2701,Josh Downs,Ind,WR,L 20-37,13.1,Jax,Away,30.0,10-17-23,6,False,0,121,13,14,0,11.12,0.0,0.0,5.0,49.2,0.2,0.0,0.0,0.0,76.7,0.0,0.0,33.0,377.0,1.0,0.0,0.0,0.0,9.5875,0.0,0.0,4.125,47.125,0.125,0.0,0.0,9.5875
2541,Josh Downs,Ind,WR,L 38-39,23.5,Cle,Home,4.0,10-24-23,7,False,0,121,13,7,1,14.280000000000001,0.0,0.0,5.2,66.8,0.4,0.0,0.0,0.0,100.2,0.0,0.0,38.0,502.0,2.0,0.0,0.0,0.0,11.133333333333333,0.0,0.0,4.222222222222222,55.77777777777778,0.2222222222222222,0.0,0.0,11.133333333333333
2401,Josh Downs,Ind,WR,L 27-38,14.2,NO,Home,29.5,10-31-23,8,False,0,121,13,22,1,14.38,0.0,0.0,5.0,69.8,0.4,0.0,0.0,0.0,114.4,0.0,0.0,45.0,574.0,2.0,0.0,0.0,0.0,11.440000000000001,0.0,0.0,4.5,57.4,0.2,0.0,0.0,11.440000000000001
1005,Josh Downs,Ind,WR,W 27-13,2.0,Car,Away,89.5,11-07-23,9,False,0,121,13,4,0,13.7,0.0,0.0,4.8,65.0,0.4,0.0,0.0,0.0,116.4,0.0,0.0,46.0,584.0,2.0,0.0,0.0,0.0,10.581818181818182,0.0,0.0,4.181818181818182,53.09090909090909,0.18181818181818182,0.0,0.0,10.581818181818182
1439,Josh Downs,Ind,WR,W 10-6,6.0,NE,Away,55.5,11-14-23,10,False,0,121,13,21,0,11.76,0.0,0.0,4.0,53.6,0.4,0.0,0.0,0.0,122.4,0.0,0.0,48.0,624.0,2.0,0.0,0.0,0.0,10.200000000000001,0.0,0.0,4.0,52.0,0.16666666666666666,0.0,0.0,10.200000000000001
1572,Josh Downs,Ind,WR,W 27-20,9.3,TB,Home,44.0,11-28-23,12,False,0,121,13,29,1,11.0,0.0,0.0,4.0,58.0,0.2,0.0,0.0,0.0,131.7,0.0,0.0,53.0,667.0,2.0,0.0,0.0,0.0,10.13076923076923,0.0,0.0,4.076923076923077,51.30769230769231,0.15384615384615385,0.0,0.0,10.13076923076923
836,Josh Downs,Ind,WR,W 31-28,4.4,Ten,Away,55.0,12-05-23,13,False,0,121,13,30,0,7.18,0.0,0.0,3.6,35.8,0.0,0.0,0.0,0.0,136.1,0.0,0.0,56.0,681.0,2.0,0.0,0.0,0.0,9.721428571428572,0.0,0.0,4.0,48.642857142857146,0.14285714285714285,0.0,0.0,9.721428571428572
1118,Josh Downs,Ind,WR,L 14-34,6.2,Cin,Away,55.0,12-12-23,14,False,0,121,13,6,0,5.58,0.0,0.0,2.8,27.8,0.0,0.0,0.0,0.0,142.3,0.0,0.0,59.0,713.0,2.0,0.0,0.0,0.0,9.486666666666668,0.0,0.0,3.933333333333333,47.53333333333333,0.13333333333333333,0.0,0.0,9.486666666666668
2276,Josh Downs,Ind,WR,W 30-13,4.9,Pit,Home,73.0,12-19-23,15,False,0,121,13,26,1,6.16,0.0,0.0,3.2,29.6,0.0,0.0,0.0,0.0,147.2,0.0,0.0,62.0,732.0,2.0,0.0,0.0,0.0,9.2,0.0,0.0,3.875,45.75,0.125,0.0,0.0,9.2
1742,Josh Downs,Ind,WR,L 10-29,9.9,Atl,Away,43.0,12-26-23,16,False,0,121,13,1,0,6.94,0.0,0.0,4.0,29.4,0.0,0.0,0.0,0.0,157.1,0.0,0.0,68.0,771.0,2.0,0.0,0.0,0.0,9.241176470588234,0.0,0.0,4.0,45.35294117647059,0.11764705882352941,0.0,0.0,9.241176470588234
1955,Josh Reynolds,Det,WR,L 19-20,2.3,Dal,Away,88.5,01-02-24,17,False,0,122,10,8,0,2.3,0.0,0.0,1.0,13.0,0.0,0.0,0.0,0.0,2.3,0.0,0.0,1.0,13.0,0.0,0.0,0.0,0.0,2.3,0.0,0.0,1.0,13.0,0.0,0.0,0.0,2.3
1261,Josh Reynolds,Det,WR,W 30-20,9.4,Min,Home,40.0,01-09-24,18,False,0,122,10,20,1,5.85,0.0,0.0,3.0,28.5,0.0,0.0,0.0,0.0,11.7,0.0,0.0,6.0,57.0,0.0,0.0,0.0,0.0,5.85,0.0,0.0,3.0,28.5,0.0,0.0,0.0,5.85
191,Josh Reynolds,Det,WR,W 21-20,12.0,KC,Away,30.0,09-12-23,1,False,0,122,10,15,0,7.900000000000001,0.0,0.0,3.3333333333333335,45.666666666666664,0.0,0.0,0.0,0.0,23.700000000000003,0.0,0.0,10.0,137.0,0.0,0.0,0.0,0.0,7.900000000000001,0.0,0.0,3.3333333333333335,45.666666666666664,0.0,0.0,0.0,7.900000000000001
2044,Josh Reynolds,Det,WR,L 31-37,23.6,Sea,Home,9.0,09-19-23,2,False,0,122,10,28,1,11.825000000000001,0.0,0.0,3.75,50.75,0.5,0.0,0.0,0.0,47.300000000000004,0.0,0.0,15.0,203.0,2.0,0.0,0.0,0.0,11.825000000000001,0.0,0.0,3.75,50.75,0.5,0.0,0.0,11.825000000000001
442,Josh Reynolds,Det,WR,W 20-6,0.0,Atl,Home,141.0,09-26-23,3,False,0,122,10,1,1,9.46,0.0,0.0,3.0,40.6,0.4,0.0,0.0,0.0,47.300000000000004,0.0,0.0,15.0,203.0,2.0,0.0,0.0,0.0,9.46,0.0,0.0,3.0,40.6,0.4,0.0,0.0,9.46
39,Josh Reynolds,Det,WR,W 34-20,9.9,GB,Away,40.0,10-03-23,4,False,0,122,10,11,0,10.98,0.0,0.0,3.4,51.8,0.4,0.0,0.0,0.0,57.2,0.0,0.0,18.0,272.0,2.0,0.0,0.0,0.0,9.533333333333333,0.0,0.0,3.0,45.333333333333336,0.3333333333333333,0.0,0.0,9.533333333333333
503,Josh Reynolds,Det,WR,W 42-24,17.6,Car,Home,16.0,10-10-23,5,False,0,122,10,4,1,12.620000000000001,0.0,0.0,3.2,58.2,0.6,0.0,0.0,0.0,74.80000000000001,0.0,0.0,22.0,348.0,3.0,0.0,0.0,0.0,10.685714285714287,0.0,0.0,3.142857142857143,49.714285714285715,0.42857142857142855,0.0,0.0,10.685714285714287
2718,Josh Reynolds,Det,WR,W 20-6,8.0,TB,Away,47.0,10-17-23,6,False,0,122,10,29,0,11.820000000000002,0.0,0.0,3.0,52.2,0.6,0.0,0.0,0.0,82.80000000000001,0.0,0.0,25.0,398.0,3.0,0.0,0.0,0.0,10.350000000000001,0.0,0.0,3.125,49.75,0.375,0.0,0.0,10.350000000000001
2593,Josh Reynolds,Det,WR,L 6-38,6.3,Bal,Away,56.0,10-24-23,7,False,0,122,10,2,0,8.36,0.0,0.0,2.4,47.6,0.2,0.0,0.0,0.0,89.10000000000001,0.0,0.0,27.0,441.0,3.0,0.0,0.0,0.0,9.9,0.0,0.0,3.0,49.0,0.3333333333333333,0.0,0.0,9.9
2484,Josh Reynolds,Det,WR,W 26-14,0.3,LV,Home,112.5,10-31-23,8,False,0,122,10,18,1,8.42,0.0,0.0,2.6,50.2,0.2,0.0,0.0,0.0,89.4,0.0,0.0,28.0,454.0,3.0,0.0,0.0,0.0,8.940000000000001,0.0,0.0,2.8,45.4,0.3,0.0,0.0,8.940000000000001
1456,Josh Reynolds,Det,WR,W 41-38,3.5,LAC,Away,72.0,11-14-23,10,False,0,122,10,16,0,7.140000000000001,0.0,0.0,2.4,39.4,0.2,0.0,0.0,0.0,92.9,0.0,0.0,30.0,469.0,3.0,0.0,0.0,0.0,8.445454545454545,0.0,0.0,2.727272727272727,42.63636363636363,0.2727272727272727,0.0,0.0,8.445454545454545
718,Josh Reynolds,Det,WR,W 31-26,2.1,Chi,Home,86.5,11-21-23,11,False,0,122,10,5,1,4.04,0.0,0.0,1.8,26.4,0.0,0.0,0.0,0.0,95.0,0.0,0.0,31.0,480.0,3.0,0.0,0.0,0.0,7.916666666666667,0.0,0.0,2.5833333333333335,40.0,0.25,0.0,0.0,7.916666666666667
1570,Josh Reynolds,Det,WR,L 22-29,9.5,GB,Home,42.5,11-28-23,12,False,0,122,10,11,1,4.34,0.0,0.0,1.6,19.4,0.2,0.0,0.0,0.0,104.5,0.0,0.0,33.0,495.0,4.0,0.0,0.0,0.0,8.038461538461538,0.0,0.0,2.5384615384615383,38.07692307692308,0.3076923076923077,0.0,0.0,8.038461538461538
852,Josh Reynolds,Det,WR,W 33-28,2.2,NO,Away,72.5,12-05-23,13,False,0,122,10,22,0,3.5199999999999996,0.0,0.0,1.4,13.2,0.2,0.0,0.0,0.0,106.7,0.0,0.0,34.0,507.0,4.0,0.0,0.0,0.0,7.621428571428572,0.0,0.0,2.4285714285714284,36.214285714285715,0.2857142857142857,0.0,0.0,7.621428571428572
1086,Josh Reynolds,Det,WR,L 13-28,13.4,Chi,Away,23.0,12-12-23,14,False,0,122,10,5,0,6.14,0.0,0.0,1.8,19.4,0.4,0.0,0.0,0.0,120.10000000000001,0.0,0.0,37.0,551.0,5.0,0.0,0.0,0.0,8.006666666666668,0.0,0.0,2.466666666666667,36.733333333333334,0.3333333333333333,0.0,0.0,8.006666666666668
2265,Josh Reynolds,Det,WR,W 42-17,6.1,Den,Home,61.5,12-19-23,15,False,0,122,10,9,1,6.660000000000001,0.0,0.0,1.8,24.6,0.4,0.0,0.0,0.0,126.2,0.0,0.0,39.0,592.0,5.0,0.0,0.0,0.0,7.8875,0.0,0.0,2.4375,37.0,0.3125,0.0,0.0,7.8875
1791,Josh Reynolds,Det,WR,W 30-24,2.6,Min,Away,92.0,12-26-23,16,False,0,122,10,20,0,6.760000000000001,0.0,0.0,1.8,25.6,0.4,0.0,0.0,0.0,128.8,0.0,0.0,40.0,608.0,5.0,0.0,0.0,0.0,7.576470588235295,0.0,0.0,2.3529411764705883,35.76470588235294,0.29411764705882354,0.0,0.0,7.576470588235295
1257,Joshua Palmer,LAC,WR,L 12-13,11.0,KC,Home,36.0,01-09-24,18,False,0,123,16,15,1,11.0,0.0,0.0,6.0,44.0,0.0,1.0,6.0,0.0,11.0,0.0,0.0,6.0,44.0,0.0,1.0,6.0,0.0,11.0,0.0,0.0,6.0,44.0,0.0,1.0,6.0,11.0
265,Joshua Palmer,LAC,WR,L 34-36,1.4,Mia,Home,103.5,09-12-23,1,False,0,123,16,19,1,6.2,0.0,0.0,3.5,24.0,0.0,0.5,3.0,0.0,12.4,0.0,0.0,7.0,48.0,0.0,1.0,6.0,0.0,6.2,0.0,0.0,3.5,24.0,0.0,0.5,3.0,6.2
2124,Joshua Palmer,LAC,WR,L 24-27,4.3,Ten,Away,88.5,09-19-23,2,False,0,123,16,30,0,5.566666666666666,0.0,0.0,3.3333333333333335,20.333333333333332,0.0,0.3333333333333333,2.0,0.0,16.7,0.0,0.0,10.0,61.0,0.0,1.0,6.0,0.0,5.566666666666666,0.0,0.0,3.3333333333333335,20.333333333333332,0.0,0.3333333333333333,2.0,5.566666666666666
352,Joshua Palmer,LAC,WR,W 28-24,14.6,Min,Away,29.0,09-26-23,3,False,0,123,16,20,0,7.824999999999999,0.0,0.0,3.5,31.75,0.25,0.25,1.5,0.0,31.299999999999997,0.0,0.0,14.0,127.0,1.0,1.0,6.0,0.0,7.824999999999999,0.0,0.0,3.5,31.75,0.25,0.25,1.5,7.824999999999999
34,Joshua Palmer,LAC,WR,W 24-17,10.7,LV,Home,35.0,10-03-23,4,False,0,123,16,18,1,8.4,0.0,0.0,3.4,40.8,0.2,0.2,1.2,0.0,42.0,0.0,0.0,17.0,204.0,1.0,1.0,6.0,0.0,8.4,0.0,0.0,3.4,40.8,0.2,0.2,1.2,8.4
2709,Joshua Palmer,LAC,WR,L 17-20,10.0,Dal,Home,38.0,10-17-23,6,False,0,123,16,8,1,8.2,0.0,0.0,3.0,44.0,0.2,0.0,0.0,0.0,52.0,0.0,0.0,21.0,264.0,1.0,1.0,6.0,0.0,8.666666666666666,0.0,0.0,3.5,44.0,0.16666666666666666,0.16666666666666666,1.0,8.666666666666666
2547,Joshua Palmer,LAC,WR,L 17-31,18.3,KC,Away,10.0,10-24-23,7,False,0,123,16,15,0,11.58,0.0,0.0,3.8,69.8,0.2,0.0,0.0,0.0,70.3,0.0,0.0,26.0,397.0,1.0,1.0,6.0,0.0,10.042857142857143,0.0,0.0,3.7142857142857144,56.714285714285715,0.14285714285714285,0.14285714285714285,0.8571428571428571,10.042857142857143
2448,Joshua Palmer,LAC,WR,W 30-13,5.4,Chi,Home,77.5,10-31-23,8,False,0,123,16,5,1,11.799999999999999,0.0,0.0,3.8,72.0,0.2,0.0,0.0,0.0,75.7,0.0,0.0,29.0,421.0,1.0,1.0,6.0,0.0,9.4625,0.0,0.0,3.625,52.625,0.125,0.125,0.75,9.4625
1026,Joshua Palmer,LAC,WR,W 27-6,0.0,NYJ,Away,126.5,11-07-23,9,False,0,123,16,24,0,8.879999999999999,0.0,0.0,3.0,58.8,0.0,0.0,0.0,0.0,75.7,0.0,0.0,29.0,421.0,1.0,1.0,6.0,0.0,8.411111111111111,0.0,0.0,3.2222222222222223,46.77777777777778,0.1111111111111111,0.1111111111111111,0.6666666666666666,8.411111111111111
2216,Joshua Palmer,LAC,WR,L 21-63,21.3,LV,Away,12.0,12-19-23,15,False,0,123,16,18,0,11.0,0.0,0.0,3.2,66.0,0.2,0.0,0.0,0.0,97.0,0.0,0.0,33.0,534.0,2.0,1.0,6.0,0.0,9.7,0.0,0.0,3.3,53.4,0.2,0.1,0.6,9.7
1743,Joshua Palmer,LAC,WR,L 22-24,9.7,Buf,Home,44.0,12-26-23,16,False,0,123,16,3,1,10.940000000000001,0.0,0.0,3.4,63.4,0.2,0.0,0.0,0.0,106.7,0.0,0.0,38.0,581.0,2.0,1.0,6.0,0.0,9.700000000000001,0.0,0.0,3.4545454545454546,52.81818181818182,0.18181818181818182,0.09090909090909091,0.5454545454545454,9.700000000000001
215,JuJu Smith-Schuster,NE,WR,L 20-25,7.3,Phi,Home,54.0,09-12-23,1,False,0,124,21,25,1,7.3,0.0,0.0,4.0,33.0,0.0,0.0,0.0,0.0,7.3,0.0,0.0,4.0,33.0,0.0,0.0,0.0,0.0,7.3,0.0,0.0,4.0,33.0,0.0,0.0,0.0,7.3
2098,JuJu Smith-Schuster,NE,WR,L 17-24,7.8,Mia,Home,63.0,09-19-23,2,False,0,124,21,19,1,7.55,0.0,0.0,4.5,30.5,0.0,0.0,0.0,0.0,15.1,0.0,0.0,9.0,61.0,0.0,0.0,0.0,0.0,7.55,0.0,0.0,4.5,30.5,0.0,0.0,0.0,7.55
433,JuJu Smith-Schuster,NE,WR,W 15-10,1.5,NYJ,Away,110.5,09-26-23,3,False,0,124,21,24,0,5.533333333333334,0.0,0.0,3.3333333333333335,22.0,0.0,0.0,0.0,0.0,16.6,0.0,0.0,10.0,66.0,0.0,0.0,0.0,0.0,5.533333333333334,0.0,0.0,3.3333333333333335,22.0,0.0,0.0,0.0,5.533333333333334
101,JuJu Smith-Schuster,NE,WR,L 3-38,2.4,Dal,Away,102.0,10-03-23,4,False,0,124,21,8,0,4.75,0.0,0.0,2.75,20.0,0.0,0.0,0.0,0.0,19.0,0.0,0.0,11.0,80.0,0.0,0.0,0.0,0.0,4.75,0.0,0.0,2.75,20.0,0.0,0.0,0.0,4.75
557,JuJu Smith-Schuster,NE,WR,L 0-34,3.6,NO,Home,70.0,10-10-23,5,False,0,124,21,22,1,4.5200000000000005,0.0,0.0,2.8,17.2,0.0,0.0,0.0,0.0,22.6,0.0,0.0,14.0,86.0,0.0,0.0,0.0,0.0,4.5200000000000005,0.0,0.0,2.8,17.2,0.0,0.0,0.0,4.5200000000000005
2434,JuJu Smith-Schuster,NE,WR,L 17-31,7.3,Mia,Away,61.5,10-31-23,8,False,0,124,21,19,0,4.52,0.0,0.0,2.2,11.2,0.2,0.0,0.0,0.0,29.9,0.0,0.0,15.0,89.0,1.0,0.0,0.0,0.0,4.983333333333333,0.0,0.0,2.5,14.833333333333334,0.16666666666666666,0.0,0.0,4.983333333333333
941,JuJu Smith-Schuster,NE,WR,L 17-20,11.1,Wsh,Home,25.0,11-07-23,9,False,0,124,21,31,1,5.18,0.0,0.0,2.4,15.8,0.2,0.0,0.0,0.0,41.0,0.0,0.0,21.0,140.0,1.0,0.0,0.0,0.0,5.857142857142857,0.0,0.0,3.0,20.0,0.14285714285714285,0.0,0.0,5.857142857142857
1478,JuJu Smith-Schuster,NE,WR,L 6-10,1.9,Ind,Home,93.5,11-14-23,10,False,0,124,21,13,1,5.26,0.0,0.0,2.4,16.6,0.2,0.0,0.0,0.0,42.9,0.0,0.0,22.0,149.0,1.0,0.0,0.0,0.0,5.3625,0.0,0.0,2.75,18.625,0.125,0.0,0.0,5.3625
1624,JuJu Smith-Schuster,NE,WR,L 7-10,3.0,NYG,Away,96.0,11-28-23,12,False,0,124,21,23,0,5.380000000000001,0.0,0.0,2.6,15.8,0.2,0.0,0.0,0.0,45.9,0.0,0.0,24.0,159.0,1.0,0.0,0.0,0.0,5.1,0.0,0.0,2.6666666666666665,17.666666666666668,0.1111111111111111,0.0,0.0,5.1
856,JuJu Smith-Schuster,NE,WR,L 0-6,2.1,LAC,Home,76.0,12-05-23,13,False,0,124,21,16,1,5.08,0.0,0.0,2.2,16.8,0.2,0.0,0.0,0.0,48.0,0.0,0.0,25.0,170.0,1.0,0.0,0.0,0.0,4.8,0.0,0.0,2.5,17.0,0.1,0.0,0.0,4.8
1088,JuJu Smith-Schuster,NE,WR,W 21-18,13.0,Pit,Away,25.0,12-12-23,14,False,0,124,21,26,0,6.220000000000001,0.0,0.0,2.8,34.2,0.0,0.0,0.0,0.0,61.0,0.0,0.0,29.0,260.0,1.0,0.0,0.0,0.0,5.545454545454546,0.0,0.0,2.6363636363636362,23.636363636363637,0.09090909090909091,0.0,0.0,5.545454545454546
1882,Julio Jones,Phi,WR,L 31-35,17.4,Ari,Home,15.0,01-02-24,17,False,0,125,25,0,1,17.4,0.0,0.0,2.0,34.0,2.0,0.0,0.0,0.0,17.4,0.0,0.0,2.0,34.0,2.0,0.0,0.0,0.0,17.4,0.0,0.0,2.0,34.0,2.0,0.0,0.0,17.4
1306,Julio Jones,Phi,WR,L 10-27,3.3,NYG,Away,84.0,01-09-24,18,False,0,125,25,23,0,10.35,0.0,0.0,2.0,23.5,1.0,0.0,0.0,0.0,20.7,0.0,0.0,4.0,47.0,2.0,0.0,0.0,0.0,10.35,0.0,0.0,2.0,23.5,1.0,0.0,0.0,10.35
2631,Julio Jones,Phi,WR,W 31-17,1.3,Mia,Home,94.5,10-24-23,7,False,0,125,25,19,1,7.333333333333333,0.0,0.0,1.6666666666666667,16.666666666666668,0.6666666666666666,0.0,0.0,0.0,22.0,0.0,0.0,5.0,50.0,2.0,0.0,0.0,0.0,7.333333333333333,0.0,0.0,1.6666666666666667,16.666666666666668,0.6666666666666666,0.0,0.0,7.333333333333333
2431,Julio Jones,Phi,WR,W 38-31,7.8,Wsh,Away,59.0,10-31-23,8,False,0,125,25,31,0,7.449999999999999,0.0,0.0,1.5,14.5,0.75,0.0,0.0,0.0,29.799999999999997,0.0,0.0,6.0,58.0,3.0,0.0,0.0,0.0,7.449999999999999,0.0,0.0,1.5,14.5,0.75,0.0,0.0,7.449999999999999
1029,Julio Jones,Phi,WR,W 28-23,0.0,Dal,Home,126.5,11-07-23,9,False,0,125,25,8,1,5.959999999999999,0.0,0.0,1.2,11.6,0.6,0.0,0.0,0.0,29.799999999999997,0.0,0.0,6.0,58.0,3.0,0.0,0.0,0.0,5.959999999999999,0.0,0.0,1.2,11.6,0.6,0.0,0.0,5.959999999999999
714,Julio Jones,Phi,WR,W 21-17,2.5,KC,Away,83.0,11-21-23,11,False,0,125,25,15,0,2.9799999999999995,0.0,0.0,1.2,5.8,0.2,0.0,0.0,0.0,32.3,0.0,0.0,8.0,63.0,3.0,0.0,0.0,0.0,5.383333333333333,0.0,0.0,1.3333333333333333,10.5,0.5,0.0,0.0,5.383333333333333
1648,Julio Jones,Phi,WR,W 37-34,1.0,Buf,Home,120.5,11-28-23,12,False,0,125,25,3,1,2.5199999999999996,0.0,0.0,1.0,3.2,0.2,0.0,0.0,0.0,33.3,0.0,0.0,9.0,63.0,3.0,0.0,0.0,0.0,4.757142857142857,0.0,0.0,1.2857142857142858,9.0,0.42857142857142855,0.0,0.0,4.757142857142857
883,Julio Jones,Phi,WR,L 19-42,0.0,SF,Home,113.0,12-05-23,13,False,0,125,25,27,1,2.2600000000000002,0.0,0.0,0.8,2.6,0.2,0.0,0.0,0.0,33.3,0.0,0.0,9.0,63.0,3.0,0.0,0.0,0.0,4.1625,0.0,0.0,1.125,7.875,0.375,0.0,0.0,4.1625
1181,Julio Jones,Phi,WR,L 13-33,0.0,Dal,Away,134.0,12-12-23,14,False,0,125,25,8,0,0.7,0.0,0.0,0.6,1.0,0.0,0.0,0.0,0.0,33.3,0.0,0.0,9.0,63.0,3.0,0.0,0.0,0.0,3.6999999999999997,0.0,0.0,1.0,7.0,0.3333333333333333,0.0,0.0,3.6999999999999997
2307,Julio Jones,Phi,WR,L 17-20,1.6,Sea,Away,103.0,12-19-23,15,False,0,125,25,28,0,1.02,0.0,0.0,0.8,2.2,0.0,0.0,0.0,0.0,34.9,0.0,0.0,10.0,69.0,3.0,0.0,0.0,0.0,3.4899999999999998,0.0,0.0,1.0,6.9,0.3,0.0,0.0,3.4899999999999998
1812,Julio Jones,Phi,WR,W 33-25,1.5,NYG,Home,113.5,12-26-23,16,False,0,125,25,23,1,0.82,0.0,0.0,0.6,2.2,0.0,0.0,0.0,0.0,36.4,0.0,0.0,11.0,74.0,3.0,0.0,0.0,0.0,3.309090909090909,0.0,0.0,1.0,6.7272727272727275,0.2727272727272727,0.0,0.0,3.309090909090909
1901,Justin Jefferson,Min,WR,L 10-33,10.9,GB,Home,34.5,01-02-24,17,False,0,126,20,11,1,10.9,0.0,0.0,5.0,59.0,0.0,0.0,0.0,0.0,10.9,0.0,0.0,5.0,59.0,0.0,0.0,0.0,0.0,10.9,0.0,0.0,5.0,59.0,0.0,0.0,0.0,10.9
1222,Justin Jefferson,Min,WR,L 20-30,36.0,Det,Away,1.0,01-09-24,18,False,0,126,20,10,0,23.45,0.0,0.0,8.5,125.5,0.5,0.5,-6.0,0.0,46.9,0.0,0.0,17.0,251.0,1.0,1.0,-12.0,0.0,23.45,0.0,0.0,8.5,125.5,0.5,0.5,-6.0,23.45
168,Justin Jefferson,Min,WR,L 17-20,24.0,TB,Home,7.0,09-12-23,1,False,0,126,20,29,1,23.633333333333336,0.0,0.0,8.666666666666666,133.66666666666666,0.3333333333333333,0.3333333333333333,-4.0,0.0,70.9,0.0,0.0,26.0,401.0,1.0,1.0,-12.0,0.0,23.633333333333336,0.0,0.0,8.666666666666666,133.66666666666666,0.3333333333333333,0.3333333333333333,-4.0,23.633333333333336
2043,Justin Jefferson,Min,WR,L 28-34,24.9,Phi,Away,8.0,09-19-23,2,False,0,126,20,25,0,23.95,0.0,0.0,9.25,140.0,0.25,0.25,-3.0,0.0,95.8,0.0,0.0,37.0,560.0,1.0,1.0,-12.0,0.0,23.95,0.0,0.0,9.25,140.0,0.25,0.25,-3.0,23.95
328,Justin Jefferson,Min,WR,L 24-28,27.9,LAC,Home,5.0,09-26-23,3,False,0,126,20,16,1,24.74,0.0,0.0,8.8,141.8,0.4,0.2,-2.4,0.0,123.69999999999999,0.0,0.0,44.0,709.0,2.0,1.0,-12.0,0.0,24.74,0.0,0.0,8.8,141.8,0.4,0.2,-2.4,24.74
6,Justin Jefferson,Min,WR,W 21-13,26.5,Car,Away,7.0,10-03-23,4,False,0,126,20,4,0,27.859999999999996,0.0,0.0,9.0,147.0,0.8,0.2,-2.4,0.0,150.2,0.0,0.0,50.0,794.0,4.0,1.0,-12.0,0.0,25.03333333333333,0.0,0.0,8.333333333333334,132.33333333333334,0.6666666666666666,0.16666666666666666,-2.0,25.03333333333333
546,Justin Jefferson,Min,WR,L 20-27,5.8,KC,Home,59.0,10-10-23,5,False,0,126,20,15,1,21.82,0.0,0.0,7.2,114.2,0.6,0.0,0.0,0.0,156.0,0.0,0.0,53.0,822.0,4.0,1.0,-12.0,0.0,22.285714285714285,0.0,0.0,7.571428571428571,117.42857142857143,0.5714285714285714,0.14285714285714285,-1.7142857142857142,22.285714285714285
1127,Justin Jefferson,Min,WR,W 3-0,4.7,LV,Away,65.0,12-12-23,14,False,0,126,20,18,0,17.959999999999997,0.0,0.0,5.8,89.6,0.6,0.0,0.0,0.0,160.7,0.0,0.0,55.0,849.0,4.0,1.0,-12.0,0.0,20.0875,0.0,0.0,6.875,106.125,0.5,0.125,-1.5,20.0875
2226,Justin Jefferson,Min,WR,L 24-27,15.4,Cin,Away,22.0,12-19-23,15,False,0,126,20,6,0,16.06,0.0,0.0,5.0,74.6,0.6,0.0,0.0,0.0,176.1,0.0,0.0,62.0,933.0,4.0,1.0,-12.0,0.0,19.566666666666666,0.0,0.0,6.888888888888889,103.66666666666667,0.4444444444444444,0.1111111111111111,-1.3333333333333333,19.566666666666666
1706,Justin Jefferson,Min,WR,L 24-30,26.1,Det,Home,7.0,12-26-23,16,False,0,126,20,10,1,15.7,0.0,0.0,4.8,73.0,0.6,0.0,0.0,0.0,202.2,0.0,0.0,68.0,1074.0,5.0,1.0,-12.0,0.0,20.22,0.0,0.0,6.8,107.4,0.5,0.1,-1.2,20.22
1936,Justin Watson,KC,WR,W 25-17,5.1,Cin,Home,69.0,01-02-24,17,False,0,127,15,6,1,5.1,0.0,0.0,1.0,41.0,0.0,0.0,0.0,0.0,5.1,0.0,0.0,1.0,41.0,0.0,0.0,0.0,0.0,5.1,0.0,0.0,1.0,41.0,0.0,0.0,0.0,5.1
1353,Justin Watson,KC,WR,W 13-12,0.0,LAC,Away,142.5,01-09-24,18,False,0,127,15,16,0,2.55,0.0,0.0,0.5,20.5,0.0,0.0,0.0,0.0,5.1,0.0,0.0,1.0,41.0,0.0,0.0,0.0,0.0,2.55,0.0,0.0,0.5,20.5,0.0,0.0,0.0,2.55
222,Justin Watson,KC,WR,L 20-21,6.5,Det,Home,60.5,09-12-23,1,False,0,127,15,10,1,3.8666666666666667,0.0,0.0,1.0,28.666666666666668,0.0,0.0,0.0,0.0,11.6,0.0,0.0,3.0,86.0,0.0,0.0,0.0,0.0,3.8666666666666667,0.0,0.0,1.0,28.666666666666668,0.0,0.0,0.0,3.8666666666666667
2101,Justin Watson,KC,WR,W 17-9,7.2,Jax,Away,66.0,09-19-23,2,False,0,127,15,14,0,4.7,0.0,0.0,1.5,37.0,0.0,0.0,0.0,0.0,18.8,0.0,0.0,6.0,148.0,0.0,0.0,0.0,0.0,4.7,0.0,0.0,1.5,37.0,0.0,0.0,0.0,4.7
388,Justin Watson,KC,WR,W 41-10,7.1,Chi,Home,65.0,09-26-23,3,False,0,127,15,5,1,5.18,0.0,0.0,1.6,39.8,0.0,0.0,0.0,0.0,25.9,0.0,0.0,8.0,199.0,0.0,0.0,0.0,0.0,5.18,0.0,0.0,1.6,39.8,0.0,0.0,0.0,5.18
114,Justin Watson,KC,WR,W 23-20,1.5,NYJ,Away,115.5,10-03-23,4,False,0,127,15,24,0,4.459999999999999,0.0,0.0,1.6,32.6,0.0,0.0,0.0,0.0,27.4,0.0,0.0,9.0,204.0,0.0,0.0,0.0,0.0,4.566666666666666,0.0,0.0,1.5,34.0,0.0,0.0,0.0,4.566666666666666
538,Justin Watson,KC,WR,W 27-20,7.6,Min,Away,51.0,10-10-23,5,False,0,127,15,20,0,5.9799999999999995,0.0,0.0,2.0,43.8,0.0,0.0,0.0,0.0,35.0,0.0,0.0,11.0,260.0,0.0,0.0,0.0,0.0,5.0,0.0,0.0,1.5714285714285714,37.142857142857146,0.0,0.0,0.0,5.0
2785,Justin Watson,KC,WR,W 19-8,0.0,Den,Home,128.0,10-17-23,6,False,0,127,15,9,1,4.68,0.0,0.0,1.6,34.8,0.0,0.0,0.0,0.0,35.0,0.0,0.0,11.0,260.0,0.0,0.0,0.0,0.0,4.375,0.0,0.0,1.375,32.5,0.0,0.0,0.0,4.375
2445,Justin Watson,KC,WR,L 9-24,6.2,Den,Away,72.5,10-31-23,8,False,0,127,15,9,0,4.4799999999999995,0.0,0.0,1.4,30.8,0.0,0.0,0.0,0.0,41.2,0.0,0.0,13.0,302.0,0.0,0.0,0.0,0.0,4.577777777777778,0.0,0.0,1.4444444444444444,33.55555555555556,0.0,0.0,0.0,4.577777777777778
993,Justin Watson,KC,WR,W 21-14,3.5,Mia,Home,76.5,11-07-23,9,False,0,127,15,19,1,3.7600000000000002,0.0,0.0,1.4,23.6,0.0,0.0,0.0,0.0,44.7,0.0,0.0,15.0,317.0,0.0,0.0,0.0,0.0,4.470000000000001,0.0,0.0,1.5,31.7,0.0,0.0,0.0,4.470000000000001
648,Justin Watson,KC,WR,L 17-21,16.3,Phi,Home,16.5,11-21-23,11,False,0,127,15,25,1,6.720000000000001,0.0,0.0,2.2,33.2,0.2,0.0,0.0,0.0,61.0,0.0,0.0,20.0,370.0,1.0,0.0,0.0,0.0,5.545454545454546,0.0,0.0,1.8181818181818181,33.63636363636363,0.09090909090909091,0.0,0.0,5.545454545454546
1585,Justin Watson,KC,WR,W 31-17,7.3,LV,Away,57.0,11-28-23,12,False,0,127,15,18,0,6.659999999999999,0.0,0.0,2.0,22.6,0.4,0.0,0.0,0.0,68.3,0.0,0.0,21.0,373.0,2.0,0.0,0.0,0.0,5.691666666666666,0.0,0.0,1.75,31.083333333333332,0.16666666666666666,0.0,0.0,5.691666666666666
882,Justin Watson,KC,WR,L 19-27,0.0,GB,Away,113.0,12-05-23,13,False,0,127,15,11,0,6.659999999999999,0.0,0.0,2.0,22.6,0.4,0.0,0.0,0.0,68.3,0.0,0.0,21.0,373.0,2.0,0.0,0.0,0.0,5.253846153846154,0.0,0.0,1.6153846153846154,28.692307692307693,0.15384615384615385,0.0,0.0,5.253846153846154
1151,Justin Watson,KC,WR,L 17-20,2.8,Buf,Home,88.5,12-12-23,14,False,0,127,15,3,1,5.9799999999999995,0.0,0.0,1.8,17.8,0.4,0.0,0.0,0.0,71.1,0.0,0.0,22.0,391.0,2.0,0.0,0.0,0.0,5.078571428571428,0.0,0.0,1.5714285714285714,27.928571428571427,0.14285714285714285,0.0,0.0,5.078571428571428
2283,Justin Watson,KC,WR,W 27-17,4.1,NE,Away,78.5,12-19-23,15,False,0,127,15,21,0,6.1,0.0,0.0,1.6,21.0,0.4,0.0,0.0,0.0,75.2,0.0,0.0,23.0,422.0,2.0,0.0,0.0,0.0,5.013333333333334,0.0,0.0,1.5333333333333334,28.133333333333333,0.13333333333333333,0.0,0.0,5.013333333333334
1729,Justin Watson,KC,WR,L 14-20,13.8,LV,Home,29.5,12-26-23,16,False,0,127,15,18,1,5.6,0.0,0.0,1.4,18.0,0.4,0.0,0.0,0.0,89.0,0.0,0.0,27.0,460.0,3.0,0.0,0.0,0.0,5.5625,0.0,0.0,1.6875,28.75,0.1875,0.0,0.0,5.5625
1987,Justyn Ross,KC,WR,W 25-17,0.0,Cin,Home,137.5,01-02-24,17,False,0,128,15,6,1,0.0,0.0,0.0,0.0,0.0,0.0,0.0,0.0,0.0,0.0,0.0,0.0,0.0,0.0,0.0,0.0,0.0,0.0,0.0,0.0,0.0,0.0,0.0,0.0,0.0,0.0,0.0
1299,Justyn Ross,KC,WR,W 13-12,3.7,LAC,Away,77.5,01-09-24,18,False,0,128,15,16,0,1.85,0.0,0.0,1.0,8.5,0.0,0.0,0.0,0.0,3.7,0.0,0.0,2.0,17.0,0.0,0.0,0.0,0.0,1.85,0.0,0.0,1.0,8.5,0.0,0.0,0.0,1.85
259,Justyn Ross,KC,WR,L 20-21,1.6,Det,Home,98.5,09-12-23,1,False,0,128,15,10,1,1.7666666666666668,0.0,0.0,1.0,7.666666666666667,0.0,0.0,0.0,0.0,5.300000000000001,0.0,0.0,3.0,23.0,0.0,0.0,0.0,0.0,1.7666666666666668,0.0,0.0,1.0,7.666666666666667,0.0,0.0,0.0,1.7666666666666668
2165,Justyn Ross,KC,WR,W 17-9,0.0,Jax,Away,145.0,09-19-23,2,False,0,128,15,14,0,1.3250000000000002,0.0,0.0,0.75,5.75,0.0,0.0,0.0,0.0,5.300000000000001,0.0,0.0,3.0,23.0,0.0,0.0,0.0,0.0,1.3250000000000002,0.0,0.0,0.75,5.75,0.0,0.0,0.0,1.3250000000000002
448,Justyn Ross,KC,WR,W 41-10,0.0,Chi,Home,141.0,09-26-23,3,False,0,128,15,5,1,1.06,0.0,0.0,0.6,4.6,0.0,0.0,0.0,0.0,5.300000000000001,0.0,0.0,3.0,23.0,0.0,0.0,0.0,0.0,1.06,0.0,0.0,0.6,4.6,0.0,0.0,0.0,1.06
127,Justyn Ross,KC,WR,W 23-20,0.0,NYJ,Away,143.0,10-03-23,4,False,0,128,15,24,0,1.06,0.0,0.0,0.6,4.6,0.0,0.0,0.0,0.0,5.300000000000001,0.0,0.0,3.0,23.0,0.0,0.0,0.0,0.0,0.8833333333333334,0.0,0.0,0.5,3.8333333333333335,0.0,0.0,0.0,0.8833333333333334
550,Justyn Ross,KC,WR,W 27-20,4.8,Min,Away,62.5,10-10-23,5,False,0,128,15,20,0,1.2799999999999998,0.0,0.0,0.6,6.8,0.0,0.0,0.0,0.0,10.1,0.0,0.0,5.0,51.0,0.0,0.0,0.0,0.0,1.4428571428571428,0.0,0.0,0.7142857142857143,7.285714285714286,0.0,0.0,0.0,1.4428571428571428
2783,Justyn Ross,KC,WR,W 19-8,0.0,Den,Home,128.0,10-17-23,6,False,0,128,15,9,1,0.9599999999999997,0.0,0.0,0.4,5.6,0.0,0.0,0.0,0.0,10.1,0.0,0.0,5.0,51.0,0.0,0.0,0.0,0.0,1.2625,0.0,0.0,0.625,6.375,0.0,0.0,0.0,1.2625
2640,Justyn Ross,KC,WR,W 31-17,0.0,LAC,Home,116.0,10-24-23,7,False,0,128,15,16,1,0.9599999999999997,0.0,0.0,0.4,5.6,0.0,0.0,0.0,0.0,10.1,0.0,0.0,5.0,51.0,0.0,0.0,0.0,0.0,1.1222222222222222,0.0,0.0,0.5555555555555556,5.666666666666667,0.0,0.0,0.0,1.1222222222222222
1817,Justyn Ross,KC,WR,L 14-20,1.2,LV,Home,117.5,12-26-23,16,False,0,128,15,18,1,1.1999999999999997,0.0,0.0,0.6,6.0,0.0,0.0,0.0,0.0,11.299999999999999,0.0,0.0,6.0,53.0,0.0,0.0,0.0,0.0,1.13,0.0,0.0,0.6,5.3,0.0,0.0,0.0,1.13
1382,Juwann Winfree,Ind,WR,L 19-23,0.0,Hou,Home,142.5,01-09-24,18,False,0,129,13,12,1,0.0,0.0,0.0,0.0,0.0,0.0,0.0,0.0,0.0,0.0,0.0,0.0,0.0,0.0,0.0,0.0,0.0,0.0,0.0,0.0,0.0,0.0,0.0,0.0,0.0,0.0,0.0
322,Juwann Winfree,Ind,WR,L 21-31,0.0,Jax,Home,135.0,09-12-23,1,False,0,129,13,14,1,0.0,0.0,0.0,0.0,0.0,0.0,0.0,0.0,0.0,0.0,0.0,0.0,0.0,0.0,0.0,0.0,0.0,0.0,0.0,0.0,0.0,0.0,0.0,0.0,0.0,0.0,0.0
2200,Juwann Winfree,Ind,WR,W 31-20,0.0,Hou,Away,145.0,09-19-23,2,False,0,129,13,12,0,0.0,0.0,0.0,0.0,0.0,0.0,0.0,0.0,0.0,0.0,0.0,0.0,0.0,0.0,0.0,0.0,0.0,0.0,0.0,0.0,0.0,0.0,0.0,0.0,0.0,0.0,0.0
486,Juwann Winfree,Ind,WR,W 22-19,0.0,Bal,Away,141.0,09-26-23,3,False,0,129,13,2,0,0.0,0.0,0.0,0.0,0.0,0.0,0.0,0.0,0.0,0.0,0.0,0.0,0.0,0.0,0.0,0.0,0.0,0.0,0.0,0.0,0.0,0.0,0.0,0.0,0.0,0.0,0.0
2667,Juwann Winfree,Ind,WR,L 38-39,0.0,Cle,Home,116.0,10-24-23,7,False,0,129,13,7,1,0.0,0.0,0.0,0.0,0.0,0.0,0.0,0.0,0.0,0.0,0.0,0.0,0.0,0.0,0.0,0.0,0.0,0.0,0.0,0.0,0.0,0.0,0.0,0.0,0.0,0.0,0.0
2532,Juwann Winfree,Ind,WR,L 27-38,0.0,NO,Home,138.0,10-31-23,8,False,0,129,13,22,1,0.0,0.0,0.0,0.0,0.0,0.0,0.0,0.0,0.0,0.0,0.0,0.0,0.0,0.0,0.0,0.0,0.0,0.0,0.0,0.0,0.0,0.0,0.0,0.0,0.0,0.0,0.0
1058,Juwann Winfree,Ind,WR,W 27-13,0.0,Car,Away,126.5,11-07-23,9,False,0,129,13,4,0,0.0,0.0,0.0,0.0,0.0,0.0,0.0,0.0,0.0,0.0,0.0,0.0,0.0,0.0,0.0,0.0,0.0,0.0,0.0,0.0,0.0,0.0,0.0,0.0,0.0,0.0,0.0
1521,Juwann Winfree,Ind,WR,W 10-6,0.0,NE,Away,123.5,11-14-23,10,False,0,129,13,21,0,0.0,0.0,0.0,0.0,0.0,0.0,0.0,0.0,0.0,0.0,0.0,0.0,0.0,0.0,0.0,0.0,0.0,0.0,0.0,0.0,0.0,0.0,0.0,0.0,0.0,0.0,0.0
1977,K.J. Osborn,Min,WR,L 10-33,0.0,GB,Home,137.5,01-02-24,17,False,0,130,20,11,1,0.0,0.0,0.0,0.0,0.0,0.0,0.0,0.0,0.0,0.0,0.0,0.0,0.0,0.0,0.0,0.0,0.0,0.0,0.0,0.0,0.0,0.0,0.0,0.0,0.0,0.0,0.0
1309,K.J. Osborn,Min,WR,L 20-30,2.9,Det,Away,88.5,01-09-24,18,False,0,130,20,10,0,1.45,0.0,0.0,1.0,4.5,0.0,0.0,0.0,0.0,2.9,0.0,0.0,2.0,9.0,0.0,0.0,0.0,0.0,1.45,0.0,0.0,1.0,4.5,0.0,0.0,0.0,1.45
225,K.J. Osborn,Min,WR,L 17-20,6.1,TB,Home,64.5,09-12-23,1,False,0,130,20,29,1,3.0,0.0,0.0,1.6666666666666667,13.333333333333334,0.0,0.0,0.0,0.0,9.0,0.0,0.0,5.0,40.0,0.0,0.0,0.0,0.0,3.0,0.0,0.0,1.6666666666666667,13.333333333333334,0.0,0.0,0.0,3.0
2079,K.J. Osborn,Min,WR,L 28-34,12.4,Phi,Away,43.5,09-19-23,2,False,0,130,20,25,0,5.35,0.0,0.0,2.0,18.5,0.25,0.0,0.0,0.0,21.4,0.0,0.0,8.0,74.0,1.0,0.0,0.0,0.0,5.35,0.0,0.0,2.0,18.5,0.25,0.0,0.0,5.35
366,K.J. Osborn,Min,WR,L 24-28,10.6,LAC,Home,42.5,09-26-23,3,False,0,130,20,16,1,6.4,0.0,0.0,1.8,22.0,0.4,0.0,0.0,0.0,32.0,0.0,0.0,9.0,110.0,2.0,0.0,0.0,0.0,6.4,0.0,0.0,1.8,22.0,0.4,0.0,0.0,6.4
98,K.J. Osborn,Min,WR,W 21-13,2.6,Car,Away,99.0,10-03-23,4,False,0,130,20,4,0,6.92,0.0,0.0,2.0,25.2,0.4,0.0,0.0,0.0,34.6,0.0,0.0,10.0,126.0,2.0,0.0,0.0,0.0,5.766666666666667,0.0,0.0,1.6666666666666667,21.0,0.3333333333333333,0.0,0.0,5.766666666666667
522,K.J. Osborn,Min,WR,L 20-27,9.9,KC,Home,34.5,10-10-23,5,False,0,130,20,15,1,8.32,0.0,0.0,2.6,33.2,0.4,0.0,0.0,0.0,44.5,0.0,0.0,15.0,175.0,2.0,0.0,0.0,0.0,6.357142857142857,0.0,0.0,2.142857142857143,25.0,0.2857142857142857,0.0,0.0,6.357142857142857
2715,K.J. Osborn,Min,WR,W 19-13,8.8,Chi,Away,44.5,10-17-23,6,False,0,130,20,5,0,8.86,0.0,0.0,2.8,36.6,0.4,0.0,0.0,0.0,53.3,0.0,0.0,19.0,223.0,2.0,0.0,0.0,0.0,6.6625,0.0,0.0,2.375,27.875,0.25,0.0,0.0,6.6625
2577,K.J. Osborn,Min,WR,W 22-17,9.7,SF,Home,40.0,10-24-23,7,False,0,130,20,27,1,8.32,0.0,0.0,3.2,39.2,0.2,0.0,0.0,0.0,63.0,0.0,0.0,24.0,270.0,2.0,0.0,0.0,0.0,7.0,0.0,0.0,2.6666666666666665,30.0,0.2222222222222222,0.0,0.0,7.0
2387,K.J. Osborn,Min,WR,W 24-10,17.9,GB,Away,15.0,10-31-23,8,False,0,130,20,11,0,9.78,0.0,0.0,4.6,51.8,0.0,0.0,0.0,0.0,80.9,0.0,0.0,32.0,369.0,2.0,0.0,0.0,0.0,8.09,0.0,0.0,3.2,36.9,0.2,0.0,0.0,8.09
989,K.J. Osborn,Min,WR,W 31-28,3.7,Atl,Away,73.0,11-07-23,9,False,0,130,20,1,0,10.0,0.0,0.0,4.8,52.0,0.0,0.0,0.0,0.0,84.6,0.0,0.0,34.0,386.0,2.0,0.0,0.0,0.0,7.6909090909090905,0.0,0.0,3.090909090909091,35.09090909090909,0.18181818181818182,0.0,0.0,7.6909090909090905
723,K.J. Osborn,Min,WR,L 20-21,1.7,Den,Away,94.5,11-21-23,11,False,0,130,20,9,0,8.36,0.0,0.0,4.0,43.6,0.0,0.0,0.0,0.0,86.3,0.0,0.0,35.0,393.0,2.0,0.0,0.0,0.0,7.191666666666666,0.0,0.0,2.9166666666666665,32.75,0.16666666666666666,0.0,0.0,7.191666666666666
1595,K.J. Osborn,Min,WR,L 10-12,6.4,Chi,Home,67.5,11-28-23,12,False,0,130,20,5,1,7.880000000000001,0.0,0.0,3.8,40.8,0.0,0.0,0.0,0.0,92.7,0.0,0.0,38.0,427.0,2.0,0.0,0.0,0.0,7.130769230769231,0.0,0.0,2.923076923076923,32.84615384615385,0.15384615384615385,0.0,0.0,7.130769230769231
1123,K.J. Osborn,Min,WR,W 3-0,5.5,LV,Away,60.0,12-12-23,14,False,0,130,20,18,0,7.040000000000001,0.0,0.0,3.6,34.4,0.0,0.0,0.0,0.0,98.2,0.0,0.0,42.0,442.0,2.0,0.0,0.0,0.0,7.014285714285714,0.0,0.0,3.0,31.571428571428573,0.14285714285714285,0.0,0.0,7.014285714285714
2314,K.J. Osborn,Min,WR,L 24-27,1.3,Cin,Away,110.0,12-19-23,15,False,0,130,20,6,0,3.72,0.0,0.0,2.2,15.2,0.0,0.0,0.0,0.0,99.5,0.0,0.0,43.0,445.0,2.0,0.0,0.0,0.0,6.633333333333334,0.0,0.0,2.8666666666666667,29.666666666666668,0.13333333333333333,0.0,0.0,6.633333333333334
1713,K.J. Osborn,Min,WR,L 24-30,20.5,Det,Home,14.0,12-26-23,16,False,0,130,20,10,1,7.080000000000001,0.0,0.0,2.8,30.8,0.2,0.0,0.0,0.0,120.0,0.0,0.0,48.0,540.0,3.0,0.0,0.0,0.0,7.5,0.0,0.0,3.0,33.75,0.1875,0.0,0.0,7.5
1990,KaVontae Turpin,Dal,WR,W 20-19,0.0,Det,Home,137.5,01-02-24,17,False,0,131,8,10,1,0.0,0.0,0.0,0.0,0.0,0.0,0.0,0.0,0.0,0.0,0.0,0.0,0.0,0.0,0.0,0.0,0.0,0.0,0.0,0.0,0.0,0.0,0.0,0.0,0.0,0.0,0.0
1341,KaVontae Turpin,Dal,WR,W 38-10,0.5,Wsh,Away,120.0,01-09-24,18,False,0,131,8,31,0,0.25,0.0,0.0,0.0,0.0,0.0,0.5,2.5,0.0,0.5,0.0,0.0,0.0,0.0,0.0,1.0,5.0,0.0,0.25,0.0,0.0,0.0,0.0,0.0,0.5,2.5,0.25
200,KaVontae Turpin,Dal,WR,W 40-0,10.5,NYG,Away,39.0,09-12-23,1,False,0,131,8,23,0,3.6666666666666665,0.0,0.0,0.6666666666666666,3.6666666666666665,0.0,1.3333333333333333,6.333333333333333,0.3333333333333333,11.0,0.0,0.0,2.0,11.0,0.0,4.0,19.0,1.0,3.6666666666666665,0.0,0.0,0.6666666666666666,3.6666666666666665,0.0,1.3333333333333333,6.333333333333333,3.6666666666666665
2134,KaVontae Turpin,Dal,WR,W 30-10,2.5,NYJ,Home,98.5,09-19-23,2,False,0,131,8,24,1,3.375,0.0,0.0,0.75,5.0,0.0,1.5,6.25,0.25,13.5,0.0,0.0,3.0,20.0,0.0,6.0,25.0,1.0,3.375,0.0,0.0,0.75,5.0,0.0,1.5,6.25,3.375
450,KaVontae Turpin,Dal,WR,L 16-28,0.0,Ari,Away,141.0,09-26-23,3,False,0,131,8,0,0,2.7,0.0,0.0,0.6,4.0,0.0,1.2,5.0,0.2,13.5,0.0,0.0,3.0,20.0,0.0,6.0,25.0,1.0,2.7,0.0,0.0,0.6,4.0,0.0,1.2,5.0,2.7
60,KaVontae Turpin,Dal,WR,W 38-3,6.1,NE,Home,61.0,10-03-23,4,False,0,131,8,21,1,3.9200000000000004,0.0,0.0,0.8,5.0,0.0,1.4,14.2,0.2,19.6,0.0,0.0,4.0,25.0,0.0,7.0,71.0,1.0,3.266666666666667,0.0,0.0,0.6666666666666666,4.166666666666667,0.0,1.1666666666666667,11.833333333333334,3.266666666666667
525,KaVontae Turpin,Dal,WR,L 10-42,9.6,SF,Away,38.0,10-10-23,5,False,0,131,8,27,0,5.74,0.0,0.0,1.0,10.2,0.2,1.2,13.2,0.2,29.2,0.0,0.0,5.0,51.0,1.0,7.0,71.0,1.0,4.171428571428572,0.0,0.0,0.7142857142857143,7.285714285714286,0.14285714285714285,1.0,10.142857142857142,4.171428571428572
2791,KaVontae Turpin,Dal,WR,W 20-17,0.0,LAC,Away,128.0,10-17-23,6,False,0,131,8,16,0,3.6399999999999997,0.0,0.0,0.6,8.0,0.2,0.6,10.4,0.0,29.2,0.0,0.0,5.0,51.0,1.0,7.0,71.0,1.0,3.65,0.0,0.0,0.625,6.375,0.125,0.875,8.875,3.65
2470,KaVontae Turpin,Dal,WR,W 43-20,2.3,LAR,Home,98.0,10-31-23,8,False,0,131,8,17,1,3.6,0.0,0.0,0.6,8.8,0.2,0.2,9.2,0.0,31.5,0.0,0.0,6.0,64.0,1.0,7.0,71.0,1.0,3.5,0.0,0.0,0.6666666666666666,7.111111111111111,0.1111111111111111,0.7777777777777778,7.888888888888889,3.5
960,KaVontae Turpin,Dal,WR,L 23-28,7.5,Phi,Away,44.0,11-07-23,9,False,0,131,8,25,0,5.1,0.0,0.0,0.8,9.8,0.4,0.4,9.2,0.0,39.0,0.0,0.0,7.0,69.0,2.0,8.0,71.0,1.0,3.9,0.0,0.0,0.7,6.9,0.2,0.8,7.1,3.9
700,KaVontae Turpin,Dal,WR,W 33-10,4.3,Car,Away,69.0,11-21-23,11,False,0,131,8,4,0,4.739999999999999,0.0,0.0,1.0,10.8,0.4,0.4,2.6,0.0,43.3,0.0,0.0,9.0,79.0,2.0,9.0,84.0,1.0,3.936363636363636,0.0,0.0,0.8181818181818182,7.181818181818182,0.18181818181818182,0.8181818181818182,7.636363636363637,3.936363636363636
1565,KaVontae Turpin,Dal,WR,W 45-10,10.4,Wsh,Home,37.0,11-28-23,12,False,0,131,8,31,1,4.9,0.0,0.0,1.0,12.4,0.4,0.4,2.6,0.0,53.7,0.0,0.0,10.0,113.0,3.0,9.0,84.0,1.0,4.4750000000000005,0.0,0.0,0.8333333333333334,9.416666666666666,0.25,0.75,7.0,4.4750000000000005
860,KaVontae Turpin,Dal,WR,W 41-35,2.0,Sea,Home,78.5,12-05-23,13,False,0,131,8,28,1,5.3,0.0,0.0,1.2,14.4,0.4,0.4,2.6,0.0,55.7,0.0,0.0,11.0,123.0,3.0,9.0,84.0,1.0,4.2846153846153845,0.0,0.0,0.8461538461538461,9.461538461538462,0.23076923076923078,0.6923076923076923,6.461538461538462,4.2846153846153845
1156,KaVontae Turpin,Dal,WR,W 33-13,2.2,Phi,Home,93.0,12-12-23,14,False,0,131,8,25,1,5.279999999999999,0.0,0.0,1.0,11.8,0.4,0.6,7.0,0.0,57.9,0.0,0.0,11.0,123.0,3.0,10.0,106.0,1.0,4.135714285714285,0.0,0.0,0.7857142857142857,8.785714285714286,0.21428571428571427,0.7142857142857143,7.571428571428571,4.135714285714285
2333,KaVontae Turpin,Dal,WR,L 10-31,0.0,Buf,Away,140.0,12-19-23,15,False,0,131,8,3,0,3.78,0.0,0.0,0.8,10.8,0.2,0.4,7.0,0.0,57.9,0.0,0.0,11.0,123.0,3.0,10.0,106.0,1.0,3.86,0.0,0.0,0.7333333333333333,8.2,0.2,0.6666666666666666,7.066666666666666,3.86
1804,KaVontae Turpin,Dal,WR,L 20-22,1.8,Mia,Away,106.0,12-26-23,16,False,0,131,8,19,0,3.2800000000000002,0.0,0.0,0.6,9.6,0.2,0.4,5.2,0.0,59.7,0.0,0.0,12.0,127.0,3.0,11.0,110.0,1.0,3.73125,0.0,0.0,0.75,7.9375,0.1875,0.6875,6.875,3.73125
267,Kadarius Toney,KC,WR,L 20-21,1.0,Det,Home,106.0,09-12-23,1,False,0,132,15,10,1,1.0,0.0,0.0,1.0,1.0,0.0,1.0,-1.0,0.0,1.0,0.0,0.0,1.0,1.0,0.0,1.0,-1.0,0.0,1.0,0.0,0.0,1.0,1.0,0.0,1.0,-1.0,1.0
2092,Kadarius Toney,KC,WR,W 17-9,8.8,Jax,Away,57.0,09-19-23,2,False,0,132,15,14,0,4.9,0.0,0.0,3.0,18.0,0.0,1.0,1.0,0.0,9.8,0.0,0.0,6.0,36.0,0.0,2.0,2.0,0.0,4.9,0.0,0.0,3.0,18.0,0.0,1.0,1.0,4.9
439,Kadarius Toney,KC,WR,W 41-10,0.9,Chi,Home,116.0,09-26-23,3,False,0,132,15,5,1,3.566666666666667,0.0,0.0,2.3333333333333335,11.666666666666666,0.0,0.6666666666666666,0.6666666666666666,0.0,10.700000000000001,0.0,0.0,7.0,35.0,0.0,2.0,2.0,0.0,3.566666666666667,0.0,0.0,2.3333333333333335,11.666666666666666,0.0,0.6666666666666666,0.6666666666666666,3.566666666666667
78,Kadarius Toney,KC,WR,W 23-20,4.2,NYJ,Away,79.5,10-03-23,4,False,0,132,15,24,0,3.7250000000000005,0.0,0.0,2.25,14.25,0.0,0.5,0.5,0.0,14.900000000000002,0.0,0.0,9.0,57.0,0.0,2.0,2.0,0.0,3.7250000000000005,0.0,0.0,2.25,14.25,0.0,0.5,0.5,3.7250000000000005
537,Kadarius Toney,KC,WR,W 27-20,7.7,Min,Away,50.0,10-10-23,5,False,0,132,15,20,0,4.5200000000000005,0.0,0.0,2.8,16.6,0.0,0.6,0.6,0.0,22.6,0.0,0.0,14.0,83.0,0.0,3.0,3.0,0.0,4.5200000000000005,0.0,0.0,2.8,16.6,0.0,0.6,0.6,4.5200000000000005
2712,Kadarius Toney,KC,WR,W 19-8,9.4,Den,Home,40.5,10-17-23,6,False,0,132,15,9,1,6.2,0.0,0.0,3.2,18.2,0.2,0.8,-0.2,0.0,32.0,0.0,0.0,17.0,92.0,1.0,5.0,-2.0,0.0,5.333333333333333,0.0,0.0,2.8333333333333335,15.333333333333334,0.16666666666666666,0.8333333333333334,-0.3333333333333333,5.333333333333333
2618,Kadarius Toney,KC,WR,W 31-17,2.3,LAC,Home,81.0,10-24-23,7,False,0,132,15,16,1,4.9,0.0,0.0,2.4,13.8,0.2,0.6,-0.8,0.0,34.300000000000004,0.0,0.0,18.0,105.0,1.0,5.0,-2.0,0.0,4.9,0.0,0.0,2.5714285714285716,15.0,0.14285714285714285,0.7142857142857143,-0.2857142857142857,4.9
2481,Kadarius Toney,KC,WR,L 9-24,1.1,Den,Away,109.0,10-31-23,8,False,0,132,15,9,0,4.94,0.0,0.0,2.4,14.8,0.2,0.8,-1.4,0.0,35.4,0.0,0.0,19.0,109.0,1.0,6.0,-5.0,0.0,4.425,0.0,0.0,2.375,13.625,0.125,0.75,-0.625,4.425
998,Kadarius Toney,KC,WR,W 21-14,2.8,Mia,Home,82.0,11-07-23,9,False,0,132,15,19,1,4.66,0.0,0.0,2.2,14.0,0.2,0.8,-1.4,0.0,38.2,0.0,0.0,20.0,127.0,1.0,6.0,-5.0,0.0,4.2444444444444445,0.0,0.0,2.2222222222222223,14.11111111111111,0.1111111111111111,0.6666666666666666,-0.5555555555555556,4.2444444444444445
697,Kadarius Toney,KC,WR,L 17-21,4.6,Phi,Home,66.0,11-21-23,11,False,0,132,15,25,1,4.04,0.0,0.0,1.6,11.2,0.2,1.0,1.2,0.0,42.8,0.0,0.0,22.0,139.0,1.0,8.0,9.0,0.0,4.279999999999999,0.0,0.0,2.2,13.9,0.1,0.8,0.9,4.279999999999999
871,Kadarius Toney,KC,WR,L 19-27,0.6,GB,Away,90.0,12-05-23,13,False,0,132,15,11,0,2.28,0.0,0.0,1.0,9.4,0.0,0.8,3.4,0.0,43.4,0.0,0.0,22.0,139.0,1.0,9.0,15.0,0.0,3.9454545454545453,0.0,0.0,2.0,12.636363636363637,0.09090909090909091,0.8181818181818182,1.3636363636363635,3.9454545454545453
1111,Kadarius Toney,KC,WR,L 17-20,7.1,Buf,Home,48.0,12-12-23,14,False,0,132,15,3,1,3.2399999999999993,0.0,0.0,1.4,11.8,0.0,1.2,6.6,0.0,50.5,0.0,0.0,25.0,164.0,1.0,11.0,31.0,0.0,4.208333333333333,0.0,0.0,2.0833333333333335,13.666666666666666,0.08333333333333333,0.9166666666666666,2.5833333333333335,4.208333333333333
2295,Kadarius Toney,KC,WR,W 27-17,2.5,NE,Away,91.0,12-19-23,15,False,0,132,15,21,0,3.5199999999999996,0.0,0.0,1.6,12.0,0.0,1.0,7.2,0.0,53.0,0.0,0.0,27.0,169.0,1.0,11.0,31.0,0.0,4.076923076923077,0.0,0.0,2.076923076923077,13.0,0.07692307692307693,0.8461538461538461,2.3846153846153846,4.076923076923077
1958,Kalif Raymond,Det,WR,L 19-20,2.1,Dal,Away,91.5,01-02-24,17,False,0,133,10,8,0,2.1,0.0,0.0,1.0,11.0,0.0,0.0,0.0,0.0,2.1,0.0,0.0,1.0,11.0,0.0,0.0,0.0,0.0,2.1,0.0,0.0,1.0,11.0,0.0,0.0,0.0,2.1
1274,Kalif Raymond,Det,WR,W 30-20,7.0,Min,Home,53.0,01-09-24,18,False,0,133,10,20,1,4.55,0.0,0.0,1.5,30.5,0.0,0.0,0.0,0.0,9.1,0.0,0.0,3.0,61.0,0.0,0.0,0.0,0.0,4.55,0.0,0.0,1.5,30.5,0.0,0.0,0.0,4.55
250,Kalif Raymond,Det,WR,W 21-20,3.0,KC,Away,88.5,09-12-23,1,False,0,133,10,15,0,4.033333333333333,0.0,0.0,1.3333333333333333,27.0,0.0,0.0,0.0,0.0,12.1,0.0,0.0,4.0,81.0,0.0,0.0,0.0,0.0,4.033333333333333,0.0,0.0,1.3333333333333333,27.0,0.0,0.0,0.0,4.033333333333333
2071,Kalif Raymond,Det,WR,L 31-37,13.7,Sea,Home,36.0,09-19-23,2,False,0,133,10,28,1,6.449999999999999,0.0,0.0,1.5,31.75,0.25,0.25,2.75,0.0,25.799999999999997,0.0,0.0,6.0,127.0,1.0,1.0,11.0,0.0,6.449999999999999,0.0,0.0,1.5,31.75,0.25,0.25,2.75,6.449999999999999
372,Kalif Raymond,Det,WR,W 20-6,9.5,Atl,Home,49.0,09-26-23,3,False,0,133,10,1,1,7.06,0.0,0.0,2.0,36.4,0.2,0.2,2.2,0.0,35.3,0.0,0.0,10.0,182.0,1.0,1.0,11.0,0.0,7.06,0.0,0.0,2.0,36.4,0.2,0.2,2.2,7.06
73,Kalif Raymond,Det,WR,W 34-20,4.8,GB,Away,73.0,10-03-23,4,False,0,133,10,11,0,7.6,0.0,0.0,2.0,33.8,0.2,0.4,10.2,0.0,40.1,0.0,0.0,11.0,180.0,1.0,2.0,51.0,0.0,6.683333333333334,0.0,0.0,1.8333333333333333,30.0,0.16666666666666666,0.3333333333333333,8.5,6.683333333333334
539,Kalif Raymond,Det,WR,W 42-24,7.5,Car,Home,52.0,10-10-23,5,False,0,133,10,4,1,7.7,0.0,0.0,2.2,32.8,0.2,0.4,10.2,0.0,47.6,0.0,0.0,14.0,225.0,1.0,2.0,51.0,0.0,6.8,0.0,0.0,2.0,32.142857142857146,0.14285714285714285,0.2857142857142857,7.285714285714286,6.8
2733,Kalif Raymond,Det,WR,W 20-6,5.6,TB,Away,62.5,10-17-23,6,False,0,133,10,29,0,8.219999999999999,0.0,0.0,2.6,33.4,0.2,0.6,10.8,0.0,53.199999999999996,0.0,0.0,17.0,248.0,1.0,3.0,54.0,0.0,6.6499999999999995,0.0,0.0,2.125,31.0,0.125,0.375,6.75,6.6499999999999995
2602,Kalif Raymond,Det,WR,L 6-38,4.0,Bal,Away,65.5,10-24-23,7,False,0,133,10,2,0,6.28,0.0,0.0,2.6,28.2,0.0,0.4,8.6,0.0,57.199999999999996,0.0,0.0,19.0,268.0,1.0,3.0,54.0,0.0,6.355555555555555,0.0,0.0,2.111111111111111,29.77777777777778,0.1111111111111111,0.3333333333333333,6.0,6.355555555555555
2459,Kalif Raymond,Det,WR,W 26-14,4.2,LV,Home,87.0,10-31-23,8,False,0,133,10,18,1,5.22,0.0,0.0,2.2,22.0,0.0,0.6,8.2,0.0,61.4,0.0,0.0,21.0,292.0,1.0,4.0,52.0,0.0,6.14,0.0,0.0,2.1,29.2,0.1,0.4,5.2,6.14
1434,Kalif Raymond,Det,WR,W 41-38,6.6,LAC,Away,50.5,11-14-23,10,False,0,133,10,16,0,5.58,0.0,0.0,2.4,31.6,0.0,0.4,0.2,0.0,68.0,0.0,0.0,23.0,338.0,1.0,4.0,52.0,0.0,6.181818181818182,0.0,0.0,2.090909090909091,30.727272727272727,0.09090909090909091,0.36363636363636365,4.7272727272727275,6.181818181818182
731,Kalif Raymond,Det,WR,W 31-26,1.5,Chi,Home,100.0,11-21-23,11,False,0,133,10,5,1,4.38,0.0,0.0,2.0,23.6,0.0,0.4,0.2,0.0,69.5,0.0,0.0,24.0,343.0,1.0,4.0,52.0,0.0,5.791666666666667,0.0,0.0,2.0,28.583333333333332,0.08333333333333333,0.3333333333333333,4.333333333333333,5.791666666666667
1556,Kalif Raymond,Det,WR,L 22-29,14.6,GB,Home,28.0,11-28-23,12,False,0,133,10,11,1,6.18,0.0,0.0,2.4,37.0,0.0,0.4,0.8,0.0,84.1,0.0,0.0,29.0,433.0,1.0,5.0,58.0,0.0,6.4692307692307685,0.0,0.0,2.230769230769231,33.30769230769231,0.07692307692307693,0.38461538461538464,4.461538461538462,6.4692307692307685
869,Kalif Raymond,Det,WR,W 33-28,0.9,NO,Away,88.5,12-05-23,13,False,0,133,10,22,0,5.56,0.0,0.0,2.0,33.0,0.0,0.6,2.6,0.0,85.0,0.0,0.0,29.0,433.0,1.0,6.0,67.0,0.0,6.071428571428571,0.0,0.0,2.0714285714285716,30.928571428571427,0.07142857142857142,0.42857142857142855,4.785714285714286,6.071428571428571
1131,Kalif Raymond,Det,WR,L 13-28,4.5,Chi,Away,68.0,12-12-23,14,False,0,133,10,5,0,5.62,0.0,0.0,2.2,31.2,0.0,0.4,3.0,0.0,89.5,0.0,0.0,32.0,448.0,1.0,6.0,67.0,0.0,5.966666666666667,0.0,0.0,2.1333333333333333,29.866666666666667,0.06666666666666667,0.4,4.466666666666667,5.966666666666667
2302,Kalif Raymond,Det,WR,W 42-17,2.2,Den,Home,96.5,12-19-23,15,False,0,133,10,9,1,4.74,0.0,0.0,2.0,24.4,0.0,0.4,3.0,0.0,91.7,0.0,0.0,33.0,460.0,1.0,6.0,67.0,0.0,5.73125,0.0,0.0,2.0625,28.75,0.0625,0.375,4.1875,5.73125
1770,Kalif Raymond,Det,WR,W 30-24,5.7,Min,Away,71.0,12-26-23,16,False,0,133,10,20,0,5.58,0.0,0.0,2.2,29.2,0.0,0.6,4.6,0.0,97.4,0.0,0.0,35.0,489.0,1.0,7.0,75.0,0.0,5.729411764705882,0.0,0.0,2.0588235294117645,28.764705882352942,0.058823529411764705,0.4117647058823529,4.411764705882353,5.729411764705882
1356,Kayshon Boutte,NE,WR,L 3-17,0.0,NYJ,Home,142.5,01-09-24,18,False,0,134,21,24,1,0.0,0.0,0.0,0.0,0.0,0.0,0.0,0.0,0.0,0.0,0.0,0.0,0.0,0.0,0.0,0.0,0.0,0.0,0.0,0.0,0.0,0.0,0.0,0.0,0.0,0.0,0.0
288,Kayshon Boutte,NE,WR,L 20-25,0.0,Phi,Home,135.0,09-12-23,1,False,0,134,21,25,1,0.0,0.0,0.0,0.0,0.0,0.0,0.0,0.0,0.0,0.0,0.0,0.0,0.0,0.0,0.0,0.0,0.0,0.0,0.0,0.0,0.0,0.0,0.0,0.0,0.0,0.0,0.0
1475,Kayshon Boutte,NE,WR,L 6-10,2.1,Ind,Home,90.0,11-14-23,10,False,0,134,21,13,1,0.7000000000000001,0.0,0.0,0.3333333333333333,3.6666666666666665,0.0,0.0,0.0,0.0,2.1,0.0,0.0,1.0,11.0,0.0,0.0,0.0,0.0,0.7000000000000001,0.0,0.0,0.3333333333333333,3.6666666666666665,0.0,0.0,0.0,0.7000000000000001
1635,Kayshon Boutte,NE,WR,L 7-10,1.8,NYG,Away,107.5,11-28-23,12,False,0,134,21,23,0,0.9750000000000001,0.0,0.0,0.5,4.75,0.0,0.0,0.0,0.0,3.9000000000000004,0.0,0.0,2.0,19.0,0.0,0.0,0.0,0.0,0.9750000000000001,0.0,0.0,0.5,4.75,0.0,0.0,0.0,0.9750000000000001
1839,Kayshon Boutte,NE,WR,W 26-23,0.0,Den,Away,144.5,12-26-23,16,False,0,134,21,9,0,0.78,0.0,0.0,0.4,3.8,0.0,0.0,0.0,0.0,3.9000000000000004,0.0,0.0,2.0,19.0,0.0,0.0,0.0,0.0,0.78,0.0,0.0,0.4,3.8,0.0,0.0,0.0,0.78
321,Kearis Jackson,Ten,WR,L 15-16,0.0,NO,Away,135.0,09-12-23,1,False,0,135,30,22,0,0.0,0.0,0.0,0.0,0.0,0.0,0.0,0.0,0.0,0.0,0.0,0.0,0.0,0.0,0.0,0.0,0.0,0.0,0.0,0.0,0.0,0.0,0.0,0.0,0.0,0.0,0.0
2198,Kearis Jackson,Ten,WR,W 27-24,0.0,LAC,Home,145.0,09-19-23,2,False,0,135,30,16,1,0.0,0.0,0.0,0.0,0.0,0.0,0.0,0.0,0.0,0.0,0.0,0.0,0.0,0.0,0.0,0.0,0.0,0.0,0.0,0.0,0.0,0.0,0.0,0.0,0.0,0.0,0.0
1918,Keelan Doss,LAC,WR,L 9-16,7.5,Den,Away,51.0,01-02-24,17,False,0,136,16,9,0,7.5,0.0,0.0,5.0,25.0,0.0,0.0,0.0,0.0,7.5,0.0,0.0,5.0,25.0,0.0,0.0,0.0,0.0,7.5,0.0,0.0,5.0,25.0,0.0,0.0,0.0,7.5
1322,Keelan Doss,LAC,WR,L 12-13,1.8,KC,Home,100.0,01-09-24,18,False,0,136,16,15,1,4.65,0.0,0.0,3.0,16.5,0.0,0.0,0.0,0.0,9.3,0.0,0.0,6.0,33.0,0.0,0.0,0.0,0.0,4.65,0.0,0.0,3.0,16.5,0.0,0.0,0.0,4.65
161,Keelan Doss,LAC,WR,W 24-17,0.0,LV,Home,143.0,10-03-23,4,False,0,136,16,18,1,3.1,0.0,0.0,2.0,11.0,0.0,0.0,0.0,0.0,9.3,0.0,0.0,6.0,33.0,0.0,0.0,0.0,0.0,3.1,0.0,0.0,2.0,11.0,0.0,0.0,0.0,3.1
2825,Keelan Doss,LAC,WR,L 17-20,0.0,Dal,Home,128.0,10-17-23,6,False,0,136,16,8,1,2.325,0.0,0.0,1.5,8.25,0.0,0.0,0.0,0.0,9.3,0.0,0.0,6.0,33.0,0.0,0.0,0.0,0.0,2.325,0.0,0.0,1.5,8.25,0.0,0.0,0.0,2.325
2668,Keelan Doss,LAC,WR,L 17-31,0.0,KC,Away,116.0,10-24-23,7,False,0,136,16,15,0,1.86,0.0,0.0,1.2,6.6,0.0,0.0,0.0,0.0,9.3,0.0,0.0,6.0,33.0,0.0,0.0,0.0,0.0,1.86,0.0,0.0,1.2,6.6,0.0,0.0,0.0,1.86
184,Keenan Allen,LAC,WR,L 34-36,14.2,Mia,Home,23.0,09-12-23,1,False,0,137,16,19,1,14.2,0.0,0.0,6.0,76.0,0.0,2.0,6.0,0.0,14.2,0.0,0.0,6.0,76.0,0.0,2.0,6.0,0.0,14.2,0.0,0.0,6.0,76.0,0.0,2.0,6.0,14.2
2036,Keenan Allen,LAC,WR,L 24-27,31.1,Ten,Away,1.0,09-19-23,2,False,0,137,16,30,0,22.65,0.0,0.0,7.0,93.5,1.0,1.0,3.0,0.0,45.3,0.0,0.0,14.0,187.0,2.0,2.0,6.0,0.0,22.65,0.0,0.0,7.0,93.5,1.0,1.0,3.0,22.65
324,Keenan Allen,LAC,WR,W 28-24,45.46,Min,Away,1.0,09-26-23,3,False,0,137,16,20,0,30.253333333333334,16.333333333333332,0.3333333333333333,10.666666666666666,134.0,0.6666666666666666,0.6666666666666666,2.0,0.0,90.76,49.0,1.0,32.0,402.0,2.0,2.0,6.0,0.0,30.253333333333334,16.333333333333332,0.3333333333333333,10.666666666666666,134.0,0.6666666666666666,0.6666666666666666,2.0,30.253333333333334
29,Keenan Allen,LAC,WR,W 24-17,12.2,LV,Home,30.0,10-03-23,4,False,0,137,16,18,1,25.740000000000002,12.25,0.25,8.75,108.5,0.75,0.5,1.5,0.0,102.96000000000001,49.0,1.0,35.0,434.0,3.0,2.0,6.0,0.0,25.740000000000002,12.25,0.25,8.75,108.5,0.75,0.5,1.5,25.740000000000002
2676,Keenan Allen,LAC,WR,L 17-20,21.5,Dal,Home,5.5,10-17-23,6,False,0,137,16,8,1,24.892000000000003,9.8,0.2,8.4,103.8,0.8,0.4,1.2,0.0,124.46000000000001,49.0,1.0,42.0,519.0,4.0,2.0,6.0,0.0,24.892000000000003,9.8,0.2,8.4,103.8,0.8,0.4,1.2,24.892000000000003
2578,Keenan Allen,LAC,WR,L 17-31,9.5,KC,Away,41.5,10-24-23,7,False,0,137,16,15,0,23.952,9.8,0.2,8.0,99.6,0.8,0.0,0.0,0.0,133.96,49.0,1.0,46.0,574.0,4.0,2.0,6.0,0.0,22.326666666666668,8.166666666666666,0.16666666666666666,7.666666666666667,95.66666666666667,0.6666666666666666,0.3333333333333333,1.0,22.326666666666668
2398,Keenan Allen,LAC,WR,W 30-13,14.9,Chi,Home,26.5,10-31-23,8,False,0,137,16,5,1,20.712,9.8,0.2,8.0,91.2,0.4,0.0,0.0,0.0,148.86,49.0,1.0,54.0,643.0,4.0,2.0,6.0,0.0,21.26571428571429,7.0,0.14285714285714285,7.714285714285714,91.85714285714286,0.5714285714285714,0.2857142857142857,0.8571428571428571,21.26571428571429
927,Keenan Allen,LAC,WR,W 27-6,15.7,NYJ,Away,11.0,11-07-23,9,False,0,137,16,24,0,14.76,0.0,0.0,6.0,63.6,0.4,0.0,0.0,0.0,164.56,49.0,1.0,62.0,720.0,4.0,2.0,6.0,0.0,20.57,6.125,0.125,7.75,90.0,0.5,0.25,0.75,20.57
1385,Keenan Allen,LAC,WR,L 38-41,40.5,Det,Home,1.0,11-14-23,10,False,0,137,16,10,1,20.419999999999998,0.0,0.0,7.6,92.2,0.6,0.0,0.0,0.0,205.06,49.0,1.0,73.0,895.0,6.0,2.0,6.0,0.0,22.784444444444446,5.444444444444445,0.1111111111111111,8.11111111111111,99.44444444444444,0.6666666666666666,0.2222222222222222,0.6666666666666666,22.784444444444446
635,Keenan Allen,LAC,WR,L 20-23,27.6,GB,Away,4.0,11-21-23,11,False,0,137,16,11,0,21.639999999999997,0.0,0.0,8.2,98.4,0.6,0.0,0.0,0.0,232.66,49.0,1.0,83.0,1011.0,7.0,2.0,6.0,0.0,23.266,4.9,0.1,8.3,101.1,0.7,0.2,0.6,23.266
1535,Keenan Allen,LAC,WR,L 10-20,22.6,Bal,Home,7.0,11-28-23,12,False,0,137,16,2,1,24.259999999999998,0.0,0.0,10.2,108.6,0.6,0.0,0.0,0.0,255.26,49.0,1.0,97.0,1117.0,7.0,2.0,6.0,0.0,23.205454545454543,4.454545454545454,0.09090909090909091,8.818181818181818,101.54545454545455,0.6363636363636364,0.18181818181818182,0.5454545454545454,23.205454545454543
814,Keenan Allen,LAC,WR,W 6-0,10.8,NE,Away,33.0,12-05-23,13,False,0,137,16,21,0,23.44,0.0,0.0,9.6,106.4,0.6,0.0,0.0,0.0,266.06,49.0,1.0,102.0,1175.0,7.0,2.0,6.0,0.0,22.171666666666667,4.083333333333333,0.08333333333333333,8.5,97.91666666666667,0.5833333333333334,0.16666666666666666,0.5,22.171666666666667
1090,Keenan Allen,LAC,WR,L 7-24,12.8,Den,Home,26.5,12-12-23,14,False,0,137,16,9,1,22.860000000000003,0.0,0.0,9.2,104.6,0.6,0.0,0.0,0.0,278.86,49.0,1.0,108.0,1243.0,7.0,2.0,6.0,0.0,21.450769230769232,3.769230769230769,0.07692307692307693,8.307692307692308,95.61538461538461,0.5384615384615384,0.15384615384615385,0.46153846153846156,21.450769230769232
2012,Keith Kirkwood,NO,WR,W 23-13,0.0,TB,Away,137.5,01-02-24,17,False,0,138,22,29,0,0.0,0.0,0.0,0.0,0.0,0.0,0.0,0.0,0.0,0.0,0.0,0.0,0.0,0.0,0.0,0.0,0.0,0.0,0.0,0.0,0.0,0.0,0.0,0.0,0.0,0.0,0.0
318,Keith Kirkwood,NO,WR,W 16-15,0.0,Ten,Home,135.0,09-12-23,1,False,0,138,22,30,1,0.0,0.0,0.0,0.0,0.0,0.0,0.0,0.0,0.0,0.0,0.0,0.0,0.0,0.0,0.0,0.0,0.0,0.0,0.0,0.0,0.0,0.0,0.0,0.0,0.0,0.0,0.0
2195,Keith Kirkwood,NO,WR,W 20-17,0.0,Car,Away,145.0,09-19-23,2,False,0,138,22,4,0,0.0,0.0,0.0,0.0,0.0,0.0,0.0,0.0,0.0,0.0,0.0,0.0,0.0,0.0,0.0,0.0,0.0,0.0,0.0,0.0,0.0,0.0,0.0,0.0,0.0,0.0,0.0
478,Keith Kirkwood,NO,WR,L 17-18,0.0,GB,Away,141.0,09-26-23,3,False,0,138,22,11,0,0.0,0.0,0.0,0.0,0.0,0.0,0.0,0.0,0.0,0.0,0.0,0.0,0.0,0.0,0.0,0.0,0.0,0.0,0.0,0.0,0.0,0.0,0.0,0.0,0.0,0.0,0.0
151,Keith Kirkwood,NO,WR,L 9-26,0.0,TB,Home,143.0,10-03-23,4,False,0,138,22,29,1,0.0,0.0,0.0,0.0,0.0,0.0,0.0,0.0,0.0,0.0,0.0,0.0,0.0,0.0,0.0,0.0,0.0,0.0,0.0,0.0,0.0,0.0,0.0,0.0,0.0,0.0,0.0
591,Keith Kirkwood,NO,WR,W 34-0,1.1,NE,Away,103.5,10-10-23,5,False,0,138,22,21,0,0.22000000000000003,0.0,0.0,0.2,0.2,0.0,0.0,0.0,0.0,1.1,0.0,0.0,1.0,1.0,0.0,0.0,0.0,0.0,0.18333333333333335,0.0,0.0,0.16666666666666666,0.16666666666666666,0.0,0.0,0.0,0.18333333333333335
2816,Keith Kirkwood,NO,WR,L 13-20,0.0,Hou,Away,128.0,10-17-23,6,False,0,138,22,12,0,0.22000000000000003,0.0,0.0,0.2,0.2,0.0,0.0,0.0,0.0,1.1,0.0,0.0,1.0,1.0,0.0,0.0,0.0,0.0,0.15714285714285717,0.0,0.0,0.14285714285714285,0.14285714285714285,0.0,0.0,0.0,0.15714285714285717
2659,Keith Kirkwood,NO,WR,L 24-31,0.0,Jax,Home,116.0,10-24-23,7,False,0,138,22,14,1,0.22000000000000003,0.0,0.0,0.2,0.2,0.0,0.0,0.0,0.0,1.1,0.0,0.0,1.0,1.0,0.0,0.0,0.0,0.0,0.1375,0.0,0.0,0.125,0.125,0.0,0.0,0.0,0.1375
1612,Keith Kirkwood,NO,WR,L 15-24,4.0,Atl,Away,85.0,11-28-23,12,False,0,138,22,1,0,1.02,0.0,0.0,0.6,4.2,0.0,0.0,0.0,0.0,5.1,0.0,0.0,3.0,21.0,0.0,0.0,0.0,0.0,0.5666666666666667,0.0,0.0,0.3333333333333333,2.3333333333333335,0.0,0.0,0.0,0.5666666666666667
903,Keith Kirkwood,NO,WR,L 28-33,0.0,Det,Home,113.0,12-05-23,13,False,0,138,22,10,1,1.02,0.0,0.0,0.6,4.2,0.0,0.0,0.0,0.0,5.1,0.0,0.0,3.0,21.0,0.0,0.0,0.0,0.0,0.51,0.0,0.0,0.3,2.1,0.0,0.0,0.0,0.51
1208,Keith Kirkwood,NO,WR,W 28-6,0.0,Car,Home,134.0,12-12-23,14,False,0,138,22,4,1,0.8,0.0,0.0,0.4,4.0,0.0,0.0,0.0,0.0,5.1,0.0,0.0,3.0,21.0,0.0,0.0,0.0,0.0,0.4636363636363636,0.0,0.0,0.2727272727272727,1.9090909090909092,0.0,0.0,0.0,0.4636363636363636
2254,Keith Kirkwood,NO,WR,W 24-6,7.7,NYG,Home,49.5,12-19-23,15,False,0,138,22,23,1,2.34,0.0,0.0,0.6,5.4,0.2,0.0,0.0,0.0,12.8,0.0,0.0,4.0,28.0,1.0,0.0,0.0,0.0,1.0666666666666667,0.0,0.0,0.3333333333333333,2.3333333333333335,0.08333333333333333,0.0,0.0,1.0666666666666667
1803,Keith Kirkwood,NO,WR,L 22-30,1.9,LAR,Away,103.0,12-26-23,16,False,0,138,22,17,0,2.7199999999999998,0.0,0.0,0.8,7.2,0.2,0.0,0.0,0.0,14.700000000000001,0.0,0.0,5.0,37.0,1.0,0.0,0.0,0.0,1.1307692307692307,0.0,0.0,0.38461538461538464,2.8461538461538463,0.07692307692307693,0.0,0.0,1.1307692307692307
166,Kendrick Bourne,NE,WR,L 20-25,24.4,Phi,Home,5.0,09-12-23,1,False,0,139,21,25,1,24.4,0.0,0.0,6.0,64.0,2.0,0.0,0.0,0.0,24.4,0.0,0.0,6.0,64.0,2.0,0.0,0.0,0.0,24.4,0.0,0.0,6.0,64.0,2.0,0.0,0.0,24.4
2105,Kendrick Bourne,NE,WR,L 17-24,6.9,Mia,Home,69.5,09-19-23,2,False,0,139,21,19,1,15.649999999999999,0.0,0.0,5.0,46.5,1.0,0.0,0.0,0.0,31.299999999999997,0.0,0.0,10.0,93.0,2.0,0.0,0.0,0.0,15.649999999999999,0.0,0.0,5.0,46.5,1.0,0.0,0.0,15.649999999999999
375,Kendrick Bourne,NE,WR,W 15-10,8.6,NYJ,Away,52.0,09-26-23,3,False,0,139,21,24,0,13.299999999999999,0.0,0.0,4.666666666666667,46.333333333333336,0.6666666666666666,0.0,0.0,0.0,39.9,0.0,0.0,14.0,139.0,2.0,0.0,0.0,0.0,13.299999999999999,0.0,0.0,4.666666666666667,46.333333333333336,0.6666666666666666,0.0,0.0,13.299999999999999
62,Kendrick Bourne,NE,WR,L 3-38,5.6,Dal,Away,63.5,10-03-23,4,False,0,139,21,8,0,11.375,0.0,0.0,4.0,43.75,0.5,0.0,0.0,0.0,45.5,0.0,0.0,16.0,175.0,2.0,0.0,0.0,0.0,11.375,0.0,0.0,4.0,43.75,0.5,0.0,0.0,11.375
543,Kendrick Bourne,NE,WR,L 0-34,6.3,NO,Home,55.5,10-10-23,5,False,0,139,21,22,1,10.36,0.0,0.0,3.6,43.6,0.4,0.0,0.0,0.0,51.8,0.0,0.0,18.0,218.0,2.0,0.0,0.0,0.0,10.36,0.0,0.0,3.6,43.6,0.4,0.0,0.0,10.36
2681,Kendrick Bourne,NE,WR,L 17-21,19.3,LV,Away,10.0,10-17-23,6,False,0,139,21,18,0,9.34,0.0,0.0,4.4,48.6,0.0,0.2,0.8,0.0,71.1,0.0,0.0,28.0,307.0,2.0,1.0,4.0,0.0,11.85,0.0,0.0,4.666666666666667,51.166666666666664,0.3333333333333333,0.16666666666666666,0.6666666666666666,11.85
2554,Kendrick Bourne,NE,WR,W 29-25,16.3,Buf,Home,16.0,10-24-23,7,False,0,139,21,3,1,11.22,0.0,0.0,4.8,55.4,0.2,0.2,0.8,0.0,87.4,0.0,0.0,34.0,370.0,3.0,1.0,4.0,0.0,12.485714285714286,0.0,0.0,4.857142857142857,52.857142857142854,0.42857142857142855,0.14285714285714285,0.5714285714285714,12.485714285714286
2407,Kendrick Bourne,NE,WR,L 17-31,12.6,Mia,Away,34.5,10-31-23,8,False,0,139,21,19,0,12.02,0.0,0.0,4.6,53.4,0.4,0.2,0.8,0.0,100.0,0.0,0.0,37.0,406.0,4.0,1.0,4.0,0.0,12.5,0.0,0.0,4.625,50.75,0.5,0.125,0.5,12.5
2013,KhaDarel Hodge,Atl,WR,L 17-37,0.0,Chi,Away,137.5,01-02-24,17,False,0,140,1,5,0,0.0,0.0,0.0,0.0,0.0,0.0,0.0,0.0,0.0,0.0,0.0,0.0,0.0,0.0,0.0,0.0,0.0,0.0,0.0,0.0,0.0,0.0,0.0,0.0,0.0,0.0,0.0
1367,KhaDarel Hodge,Atl,WR,L 17-48,0.0,NO,Away,142.5,01-09-24,18,False,0,140,1,22,0,0.0,0.0,0.0,0.0,0.0,0.0,0.0,0.0,0.0,0.0,0.0,0.0,0.0,0.0,0.0,0.0,0.0,0.0,0.0,0.0,0.0,0.0,0.0,0.0,0.0,0.0,0.0
311,KhaDarel Hodge,Atl,WR,W 24-10,0.0,Car,Home,135.0,09-12-23,1,False,0,140,1,4,1,0.0,0.0,0.0,0.0,0.0,0.0,0.0,0.0,0.0,0.0,0.0,0.0,0.0,0.0,0.0,0.0,0.0,0.0,0.0,0.0,0.0,0.0,0.0,0.0,0.0,0.0,0.0
2189,KhaDarel Hodge,Atl,WR,W 25-24,0.0,GB,Home,145.0,09-19-23,2,False,0,140,1,11,1,0.0,0.0,0.0,0.0,0.0,0.0,0.0,0.0,0.0,0.0,0.0,0.0,0.0,0.0,0.0,0.0,0.0,0.0,0.0,0.0,0.0,0.0,0.0,0.0,0.0,0.0,0.0
422,KhaDarel Hodge,Atl,WR,L 6-20,2.5,Det,Away,98.5,09-26-23,3,False,0,140,1,10,0,0.5,0.0,0.0,0.2,3.0,0.0,0.0,0.0,0.0,2.5,0.0,0.0,1.0,15.0,0.0,0.0,0.0,0.0,0.5,0.0,0.0,0.2,3.0,0.0,0.0,0.0,0.5
83,KhaDarel Hodge,Atl,WR,L 7-23,3.9,Jax,Away,83.0,10-03-23,4,False,0,140,1,14,0,1.28,0.0,0.0,0.6,6.8,0.0,0.0,0.0,0.0,6.4,0.0,0.0,3.0,34.0,0.0,0.0,0.0,0.0,1.0666666666666667,0.0,0.0,0.5,5.666666666666667,0.0,0.0,0.0,1.0666666666666667
575,KhaDarel Hodge,Atl,WR,W 21-19,2.1,Hou,Home,87.0,10-10-23,5,False,0,140,1,12,1,1.7,0.0,0.0,0.8,9.0,0.0,0.2,0.0,0.0,8.5,0.0,0.0,4.0,45.0,0.0,1.0,0.0,0.0,1.2142857142857142,0.0,0.0,0.5714285714285714,6.428571428571429,0.0,0.14285714285714285,0.0,1.2142857142857142
2809,KhaDarel Hodge,Atl,WR,L 16-24,0.0,Wsh,Home,128.0,10-17-23,6,False,0,140,1,31,1,1.7,0.0,0.0,0.8,9.0,0.0,0.2,0.0,0.0,8.5,0.0,0.0,4.0,45.0,0.0,1.0,0.0,0.0,1.0625,0.0,0.0,0.5,5.625,0.0,0.125,0.0,1.0625
2615,KhaDarel Hodge,Atl,WR,W 16-13,2.9,TB,Away,78.0,10-24-23,7,False,0,140,1,29,0,2.2800000000000002,0.0,0.0,1.0,12.8,0.0,0.2,0.0,0.0,11.4,0.0,0.0,5.0,64.0,0.0,1.0,0.0,0.0,1.2666666666666666,0.0,0.0,0.5555555555555556,7.111111111111111,0.0,0.1111111111111111,0.0,1.2666666666666666
2416,KhaDarel Hodge,Atl,WR,L 23-28,10.5,Ten,Away,43.5,10-31-23,8,False,0,140,1,30,0,3.88,0.0,0.0,1.4,24.8,0.0,0.2,0.0,0.0,21.9,0.0,0.0,8.0,139.0,0.0,1.0,0.0,0.0,2.19,0.0,0.0,0.8,13.9,0.0,0.1,0.0,2.19
951,KhaDarel Hodge,Atl,WR,L 28-31,9.0,Min,Home,35.0,11-07-23,9,False,0,140,1,20,1,4.9,0.0,0.0,1.6,33.0,0.0,0.2,0.0,0.0,30.9,0.0,0.0,11.0,199.0,0.0,1.0,0.0,0.0,2.809090909090909,0.0,0.0,1.0,18.09090909090909,0.0,0.09090909090909091,0.0,2.809090909090909
1504,KhaDarel Hodge,Atl,WR,L 23-25,0.0,Ari,Away,123.5,11-14-23,10,False,0,140,1,0,0,4.4799999999999995,0.0,0.0,1.4,30.8,0.0,0.0,0.0,0.0,30.9,0.0,0.0,11.0,199.0,0.0,1.0,0.0,0.0,2.5749999999999997,0.0,0.0,0.9166666666666666,16.583333333333332,0.0,0.08333333333333333,0.0,2.5749999999999997
1679,KhaDarel Hodge,Atl,WR,W 24-15,0.0,NO,Home,149.0,11-28-23,12,False,0,140,1,22,1,4.4799999999999995,0.0,0.0,1.4,30.8,0.0,0.0,0.0,0.0,30.9,0.0,0.0,11.0,199.0,0.0,1.0,0.0,0.0,2.376923076923077,0.0,0.0,0.8461538461538461,15.307692307692308,0.0,0.07692307692307693,0.0,2.376923076923077
904,KhaDarel Hodge,Atl,WR,W 13-8,0.0,NYJ,Away,113.0,12-05-23,13,False,0,140,1,24,0,3.9,0.0,0.0,1.2,27.0,0.0,0.0,0.0,0.0,30.9,0.0,0.0,11.0,199.0,0.0,1.0,0.0,0.0,2.207142857142857,0.0,0.0,0.7857142857142857,14.214285714285714,0.0,0.07142857142857142,0.0,2.207142857142857
1152,KhaDarel Hodge,Atl,WR,L 25-29,2.8,TB,Home,88.5,12-12-23,14,False,0,140,1,29,1,2.3600000000000003,0.0,0.0,0.8,15.6,0.0,0.0,0.0,0.0,33.7,0.0,0.0,12.0,217.0,0.0,1.0,0.0,0.0,2.246666666666667,0.0,0.0,0.8,14.466666666666667,0.0,0.06666666666666667,0.0,2.246666666666667
2303,KhaDarel Hodge,Atl,WR,L 7-9,2.0,Car,Away,99.0,12-19-23,15,False,0,140,1,4,0,0.96,0.0,0.0,0.4,5.6,0.0,0.0,0.0,0.0,35.7,0.0,0.0,13.0,227.0,0.0,1.0,0.0,0.0,2.23125,0.0,0.0,0.8125,14.1875,0.0,0.0625,0.0,2.23125
1813,KhaDarel Hodge,Atl,WR,W 29-10,1.5,Ind,Home,113.5,12-26-23,16,False,0,140,1,13,1,1.26,0.0,0.0,0.6,6.6,0.0,0.0,0.0,0.0,37.2,0.0,0.0,14.0,232.0,0.0,1.0,0.0,0.0,2.1882352941176473,0.0,0.0,0.8235294117647058,13.647058823529411,0.0,0.058823529411764705,0.0,2.1882352941176473
1913,Khalil Shakir,Buf,WR,W 27-21,8.9,NE,Home,46.0,01-02-24,17,False,0,141,3,21,1,8.9,0.0,0.0,4.0,39.0,0.0,1.0,10.0,0.0,8.9,0.0,0.0,4.0,39.0,0.0,1.0,10.0,0.0,8.9,0.0,0.0,4.0,39.0,0.0,1.0,10.0,8.9
1239,Khalil Shakir,Buf,WR,W 21-14,16.5,Mia,Away,18.0,01-09-24,18,False,0,141,3,19,0,12.7,0.0,0.0,5.0,72.0,0.0,0.5,5.0,0.0,25.4,0.0,0.0,10.0,144.0,0.0,1.0,10.0,0.0,12.7,0.0,0.0,5.0,72.0,0.0,0.5,5.0,12.7
285,Khalil Shakir,Buf,WR,L 16-22,0.0,NYJ,Away,135.0,09-12-23,1,False,0,141,3,24,0,8.466666666666667,0.0,0.0,3.3333333333333335,48.0,0.0,0.3333333333333333,3.3333333333333335,0.0,25.4,0.0,0.0,10.0,144.0,0.0,1.0,10.0,0.0,8.466666666666667,0.0,0.0,3.3333333333333335,48.0,0.0,0.3333333333333333,3.3333333333333335,8.466666666666667
2096,Khalil Shakir,Buf,WR,W 38-10,8.1,LV,Home,60.5,09-19-23,2,False,0,141,3,18,1,8.375,0.0,0.0,2.75,38.75,0.25,0.25,2.5,0.0,33.5,0.0,0.0,11.0,155.0,1.0,1.0,10.0,0.0,8.375,0.0,0.0,2.75,38.75,0.25,0.25,2.5,8.375
434,Khalil Shakir,Buf,WR,W 37-3,1.5,Wsh,Away,110.5,09-26-23,3,False,0,141,3,31,0,7.0,0.0,0.0,2.4,32.0,0.2,0.2,2.0,0.0,35.0,0.0,0.0,12.0,160.0,1.0,1.0,10.0,0.0,7.0,0.0,0.0,2.4,32.0,0.2,0.2,2.0,7.0
130,Khalil Shakir,Buf,WR,W 48-20,0.0,Mia,Home,143.0,10-03-23,4,False,0,141,3,19,1,5.220000000000001,0.0,0.0,1.6,24.2,0.2,0.0,0.0,0.0,35.0,0.0,0.0,12.0,160.0,1.0,1.0,10.0,0.0,5.833333333333333,0.0,0.0,2.0,26.666666666666668,0.16666666666666666,0.16666666666666666,1.6666666666666667,5.833333333333333
573,Khalil Shakir,Buf,WR,L 20-25,2.1,Jax,Home,87.0,10-10-23,5,False,0,141,3,14,1,2.34,0.0,0.0,0.6,5.4,0.2,0.0,0.0,0.0,37.1,0.0,0.0,13.0,171.0,1.0,1.0,10.0,0.0,5.3,0.0,0.0,1.8571428571428572,24.428571428571427,0.14285714285714285,0.14285714285714285,1.4285714285714286,5.3
2759,Khalil Shakir,Buf,WR,W 14-9,2.3,NYG,Home,87.5,10-17-23,6,False,0,141,3,23,1,2.8,0.0,0.0,0.8,8.0,0.2,0.0,0.0,0.0,39.4,0.0,0.0,14.0,184.0,1.0,1.0,10.0,0.0,4.925,0.0,0.0,1.75,23.0,0.125,0.125,1.25,4.925
2586,Khalil Shakir,Buf,WR,L 25-29,7.5,NE,Away,49.5,10-24-23,7,False,0,141,3,21,0,2.68,0.0,0.0,1.4,12.8,0.0,0.0,0.0,0.0,46.9,0.0,0.0,18.0,219.0,1.0,1.0,10.0,0.0,5.211111111111111,0.0,0.0,2.0,24.333333333333332,0.1111111111111111,0.1111111111111111,1.1111111111111112,5.211111111111111
2396,Khalil Shakir,Buf,WR,W 24-18,15.2,TB,Home,24.5,10-31-23,8,False,0,141,3,29,1,5.42,0.0,0.0,2.4,30.2,0.0,0.0,0.0,0.0,62.099999999999994,0.0,0.0,24.0,311.0,1.0,1.0,10.0,0.0,6.209999999999999,0.0,0.0,2.4,31.1,0.1,0.1,1.0,6.209999999999999
949,Khalil Shakir,Buf,WR,L 18-24,9.7,Cin,Away,32.5,11-07-23,9,False,0,141,3,6,0,7.359999999999999,0.0,0.0,3.2,41.6,0.0,0.0,0.0,0.0,71.8,0.0,0.0,28.0,368.0,1.0,1.0,10.0,0.0,6.527272727272727,0.0,0.0,2.5454545454545454,33.45454545454545,0.09090909090909091,0.09090909090909091,0.9090909090909091,6.527272727272727
1458,Khalil Shakir,Buf,WR,L 22-24,3.4,Den,Home,74.0,11-14-23,10,False,0,141,3,9,1,7.619999999999999,0.0,0.0,3.2,44.2,0.0,0.0,0.0,0.0,75.2,0.0,0.0,29.0,392.0,1.0,1.0,10.0,0.0,6.266666666666667,0.0,0.0,2.4166666666666665,32.666666666666664,0.08333333333333333,0.08333333333333333,0.8333333333333334,6.266666666666667
640,Khalil Shakir,Buf,WR,W 32-6,20.5,NYJ,Home,9.0,11-21-23,11,False,0,141,3,24,1,11.26,0.0,0.0,3.6,64.6,0.2,0.0,0.0,0.0,95.69999999999999,0.0,0.0,32.0,507.0,2.0,1.0,10.0,0.0,7.36153846153846,0.0,0.0,2.4615384615384617,39.0,0.15384615384615385,0.07692307692307693,0.7692307692307693,7.36153846153846
1582,Khalil Shakir,Buf,WR,L 34-37,7.7,Phi,Away,54.5,11-28-23,12,False,0,141,3,25,0,11.3,0.0,0.0,3.4,67.0,0.2,0.0,0.0,0.0,103.39999999999999,0.0,0.0,35.0,554.0,2.0,1.0,10.0,0.0,7.385714285714285,0.0,0.0,2.5,39.57142857142857,0.14285714285714285,0.07142857142857142,0.7142857142857143,7.385714285714285
1155,Khalil Shakir,Buf,WR,W 20-17,2.2,KC,Away,93.0,12-12-23,14,False,0,141,3,15,0,8.7,0.0,0.0,2.4,51.0,0.2,0.0,0.0,0.0,105.6,0.0,0.0,36.0,566.0,2.0,1.0,10.0,0.0,7.04,0.0,0.0,2.4,37.733333333333334,0.13333333333333333,0.06666666666666667,0.6666666666666666,7.04
2323,Khalil Shakir,Buf,WR,W 31-10,0.0,Dal,Home,140.0,12-19-23,15,False,0,141,3,8,1,6.760000000000001,0.0,0.0,1.6,39.6,0.2,0.0,0.0,0.0,105.6,0.0,0.0,36.0,566.0,2.0,1.0,10.0,0.0,6.6,0.0,0.0,2.25,35.375,0.125,0.0625,0.625,6.6
1757,Khalil Shakir,Buf,WR,W 24-22,7.5,LAC,Away,58.0,12-26-23,16,False,0,141,3,16,0,7.58,0.0,0.0,2.0,43.8,0.2,0.0,0.0,0.0,113.1,0.0,0.0,39.0,611.0,2.0,1.0,10.0,0.0,6.652941176470588,0.0,0.0,2.2941176470588234,35.94117647058823,0.11764705882352941,0.058823529411764705,0.5882352941176471,6.652941176470588
315,Kristian Wilkerson,LV,WR,W 17-16,0.0,Den,Away,135.0,09-12-23,1,False,0,142,18,9,0,0.0,0.0,0.0,0.0,0.0,0.0,0.0,0.0,0.0,0.0,0.0,0.0,0.0,0.0,0.0,0.0,0.0,0.0,0.0,0.0,0.0,0.0,0.0,0.0,0.0,0.0,0.0
2193,Kristian Wilkerson,LV,WR,L 10-38,0.0,Buf,Away,145.0,09-19-23,2,False,0,142,18,3,0,0.0,0.0,0.0,0.0,0.0,0.0,0.0,0.0,0.0,0.0,0.0,0.0,0.0,0.0,0.0,0.0,0.0,0.0,0.0,0.0,0.0,0.0,0.0,0.0,0.0,0.0,0.0
589,Kwamie Lassiter II,Cin,WR,W 34-20,1.2,Ari,Away,102.0,10-10-23,5,False,0,143,6,0,0,1.2,0.0,0.0,1.0,2.0,0.0,0.0,0.0,0.0,1.2,0.0,0.0,1.0,2.0,0.0,0.0,0.0,0.0,1.2,0.0,0.0,1.0,2.0,0.0,0.0,0.0,1.2
1301,Kyle Philips,Ten,WR,W 28-20,3.5,Jax,Home,79.5,01-09-24,18,False,0,144,30,14,1,3.5,0.0,0.0,2.0,15.0,0.0,0.0,0.0,0.0,3.5,0.0,0.0,2.0,15.0,0.0,0.0,0.0,0.0,3.5,0.0,0.0,2.0,15.0,0.0,0.0,0.0,3.5
606,Kyle Philips,Ten,WR,L 16-23,0.0,Ind,Away,124.5,10-10-23,5,False,0,144,30,13,0,1.75,0.0,0.0,1.0,7.5,0.0,0.0,0.0,0.0,3.5,0.0,0.0,2.0,15.0,0.0,0.0,0.0,0.0,1.75,0.0,0.0,1.0,7.5,0.0,0.0,0.0,1.75
2827,Kyle Philips,Ten,WR,L 16-24,-0.4,Bal,Home,156.0,10-17-23,6,False,0,144,30,2,1,1.0333333333333334,0.0,0.0,1.0,7.0,0.0,0.0,0.0,0.0,3.1,0.0,0.0,3.0,21.0,0.0,0.0,0.0,0.0,1.0333333333333334,0.0,0.0,1.0,7.0,0.0,0.0,0.0,1.0333333333333334
2451,Kyle Philips,Ten,WR,W 28-23,5.4,Atl,Home,77.5,10-31-23,8,False,0,144,30,1,1,2.125,0.0,0.0,1.5,11.25,0.0,0.0,0.0,0.0,8.5,0.0,0.0,6.0,45.0,0.0,0.0,0.0,0.0,2.125,0.0,0.0,1.5,11.25,0.0,0.0,0.0,2.125
942,Kyle Philips,Ten,WR,L 16-20,10.8,Pit,Away,26.0,11-07-23,9,False,0,144,30,26,0,3.8600000000000003,0.0,0.0,2.0,22.6,0.0,0.0,0.0,0.0,19.3,0.0,0.0,10.0,113.0,0.0,0.0,0.0,0.0,3.8600000000000003,0.0,0.0,2.0,22.6,0.0,0.0,0.0,3.8600000000000003
1424,Kyle Philips,Ten,WR,L 6-20,9.1,TB,Away,40.0,11-14-23,10,False,0,144,30,29,0,4.9799999999999995,0.0,0.0,2.2,31.8,0.0,0.0,0.0,0.0,28.4,0.0,0.0,13.0,174.0,0.0,0.0,0.0,0.0,4.733333333333333,0.0,0.0,2.1666666666666665,29.0,0.0,0.0,0.0,4.733333333333333
719,Kyle Philips,Ten,WR,L 14-34,2.0,Jax,Away,88.5,11-21-23,11,False,0,144,30,14,0,5.38,0.0,0.0,2.4,33.8,0.0,0.0,0.0,0.0,30.4,0.0,0.0,14.0,184.0,0.0,0.0,0.0,0.0,4.3428571428571425,0.0,0.0,2.0,26.285714285714285,0.0,0.0,0.0,4.3428571428571425
1653,Kyle Philips,Ten,WR,W 17-10,0.7,Car,Home,125.0,11-28-23,12,False,0,144,30,4,1,5.6,0.0,0.0,2.4,32.0,0.0,0.0,0.0,0.0,31.1,0.0,0.0,15.0,181.0,0.0,0.0,0.0,0.0,3.8875,0.0,0.0,1.875,22.625,0.0,0.0,0.0,3.8875
1196,Kyle Philips,Ten,WR,W 28-27,0.0,Mia,Away,134.0,12-12-23,14,False,0,144,30,19,0,4.5200000000000005,0.0,0.0,1.8,27.2,0.0,0.0,0.0,0.0,31.1,0.0,0.0,15.0,181.0,0.0,0.0,0.0,0.0,3.4555555555555557,0.0,0.0,1.6666666666666667,20.11111111111111,0.0,0.0,0.0,3.4555555555555557
2021,Laquon Treadwell,Bal,WR,W 56-19,0.0,Mia,Home,137.5,01-02-24,17,False,0,145,2,19,1,0.0,0.0,0.0,0.0,0.0,0.0,0.0,0.0,0.0,0.0,0.0,0.0,0.0,0.0,0.0,0.0,0.0,0.0,0.0,0.0,0.0,0.0,0.0,0.0,0.0,0.0,0.0
1314,Laquon Treadwell,Bal,WR,L 10-17,2.6,Pit,Home,93.0,01-09-24,18,False,0,145,2,26,1,1.3,0.0,0.0,0.5,8.0,0.0,0.0,0.0,0.0,2.6,0.0,0.0,1.0,16.0,0.0,0.0,0.0,0.0,1.3,0.0,0.0,0.5,8.0,0.0,0.0,0.0,1.3
152,Laquon Treadwell,Bal,WR,W 28-3,0.0,Cle,Away,143.0,10-03-23,4,False,0,145,2,7,0,0.8666666666666667,0.0,0.0,0.3333333333333333,5.333333333333333,0.0,0.0,0.0,0.0,2.6,0.0,0.0,1.0,16.0,0.0,0.0,0.0,0.0,0.8666666666666667,0.0,0.0,0.3333333333333333,5.333333333333333,0.0,0.0,0.0,0.8666666666666667
620,Laquon Treadwell,Bal,WR,L 10-17,0.0,Pit,Away,124.5,10-10-23,5,False,0,145,2,26,0,0.65,0.0,0.0,0.25,4.0,0.0,0.0,0.0,0.0,2.6,0.0,0.0,1.0,16.0,0.0,0.0,0.0,0.0,0.65,0.0,0.0,0.25,4.0,0.0,0.0,0.0,0.65
1855,Laquon Treadwell,Bal,WR,W 33-19,0.0,SF,Away,144.5,12-26-23,16,False,0,145,2,27,0,0.52,0.0,0.0,0.2,3.2,0.0,0.0,0.0,0.0,2.6,0.0,0.0,1.0,16.0,0.0,0.0,0.0,0.0,0.52,0.0,0.0,0.2,3.2,0.0,0.0,0.0,0.52
241,Laviska Shenault Jr.,Car,WR,L 10-24,4.1,Atl,Away,80.0,09-12-23,1,False,0,146,4,1,0,4.1,0.0,0.0,2.0,16.0,0.0,2.0,5.0,0.0,4.1,0.0,0.0,2.0,16.0,0.0,2.0,5.0,0.0,4.1,0.0,0.0,2.0,16.0,0.0,2.0,5.0,4.1
2158,Laviska Shenault Jr.,Car,WR,L 17-20,0.7,NO,Home,123.0,09-19-23,2,False,0,146,4,22,1,2.4,0.0,0.0,1.0,8.0,0.0,1.5,6.0,0.0,4.8,0.0,0.0,2.0,16.0,0.0,3.0,12.0,0.0,2.4,0.0,0.0,1.0,8.0,0.0,1.5,6.0,2.4
428,Laviska Shenault Jr.,Car,WR,L 27-37,1.7,Sea,Away,105.0,09-26-23,3,False,0,146,4,28,0,2.1666666666666665,0.0,0.0,1.0,5.333333333333333,0.0,1.6666666666666667,6.333333333333333,0.0,6.5,0.0,0.0,3.0,16.0,0.0,5.0,19.0,0.0,2.1666666666666665,0.0,0.0,1.0,5.333333333333333,0.0,1.6666666666666667,6.333333333333333,2.1666666666666665
91,Laviska Shenault Jr.,Car,WR,L 13-21,2.9,Min,Home,92.0,10-03-23,4,False,0,146,4,20,1,2.3499999999999996,0.0,0.0,1.0,7.0,0.0,1.5,6.5,0.0,9.399999999999999,0.0,0.0,4.0,28.0,0.0,6.0,26.0,0.0,2.3499999999999996,0.0,0.0,1.0,7.0,0.0,1.5,6.5,2.3499999999999996
566,Laviska Shenault Jr.,Car,WR,L 24-42,2.7,Det,Away,79.0,10-10-23,5,False,0,146,4,10,0,2.42,0.0,0.0,0.8,5.6,0.0,2.2,10.6,0.0,12.1,0.0,0.0,4.0,28.0,0.0,11.0,53.0,0.0,2.42,0.0,0.0,0.8,5.6,0.0,2.2,10.6,2.42
2742,Laviska Shenault Jr.,Car,WR,L 21-42,4.7,Mia,Away,71.0,10-17-23,6,False,0,146,4,19,0,2.54,0.0,0.0,1.0,5.4,0.0,2.0,10.0,0.0,16.8,0.0,0.0,7.0,43.0,0.0,12.0,55.0,0.0,2.8000000000000003,0.0,0.0,1.1666666666666667,7.166666666666667,0.0,2.0,9.166666666666666,2.8000000000000003
712,Laviska Shenault Jr.,Car,WR,L 10-33,2.9,Dal,Home,81.0,11-21-23,11,False,0,146,4,8,1,2.98,0.0,0.0,1.4,7.2,0.0,1.8,8.6,0.0,19.7,0.0,0.0,9.0,52.0,0.0,12.0,55.0,0.0,2.814285714285714,0.0,0.0,1.2857142857142858,7.428571428571429,0.0,1.7142857142857142,7.857142857142857,2.814285714285714
1636,Laviska Shenault Jr.,Car,WR,L 10-17,1.8,Ten,Away,107.5,11-28-23,12,False,0,146,4,30,0,3.0,0.0,0.0,1.4,8.8,0.0,1.4,7.2,0.0,21.5,0.0,0.0,10.0,60.0,0.0,12.0,55.0,0.0,2.6875,0.0,0.0,1.25,7.5,0.0,1.5,6.875,2.6875
1893,Lil'Jordan Humphrey,Den,WR,W 16-9,14.9,LAC,Home,26.0,01-02-24,17,False,0,147,9,16,1,14.9,0.0,0.0,2.0,69.0,1.0,0.0,0.0,0.0,14.9,0.0,0.0,2.0,69.0,1.0,0.0,0.0,0.0,14.9,0.0,0.0,2.0,69.0,1.0,0.0,0.0,14.9
1358,Lil'Jordan Humphrey,Den,WR,L 14-27,0.0,LV,Away,142.5,01-09-24,18,False,0,147,9,18,0,7.45,0.0,0.0,1.0,34.5,0.5,0.0,0.0,0.0,14.9,0.0,0.0,2.0,69.0,1.0,0.0,0.0,0.0,7.45,0.0,0.0,1.0,34.5,0.5,0.0,0.0,7.45
206,Lil'Jordan Humphrey,Den,WR,L 16-17,9.1,LV,Home,44.5,09-12-23,1,False,0,147,9,18,1,8.0,0.0,0.0,1.3333333333333333,26.666666666666668,0.6666666666666666,0.0,0.0,0.0,24.0,0.0,0.0,4.0,80.0,2.0,0.0,0.0,0.0,8.0,0.0,0.0,1.3333333333333333,26.666666666666668,0.6666666666666666,0.0,0.0,8.0
2151,Lil'Jordan Humphrey,Den,WR,L 33-35,1.4,Wsh,Home,116.0,09-19-23,2,False,0,147,9,31,1,6.35,0.0,0.0,1.25,21.0,0.5,0.0,0.0,0.0,25.4,0.0,0.0,5.0,84.0,2.0,0.0,0.0,0.0,6.35,0.0,0.0,1.25,21.0,0.5,0.0,0.0,6.35
470,Lil'Jordan Humphrey,Den,WR,L 20-70,0.0,Mia,Away,141.0,09-26-23,3,False,0,147,9,19,0,5.08,0.0,0.0,1.0,16.8,0.4,0.0,0.0,0.0,25.4,0.0,0.0,5.0,84.0,2.0,0.0,0.0,0.0,5.08,0.0,0.0,1.0,16.8,0.4,0.0,0.0,5.08
103,Lil'Jordan Humphrey,Den,WR,W 31-28,2.1,Chi,Away,103.5,10-03-23,4,False,0,147,9,5,0,2.52,0.0,0.0,0.8,5.2,0.2,0.0,0.0,0.0,27.5,0.0,0.0,6.0,95.0,2.0,0.0,0.0,0.0,4.583333333333333,0.0,0.0,1.0,15.833333333333334,0.3333333333333333,0.0,0.0,4.583333333333333
614,Lil'Jordan Humphrey,Den,WR,L 21-31,0.0,NYJ,Home,124.5,10-10-23,5,False,0,147,9,24,1,2.52,0.0,0.0,0.8,5.2,0.2,0.0,0.0,0.0,27.5,0.0,0.0,6.0,95.0,2.0,0.0,0.0,0.0,3.9285714285714284,0.0,0.0,0.8571428571428571,13.571428571428571,0.2857142857142857,0.0,0.0,3.9285714285714284
2806,Lil'Jordan Humphrey,Den,WR,L 8-19,0.0,KC,Away,128.0,10-17-23,6,False,0,147,9,15,0,0.7,0.0,0.0,0.4,3.0,0.0,0.0,0.0,0.0,27.5,0.0,0.0,6.0,95.0,2.0,0.0,0.0,0.0,3.4375,0.0,0.0,0.75,11.875,0.25,0.0,0.0,3.4375
2656,Lil'Jordan Humphrey,Den,WR,W 19-17,0.0,GB,Home,116.0,10-24-23,7,False,0,147,9,11,1,0.42000000000000004,0.0,0.0,0.2,2.2,0.0,0.0,0.0,0.0,27.5,0.0,0.0,6.0,95.0,2.0,0.0,0.0,0.0,3.0555555555555554,0.0,0.0,0.6666666666666666,10.555555555555555,0.2222222222222222,0.0,0.0,3.0555555555555554
2519,Lil'Jordan Humphrey,Den,WR,W 24-9,0.0,KC,Home,138.0,10-31-23,8,False,0,147,9,15,1,0.42000000000000004,0.0,0.0,0.2,2.2,0.0,0.0,0.0,0.0,27.5,0.0,0.0,6.0,95.0,2.0,0.0,0.0,0.0,2.75,0.0,0.0,0.6,9.5,0.2,0.0,0.0,2.75
1470,Lil'Jordan Humphrey,Den,WR,W 24-22,2.4,Buf,Away,86.0,11-14-23,10,False,0,147,9,3,0,0.48,0.0,0.0,0.2,2.8,0.0,0.0,0.0,0.0,29.9,0.0,0.0,7.0,109.0,2.0,0.0,0.0,0.0,2.7181818181818183,0.0,0.0,0.6363636363636364,9.909090909090908,0.18181818181818182,0.0,0.0,2.7181818181818183
763,Lil'Jordan Humphrey,Den,WR,W 21-20,0.0,Min,Home,126.0,11-21-23,11,False,0,147,9,20,1,0.48,0.0,0.0,0.2,2.8,0.0,0.0,0.0,0.0,29.9,0.0,0.0,7.0,109.0,2.0,0.0,0.0,0.0,2.4916666666666667,0.0,0.0,0.5833333333333334,9.083333333333334,0.16666666666666666,0.0,0.0,2.4916666666666667
1632,Lil'Jordan Humphrey,Den,WR,W 29-12,2.3,Cle,Home,103.0,11-28-23,12,False,0,147,9,7,1,0.9399999999999998,0.0,0.0,0.4,5.4,0.0,0.0,0.0,0.0,32.2,0.0,0.0,8.0,122.0,2.0,0.0,0.0,0.0,2.476923076923077,0.0,0.0,0.6153846153846154,9.384615384615385,0.15384615384615385,0.0,0.0,2.476923076923077
854,Lil'Jordan Humphrey,Den,WR,L 17-22,2.2,Hou,Away,72.5,12-05-23,13,False,0,147,9,12,0,1.3800000000000001,0.0,0.0,0.6,7.8,0.0,0.0,0.0,0.0,34.4,0.0,0.0,9.0,134.0,2.0,0.0,0.0,0.0,2.457142857142857,0.0,0.0,0.6428571428571429,9.571428571428571,0.14285714285714285,0.0,0.0,2.457142857142857
1157,Lil'Jordan Humphrey,Den,WR,W 24-7,2.2,LAC,Away,93.0,12-12-23,14,False,0,147,9,16,0,1.8199999999999998,0.0,0.0,0.8,10.2,0.0,0.0,0.0,0.0,36.6,0.0,0.0,10.0,146.0,2.0,0.0,0.0,0.0,2.44,0.0,0.0,0.6666666666666666,9.733333333333333,0.13333333333333333,0.0,0.0,2.44
2237,Lil'Jordan Humphrey,Den,WR,L 17-42,10.6,Det,Away,32.5,12-19-23,15,False,0,147,9,10,0,3.4599999999999995,0.0,0.0,1.2,10.6,0.2,0.0,0.0,0.0,47.2,0.0,0.0,13.0,162.0,3.0,0.0,0.0,0.0,2.95,0.0,0.0,0.8125,10.125,0.1875,0.0,0.0,2.95
1842,Lil'Jordan Humphrey,Den,WR,L 23-26,0.0,NE,Home,144.5,12-26-23,16,False,0,147,9,21,1,3.4599999999999995,0.0,0.0,1.2,10.6,0.2,0.0,0.0,0.0,47.2,0.0,0.0,13.0,162.0,3.0,0.0,0.0,0.0,2.7764705882352945,0.0,0.0,0.7647058823529411,9.529411764705882,0.17647058823529413,0.0,0.0,2.7764705882352945
2029,Lucky Jackson,Min,WR,L 10-33,0.0,GB,Home,137.5,01-02-24,17,False,0,148,20,11,1,0.0,0.0,0.0,0.0,0.0,0.0,0.0,0.0,0.0,0.0,0.0,0.0,0.0,0.0,0.0,0.0,0.0,0.0,0.0,0.0,0.0,0.0,0.0,0.0,0.0,0.0,0.0
1377,Lucky Jackson,Min,WR,L 20-30,0.0,Det,Away,142.5,01-09-24,18,False,0,148,20,10,0,0.0,0.0,0.0,0.0,0.0,0.0,0.0,0.0,0.0,0.0,0.0,0.0,0.0,0.0,0.0,0.0,0.0,0.0,0.0,0.0,0.0,0.0,0.0,0.0,0.0,0.0,0.0
1861,Lucky Jackson,Min,WR,L 24-30,0.0,Det,Home,144.5,12-26-23,16,False,0,148,20,10,1,0.0,0.0,0.0,0.0,0.0,0.0,0.0,0.0,0.0,0.0,0.0,0.0,0.0,0.0,0.0,0.0,0.0,0.0,0.0,0.0,0.0,0.0,0.0,0.0,0.0,0.0,0.0
1966,Lynn Bowden Jr.,NO,WR,W 23-13,1.6,TB,Away,98.5,01-02-24,17,False,0,149,22,29,0,1.6,0.0,0.0,1.0,6.0,0.0,0.0,0.0,0.0,1.6,0.0,0.0,1.0,6.0,0.0,0.0,0.0,0.0,1.6,0.0,0.0,1.0,6.0,0.0,0.0,0.0,1.6
1335,Lynn Bowden Jr.,NO,WR,W 48-17,1.3,Atl,Home,113.0,01-09-24,18,False,0,149,22,1,1,1.4500000000000002,0.0,0.0,1.0,5.5,0.0,0.5,-1.0,0.0,2.9000000000000004,0.0,0.0,2.0,11.0,0.0,1.0,-2.0,0.0,1.4500000000000002,0.0,0.0,1.0,5.5,0.0,0.5,-1.0,1.4500000000000002
483,Lynn Bowden Jr.,NO,WR,L 17-18,0.0,GB,Away,141.0,09-26-23,3,False,0,149,22,11,0,0.9666666666666668,0.0,0.0,0.6666666666666666,3.6666666666666665,0.0,0.3333333333333333,-0.6666666666666666,0.0,2.9000000000000004,0.0,0.0,2.0,11.0,0.0,1.0,-2.0,0.0,0.9666666666666668,0.0,0.0,0.6666666666666666,3.6666666666666665,0.0,0.3333333333333333,-0.6666666666666666,0.9666666666666668
158,Lynn Bowden Jr.,NO,WR,L 9-26,0.0,TB,Home,143.0,10-03-23,4,False,0,149,22,29,1,0.7250000000000001,0.0,0.0,0.5,2.75,0.0,0.25,-0.5,0.0,2.9000000000000004,0.0,0.0,2.0,11.0,0.0,1.0,-2.0,0.0,0.7250000000000001,0.0,0.0,0.5,2.75,0.0,0.25,-0.5,0.7250000000000001
626,Lynn Bowden Jr.,NO,WR,W 34-0,0.0,NE,Away,124.5,10-10-23,5,False,0,149,22,21,0,0.5800000000000001,0.0,0.0,0.4,2.2,0.0,0.2,-0.4,0.0,2.9000000000000004,0.0,0.0,2.0,11.0,0.0,1.0,-2.0,0.0,0.5800000000000001,0.0,0.0,0.4,2.2,0.0,0.2,-0.4,0.5800000000000001
2824,Lynn Bowden Jr.,NO,WR,L 13-20,0.0,Hou,Away,128.0,10-17-23,6,False,0,149,22,12,0,0.26,0.0,0.0,0.2,1.0,0.0,0.2,-0.4,0.0,2.9000000000000004,0.0,0.0,2.0,11.0,0.0,1.0,-2.0,0.0,0.4833333333333334,0.0,0.0,0.3333333333333333,1.8333333333333333,0.0,0.16666666666666666,-0.3333333333333333,0.4833333333333334
2666,Lynn Bowden Jr.,NO,WR,L 24-31,0.0,Jax,Home,116.0,10-24-23,7,False,0,149,22,14,1,0.0,0.0,0.0,0.0,0.0,0.0,0.0,0.0,0.0,2.9000000000000004,0.0,0.0,2.0,11.0,0.0,1.0,-2.0,0.0,0.4142857142857143,0.0,0.0,0.2857142857142857,1.5714285714285714,0.0,0.14285714285714285,-0.2857142857142857,0.4142857142857143
2530,Lynn Bowden Jr.,NO,WR,W 38-27,0.0,Ind,Away,138.0,10-31-23,8,False,0,149,22,13,0,0.0,0.0,0.0,0.0,0.0,0.0,0.0,0.0,0.0,2.9000000000000004,0.0,0.0,2.0,11.0,0.0,1.0,-2.0,0.0,0.36250000000000004,0.0,0.0,0.25,1.375,0.0,0.125,-0.25,0.36250000000000004
1056,Lynn Bowden Jr.,NO,WR,W 24-17,0.0,Chi,Home,126.5,11-07-23,9,False,0,149,22,5,1,0.0,0.0,0.0,0.0,0.0,0.0,0.0,0.0,0.0,2.9000000000000004,0.0,0.0,2.0,11.0,0.0,1.0,-2.0,0.0,0.32222222222222224,0.0,0.0,0.2222222222222222,1.2222222222222223,0.0,0.1111111111111111,-0.2222222222222222,0.32222222222222224
1472,Lynn Bowden Jr.,NO,WR,L 19-27,2.2,Min,Away,87.5,11-14-23,10,False,0,149,22,20,0,0.44000000000000006,0.0,0.0,0.2,2.4,0.0,0.0,0.0,0.0,5.1000000000000005,0.0,0.0,3.0,23.0,0.0,1.0,-2.0,0.0,0.51,0.0,0.0,0.3,2.3,0.0,0.1,-0.2,0.51
1613,Lynn Bowden Jr.,NO,WR,L 15-24,4.0,Atl,Away,85.0,11-28-23,12,False,0,149,22,1,0,1.24,0.0,0.0,0.2,2.4,0.0,0.4,8.0,0.0,9.100000000000001,0.0,0.0,3.0,23.0,0.0,3.0,38.0,0.0,0.8272727272727274,0.0,0.0,0.2727272727272727,2.090909090909091,0.0,0.2727272727272727,3.4545454545454546,0.8272727272727274
870,Lynn Bowden Jr.,NO,WR,L 28-33,0.9,Det,Home,88.5,12-05-23,13,False,0,149,22,10,1,1.4200000000000002,0.0,0.0,0.4,3.4,0.0,0.8,6.8,0.0,10.0,0.0,0.0,4.0,28.0,0.0,5.0,32.0,0.0,0.8333333333333334,0.0,0.0,0.3333333333333333,2.3333333333333335,0.0,0.4166666666666667,2.6666666666666665,0.8333333333333334
1117,Lynn Bowden Jr.,NO,WR,W 28-6,6.4,Car,Home,53.0,12-12-23,14,False,0,149,22,4,1,2.7,0.0,0.0,1.2,8.2,0.0,0.8,6.8,0.0,16.400000000000002,0.0,0.0,8.0,52.0,0.0,5.0,32.0,0.0,1.2615384615384617,0.0,0.0,0.6153846153846154,4.0,0.0,0.38461538461538464,2.4615384615384617,1.2615384615384617
2266,Lynn Bowden Jr.,NO,WR,W 24-6,6.1,NYG,Home,61.5,12-19-23,15,False,0,149,22,23,1,3.9200000000000004,0.0,0.0,1.8,14.4,0.0,0.8,6.8,0.0,22.5,0.0,0.0,11.0,83.0,0.0,5.0,32.0,0.0,1.6071428571428572,0.0,0.0,0.7857142857142857,5.928571428571429,0.0,0.35714285714285715,2.2857142857142856,1.6071428571428572
1849,Lynn Bowden Jr.,NO,WR,L 22-30,0.0,LAR,Away,144.5,12-26-23,16,False,0,149,22,17,0,3.4800000000000004,0.0,0.0,1.6,12.0,0.0,0.8,6.8,0.0,22.5,0.0,0.0,11.0,83.0,0.0,5.0,32.0,0.0,1.5,0.0,0.0,0.7333333333333333,5.533333333333333,0.0,0.3333333333333333,2.1333333333333333,1.5
1988,Mack Hollins,Atl,WR,L 17-37,0.0,Chi,Away,137.5,01-02-24,17,False,0,150,1,5,0,0.0,0.0,0.0,0.0,0.0,0.0,0.0,0.0,0.0,0.0,0.0,0.0,0.0,0.0,0.0,0.0,0.0,0.0,0.0,0.0,0.0,0.0,0.0,0.0,0.0,0.0,0.0
1355,Mack Hollins,Atl,WR,L 17-48,0.0,NO,Away,142.5,01-09-24,18,False,0,150,1,22,0,0.0,0.0,0.0,0.0,0.0,0.0,0.0,0.0,0.0,0.0,0.0,0.0,0.0,0.0,0.0,0.0,0.0,0.0,0.0,0.0,0.0,0.0,0.0,0.0,0.0,0.0,0.0
226,Mack Hollins,Atl,WR,W 24-10,6.1,Car,Home,64.5,09-12-23,1,False,0,150,1,4,1,2.033333333333333,0.0,0.0,1.0,10.333333333333334,0.0,0.0,0.0,0.0,6.1,0.0,0.0,3.0,31.0,0.0,0.0,0.0,0.0,2.033333333333333,0.0,0.0,1.0,10.333333333333334,0.0,0.0,0.0,2.033333333333333
2091,Mack Hollins,Atl,WR,W 25-24,9.0,GB,Home,56.0,09-19-23,2,False,0,150,1,11,1,3.775,0.0,0.0,1.5,22.75,0.0,0.0,0.0,0.0,15.1,0.0,0.0,6.0,91.0,0.0,0.0,0.0,0.0,3.775,0.0,0.0,1.5,22.75,0.0,0.0,0.0,3.775
412,Mack Hollins,Atl,WR,L 6-20,3.3,Det,Away,90.0,09-26-23,3,False,0,150,1,10,0,3.6799999999999997,0.0,0.0,1.4,22.8,0.0,0.0,0.0,0.0,18.4,0.0,0.0,7.0,114.0,0.0,0.0,0.0,0.0,3.6799999999999997,0.0,0.0,1.4,22.8,0.0,0.0,0.0,3.6799999999999997
128,Mack Hollins,Atl,WR,L 7-23,0.0,Jax,Away,143.0,10-03-23,4,False,0,150,1,14,0,3.6799999999999997,0.0,0.0,1.4,22.8,0.0,0.0,0.0,0.0,18.4,0.0,0.0,7.0,114.0,0.0,0.0,0.0,0.0,3.0666666666666664,0.0,0.0,1.1666666666666667,19.0,0.0,0.0,0.0,3.0666666666666664
548,Mack Hollins,Atl,WR,W 21-19,4.9,Hou,Home,61.0,10-10-23,5,False,0,150,1,12,1,4.66,0.0,0.0,1.8,28.6,0.0,0.0,0.0,0.0,23.3,0.0,0.0,9.0,143.0,0.0,0.0,0.0,0.0,3.3285714285714287,0.0,0.0,1.2857142857142858,20.428571428571427,0.0,0.0,0.0,3.3285714285714287
2723,Mack Hollins,Atl,WR,L 16-24,7.1,Wsh,Home,52.0,10-17-23,6,False,0,150,1,31,1,4.86,0.0,0.0,1.8,30.6,0.0,0.0,0.0,0.0,30.4,0.0,0.0,12.0,184.0,0.0,0.0,0.0,0.0,3.8,0.0,0.0,1.5,23.0,0.0,0.0,0.0,3.8
2641,Mack Hollins,Atl,WR,W 16-13,0.0,TB,Away,116.0,10-24-23,7,False,0,150,1,29,0,3.06,0.0,0.0,1.2,18.6,0.0,0.0,0.0,0.0,30.4,0.0,0.0,12.0,184.0,0.0,0.0,0.0,0.0,3.3777777777777778,0.0,0.0,1.3333333333333333,20.444444444444443,0.0,0.0,0.0,3.3777777777777778
2456,Mack Hollins,Atl,WR,L 23-28,4.7,Ten,Away,84.0,10-31-23,8,False,0,150,1,30,0,3.34,0.0,0.0,1.4,19.4,0.0,0.0,0.0,0.0,35.1,0.0,0.0,14.0,211.0,0.0,0.0,0.0,0.0,3.5100000000000002,0.0,0.0,1.4,21.1,0.0,0.0,0.0,3.5100000000000002
967,Mack Hollins,Atl,WR,L 28-31,6.6,Min,Home,50.5,11-07-23,9,False,0,150,1,20,1,4.659999999999999,0.0,0.0,2.0,26.6,0.0,0.0,0.0,0.0,41.7,0.0,0.0,17.0,247.0,0.0,0.0,0.0,0.0,3.790909090909091,0.0,0.0,1.5454545454545454,22.454545454545453,0.0,0.0,0.0,3.790909090909091
1168,Mack Hollins,Atl,WR,L 25-29,1.4,TB,Home,105.5,12-12-23,14,False,0,150,1,29,1,3.96,0.0,0.0,1.8,21.6,0.0,0.0,0.0,0.0,43.1,0.0,0.0,18.0,251.0,0.0,0.0,0.0,0.0,3.591666666666667,0.0,0.0,1.5,20.916666666666668,0.0,0.0,0.0,3.591666666666667
1833,Mack Hollins,Atl,WR,W 29-10,0.0,Ind,Home,144.5,12-26-23,16,False,0,150,1,13,1,2.54,0.0,0.0,1.2,13.4,0.0,0.0,0.0,0.0,43.1,0.0,0.0,18.0,251.0,0.0,0.0,0.0,0.0,3.3153846153846156,0.0,0.0,1.3846153846153846,19.307692307692307,0.0,0.0,0.0,3.3153846153846156
1956,Malik Heath,GB,WR,W 33-10,2.3,Min,Away,88.5,01-02-24,17,False,0,151,11,20,0,2.3,0.0,0.0,1.0,13.0,0.0,0.0,0.0,0.0,2.3,0.0,0.0,1.0,13.0,0.0,0.0,0.0,0.0,2.3,0.0,0.0,1.0,13.0,0.0,0.0,0.0,2.3
1297,Malik Heath,GB,WR,W 17-9,3.9,Chi,Home,76.0,01-09-24,18,False,0,151,11,5,1,3.0999999999999996,0.0,0.0,2.0,11.0,0.0,0.0,0.0,0.0,6.199999999999999,0.0,0.0,4.0,22.0,0.0,0.0,0.0,0.0,3.0999999999999996,0.0,0.0,2.0,11.0,0.0,0.0,0.0,3.0999999999999996
303,Malik Heath,GB,WR,W 38-20,0.0,Chi,Away,135.0,09-12-23,1,False,0,151,11,5,0,2.0666666666666664,0.0,0.0,1.3333333333333333,7.333333333333333,0.0,0.0,0.0,0.0,6.199999999999999,0.0,0.0,4.0,22.0,0.0,0.0,0.0,0.0,2.0666666666666664,0.0,0.0,1.3333333333333333,7.333333333333333,0.0,0.0,0.0,2.0666666666666664
2182,Malik Heath,GB,WR,L 24-25,0.0,Atl,Away,145.0,09-19-23,2,False,0,151,11,1,0,1.5499999999999998,0.0,0.0,1.0,5.5,0.0,0.0,0.0,0.0,6.199999999999999,0.0,0.0,4.0,22.0,0.0,0.0,0.0,0.0,1.5499999999999998,0.0,0.0,1.0,5.5,0.0,0.0,0.0,1.5499999999999998
465,Malik Heath,GB,WR,W 18-17,0.0,NO,Home,141.0,09-26-23,3,False,0,151,11,22,1,1.2399999999999998,0.0,0.0,0.8,4.4,0.0,0.0,0.0,0.0,6.199999999999999,0.0,0.0,4.0,22.0,0.0,0.0,0.0,0.0,1.2399999999999998,0.0,0.0,0.8,4.4,0.0,0.0,0.0,1.2399999999999998
1044,Malik Heath,GB,WR,W 20-3,0.0,LAR,Home,126.5,11-07-23,9,False,0,151,11,17,1,0.78,0.0,0.0,0.6,1.8,0.0,0.0,0.0,0.0,6.199999999999999,0.0,0.0,4.0,22.0,0.0,0.0,0.0,0.0,1.0333333333333332,0.0,0.0,0.6666666666666666,3.6666666666666665,0.0,0.0,0.0,1.0333333333333332
1507,Malik Heath,GB,WR,L 19-23,0.0,Pit,Away,123.5,11-14-23,10,False,0,151,11,26,0,0.0,0.0,0.0,0.0,0.0,0.0,0.0,0.0,0.0,6.199999999999999,0.0,0.0,4.0,22.0,0.0,0.0,0.0,0.0,0.8857142857142856,0.0,0.0,0.5714285714285714,3.142857142857143,0.0,0.0,0.0,0.8857142857142856
728,Malik Heath,GB,WR,W 23-20,1.7,LAC,Home,94.5,11-21-23,11,False,0,151,11,16,1,0.33999999999999997,0.0,0.0,0.2,1.4,0.0,0.0,0.0,0.0,7.8999999999999995,0.0,0.0,5.0,29.0,0.0,0.0,0.0,0.0,0.9874999999999999,0.0,0.0,0.625,3.625,0.0,0.0,0.0,0.9874999999999999
1577,Malik Heath,GB,WR,W 29-22,8.6,Det,Away,49.0,11-28-23,12,False,0,151,11,10,0,2.0599999999999996,0.0,0.0,1.0,10.6,0.0,0.0,0.0,0.0,16.5,0.0,0.0,9.0,75.0,0.0,0.0,0.0,0.0,1.8333333333333333,0.0,0.0,1.0,8.333333333333334,0.0,0.0,0.0,1.8333333333333333
850,Malik Heath,GB,WR,W 27-19,2.5,KC,Home,69.0,12-05-23,13,False,0,151,11,15,1,2.5599999999999996,0.0,0.0,1.2,13.6,0.0,0.0,0.0,0.0,19.0,0.0,0.0,10.0,90.0,0.0,0.0,0.0,0.0,1.9,0.0,0.0,1.0,9.0,0.0,0.0,0.0,1.9
1107,Malik Heath,GB,WR,L 22-24,7.6,NYG,Away,44.0,12-12-23,14,False,0,151,11,23,0,4.08,0.0,0.0,1.4,14.8,0.2,0.0,0.0,0.0,26.599999999999998,0.0,0.0,11.0,96.0,1.0,0.0,0.0,0.0,2.418181818181818,0.0,0.0,1.0,8.727272727272727,0.09090909090909091,0.0,0.0,2.418181818181818
2270,Malik Heath,GB,WR,L 20-34,5.9,TB,Home,65.5,12-19-23,15,False,0,151,11,29,1,5.26,0.0,0.0,2.0,20.6,0.2,0.0,0.0,0.0,32.5,0.0,0.0,14.0,125.0,1.0,0.0,0.0,0.0,2.7083333333333335,0.0,0.0,1.1666666666666667,10.416666666666666,0.08333333333333333,0.0,0.0,2.7083333333333335
1819,Malik Heath,GB,WR,W 33-30,1.0,Car,Away,120.0,12-26-23,16,False,0,151,11,4,0,5.12,0.0,0.0,2.0,19.2,0.2,0.0,0.0,0.0,33.5,0.0,0.0,15.0,125.0,1.0,0.0,0.0,0.0,2.576923076923077,0.0,0.0,1.1538461538461537,9.615384615384615,0.07692307692307693,0.0,0.0,2.576923076923077
2534,Malik Taylor,NYJ,WR,W 13-10,0.0,NYG,Away,138.0,10-31-23,8,False,0,152,24,23,0,0.0,0.0,0.0,0.0,0.0,0.0,0.0,0.0,0.0,0.0,0.0,0.0,0.0,0.0,0.0,0.0,0.0,0.0,0.0,0.0,0.0,0.0,0.0,0.0,0.0,0.0,0.0
1014,Malik Taylor,NYJ,WR,L 6-27,1.7,LAC,Home,97.0,11-07-23,9,False,0,152,24,16,1,0.85,0.0,0.0,0.5,3.5,0.0,0.0,0.0,0.0,1.7,0.0,0.0,1.0,7.0,0.0,0.0,0.0,0.0,0.85,0.0,0.0,0.5,3.5,0.0,0.0,0.0,0.85
1484,Malik Taylor,NYJ,WR,L 12-16,1.6,LV,Away,99.5,11-14-23,10,False,0,152,24,18,0,1.0999999999999999,0.0,0.0,0.6666666666666666,4.333333333333333,0.0,0.0,0.0,0.0,3.3,0.0,0.0,2.0,13.0,0.0,0.0,0.0,0.0,1.0999999999999999,0.0,0.0,0.6666666666666666,4.333333333333333,0.0,0.0,0.0,1.0999999999999999
910,Marquez Callaway,NO,WR,L 28-33,0.0,Det,Home,113.0,12-05-23,13,False,0,153,22,10,1,0.0,0.0,0.0,0.0,0.0,0.0,0.0,0.0,0.0,0.0,0.0,0.0,0.0,0.0,0.0,0.0,0.0,0.0,0.0,0.0,0.0,0.0,0.0,0.0,0.0,0.0,0.0
1214,Marquez Callaway,NO,WR,W 28-6,0.0,Car,Home,134.0,12-12-23,14,False,0,153,22,4,1,0.0,0.0,0.0,0.0,0.0,0.0,0.0,0.0,0.0,0.0,0.0,0.0,0.0,0.0,0.0,0.0,0.0,0.0,0.0,0.0,0.0,0.0,0.0,0.0,0.0,0.0,0.0
2362,Marquez Callaway,NO,WR,W 24-6,0.0,NYG,Home,140.0,12-19-23,15,False,0,153,22,23,1,0.0,0.0,0.0,0.0,0.0,0.0,0.0,0.0,0.0,0.0,0.0,0.0,0.0,0.0,0.0,0.0,0.0,0.0,0.0,0.0,0.0,0.0,0.0,0.0,0.0,0.0,0.0
1970,Marquez Valdes-Scantling,KC,WR,W 25-17,1.3,Cin,Home,103.0,01-02-24,17,False,0,154,15,6,1,1.3,0.0,0.0,1.0,3.0,0.0,0.0,0.0,0.0,1.3,0.0,0.0,1.0,3.0,0.0,0.0,0.0,0.0,1.3,0.0,0.0,1.0,3.0,0.0,0.0,0.0,1.3
217,Marquez Valdes-Scantling,KC,WR,L 20-21,6.8,Det,Home,56.0,09-12-23,1,False,0,154,15,10,1,4.05,0.0,0.0,1.5,25.5,0.0,0.0,0.0,0.0,8.1,0.0,0.0,3.0,51.0,0.0,0.0,0.0,0.0,4.05,0.0,0.0,1.5,25.5,0.0,0.0,0.0,4.05
2128,Marquez Valdes-Scantling,KC,WR,W 17-9,3.3,Jax,Away,92.5,09-19-23,2,False,0,154,15,14,0,3.7999999999999994,0.0,0.0,1.6666666666666667,21.333333333333332,0.0,0.0,0.0,0.0,11.399999999999999,0.0,0.0,5.0,64.0,0.0,0.0,0.0,0.0,3.7999999999999994,0.0,0.0,1.6666666666666667,21.333333333333332,0.0,0.0,0.0,3.7999999999999994
405,Marquez Valdes-Scantling,KC,WR,W 41-10,4.7,Chi,Home,82.0,09-26-23,3,False,0,154,15,5,1,4.025,0.0,0.0,1.5,25.25,0.0,0.0,0.0,0.0,16.1,0.0,0.0,6.0,101.0,0.0,0.0,0.0,0.0,4.025,0.0,0.0,1.5,25.25,0.0,0.0,0.0,4.025
111,Marquez Valdes-Scantling,KC,WR,W 23-20,1.6,NYJ,Away,113.0,10-03-23,4,False,0,154,15,24,0,3.54,0.0,0.0,1.4,21.4,0.0,0.0,0.0,0.0,17.7,0.0,0.0,7.0,107.0,0.0,0.0,0.0,0.0,3.54,0.0,0.0,1.4,21.4,0.0,0.0,0.0,3.54
572,Marquez Valdes-Scantling,KC,WR,W 27-20,2.2,Min,Away,84.5,10-10-23,5,False,0,154,15,20,0,3.7199999999999998,0.0,0.0,1.4,23.2,0.0,0.0,0.0,0.0,19.9,0.0,0.0,8.0,119.0,0.0,0.0,0.0,0.0,3.3166666666666664,0.0,0.0,1.3333333333333333,19.833333333333332,0.0,0.0,0.0,3.3166666666666664
2775,Marquez Valdes-Scantling,KC,WR,W 19-8,0.0,Den,Home,128.0,10-17-23,6,False,0,154,15,9,1,2.3600000000000003,0.0,0.0,1.0,13.6,0.0,0.0,0.0,0.0,19.9,0.0,0.0,8.0,119.0,0.0,0.0,0.0,0.0,2.8428571428571425,0.0,0.0,1.1428571428571428,17.0,0.0,0.0,0.0,2.8428571428571425
2550,Marquez Valdes-Scantling,KC,WR,W 31-17,17.4,LAC,Home,13.0,10-24-23,7,False,0,154,15,16,1,5.18,0.0,0.0,1.2,27.8,0.2,0.0,0.0,0.0,37.3,0.0,0.0,11.0,203.0,1.0,0.0,0.0,0.0,4.6625,0.0,0.0,1.375,25.375,0.125,0.0,0.0,4.6625
2466,Marquez Valdes-Scantling,KC,WR,L 9-24,2.7,Den,Away,94.0,10-31-23,8,False,0,154,15,9,0,4.779999999999999,0.0,0.0,1.4,25.8,0.2,0.0,0.0,0.0,40.0,0.0,0.0,13.0,230.0,1.0,0.0,0.0,0.0,4.444444444444445,0.0,0.0,1.4444444444444444,25.555555555555557,0.1111111111111111,0.0,0.0,4.444444444444445
983,Marquez Valdes-Scantling,KC,WR,W 21-14,4.2,Mia,Home,67.0,11-07-23,9,False,0,154,15,19,1,5.3,0.0,0.0,1.6,29.0,0.2,0.0,0.0,0.0,44.199999999999996,0.0,0.0,15.0,252.0,1.0,0.0,0.0,0.0,4.42,0.0,0.0,1.5,25.2,0.1,0.0,0.0,4.42
739,Marquez Valdes-Scantling,KC,WR,L 17-21,0.0,Phi,Home,126.0,11-21-23,11,False,0,154,15,25,1,4.859999999999999,0.0,0.0,1.4,26.6,0.2,0.0,0.0,0.0,44.199999999999996,0.0,0.0,15.0,252.0,1.0,0.0,0.0,0.0,4.018181818181818,0.0,0.0,1.3636363636363635,22.90909090909091,0.09090909090909091,0.0,0.0,4.018181818181818
1650,Marquez Valdes-Scantling,KC,WR,W 31-17,0.9,LV,Away,122.5,11-28-23,12,False,0,154,15,18,0,5.04,0.0,0.0,1.6,26.4,0.2,0.0,0.0,0.0,45.099999999999994,0.0,0.0,16.0,251.0,1.0,0.0,0.0,0.0,3.758333333333333,0.0,0.0,1.3333333333333333,20.916666666666668,0.08333333333333333,0.0,0.0,3.758333333333333
834,Marquez Valdes-Scantling,KC,WR,L 19-27,4.5,GB,Away,53.5,12-05-23,13,False,0,154,15,11,0,2.46,0.0,0.0,1.4,14.6,0.0,0.0,0.0,0.0,49.599999999999994,0.0,0.0,18.0,276.0,1.0,0.0,0.0,0.0,3.815384615384615,0.0,0.0,1.3846153846153846,21.23076923076923,0.07692307692307693,0.0,0.0,3.815384615384615
1136,Marquez Valdes-Scantling,KC,WR,L 17-20,4.2,Buf,Home,73.5,12-12-23,14,False,0,154,15,3,1,2.7600000000000002,0.0,0.0,1.4,13.6,0.0,0.0,0.0,0.0,53.8,0.0,0.0,20.0,298.0,1.0,0.0,0.0,0.0,3.8428571428571425,0.0,0.0,1.4285714285714286,21.285714285714285,0.07142857142857142,0.0,0.0,3.8428571428571425
2293,Marquez Valdes-Scantling,KC,WR,W 27-17,2.7,NE,Away,89.5,12-19-23,15,False,0,154,15,21,0,2.46,0.0,0.0,1.2,12.6,0.0,0.0,0.0,0.0,56.5,0.0,0.0,21.0,315.0,1.0,0.0,0.0,0.0,3.7666666666666666,0.0,0.0,1.4,21.0,0.06666666666666667,0.0,0.0,3.7666666666666666
1825,Marquez Valdes-Scantling,KC,WR,L 14-20,0.0,LV,Home,144.5,12-26-23,16,False,0,154,15,18,1,2.46,0.0,0.0,1.2,12.6,0.0,0.0,0.0,0.0,56.5,0.0,0.0,21.0,315.0,1.0,0.0,0.0,0.0,3.53125,0.0,0.0,1.3125,19.6875,0.0625,0.0,0.0,3.53125
209,Marquise Brown,Ari,WR,L 16-20,8.7,Wsh,Away,48.0,09-12-23,1,False,0,155,0,31,0,8.7,0.0,0.0,3.0,28.0,0.0,1.0,29.0,0.0,8.7,0.0,0.0,3.0,28.0,0.0,1.0,29.0,0.0,8.7,0.0,0.0,3.0,28.0,0.0,1.0,29.0,8.7
2057,Marquise Brown,Ari,WR,L 28-31,17.4,NYG,Home,22.0,09-19-23,2,False,0,155,0,23,1,13.049999999999999,0.0,0.0,4.5,41.0,0.5,0.5,14.5,0.0,26.099999999999998,0.0,0.0,9.0,82.0,1.0,1.0,29.0,0.0,13.049999999999999,0.0,0.0,4.5,41.0,0.5,0.5,14.5,13.049999999999999
343,Marquise Brown,Ari,WR,W 28-16,17.1,Dal,Home,20.0,09-26-23,3,False,0,155,0,8,1,14.4,0.0,0.0,4.666666666666667,47.666666666666664,0.6666666666666666,0.3333333333333333,9.666666666666666,0.0,43.2,0.0,0.0,14.0,143.0,2.0,1.0,29.0,0.0,14.4,0.0,0.0,4.666666666666667,47.666666666666664,0.6666666666666666,0.3333333333333333,9.666666666666666,14.4
14,Marquise Brown,Ari,WR,L 16-35,16.6,SF,Away,14.5,10-03-23,4,False,0,155,0,27,0,14.95,0.0,0.0,5.25,59.75,0.5,0.25,7.25,0.0,59.8,0.0,0.0,21.0,239.0,2.0,1.0,29.0,0.0,14.95,0.0,0.0,5.25,59.75,0.5,0.25,7.25,14.95
504,Marquise Brown,Ari,WR,L 20-34,16.1,Cin,Home,17.0,10-10-23,5,False,0,155,0,6,1,15.180000000000001,0.0,0.0,5.0,60.0,0.6,0.2,5.8,0.0,75.9,0.0,0.0,25.0,300.0,3.0,1.0,29.0,0.0,15.180000000000001,0.0,0.0,5.0,60.0,0.6,0.2,5.8,15.180000000000001
2720,Marquise Brown,Ari,WR,L 9-26,7.4,LAR,Away,49.0,10-17-23,6,False,0,155,0,17,0,14.919999999999998,0.0,0.0,5.2,61.2,0.6,0.0,0.0,0.0,83.3,0.0,0.0,29.0,334.0,3.0,1.0,29.0,0.0,13.883333333333333,0.0,0.0,4.833333333333333,55.666666666666664,0.5,0.16666666666666666,4.833333333333333,13.883333333333333
2584,Marquise Brown,Ari,WR,L 10-20,7.9,Sea,Away,47.0,10-24-23,7,False,0,155,0,28,0,13.020000000000001,0.0,0.0,4.6,60.2,0.4,0.0,0.0,0.0,91.2,0.0,0.0,32.0,383.0,3.0,1.0,29.0,0.0,13.028571428571428,0.0,0.0,4.571428571428571,54.714285714285715,0.42857142857142855,0.14285714285714285,4.142857142857143,13.028571428571428
2395,Marquise Brown,Ari,WR,L 24-31,15.3,Bal,Home,23.0,10-31-23,8,False,0,155,0,2,1,12.66,0.0,0.0,4.8,54.6,0.4,0.0,0.0,0.0,106.5,0.0,0.0,38.0,416.0,4.0,1.0,29.0,0.0,13.3125,0.0,0.0,4.75,52.0,0.5,0.125,3.625,13.3125
968,Marquise Brown,Ari,WR,L 0-27,6.4,Cle,Away,52.0,11-07-23,9,False,0,155,0,7,0,10.620000000000001,0.0,0.0,4.2,40.2,0.4,0.0,0.0,0.0,112.9,0.0,0.0,42.0,440.0,4.0,1.0,29.0,0.0,12.544444444444444,0.0,0.0,4.666666666666667,48.888888888888886,0.4444444444444444,0.1111111111111111,3.2222222222222223,12.544444444444444
1453,Marquise Brown,Ari,WR,W 25-23,3.8,Atl,Home,69.5,11-14-23,10,False,0,155,0,1,1,8.16,0.0,0.0,3.6,33.6,0.2,0.0,0.0,0.0,116.7,0.0,0.0,43.0,468.0,4.0,1.0,29.0,0.0,11.67,0.0,0.0,4.3,46.8,0.4,0.1,2.9,11.67
706,Marquise Brown,Ari,WR,L 16-21,3.2,Hou,Away,77.5,11-21-23,11,False,0,155,0,12,0,7.32,0.0,0.0,3.2,30.4,0.2,0.2,-1.2,0.0,119.9,0.0,0.0,45.0,486.0,4.0,2.0,23.0,0.0,10.9,0.0,0.0,4.090909090909091,44.18181818181818,0.36363636363636365,0.18181818181818182,2.090909090909091,10.9
1554,Marquise Brown,Ari,WR,L 14-37,14.8,LAR,Home,26.0,11-28-23,12,False,0,155,0,17,1,8.7,0.0,0.0,3.8,38.2,0.2,0.2,-1.2,0.0,134.70000000000002,0.0,0.0,51.0,574.0,4.0,2.0,23.0,0.0,11.225000000000001,0.0,0.0,4.25,47.833333333333336,0.3333333333333333,0.16666666666666666,1.9166666666666667,11.225000000000001
873,Marquise Brown,Ari,WR,W 24-10,0.0,Pit,Away,113.0,12-05-23,13,False,0,155,0,26,0,5.640000000000001,0.0,0.0,2.6,31.6,0.0,0.2,-1.2,0.0,134.70000000000002,0.0,0.0,51.0,574.0,4.0,2.0,23.0,0.0,10.361538461538462,0.0,0.0,3.923076923076923,44.15384615384615,0.3076923076923077,0.15384615384615385,1.7692307692307692,10.361538461538462
2320,Marquise Brown,Ari,WR,L 29-45,0.0,SF,Home,140.0,12-19-23,15,False,0,155,0,27,1,4.360000000000001,0.0,0.0,1.8,26.8,0.0,0.2,-1.2,0.0,134.70000000000002,0.0,0.0,51.0,574.0,4.0,2.0,23.0,0.0,9.621428571428572,0.0,0.0,3.642857142857143,41.0,0.2857142857142857,0.14285714285714285,1.6428571428571428,9.621428571428572
2001,Marquise Goodwin,Cle,WR,W 37-20,0.0,NYJ,Home,137.5,01-02-24,17,False,0,156,7,24,1,0.0,0.0,0.0,0.0,0.0,0.0,0.0,0.0,0.0,0.0,0.0,0.0,0.0,0.0,0.0,0.0,0.0,0.0,0.0,0.0,0.0,0.0,0.0,0.0,0.0,0.0,0.0
298,Marquise Goodwin,Cle,WR,W 24-3,0.0,Cin,Home,135.0,09-12-23,1,False,0,156,7,6,1,0.0,0.0,0.0,0.0,0.0,0.0,0.0,0.0,0.0,0.0,0.0,0.0,0.0,0.0,0.0,0.0,0.0,0.0,0.0,0.0,0.0,0.0,0.0,0.0,0.0,0.0,0.0
2179,Marquise Goodwin,Cle,WR,L 22-26,0.0,Pit,Away,145.0,09-19-23,2,False,0,156,7,26,0,0.0,0.0,0.0,0.0,0.0,0.0,0.0,0.0,0.0,0.0,0.0,0.0,0.0,0.0,0.0,0.0,0.0,0.0,0.0,0.0,0.0,0.0,0.0,0.0,0.0,0.0,0.0
440,Marquise Goodwin,Cle,WR,W 27-3,0.1,Ten,Home,117.0,09-26-23,3,False,0,156,7,30,1,0.025,0.0,0.0,0.0,0.0,0.0,0.25,0.25,0.0,0.1,0.0,0.0,0.0,0.0,0.0,1.0,1.0,0.0,0.025,0.0,0.0,0.0,0.0,0.0,0.25,0.25,0.025
119,Marquise Goodwin,Cle,WR,L 3-28,1.0,Bal,Home,120.5,10-03-23,4,False,0,156,7,2,1,0.22000000000000003,0.0,0.0,0.2,0.0,0.0,0.2,0.2,0.0,1.1,0.0,0.0,1.0,0.0,0.0,1.0,1.0,0.0,0.22000000000000003,0.0,0.0,0.2,0.0,0.0,0.2,0.2,0.22000000000000003
2753,Marquise Goodwin,Cle,WR,W 19-17,3.4,SF,Home,82.0,10-17-23,6,False,0,156,7,27,1,0.9,0.0,0.0,0.4,0.8,0.0,0.4,4.2,0.0,4.5,0.0,0.0,2.0,4.0,0.0,2.0,21.0,0.0,0.75,0.0,0.0,0.3333333333333333,0.6666666666666666,0.0,0.3333333333333333,3.5,0.75
2610,Marquise Goodwin,Cle,WR,W 39-38,3.3,Ind,Away,73.5,10-24-23,7,False,0,156,7,13,0,1.56,0.0,0.0,0.6,2.0,0.0,0.6,7.6,0.0,7.8,0.0,0.0,3.0,10.0,0.0,3.0,38.0,0.0,1.1142857142857143,0.0,0.0,0.42857142857142855,1.4285714285714286,0.0,0.42857142857142855,5.428571428571429,1.1142857142857143
2536,Marquise Goodwin,Cle,WR,L 20-24,-0.5,Sea,Away,164.5,10-31-23,8,False,0,156,7,28,0,1.46,0.0,0.0,0.6,2.0,0.0,0.8,6.6,0.0,7.3,0.0,0.0,3.0,10.0,0.0,4.0,33.0,0.0,0.9125,0.0,0.0,0.375,1.25,0.0,0.5,4.125,0.9125
1040,Marquise Goodwin,Cle,WR,W 27-0,0.0,Ari,Home,126.5,11-07-23,9,False,0,156,7,0,1,1.44,0.0,0.0,0.6,2.0,0.0,0.6,6.4,0.0,7.3,0.0,0.0,3.0,10.0,0.0,4.0,33.0,0.0,0.8111111111111111,0.0,0.0,0.3333333333333333,1.1111111111111112,0.0,0.4444444444444444,3.6666666666666665,0.8111111111111111
1198,Marquise Goodwin,Cle,WR,W 31-27,0.0,Jax,Home,134.0,12-12-23,14,False,0,156,7,14,1,1.2399999999999998,0.0,0.0,0.4,2.0,0.0,0.6,6.4,0.0,7.3,0.0,0.0,3.0,10.0,0.0,4.0,33.0,0.0,0.73,0.0,0.0,0.3,1.0,0.0,0.4,3.3,0.73
2261,Marquise Goodwin,Cle,WR,W 20-17,6.7,Chi,Home,56.5,12-19-23,15,False,0,156,7,5,1,1.9,0.0,0.0,0.4,12.6,0.0,0.4,2.4,0.0,14.0,0.0,0.0,4.0,67.0,0.0,4.0,33.0,0.0,1.2727272727272727,0.0,0.0,0.36363636363636365,6.090909090909091,0.0,0.36363636363636365,3.0,1.2727272727272727
1841,Marquise Goodwin,Cle,WR,W 36-22,0.0,Hou,Away,144.5,12-26-23,16,False,0,156,7,12,0,1.24,0.0,0.0,0.2,11.4,0.0,0.2,-1.0,0.0,14.0,0.0,0.0,4.0,67.0,0.0,4.0,33.0,0.0,1.1666666666666667,0.0,0.0,0.3333333333333333,5.583333333333333,0.0,0.3333333333333333,2.75,1.1666666666666667
268,Marvin Jones Jr.,Det,WR,W 21-20,0.8,KC,Away,107.0,09-12-23,1,False,0,157,10,15,0,0.8,0.0,0.0,2.0,8.0,0.0,0.0,0.0,0.0,0.8,0.0,0.0,2.0,8.0,0.0,0.0,0.0,0.0,0.8,0.0,0.0,2.0,8.0,0.0,0.0,0.0,0.8
2164,Marvin Jones Jr.,Det,WR,L 31-37,0.0,Sea,Home,145.0,09-19-23,2,False,0,157,10,28,1,0.4,0.0,0.0,1.0,4.0,0.0,0.0,0.0,0.0,0.8,0.0,0.0,2.0,8.0,0.0,0.0,0.0,0.0,0.4,0.0,0.0,1.0,4.0,0.0,0.0,0.0,0.4
445,Marvin Jones Jr.,Det,WR,W 20-6,0.0,Atl,Home,141.0,09-26-23,3,False,0,157,10,1,1,0.26666666666666666,0.0,0.0,0.6666666666666666,2.6666666666666665,0.0,0.0,0.0,0.0,0.8,0.0,0.0,2.0,8.0,0.0,0.0,0.0,0.0,0.26666666666666666,0.0,0.0,0.6666666666666666,2.6666666666666665,0.0,0.0,0.0,0.26666666666666666
125,Marvin Jones Jr.,Det,WR,W 34-20,0.0,GB,Away,143.0,10-03-23,4,False,0,157,10,11,0,0.2,0.0,0.0,0.5,2.0,0.0,0.0,0.0,0.0,0.8,0.0,0.0,2.0,8.0,0.0,0.0,0.0,0.0,0.2,0.0,0.0,0.5,2.0,0.0,0.0,0.0,0.2
552,Marvin Jones Jr.,Det,WR,W 42-24,4.2,Car,Home,65.0,10-10-23,5,False,0,157,10,4,1,1.0,0.0,0.0,0.8,6.0,0.0,0.0,0.0,0.0,5.0,0.0,0.0,4.0,30.0,0.0,0.0,0.0,0.0,1.0,0.0,0.0,0.8,6.0,0.0,0.0,0.0,1.0
2767,Marvin Jones Jr.,Det,WR,W 20-6,1.5,TB,Away,97.0,10-17-23,6,False,0,157,10,29,0,1.1400000000000001,0.0,0.0,0.6,5.4,0.0,0.0,0.0,0.0,6.5,0.0,0.0,5.0,35.0,0.0,0.0,0.0,0.0,1.0833333333333333,0.0,0.0,0.8333333333333334,5.833333333333333,0.0,0.0,0.0,1.0833333333333333
1313,Marvin Mims Jr.,Den,WR,L 14-27,2.7,LV,Away,92.0,01-09-24,18,False,0,158,9,18,0,2.7,0.0,0.0,1.0,16.0,0.0,1.0,1.0,0.0,2.7,0.0,0.0,1.0,16.0,0.0,1.0,1.0,0.0,2.7,0.0,0.0,1.0,16.0,0.0,1.0,1.0,2.7
253,Marvin Mims Jr.,Den,WR,L 16-17,2.9,LV,Home,91.5,09-12-23,1,False,0,158,9,18,1,2.8,0.0,0.0,1.5,12.5,0.0,0.5,0.5,0.0,5.6,0.0,0.0,3.0,25.0,0.0,1.0,1.0,0.0,2.8,0.0,0.0,1.5,12.5,0.0,0.5,0.5,2.8
2053,Marvin Mims Jr.,Den,WR,L 33-35,20.3,Wsh,Home,18.0,09-19-23,2,False,0,158,9,31,1,8.633333333333333,0.0,0.0,1.6666666666666667,46.0,0.3333333333333333,1.0,3.6666666666666665,0.0,25.9,0.0,0.0,5.0,138.0,1.0,3.0,11.0,0.0,8.633333333333333,0.0,0.0,1.6666666666666667,46.0,0.3333333333333333,1.0,3.6666666666666665,8.633333333333333
346,Marvin Mims Jr.,Den,WR,L 20-70,16.6,Mia,Away,23.0,09-26-23,3,False,0,158,9,19,0,10.625,0.0,0.0,2.0,52.75,0.25,1.0,3.5,0.0,42.5,0.0,0.0,8.0,211.0,1.0,4.0,14.0,0.0,10.625,0.0,0.0,2.0,52.75,0.25,1.0,3.5,10.625
55,Marvin Mims Jr.,Den,WR,W 31-28,6.7,Chi,Away,55.5,10-03-23,4,False,0,158,9,5,0,9.84,0.0,0.0,2.0,51.6,0.2,0.8,2.8,0.0,49.2,0.0,0.0,10.0,258.0,1.0,4.0,14.0,0.0,9.84,0.0,0.0,2.0,51.6,0.2,0.8,2.8,9.84
629,Marvin Mims Jr.,Den,WR,L 21-31,-0.6,NYJ,Home,142.0,10-10-23,5,False,0,158,9,24,1,9.18,0.0,0.0,2.0,49.2,0.2,0.6,2.6,0.0,48.6,0.0,0.0,11.0,262.0,1.0,4.0,14.0,0.0,8.1,0.0,0.0,1.8333333333333333,43.666666666666664,0.16666666666666666,0.6666666666666666,2.3333333333333335,8.1
2774,Marvin Mims Jr.,Den,WR,L 8-19,0.0,KC,Away,128.0,10-17-23,6,False,0,158,9,15,0,8.6,0.0,0.0,1.6,47.4,0.2,0.6,2.6,0.0,48.6,0.0,0.0,11.0,262.0,1.0,4.0,14.0,0.0,6.942857142857143,0.0,0.0,1.5714285714285714,37.42857142857143,0.14285714285714285,0.5714285714285714,2.0,6.942857142857143
2671,Marvin Mims Jr.,Den,WR,W 19-17,-1.1,GB,Home,134.0,10-24-23,7,False,0,158,9,11,1,4.32,0.0,0.0,1.2,24.8,0.0,0.4,-1.6,0.0,47.5,0.0,0.0,11.0,262.0,1.0,5.0,3.0,0.0,5.9375,0.0,0.0,1.375,32.75,0.125,0.625,0.375,5.9375
2482,Marvin Mims Jr.,Den,WR,W 24-9,1.0,KC,Home,110.0,10-31-23,8,False,0,158,9,15,1,1.2,0.0,0.0,0.8,10.2,0.0,0.2,-2.2,0.0,48.5,0.0,0.0,12.0,262.0,1.0,5.0,3.0,0.0,5.388888888888889,0.0,0.0,1.3333333333333333,29.11111111111111,0.1111111111111111,0.5555555555555556,0.3333333333333333,5.388888888888889
1527,Marvin Mims Jr.,Den,WR,W 24-22,-0.3,Buf,Away,143.0,11-14-23,10,False,0,158,9,3,0,-0.20000000000000004,0.0,0.0,0.4,0.8,0.0,0.4,-2.8,0.0,48.2,0.0,0.0,12.0,262.0,1.0,6.0,0.0,0.0,4.82,0.0,0.0,1.2,26.2,0.1,0.6,0.0,4.82
707,Marvin Mims Jr.,Den,WR,W 21-20,3.2,Min,Home,77.5,11-21-23,11,False,0,158,9,20,1,0.5599999999999999,0.0,0.0,0.6,2.4,0.0,0.4,-2.8,0.0,51.400000000000006,0.0,0.0,14.0,274.0,1.0,6.0,0.0,0.0,4.672727272727273,0.0,0.0,1.2727272727272727,24.90909090909091,0.09090909090909091,0.5454545454545454,0.0,4.672727272727273
1604,Marvin Mims Jr.,Den,WR,W 29-12,5.5,Cle,Home,75.5,11-28-23,12,False,0,158,9,7,1,1.6600000000000001,0.0,0.0,1.0,7.2,0.0,0.6,-0.6,0.0,56.900000000000006,0.0,0.0,16.0,298.0,1.0,7.0,11.0,0.0,4.741666666666667,0.0,0.0,1.3333333333333333,24.833333333333332,0.08333333333333333,0.5833333333333334,0.9166666666666666,4.741666666666667
851,Marvin Mims Jr.,Den,WR,L 17-22,2.3,Hou,Away,70.0,12-05-23,13,False,0,158,9,12,0,2.34,0.0,0.0,1.2,8.2,0.0,0.6,3.2,0.0,59.2,0.0,0.0,17.0,303.0,1.0,8.0,19.0,0.0,4.553846153846154,0.0,0.0,1.3076923076923077,23.307692307692307,0.07692307692307693,0.6153846153846154,1.4615384615384615,4.553846153846154
1149,Marvin Mims Jr.,Den,WR,W 24-7,3.1,LAC,Away,86.5,12-12-23,14,False,0,158,9,16,0,2.76,0.0,0.0,1.4,10.4,0.0,0.6,3.2,0.0,62.300000000000004,0.0,0.0,19.0,314.0,1.0,8.0,19.0,0.0,4.45,0.0,0.0,1.3571428571428572,22.428571428571427,0.07142857142857142,0.5714285714285714,1.3571428571428572,4.45
2315,Marvin Mims Jr.,Den,WR,L 17-42,1.1,Det,Away,112.0,12-19-23,15,False,0,158,9,10,0,3.04,0.0,0.0,1.4,10.4,0.0,0.6,6.0,0.0,63.400000000000006,0.0,0.0,19.0,314.0,1.0,9.0,30.0,0.0,4.2266666666666675,0.0,0.0,1.2666666666666666,20.933333333333334,0.06666666666666667,0.6,2.0,4.2266666666666675
1759,Marvin Mims Jr.,Den,WR,L 23-26,7.3,NE,Home,60.0,12-26-23,16,False,0,158,9,21,1,3.8599999999999994,0.0,0.0,1.6,20.6,0.0,0.6,6.0,0.0,70.7,0.0,0.0,22.0,377.0,1.0,9.0,30.0,0.0,4.41875,0.0,0.0,1.375,23.5625,0.0625,0.5625,1.875,4.41875
2031,Mason Kinsey,Ten,WR,L 3-26,0.0,Hou,Away,137.5,01-02-24,17,False,0,159,30,12,0,0.0,0.0,0.0,0.0,0.0,0.0,0.0,0.0,0.0,0.0,0.0,0.0,0.0,0.0,0.0,0.0,0.0,0.0,0.0,0.0,0.0,0.0,0.0,0.0,0.0,0.0,0.0
1380,Mason Kinsey,Ten,WR,W 28-20,0.0,Jax,Home,142.5,01-09-24,18,False,0,159,30,14,1,0.0,0.0,0.0,0.0,0.0,0.0,0.0,0.0,0.0,0.0,0.0,0.0,0.0,0.0,0.0,0.0,0.0,0.0,0.0,0.0,0.0,0.0,0.0,0.0,0.0,0.0,0.0
2369,Mason Kinsey,Ten,WR,L 16-19,0.0,Hou,Home,140.0,12-19-23,15,False,0,159,30,12,1,0.0,0.0,0.0,0.0,0.0,0.0,0.0,0.0,0.0,0.0,0.0,0.0,0.0,0.0,0.0,0.0,0.0,0.0,0.0,0.0,0.0,0.0,0.0,0.0,0.0,0.0,0.0
1811,Mason Kinsey,Ten,WR,L 17-20,1.6,Sea,Home,111.0,12-26-23,16,False,0,159,30,28,1,0.4,0.0,0.0,0.25,1.5,0.0,0.0,0.0,0.0,1.6,0.0,0.0,1.0,6.0,0.0,0.0,0.0,0.0,0.4,0.0,0.0,0.25,1.5,0.0,0.0,0.0,0.4
2014,Matthew Slater,NE,WR,L 21-27,0.0,Buf,Away,137.5,01-02-24,17,False,0,160,21,3,0,0.0,0.0,0.0,0.0,0.0,0.0,0.0,0.0,0.0,0.0,0.0,0.0,0.0,0.0,0.0,0.0,0.0,0.0,0.0,0.0,0.0,0.0,0.0,0.0,0.0,0.0,0.0
1368,Matthew Slater,NE,WR,L 3-17,0.0,NYJ,Home,142.5,01-09-24,18,False,0,160,21,24,1,0.0,0.0,0.0,0.0,0.0,0.0,0.0,0.0,0.0,0.0,0.0,0.0,0.0,0.0,0.0,0.0,0.0,0.0,0.0,0.0,0.0,0.0,0.0,0.0,0.0,0.0,0.0
310,Matthew Slater,NE,WR,L 20-25,0.0,Phi,Home,135.0,09-12-23,1,False,0,160,21,25,1,0.0,0.0,0.0,0.0,0.0,0.0,0.0,0.0,0.0,0.0,0.0,0.0,0.0,0.0,0.0,0.0,0.0,0.0,0.0,0.0,0.0,0.0,0.0,0.0,0.0,0.0,0.0
2188,Matthew Slater,NE,WR,L 17-24,0.0,Mia,Home,145.0,09-19-23,2,False,0,160,21,19,1,0.0,0.0,0.0,0.0,0.0,0.0,0.0,0.0,0.0,0.0,0.0,0.0,0.0,0.0,0.0,0.0,0.0,0.0,0.0,0.0,0.0,0.0,0.0,0.0,0.0,0.0,0.0
473,Matthew Slater,NE,WR,W 15-10,0.0,NYJ,Away,141.0,09-26-23,3,False,0,160,21,24,0,0.0,0.0,0.0,0.0,0.0,0.0,0.0,0.0,0.0,0.0,0.0,0.0,0.0,0.0,0.0,0.0,0.0,0.0,0.0,0.0,0.0,0.0,0.0,0.0,0.0,0.0,0.0
147,Matthew Slater,NE,WR,L 3-38,0.0,Dal,Away,143.0,10-03-23,4,False,0,160,21,8,0,0.0,0.0,0.0,0.0,0.0,0.0,0.0,0.0,0.0,0.0,0.0,0.0,0.0,0.0,0.0,0.0,0.0,0.0,0.0,0.0,0.0,0.0,0.0,0.0,0.0,0.0,0.0
616,Matthew Slater,NE,WR,L 0-34,0.0,NO,Home,124.5,10-10-23,5,False,0,160,21,22,1,0.0,0.0,0.0,0.0,0.0,0.0,0.0,0.0,0.0,0.0,0.0,0.0,0.0,0.0,0.0,0.0,0.0,0.0,0.0,0.0,0.0,0.0,0.0,0.0,0.0,0.0,0.0
2811,Matthew Slater,NE,WR,L 17-21,0.0,LV,Away,128.0,10-17-23,6,False,0,160,21,18,0,0.0,0.0,0.0,0.0,0.0,0.0,0.0,0.0,0.0,0.0,0.0,0.0,0.0,0.0,0.0,0.0,0.0,0.0,0.0,0.0,0.0,0.0,0.0,0.0,0.0,0.0,0.0
2657,Matthew Slater,NE,WR,W 29-25,0.0,Buf,Home,116.0,10-24-23,7,False,0,160,21,3,1,0.0,0.0,0.0,0.0,0.0,0.0,0.0,0.0,0.0,0.0,0.0,0.0,0.0,0.0,0.0,0.0,0.0,0.0,0.0,0.0,0.0,0.0,0.0,0.0,0.0,0.0,0.0
2522,Matthew Slater,NE,WR,L 17-31,0.0,Mia,Away,138.0,10-31-23,8,False,0,160,21,19,0,0.0,0.0,0.0,0.0,0.0,0.0,0.0,0.0,0.0,0.0,0.0,0.0,0.0,0.0,0.0,0.0,0.0,0.0,0.0,0.0,0.0,0.0,0.0,0.0,0.0,0.0,0.0
1048,Matthew Slater,NE,WR,L 17-20,0.0,Wsh,Home,126.5,11-07-23,9,False,0,160,21,31,1,0.0,0.0,0.0,0.0,0.0,0.0,0.0,0.0,0.0,0.0,0.0,0.0,0.0,0.0,0.0,0.0,0.0,0.0,0.0,0.0,0.0,0.0,0.0,0.0,0.0,0.0,0.0
1513,Matthew Slater,NE,WR,L 6-10,0.0,Ind,Home,123.5,11-14-23,10,False,0,160,21,13,1,0.0,0.0,0.0,0.0,0.0,0.0,0.0,0.0,0.0,0.0,0.0,0.0,0.0,0.0,0.0,0.0,0.0,0.0,0.0,0.0,0.0,0.0,0.0,0.0,0.0,0.0,0.0
1684,Matthew Slater,NE,WR,L 7-10,0.0,NYG,Away,149.0,11-28-23,12,False,0,160,21,23,0,0.0,0.0,0.0,0.0,0.0,0.0,0.0,0.0,0.0,0.0,0.0,0.0,0.0,0.0,0.0,0.0,0.0,0.0,0.0,0.0,0.0,0.0,0.0,0.0,0.0,0.0,0.0
905,Matthew Slater,NE,WR,L 0-6,0.0,LAC,Home,113.0,12-05-23,13,False,0,160,21,16,1,0.0,0.0,0.0,0.0,0.0,0.0,0.0,0.0,0.0,0.0,0.0,0.0,0.0,0.0,0.0,0.0,0.0,0.0,0.0,0.0,0.0,0.0,0.0,0.0,0.0,0.0,0.0
1209,Matthew Slater,NE,WR,W 21-18,0.0,Pit,Away,134.0,12-12-23,14,False,0,160,21,26,0,0.0,0.0,0.0,0.0,0.0,0.0,0.0,0.0,0.0,0.0,0.0,0.0,0.0,0.0,0.0,0.0,0.0,0.0,0.0,0.0,0.0,0.0,0.0,0.0,0.0,0.0,0.0
2356,Matthew Slater,NE,WR,L 17-27,0.0,KC,Home,140.0,12-19-23,15,False,0,160,21,15,1,0.0,0.0,0.0,0.0,0.0,0.0,0.0,0.0,0.0,0.0,0.0,0.0,0.0,0.0,0.0,0.0,0.0,0.0,0.0,0.0,0.0,0.0,0.0,0.0,0.0,0.0,0.0
1984,Mecole Hardman Jr.,KC,WR,W 25-17,0.0,Cin,Home,137.5,01-02-24,17,False,0,161,15,6,1,0.0,0.0,0.0,0.0,0.0,0.0,0.0,0.0,0.0,0.0,0.0,0.0,0.0,0.0,0.0,0.0,0.0,0.0,0.0,0.0,0.0,0.0,0.0,0.0,0.0,0.0,0.0
1250,Mecole Hardman Jr.,KC,WR,W 13-12,13.7,LAC,Away,29.0,01-09-24,18,False,0,161,15,16,0,6.85,0.0,0.0,3.0,38.5,0.0,0.0,0.0,0.0,13.7,0.0,0.0,6.0,77.0,0.0,0.0,0.0,0.0,6.85,0.0,0.0,3.0,38.5,0.0,0.0,0.0,6.85
275,Mecole Hardman Jr.,NYJ,WR,W 22-16,0.0,Buf,Home,135.0,09-12-23,1,False,0,161,24,3,1,4.566666666666666,0.0,0.0,2.0,25.666666666666668,0.0,0.0,0.0,0.0,13.7,0.0,0.0,6.0,77.0,0.0,0.0,0.0,0.0,4.566666666666666,0.0,0.0,2.0,25.666666666666668,0.0,0.0,0.0,4.566666666666666
2145,Mecole Hardman Jr.,NYJ,WR,L 10-30,1.6,Dal,Away,110.5,09-19-23,2,False,0,161,24,8,0,3.8249999999999997,0.0,0.0,1.75,20.75,0.0,0.0,0.0,0.0,15.299999999999999,0.0,0.0,7.0,83.0,0.0,0.0,0.0,0.0,3.8249999999999997,0.0,0.0,1.75,20.75,0.0,0.0,0.0,3.8249999999999997
446,Mecole Hardman Jr.,NYJ,WR,L 10-15,0.0,NE,Home,141.0,09-26-23,3,False,0,161,24,21,1,3.0599999999999996,0.0,0.0,1.4,16.6,0.0,0.0,0.0,0.0,15.299999999999999,0.0,0.0,7.0,83.0,0.0,0.0,0.0,0.0,3.0599999999999996,0.0,0.0,1.4,16.6,0.0,0.0,0.0,3.0599999999999996
126,Mecole Hardman Jr.,NYJ,WR,L 20-23,0.0,KC,Home,143.0,10-03-23,4,False,0,161,24,15,1,3.0599999999999996,0.0,0.0,1.4,16.6,0.0,0.0,0.0,0.0,15.299999999999999,0.0,0.0,7.0,83.0,0.0,0.0,0.0,0.0,2.55,0.0,0.0,1.1666666666666667,13.833333333333334,0.0,0.0,0.0,2.55
2776,Mecole Hardman Jr.,KC,WR,W 19-8,0.0,Den,Home,128.0,10-17-23,6,False,0,161,15,9,1,0.32,0.0,0.0,0.2,1.2,0.0,0.0,0.0,0.0,15.299999999999999,0.0,0.0,7.0,83.0,0.0,0.0,0.0,0.0,2.1857142857142855,0.0,0.0,1.0,11.857142857142858,0.0,0.0,0.0,2.1857142857142855
2626,Mecole Hardman Jr.,KC,WR,W 31-17,1.6,LAC,Home,88.5,10-24-23,7,False,0,161,15,16,1,0.64,0.0,0.0,0.4,2.4,0.0,0.0,0.0,0.0,16.9,0.0,0.0,8.0,89.0,0.0,0.0,0.0,0.0,2.1125,0.0,0.0,1.0,11.125,0.0,0.0,0.0,2.1125
2478,Mecole Hardman Jr.,KC,WR,L 9-24,1.6,Den,Away,106.0,10-31-23,8,False,0,161,15,9,0,0.64,0.0,0.0,0.6,3.8,0.0,0.2,0.6,0.0,18.5,0.0,0.0,10.0,102.0,0.0,1.0,3.0,0.0,2.0555555555555554,0.0,0.0,1.1111111111111112,11.333333333333334,0.0,0.1111111111111111,0.3333333333333333,2.0555555555555554
984,Mecole Hardman Jr.,KC,WR,W 21-14,4.0,Mia,Home,68.0,11-07-23,9,False,0,161,15,19,1,1.44,0.0,0.0,1.2,5.8,0.0,0.2,0.6,0.0,22.5,0.0,0.0,13.0,112.0,0.0,1.0,3.0,0.0,2.25,0.0,0.0,1.3,11.2,0.0,0.1,0.3,2.25
708,Mecole Hardman Jr.,KC,WR,L 17-21,3.2,Phi,Home,77.5,11-21-23,11,False,0,161,15,25,1,2.08,0.0,0.0,1.6,8.2,0.0,0.2,0.6,0.0,25.7,0.0,0.0,15.0,124.0,0.0,1.0,3.0,0.0,2.3363636363636364,0.0,0.0,1.3636363636363635,11.272727272727273,0.0,0.09090909090909091,0.2727272727272727,2.3363636363636364
2034,Michael Bandy,Den,WR,W 16-9,0.0,LAC,Home,137.5,01-02-24,17,False,0,162,9,16,1,0.0,0.0,0.0,0.0,0.0,0.0,0.0,0.0,0.0,0.0,0.0,0.0,0.0,0.0,0.0,0.0,0.0,0.0,0.0,0.0,0.0,0.0,0.0,0.0,0.0,0.0,0.0
1976,Michael Gallup,Dal,WR,W 20-19,0.0,Det,Home,137.5,01-02-24,17,False,0,163,8,10,1,0.0,0.0,0.0,0.0,0.0,0.0,0.0,0.0,0.0,0.0,0.0,0.0,0.0,0.0,0.0,0.0,0.0,0.0,0.0,0.0,0.0,0.0,0.0,0.0,0.0,0.0,0.0
1347,Michael Gallup,Dal,WR,W 38-10,0.0,Wsh,Away,142.5,01-09-24,18,False,0,163,8,31,0,0.0,0.0,0.0,0.0,0.0,0.0,0.0,0.0,0.0,0.0,0.0,0.0,0.0,0.0,0.0,0.0,0.0,0.0,0.0,0.0,0.0,0.0,0.0,0.0,0.0,0.0,0.0
255,Michael Gallup,Dal,WR,W 40-0,2.0,NYG,Away,94.0,09-12-23,1,False,0,163,8,23,0,0.6666666666666666,0.0,0.0,0.3333333333333333,3.3333333333333335,0.0,0.0,0.0,0.0,2.0,0.0,0.0,1.0,10.0,0.0,0.0,0.0,0.0,0.6666666666666666,0.0,0.0,0.3333333333333333,3.3333333333333335,0.0,0.0,0.0,0.6666666666666666
2153,Michael Gallup,Dal,WR,W 30-10,1.3,NYJ,Home,118.5,09-19-23,2,False,0,163,8,24,1,0.825,0.0,0.0,0.5,3.25,0.0,0.0,0.0,0.0,3.3,0.0,0.0,2.0,13.0,0.0,0.0,0.0,0.0,0.825,0.0,0.0,0.5,3.25,0.0,0.0,0.0,0.825
350,Michael Gallup,Dal,WR,L 16-28,15.2,Ari,Away,27.5,09-26-23,3,False,0,163,8,0,0,3.7,0.0,0.0,1.6,21.0,0.0,0.0,0.0,0.0,18.5,0.0,0.0,8.0,105.0,0.0,0.0,0.0,0.0,3.7,0.0,0.0,1.6,21.0,0.0,0.0,0.0,3.7
33,Michael Gallup,Dal,WR,W 38-3,11.0,NE,Home,34.0,10-03-23,4,False,0,163,8,21,1,5.9,0.0,0.0,2.6,33.0,0.0,0.0,0.0,0.0,29.5,0.0,0.0,13.0,165.0,0.0,0.0,0.0,0.0,4.916666666666667,0.0,0.0,2.1666666666666665,27.5,0.0,0.0,0.0,4.916666666666667
558,Michael Gallup,Dal,WR,L 10-42,3.5,SF,Away,71.0,10-10-23,5,False,0,163,8,27,0,6.6,0.0,0.0,3.0,36.0,0.0,0.0,0.0,0.0,33.0,0.0,0.0,15.0,180.0,0.0,0.0,0.0,0.0,4.714285714285714,0.0,0.0,2.142857142857143,25.714285714285715,0.0,0.0,0.0,4.714285714285714
2738,Michael Gallup,Dal,WR,W 20-17,5.4,LAC,Away,66.5,10-17-23,6,False,0,163,8,16,0,7.279999999999999,0.0,0.0,3.4,38.8,0.0,0.0,0.0,0.0,38.4,0.0,0.0,18.0,204.0,0.0,0.0,0.0,0.0,4.8,0.0,0.0,2.25,25.5,0.0,0.0,0.0,4.8
2461,Michael Gallup,Dal,WR,W 43-20,4.0,LAR,Home,89.0,10-31-23,8,False,0,163,8,17,1,7.82,0.0,0.0,3.6,42.2,0.0,0.0,0.0,0.0,42.4,0.0,0.0,20.0,224.0,0.0,0.0,0.0,0.0,4.711111111111111,0.0,0.0,2.2222222222222223,24.88888888888889,0.0,0.0,0.0,4.711111111111111
985,Michael Gallup,Dal,WR,L 23-28,3.9,Phi,Away,70.0,11-07-23,9,False,0,163,8,25,0,5.5600000000000005,0.0,0.0,2.8,27.6,0.0,0.0,0.0,0.0,46.3,0.0,0.0,22.0,243.0,0.0,0.0,0.0,0.0,4.63,0.0,0.0,2.2,24.3,0.0,0.0,0.0,4.63
1404,Michael Gallup,Dal,WR,W 49-17,15.0,NYG,Home,20.0,11-14-23,10,False,0,163,8,23,1,6.36,0.0,0.0,2.2,29.6,0.2,0.0,0.0,0.0,61.3,0.0,0.0,24.0,313.0,1.0,0.0,0.0,0.0,5.572727272727272,0.0,0.0,2.1818181818181817,28.454545454545453,0.09090909090909091,0.0,0.0,5.572727272727272
688,Michael Gallup,Dal,WR,W 33-10,6.1,Car,Away,57.0,11-21-23,11,False,0,163,8,4,0,6.88,0.0,0.0,2.4,32.8,0.2,0.0,0.0,0.0,67.4,0.0,0.0,27.0,344.0,1.0,0.0,0.0,0.0,5.616666666666667,0.0,0.0,2.25,28.666666666666668,0.08333333333333333,0.0,0.0,5.616666666666667
1630,Michael Gallup,Dal,WR,W 45-10,2.3,Wsh,Home,103.0,11-28-23,12,False,0,163,8,31,1,6.26,0.0,0.0,2.0,30.6,0.2,0.0,0.0,0.0,69.7,0.0,0.0,28.0,357.0,1.0,0.0,0.0,0.0,5.361538461538462,0.0,0.0,2.1538461538461537,27.46153846153846,0.07692307692307693,0.0,0.0,5.361538461538462
876,Michael Gallup,Dal,WR,W 41-35,0.0,Sea,Home,113.0,12-05-23,13,False,0,163,8,28,1,5.459999999999999,0.0,0.0,1.6,26.6,0.2,0.0,0.0,0.0,69.7,0.0,0.0,28.0,357.0,1.0,0.0,0.0,0.0,4.978571428571429,0.0,0.0,2.0,25.5,0.07142857142857142,0.0,0.0,4.978571428571429
1084,Michael Gallup,Dal,WR,W 33-13,13.8,Phi,Home,21.0,12-12-23,14,False,0,163,8,25,1,7.44,0.0,0.0,1.8,32.4,0.4,0.0,0.0,0.0,83.5,0.0,0.0,31.0,405.0,2.0,0.0,0.0,0.0,5.566666666666666,0.0,0.0,2.066666666666667,27.0,0.13333333333333333,0.0,0.0,5.566666666666666
2304,Michael Gallup,Dal,WR,L 10-31,1.9,Buf,Away,100.0,12-19-23,15,False,0,163,8,3,0,4.819999999999999,0.0,0.0,1.6,20.2,0.2,0.0,0.0,0.0,85.4,0.0,0.0,32.0,414.0,2.0,0.0,0.0,0.0,5.3375,0.0,0.0,2.0,25.875,0.125,0.0,0.0,5.3375
1796,Michael Gallup,Dal,WR,L 20-22,2.4,Mia,Away,96.0,12-26-23,16,False,0,163,8,19,0,4.08,0.0,0.0,1.4,14.8,0.2,0.0,0.0,0.0,87.8,0.0,0.0,34.0,418.0,2.0,0.0,0.0,0.0,5.164705882352941,0.0,0.0,2.0,24.58823529411765,0.11764705882352941,0.0,0.0,5.164705882352941
1908,Michael Pittman Jr.,Ind,WR,W 23-20,9.6,LV,Home,41.5,01-02-24,17,False,0,164,13,18,1,9.6,0.0,0.0,5.0,46.0,0.0,0.0,0.0,0.0,9.6,0.0,0.0,5.0,46.0,0.0,0.0,0.0,0.0,9.6,0.0,0.0,5.0,46.0,0.0,0.0,0.0,9.6
1272,Michael Pittman Jr.,Ind,WR,L 19-23,7.4,Hou,Home,51.0,01-09-24,18,False,0,164,13,12,1,8.5,0.0,0.0,5.0,45.0,0.0,0.0,0.0,0.0,17.0,0.0,0.0,10.0,90.0,0.0,0.0,0.0,0.0,8.5,0.0,0.0,5.0,45.0,0.0,0.0,0.0,8.5
169,Michael Pittman Jr.,Ind,WR,L 21-31,23.7,Jax,Home,8.0,09-12-23,1,False,0,164,13,14,1,13.566666666666668,0.0,0.0,6.0,62.333333333333336,0.3333333333333333,0.0,0.0,0.0,40.7,0.0,0.0,18.0,187.0,1.0,0.0,0.0,0.0,13.566666666666668,0.0,0.0,6.0,62.333333333333336,0.3333333333333333,0.0,0.0,13.566666666666668
2073,Michael Pittman Jr.,Ind,WR,W 31-20,13.6,Hou,Away,37.5,09-19-23,2,False,0,164,13,12,0,13.575,0.0,0.0,6.5,60.75,0.25,0.0,0.0,0.0,54.3,0.0,0.0,26.0,243.0,1.0,0.0,0.0,0.0,13.575,0.0,0.0,6.5,60.75,0.25,0.0,0.0,13.575
345,Michael Pittman Jr.,Ind,WR,W 22-19,16.7,Bal,Away,22.0,09-26-23,3,False,0,164,13,2,0,14.2,0.0,0.0,7.0,64.0,0.2,0.0,0.0,0.0,71.0,0.0,0.0,35.0,320.0,1.0,0.0,0.0,0.0,14.2,0.0,0.0,7.0,64.0,0.2,0.0,0.0,14.2
74,Michael Pittman Jr.,Ind,WR,L 23-29,4.5,LAR,Home,76.0,10-03-23,4,False,0,164,13,17,1,13.180000000000001,0.0,0.0,6.2,57.8,0.2,0.0,0.0,0.0,75.5,0.0,0.0,36.0,335.0,1.0,0.0,0.0,0.0,12.583333333333334,0.0,0.0,6.0,55.833333333333336,0.16666666666666666,0.0,0.0,12.583333333333334
520,Michael Pittman Jr.,Ind,WR,W 23-16,10.2,Ten,Home,33.0,10-10-23,5,False,0,164,13,30,1,13.74,0.0,0.0,6.2,59.4,0.2,0.0,0.0,0.0,85.7,0.0,0.0,41.0,387.0,1.0,0.0,0.0,0.0,12.242857142857144,0.0,0.0,5.857142857142857,55.285714285714285,0.14285714285714285,0.0,0.0,12.242857142857144
2680,Michael Pittman Jr.,Ind,WR,L 20-37,19.9,Jax,Away,9.0,10-17-23,6,False,0,164,13,14,0,12.979999999999999,0.0,0.0,6.4,61.8,0.0,0.0,0.0,0.0,105.6,0.0,0.0,50.0,496.0,1.0,0.0,0.0,0.0,13.2,0.0,0.0,6.25,62.0,0.125,0.0,0.0,13.2
2552,Michael Pittman Jr.,Ind,WR,L 38-39,16.3,Cle,Home,16.0,10-24-23,7,False,0,164,13,7,1,13.52,0.0,0.0,5.2,67.2,0.2,0.0,0.0,0.0,121.9,0.0,0.0,52.0,579.0,2.0,0.0,0.0,0.0,13.544444444444444,0.0,0.0,5.777777777777778,64.33333333333333,0.2222222222222222,0.0,0.0,13.544444444444444
2386,Michael Pittman Jr.,Ind,WR,L 27-38,18.0,NO,Home,14.0,10-31-23,8,False,0,164,13,22,1,13.780000000000001,0.0,0.0,5.0,59.8,0.4,0.0,0.0,0.0,139.9,0.0,0.0,60.0,619.0,3.0,0.0,0.0,0.0,13.99,0.0,0.0,6.0,61.9,0.3,0.0,0.0,13.99
929,Michael Pittman Jr.,Ind,WR,W 27-13,14.4,Car,Away,13.5,11-07-23,9,False,0,164,13,4,0,15.76,0.0,0.0,6.4,69.6,0.4,0.0,0.0,0.0,154.3,0.0,0.0,68.0,683.0,3.0,0.0,0.0,0.0,14.02727272727273,0.0,0.0,6.181818181818182,62.09090909090909,0.2727272727272727,0.0,0.0,14.02727272727273
1400,Michael Pittman Jr.,Ind,WR,W 10-6,16.4,NE,Away,16.0,11-14-23,10,False,0,164,13,21,0,17.0,0.0,0.0,7.0,76.0,0.4,0.0,0.0,0.0,170.7,0.0,0.0,76.0,767.0,3.0,0.0,0.0,0.0,14.225,0.0,0.0,6.333333333333333,63.916666666666664,0.25,0.0,0.0,14.225
1540,Michael Pittman Jr.,Ind,WR,W 27-20,20.7,TB,Home,12.0,11-28-23,12,False,0,164,13,29,1,17.16,0.0,0.0,7.2,75.6,0.4,0.0,0.0,0.0,191.4,0.0,0.0,86.0,874.0,3.0,0.0,0.0,0.0,14.723076923076924,0.0,0.0,6.615384615384615,67.23076923076923,0.23076923076923078,0.0,0.0,14.723076923076924
790,Michael Pittman Jr.,Ind,WR,W 31-28,27.5,Ten,Away,9.0,12-05-23,13,False,0,164,13,30,0,19.4,0.0,0.0,9.0,80.0,0.4,0.0,0.0,0.0,218.9,0.0,0.0,97.0,979.0,4.0,0.0,0.0,0.0,15.635714285714286,0.0,0.0,6.928571428571429,69.92857142857143,0.2857142857142857,0.0,0.0,15.635714285714286
1073,Michael Pittman Jr.,Ind,WR,L 14-34,19.5,Cin,Away,10.0,12-12-23,14,False,0,164,13,6,0,19.7,0.0,0.0,9.0,91.0,0.2,0.0,0.0,0.0,238.4,0.0,0.0,105.0,1074.0,4.0,0.0,0.0,0.0,15.893333333333334,0.0,0.0,7.0,71.6,0.26666666666666666,0.0,0.0,15.893333333333334
2234,Michael Pittman Jr.,Ind,WR,W 30-13,11.8,Pit,Home,30.0,12-19-23,15,False,0,164,13,26,1,19.18,0.0,0.0,8.2,93.8,0.2,0.0,0.0,0.0,250.2,0.0,0.0,109.0,1152.0,4.0,0.0,0.0,0.0,15.6375,0.0,0.0,6.8125,72.0,0.25,0.0,0.0,15.6375
198,Michael Thomas,NO,WR,W 16-15,11.1,Ten,Home,37.0,09-12-23,1,False,0,165,22,30,1,11.1,0.0,0.0,5.0,61.0,0.0,0.0,0.0,0.0,11.1,0.0,0.0,5.0,61.0,0.0,0.0,0.0,0.0,11.1,0.0,0.0,5.0,61.0,0.0,0.0,0.0,11.1
2077,Michael Thomas,NO,WR,W 20-17,12.5,Car,Away,42.0,09-19-23,2,False,0,165,22,4,0,11.8,0.0,0.0,6.0,58.0,0.0,0.0,0.0,0.0,23.6,0.0,0.0,12.0,116.0,0.0,0.0,0.0,0.0,11.8,0.0,0.0,6.0,58.0,0.0,0.0,0.0,11.8
363,Michael Thomas,NO,WR,L 17-18,11.0,GB,Away,40.0,09-26-23,3,False,0,165,22,11,0,11.533333333333333,0.0,0.0,6.0,55.333333333333336,0.0,0.0,0.0,0.0,34.6,0.0,0.0,18.0,166.0,0.0,0.0,0.0,0.0,11.533333333333333,0.0,0.0,6.0,55.333333333333336,0.0,0.0,0.0,11.533333333333333
42,Michael Thomas,NO,WR,L 9-26,9.3,TB,Home,43.5,10-03-23,4,False,0,165,22,29,1,10.975,0.0,0.0,5.5,54.75,0.0,0.0,0.0,0.0,43.9,0.0,0.0,22.0,219.0,0.0,0.0,0.0,0.0,10.975,0.0,0.0,5.5,54.75,0.0,0.0,0.0,10.975
518,Michael Thomas,NO,WR,W 34-0,10.5,NE,Away,31.0,10-10-23,5,False,0,165,22,21,0,10.879999999999999,0.0,0.0,5.2,56.8,0.0,0.0,0.0,0.0,54.4,0.0,0.0,26.0,284.0,0.0,0.0,0.0,0.0,10.879999999999999,0.0,0.0,5.2,56.8,0.0,0.0,0.0,10.879999999999999
2710,Michael Thomas,NO,WR,L 13-20,9.5,Hou,Away,39.0,10-17-23,6,False,0,165,22,12,0,10.559999999999999,0.0,0.0,5.2,53.6,0.0,0.0,0.0,0.0,63.9,0.0,0.0,31.0,329.0,0.0,0.0,0.0,0.0,10.65,0.0,0.0,5.166666666666667,54.833333333333336,0.0,0.0,0.0,10.65
2559,Michael Thomas,NO,WR,L 24-31,13.2,Jax,Home,22.0,10-24-23,7,False,0,165,22,14,1,10.7,0.0,0.0,4.4,51.0,0.2,0.0,0.0,0.0,77.1,0.0,0.0,34.0,371.0,1.0,0.0,0.0,0.0,11.014285714285714,0.0,0.0,4.857142857142857,53.0,0.14285714285714285,0.0,0.0,11.014285714285714
2413,Michael Thomas,NO,WR,W 38-27,10.8,Ind,Away,41.0,10-31-23,8,False,0,165,22,13,0,10.66,0.0,0.0,4.0,54.6,0.2,0.0,0.0,0.0,87.9,0.0,0.0,38.0,439.0,1.0,0.0,0.0,0.0,10.9875,0.0,0.0,4.75,54.875,0.125,0.0,0.0,10.9875
1025,Michael Thomas,NO,WR,W 24-17,0.0,Chi,Home,126.5,11-07-23,9,False,0,165,22,5,1,8.8,0.0,0.0,3.2,44.0,0.2,0.0,0.0,0.0,87.9,0.0,0.0,38.0,439.0,1.0,0.0,0.0,0.0,9.766666666666667,0.0,0.0,4.222222222222222,48.77777777777778,0.1111111111111111,0.0,0.0,9.766666666666667
1477,Michael Thomas,NO,WR,L 19-27,1.9,Min,Away,93.5,11-14-23,10,False,0,165,22,20,0,7.08,0.0,0.0,2.6,32.8,0.2,0.0,0.0,0.0,89.8,0.0,0.0,39.0,448.0,1.0,0.0,0.0,0.0,8.98,0.0,0.0,3.9,44.8,0.1,0.0,0.0,8.98
1891,Michael Wilson,Ari,WR,W 35-31,15.5,Phi,Away,24.0,01-02-24,17,False,0,166,0,25,0,15.5,0.0,0.0,4.0,35.0,1.0,0.0,0.0,0.0,15.5,0.0,0.0,4.0,35.0,1.0,0.0,0.0,0.0,15.5,0.0,0.0,4.0,35.0,1.0,0.0,0.0,15.5
1245,Michael Wilson,Ari,WR,L 20-21,15.5,Sea,Home,23.5,01-09-24,18,False,0,166,0,28,1,15.5,0.0,0.0,5.0,65.0,0.5,0.0,0.0,0.0,31.0,0.0,0.0,10.0,130.0,1.0,0.0,0.0,0.0,15.5,0.0,0.0,5.0,65.0,0.5,0.0,0.0,15.5
242,Michael Wilson,Ari,WR,L 16-20,3.9,Wsh,Away,81.0,09-12-23,1,False,0,166,0,31,0,11.633333333333333,0.0,0.0,4.0,49.666666666666664,0.3333333333333333,0.0,0.0,0.0,34.9,0.0,0.0,12.0,149.0,1.0,0.0,0.0,0.0,11.633333333333333,0.0,0.0,4.0,49.666666666666664,0.3333333333333333,0.0,0.0,11.633333333333333
2093,Michael Wilson,Ari,WR,L 28-31,8.6,NYG,Home,58.0,09-19-23,2,False,0,166,0,23,1,10.875,0.0,0.0,3.75,51.25,0.25,0.0,0.0,0.0,43.5,0.0,0.0,15.0,205.0,1.0,0.0,0.0,0.0,10.875,0.0,0.0,3.75,51.25,0.25,0.0,0.0,10.875
365,Michael Wilson,Ari,WR,W 28-16,10.6,Dal,Home,42.5,09-26-23,3,False,0,166,0,8,1,10.82,0.0,0.0,3.4,58.2,0.2,0.0,0.0,0.0,54.1,0.0,0.0,17.0,291.0,1.0,0.0,0.0,0.0,10.82,0.0,0.0,3.4,58.2,0.2,0.0,0.0,10.82
5,Michael Wilson,Ari,WR,L 16-35,26.6,SF,Away,6.0,10-03-23,4,False,0,166,0,27,0,13.040000000000001,0.0,0.0,4.0,66.4,0.4,0.0,0.0,0.0,80.7,0.0,0.0,24.0,367.0,3.0,0.0,0.0,0.0,13.450000000000001,0.0,0.0,4.0,61.166666666666664,0.5,0.0,0.0,13.450000000000001
565,Michael Wilson,Ari,WR,L 20-34,2.8,Cin,Home,78.0,10-10-23,5,False,0,166,0,6,1,10.5,0.0,0.0,3.0,51.0,0.4,0.0,0.0,0.0,83.5,0.0,0.0,25.0,385.0,3.0,0.0,0.0,0.0,11.928571428571429,0.0,0.0,3.5714285714285716,55.0,0.42857142857142855,0.0,0.0,11.928571428571429
2713,Michael Wilson,Ari,WR,L 9-26,9.2,LAR,Away,42.0,10-17-23,6,False,0,166,0,17,0,11.56,0.0,0.0,3.2,59.6,0.4,0.0,0.0,0.0,92.7,0.0,0.0,28.0,447.0,3.0,0.0,0.0,0.0,11.5875,0.0,0.0,3.5,55.875,0.375,0.0,0.0,11.5875
2596,Michael Wilson,Ari,WR,L 10-20,5.6,Sea,Away,59.0,10-24-23,7,False,0,166,0,28,0,10.96,0.0,0.0,3.2,53.6,0.4,0.0,0.0,0.0,98.3,0.0,0.0,31.0,473.0,3.0,0.0,0.0,0.0,10.922222222222222,0.0,0.0,3.4444444444444446,52.55555555555556,0.3333333333333333,0.0,0.0,10.922222222222222
2420,Michael Wilson,Ari,WR,L 24-31,9.8,Bal,Home,48.0,10-31-23,8,False,0,166,0,2,1,10.8,0.0,0.0,3.6,48.0,0.4,0.0,0.0,0.0,108.10000000000001,0.0,0.0,35.0,531.0,3.0,0.0,0.0,0.0,10.81,0.0,0.0,3.5,53.1,0.3,0.0,0.0,10.81
1438,Michael Wilson,Ari,WR,W 25-23,6.4,Atl,Home,53.5,11-14-23,10,False,0,166,0,1,1,6.76,0.0,0.0,2.8,39.6,0.0,0.0,0.0,0.0,114.5,0.0,0.0,38.0,565.0,3.0,0.0,0.0,0.0,10.409090909090908,0.0,0.0,3.4545454545454546,51.36363636363637,0.2727272727272727,0.0,0.0,10.409090909090908
2322,Michael Wilson,Ari,WR,L 29-45,0.0,SF,Home,140.0,12-19-23,15,False,0,166,0,27,1,6.2,0.0,0.0,2.6,36.0,0.0,0.0,0.0,0.0,114.5,0.0,0.0,38.0,565.0,3.0,0.0,0.0,0.0,9.541666666666666,0.0,0.0,3.1666666666666665,47.083333333333336,0.25,0.0,0.0,9.541666666666666
1826,Michael Wilson,Ari,WR,L 16-27,0.0,Chi,Away,144.5,12-26-23,16,False,0,166,0,5,0,4.36,0.0,0.0,2.0,23.6,0.0,0.0,0.0,0.0,114.5,0.0,0.0,38.0,565.0,3.0,0.0,0.0,0.0,8.807692307692308,0.0,0.0,2.923076923076923,43.46153846153846,0.23076923076923078,0.0,0.0,8.807692307692308
1904,Mike Evans,TB,WR,L 13-23,10.0,NO,Home,37.0,01-02-24,17,False,0,167,29,22,1,10.0,0.0,0.0,3.0,70.0,0.0,0.0,0.0,0.0,10.0,0.0,0.0,3.0,70.0,0.0,0.0,0.0,0.0,10.0,0.0,0.0,3.0,70.0,0.0,0.0,0.0,10.0
1285,Mike Evans,TB,WR,W 9-0,5.2,Car,Away,64.5,01-09-24,18,False,0,167,29,4,0,7.6,0.0,0.0,3.0,46.0,0.0,0.0,0.0,0.0,15.2,0.0,0.0,6.0,92.0,0.0,0.0,0.0,0.0,7.6,0.0,0.0,3.0,46.0,0.0,0.0,0.0,7.6
174,Mike Evans,TB,WR,W 20-17,18.6,Min,Away,13.5,09-12-23,1,False,0,167,29,20,0,11.266666666666666,0.0,0.0,4.0,52.666666666666664,0.3333333333333333,0.0,0.0,0.0,33.8,0.0,0.0,12.0,158.0,1.0,0.0,0.0,0.0,11.266666666666666,0.0,0.0,4.0,52.666666666666664,0.3333333333333333,0.0,0.0,11.266666666666666
2038,Mike Evans,TB,WR,W 27-17,29.1,Chi,Home,3.0,09-19-23,2,False,0,167,29,5,1,15.725000000000001,0.0,0.0,4.5,82.25,0.5,0.0,0.0,0.0,62.900000000000006,0.0,0.0,18.0,329.0,2.0,0.0,0.0,0.0,15.725000000000001,0.0,0.0,4.5,82.25,0.5,0.0,0.0,15.725000000000001
344,Mike Evans,TB,WR,L 11-25,17.0,Phi,Home,21.0,09-26-23,3,False,0,167,29,25,1,15.98,0.0,0.0,4.6,77.8,0.6,0.0,0.0,0.0,79.9,0.0,0.0,23.0,389.0,3.0,0.0,0.0,0.0,15.98,0.0,0.0,4.6,77.8,0.6,0.0,0.0,15.98
53,Mike Evans,TB,WR,W 26-9,7.0,NO,Away,54.0,10-03-23,4,False,0,167,29,22,0,15.38,0.0,0.0,4.6,71.8,0.6,0.0,0.0,0.0,86.9,0.0,0.0,26.0,429.0,3.0,0.0,0.0,0.0,14.483333333333334,0.0,0.0,4.333333333333333,71.5,0.5,0.0,0.0,14.483333333333334
2714,Mike Evans,TB,WR,L 6-20,8.9,Det,Home,43.0,10-17-23,6,False,0,167,29,10,1,16.119999999999997,0.0,0.0,4.8,77.2,0.6,0.0,0.0,0.0,95.8,0.0,0.0,30.0,478.0,3.0,0.0,0.0,0.0,13.685714285714285,0.0,0.0,4.285714285714286,68.28571428571429,0.42857142857142855,0.0,0.0,13.685714285714285
2544,Mike Evans,TB,WR,L 13-16,20.2,Atl,Home,7.0,10-24-23,7,False,0,167,29,1,1,16.44,0.0,0.0,4.8,80.4,0.6,0.0,0.0,0.0,116.0,0.0,0.0,36.0,560.0,4.0,0.0,0.0,0.0,14.5,0.0,0.0,4.5,70.0,0.5,0.0,0.0,14.5
2405,Mike Evans,TB,WR,L 18-24,12.9,Buf,Away,33.0,10-31-23,8,False,0,167,29,3,0,13.2,0.0,0.0,4.2,54.0,0.6,0.0,0.0,0.0,128.9,0.0,0.0,39.0,599.0,5.0,0.0,0.0,0.0,14.322222222222223,0.0,0.0,4.333333333333333,66.55555555555556,0.5555555555555556,0.0,0.0,14.322222222222223
937,Mike Evans,TB,WR,L 37-39,12.7,Hou,Away,21.0,11-07-23,9,False,0,167,29,12,0,12.34,0.0,0.0,4.0,59.4,0.4,0.0,0.0,0.0,141.6,0.0,0.0,43.0,686.0,5.0,0.0,0.0,0.0,14.16,0.0,0.0,4.3,68.6,0.5,0.0,0.0,14.16
1389,Mike Evans,TB,WR,W 20-6,26.3,Ten,Home,5.0,11-14-23,10,False,0,167,29,30,1,16.2,0.0,0.0,4.6,80.0,0.6,0.0,0.0,0.0,167.9,0.0,0.0,49.0,829.0,6.0,0.0,0.0,0.0,15.263636363636364,0.0,0.0,4.454545454545454,75.36363636363636,0.5454545454545454,0.0,0.0,15.263636363636364
653,Mike Evans,TB,WR,L 14-27,15.3,SF,Away,22.0,11-21-23,11,False,0,167,29,27,0,17.479999999999997,0.0,0.0,4.8,78.8,0.8,0.0,0.0,0.0,183.2,0.0,0.0,54.0,872.0,7.0,0.0,0.0,0.0,15.266666666666666,0.0,0.0,4.5,72.66666666666667,0.5833333333333334,0.0,0.0,15.266666666666666
1530,Mike Evans,TB,WR,L 20-27,25.0,Ind,Away,2.0,11-28-23,12,False,0,167,29,13,0,18.439999999999998,0.0,0.0,4.8,76.4,1.0,0.0,0.0,0.0,208.2,0.0,0.0,60.0,942.0,9.0,0.0,0.0,0.0,16.015384615384615,0.0,0.0,4.615384615384615,72.46153846153847,0.6923076923076923,0.0,0.0,16.015384615384615
788,Mike Evans,TB,WR,W 21-18,29.2,Car,Home,7.0,12-05-23,13,False,0,167,29,4,1,21.7,0.0,0.0,5.6,101.0,1.0,0.0,0.0,0.0,237.4,0.0,0.0,67.0,1104.0,10.0,0.0,0.0,0.0,16.95714285714286,0.0,0.0,4.785714285714286,78.85714285714286,0.7142857142857143,0.0,0.0,16.95714285714286
1163,Mike Evans,TB,WR,W 29-25,1.8,Atl,Away,101.0,12-12-23,14,False,0,167,29,1,0,19.52,0.0,0.0,5.0,85.2,1.0,0.0,0.0,0.0,239.2,0.0,0.0,68.0,1112.0,10.0,0.0,0.0,0.0,15.946666666666665,0.0,0.0,4.533333333333333,74.13333333333334,0.6666666666666666,0.0,0.0,15.946666666666665
2224,Mike Evans,TB,WR,W 34-20,15.7,GB,Away,19.5,12-19-23,15,False,0,167,29,11,0,17.4,0.0,0.0,4.6,68.0,1.0,0.0,0.0,0.0,254.9,0.0,0.0,72.0,1169.0,11.0,0.0,0.0,0.0,15.93125,0.0,0.0,4.5,73.0625,0.6875,0.0,0.0,15.93125
1705,Mike Evans,TB,WR,W 30-12,27.6,Jax,Home,6.0,12-26-23,16,False,0,167,29,14,1,19.860000000000003,0.0,0.0,5.0,76.6,1.2,0.0,0.0,0.0,282.5,0.0,0.0,79.0,1255.0,13.0,0.0,0.0,0.0,16.61764705882353,0.0,0.0,4.647058823529412,73.82352941176471,0.7647058823529411,0.0,0.0,16.61764705882353
1442,Mike Strachan,Car,WR,L 13-16,5.5,Chi,Away,58.0,11-14-23,10,False,0,168,4,5,0,5.5,0.0,0.0,1.0,45.0,0.0,0.0,0.0,0.0,5.5,0.0,0.0,1.0,45.0,0.0,0.0,0.0,0.0,5.5,0.0,0.0,1.0,45.0,0.0,0.0,0.0,5.5
773,Mike Strachan,Car,WR,L 10-33,0.0,Dal,Home,126.0,11-21-23,11,False,0,168,4,8,1,2.75,0.0,0.0,0.5,22.5,0.0,0.0,0.0,0.0,5.5,0.0,0.0,1.0,45.0,0.0,0.0,0.0,0.0,2.75,0.0,0.0,0.5,22.5,0.0,0.0,0.0,2.75
914,Mike Strachan,Car,WR,L 18-21,0.0,TB,Away,113.0,12-05-23,13,False,0,168,4,29,0,1.8333333333333333,0.0,0.0,0.3333333333333333,15.0,0.0,0.0,0.0,0.0,5.5,0.0,0.0,1.0,45.0,0.0,0.0,0.0,0.0,1.8333333333333333,0.0,0.0,0.3333333333333333,15.0,0.0,0.0,0.0,1.8333333333333333
1219,Mike Strachan,Car,WR,L 6-28,0.0,NO,Away,134.0,12-12-23,14,False,0,168,4,22,0,1.375,0.0,0.0,0.25,11.25,0.0,0.0,0.0,0.0,5.5,0.0,0.0,1.0,45.0,0.0,0.0,0.0,0.0,1.375,0.0,0.0,0.25,11.25,0.0,0.0,0.0,1.375
211,Mike Williams,LAC,WR,L 34-36,8.5,Mia,Home,50.0,09-12-23,1,False,0,169,16,19,1,8.5,0.0,0.0,4.0,45.0,0.0,0.0,0.0,0.0,8.5,0.0,0.0,4.0,45.0,0.0,0.0,0.0,0.0,8.5,0.0,0.0,4.0,45.0,0.0,0.0,0.0,8.5
2059,Mike Williams,LAC,WR,L 24-27,16.6,Ten,Away,24.0,09-19-23,2,False,0,169,16,30,0,12.55,0.0,0.0,6.0,64.0,0.0,0.5,1.5,0.0,25.1,0.0,0.0,12.0,128.0,0.0,1.0,3.0,0.0,12.55,0.0,0.0,6.0,64.0,0.0,0.5,1.5,12.55
332,Mike Williams,LAC,WR,W 28-24,25.1,Min,Away,8.5,09-26-23,3,False,0,169,16,20,0,16.733333333333334,0.0,0.0,6.333333333333333,83.0,0.3333333333333333,0.3333333333333333,1.0,0.0,50.2,0.0,0.0,19.0,249.0,1.0,1.0,3.0,0.0,16.733333333333334,0.0,0.0,6.333333333333333,83.0,0.3333333333333333,0.3333333333333333,1.0,16.733333333333334
2011,Miles Boykin,Pit,WR,W 30-23,0.0,Sea,Away,137.5,01-02-24,17,False,0,170,26,28,0,0.0,0.0,0.0,0.0,0.0,0.0,0.0,0.0,0.0,0.0,0.0,0.0,0.0,0.0,0.0,0.0,0.0,0.0,0.0,0.0,0.0,0.0,0.0,0.0,0.0,0.0,0.0
1366,Miles Boykin,Pit,WR,W 17-10,0.0,Bal,Away,142.5,01-09-24,18,False,0,170,26,2,0,0.0,0.0,0.0,0.0,0.0,0.0,0.0,0.0,0.0,0.0,0.0,0.0,0.0,0.0,0.0,0.0,0.0,0.0,0.0,0.0,0.0,0.0,0.0,0.0,0.0,0.0,0.0
305,Miles Boykin,Pit,WR,L 7-30,0.0,SF,Home,135.0,09-12-23,1,False,0,170,26,27,1,0.0,0.0,0.0,0.0,0.0,0.0,0.0,0.0,0.0,0.0,0.0,0.0,0.0,0.0,0.0,0.0,0.0,0.0,0.0,0.0,0.0,0.0,0.0,0.0,0.0,0.0,0.0
2149,Miles Boykin,Pit,WR,W 26-22,1.5,Cle,Home,113.0,09-19-23,2,False,0,170,26,7,1,0.375,0.0,0.0,0.25,1.25,0.0,0.0,0.0,0.0,1.5,0.0,0.0,1.0,5.0,0.0,0.0,0.0,0.0,0.375,0.0,0.0,0.25,1.25,0.0,0.0,0.0,0.375
468,Miles Boykin,Pit,WR,W 23-18,0.0,LV,Away,141.0,09-26-23,3,False,0,170,26,18,0,0.3,0.0,0.0,0.2,1.0,0.0,0.0,0.0,0.0,1.5,0.0,0.0,1.0,5.0,0.0,0.0,0.0,0.0,0.3,0.0,0.0,0.2,1.0,0.0,0.0,0.0,0.3
144,Miles Boykin,Pit,WR,L 6-30,0.0,Hou,Away,143.0,10-03-23,4,False,0,170,26,12,0,0.3,0.0,0.0,0.2,1.0,0.0,0.0,0.0,0.0,1.5,0.0,0.0,1.0,5.0,0.0,0.0,0.0,0.0,0.25,0.0,0.0,0.16666666666666666,0.8333333333333334,0.0,0.0,0.0,0.25
613,Miles Boykin,Pit,WR,W 17-10,0.0,Bal,Home,124.5,10-10-23,5,False,0,170,26,2,1,0.3,0.0,0.0,0.2,1.0,0.0,0.0,0.0,0.0,1.5,0.0,0.0,1.0,5.0,0.0,0.0,0.0,0.0,0.21428571428571427,0.0,0.0,0.14285714285714285,0.7142857142857143,0.0,0.0,0.0,0.21428571428571427
2655,Miles Boykin,Pit,WR,W 24-17,0.0,LAR,Away,116.0,10-24-23,7,False,0,170,26,17,0,0.3,0.0,0.0,0.2,1.0,0.0,0.0,0.0,0.0,1.5,0.0,0.0,1.0,5.0,0.0,0.0,0.0,0.0,0.1875,0.0,0.0,0.125,0.625,0.0,0.0,0.0,0.1875
2517,Miles Boykin,Pit,WR,L 10-20,0.0,Jax,Home,138.0,10-31-23,8,False,0,170,26,14,1,0.0,0.0,0.0,0.0,0.0,0.0,0.0,0.0,0.0,1.5,0.0,0.0,1.0,5.0,0.0,0.0,0.0,0.0,0.16666666666666666,0.0,0.0,0.1111111111111111,0.5555555555555556,0.0,0.0,0.0,0.16666666666666666
1015,Miles Boykin,Pit,WR,W 20-16,1.6,Ten,Home,99.5,11-07-23,9,False,0,170,26,30,1,0.32,0.0,0.0,0.2,1.2,0.0,0.0,0.0,0.0,3.1,0.0,0.0,2.0,11.0,0.0,0.0,0.0,0.0,0.31,0.0,0.0,0.2,1.1,0.0,0.0,0.0,0.31
1509,Miles Boykin,Pit,WR,W 23-19,0.0,GB,Home,123.5,11-14-23,10,False,0,170,26,11,1,0.32,0.0,0.0,0.2,1.2,0.0,0.0,0.0,0.0,3.1,0.0,0.0,2.0,11.0,0.0,0.0,0.0,0.0,0.2818181818181818,0.0,0.0,0.18181818181818182,1.0,0.0,0.0,0.0,0.2818181818181818
758,Miles Boykin,Pit,WR,L 10-13,0.0,Cle,Away,126.0,11-21-23,11,False,0,170,26,7,0,0.32,0.0,0.0,0.2,1.2,0.0,0.0,0.0,0.0,3.1,0.0,0.0,2.0,11.0,0.0,0.0,0.0,0.0,0.25833333333333336,0.0,0.0,0.16666666666666666,0.9166666666666666,0.0,0.0,0.0,0.25833333333333336
1678,Miles Boykin,Pit,WR,W 16-10,0.0,Cin,Away,149.0,11-28-23,12,False,0,170,26,6,0,0.32,0.0,0.0,0.2,1.2,0.0,0.0,0.0,0.0,3.1,0.0,0.0,2.0,11.0,0.0,0.0,0.0,0.0,0.23846153846153847,0.0,0.0,0.15384615384615385,0.8461538461538461,0.0,0.0,0.0,0.23846153846153847
902,Miles Boykin,Pit,WR,L 10-24,0.0,Ari,Home,113.0,12-05-23,13,False,0,170,26,0,1,0.32,0.0,0.0,0.2,1.2,0.0,0.0,0.0,0.0,3.1,0.0,0.0,2.0,11.0,0.0,0.0,0.0,0.0,0.22142857142857145,0.0,0.0,0.14285714285714285,0.7857142857142857,0.0,0.0,0.0,0.22142857142857145
1207,Miles Boykin,Pit,WR,L 18-21,0.0,NE,Home,134.0,12-12-23,14,False,0,170,26,21,1,0.0,0.0,0.0,0.0,0.0,0.0,0.0,0.0,0.0,3.1,0.0,0.0,2.0,11.0,0.0,0.0,0.0,0.0,0.20666666666666667,0.0,0.0,0.13333333333333333,0.7333333333333333,0.0,0.0,0.0,0.20666666666666667
2355,Miles Boykin,Pit,WR,L 13-30,0.0,Ind,Away,140.0,12-19-23,15,False,0,170,26,13,0,0.0,0.0,0.0,0.0,0.0,0.0,0.0,0.0,0.0,3.1,0.0,0.0,2.0,11.0,0.0,0.0,0.0,0.0,0.19375,0.0,0.0,0.125,0.6875,0.0,0.0,0.0,0.19375
1810,Miles Boykin,Pit,WR,W 34-11,1.6,Cin,Home,111.0,12-26-23,16,False,0,170,26,6,1,0.32,0.0,0.0,0.2,1.2,0.0,0.0,0.0,0.0,4.7,0.0,0.0,3.0,17.0,0.0,0.0,0.0,0.0,0.27647058823529413,0.0,0.0,0.17647058823529413,1.0,0.0,0.0,0.0,0.27647058823529413
1376,Mitchell Tinsley,Wsh,WR,L 10-38,0.0,Dal,Home,142.5,01-09-24,18,False,0,171,31,8,1,0.0,0.0,0.0,0.0,0.0,0.0,0.0,0.0,0.0,0.0,0.0,0.0,0.0,0.0,0.0,0.0,0.0,0.0,0.0,0.0,0.0,0.0,0.0,0.0,0.0,0.0,0.0
2197,Mitchell Tinsley,Wsh,WR,W 35-33,0.0,Den,Away,145.0,09-19-23,2,False,0,171,31,9,0,0.0,0.0,0.0,0.0,0.0,0.0,0.0,0.0,0.0,0.0,0.0,0.0,0.0,0.0,0.0,0.0,0.0,0.0,0.0,0.0,0.0,0.0,0.0,0.0,0.0,0.0,0.0
481,Montrell Washington,KC,WR,W 41-10,0.0,Chi,Home,141.0,09-26-23,3,False,0,172,15,5,1,0.0,0.0,0.0,0.0,0.0,0.0,0.0,0.0,0.0,0.0,0.0,0.0,0.0,0.0,0.0,0.0,0.0,0.0,0.0,0.0,0.0,0.0,0.0,0.0,0.0,0.0,0.0
155,Montrell Washington,KC,WR,W 23-20,0.0,NYJ,Away,143.0,10-03-23,4,False,0,172,15,24,0,0.0,0.0,0.0,0.0,0.0,0.0,0.0,0.0,0.0,0.0,0.0,0.0,0.0,0.0,0.0,0.0,0.0,0.0,0.0,0.0,0.0,0.0,0.0,0.0,0.0,0.0,0.0
623,Montrell Washington,KC,WR,W 27-20,0.0,Min,Away,124.5,10-10-23,5,False,0,172,15,20,0,0.0,0.0,0.0,0.0,0.0,0.0,0.0,0.0,0.0,0.0,0.0,0.0,0.0,0.0,0.0,0.0,0.0,0.0,0.0,0.0,0.0,0.0,0.0,0.0,0.0,0.0,0.0
1692,Montrell Washington,KC,WR,W 31-17,0.0,LV,Away,149.0,11-28-23,12,False,0,172,15,18,0,0.0,0.0,0.0,0.0,0.0,0.0,0.0,0.0,0.0,0.0,0.0,0.0,0.0,0.0,0.0,0.0,0.0,0.0,0.0,0.0,0.0,0.0,0.0,0.0,0.0,0.0,0.0
1860,Montrell Washington,KC,WR,L 14-20,0.0,LV,Home,144.5,12-26-23,16,False,0,172,15,18,1,0.0,0.0,0.0,0.0,0.0,0.0,0.0,0.0,0.0,0.0,0.0,0.0,0.0,0.0,0.0,0.0,0.0,0.0,0.0,0.0,0.0,0.0,0.0,0.0,0.0,0.0,0.0
157,N'Keal Harry,Min,WR,W 21-13,0.0,Car,Away,143.0,10-03-23,4,False,0,173,20,4,0,0.0,0.0,0.0,0.0,0.0,0.0,0.0,0.0,0.0,0.0,0.0,0.0,0.0,0.0,0.0,0.0,0.0,0.0,0.0,0.0,0.0,0.0,0.0,0.0,0.0,0.0,0.0
624,N'Keal Harry,Min,WR,L 20-27,0.0,KC,Home,124.5,10-10-23,5,False,0,173,20,15,1,0.0,0.0,0.0,0.0,0.0,0.0,0.0,0.0,0.0,0.0,0.0,0.0,0.0,0.0,0.0,0.0,0.0,0.0,0.0,0.0,0.0,0.0,0.0,0.0,0.0,0.0,0.0
2818,N'Keal Harry,Min,WR,W 19-13,0.0,Chi,Away,128.0,10-17-23,6,False,0,173,20,5,0,0.0,0.0,0.0,0.0,0.0,0.0,0.0,0.0,0.0,0.0,0.0,0.0,0.0,0.0,0.0,0.0,0.0,0.0,0.0,0.0,0.0,0.0,0.0,0.0,0.0,0.0,0.0
2661,N'Keal Harry,Min,WR,W 22-17,0.0,SF,Home,116.0,10-24-23,7,False,0,173,20,27,1,0.0,0.0,0.0,0.0,0.0,0.0,0.0,0.0,0.0,0.0,0.0,0.0,0.0,0.0,0.0,0.0,0.0,0.0,0.0,0.0,0.0,0.0,0.0,0.0,0.0,0.0,0.0
2525,N'Keal Harry,Min,WR,W 24-10,0.0,GB,Away,138.0,10-31-23,8,False,0,173,20,11,0,0.0,0.0,0.0,0.0,0.0,0.0,0.0,0.0,0.0,0.0,0.0,0.0,0.0,0.0,0.0,0.0,0.0,0.0,0.0,0.0,0.0,0.0,0.0,0.0,0.0,0.0,0.0
1054,N'Keal Harry,Min,WR,W 31-28,0.0,Atl,Away,126.5,11-07-23,9,False,0,173,20,1,0,0.0,0.0,0.0,0.0,0.0,0.0,0.0,0.0,0.0,0.0,0.0,0.0,0.0,0.0,0.0,0.0,0.0,0.0,0.0,0.0,0.0,0.0,0.0,0.0,0.0,0.0,0.0
1517,N'Keal Harry,Min,WR,W 27-19,0.0,NO,Home,123.5,11-14-23,10,False,0,173,20,22,1,0.0,0.0,0.0,0.0,0.0,0.0,0.0,0.0,0.0,0.0,0.0,0.0,0.0,0.0,0.0,0.0,0.0,0.0,0.0,0.0,0.0,0.0,0.0,0.0,0.0,0.0,0.0
769,N'Keal Harry,Min,WR,L 20-21,0.0,Den,Away,126.0,11-21-23,11,False,0,173,20,9,0,0.0,0.0,0.0,0.0,0.0,0.0,0.0,0.0,0.0,0.0,0.0,0.0,0.0,0.0,0.0,0.0,0.0,0.0,0.0,0.0,0.0,0.0,0.0,0.0,0.0,0.0,0.0
1944,Nelson Agholor,Bal,WR,W 56-19,3.8,Mia,Home,77.0,01-02-24,17,False,0,174,2,19,1,3.8,0.0,0.0,2.0,18.0,0.0,0.0,0.0,0.0,3.8,0.0,0.0,2.0,18.0,0.0,0.0,0.0,0.0,3.8,0.0,0.0,2.0,18.0,0.0,0.0,0.0,3.8
1263,Nelson Agholor,Bal,WR,L 10-17,8.9,Pit,Home,42.0,01-09-24,18,False,0,174,2,26,1,6.35,0.0,0.0,3.5,28.5,0.0,0.0,0.0,0.0,12.7,0.0,0.0,7.0,57.0,0.0,0.0,0.0,0.0,6.35,0.0,0.0,3.5,28.5,0.0,0.0,0.0,6.35
277,Nelson Agholor,Bal,WR,W 25-9,0.0,Hou,Home,135.0,09-12-23,1,False,0,174,2,12,1,4.233333333333333,0.0,0.0,2.3333333333333335,19.0,0.0,0.0,0.0,0.0,12.700000000000001,0.0,0.0,7.0,57.0,0.0,0.0,0.0,0.0,4.233333333333333,0.0,0.0,2.3333333333333335,19.0,0.0,0.0,0.0,4.233333333333333
2058,Nelson Agholor,Bal,WR,W 27-24,17.3,Cin,Away,23.0,09-19-23,2,False,0,174,2,6,0,7.5,0.0,0.0,3.0,30.0,0.25,0.0,0.0,0.0,30.0,0.0,0.0,12.0,120.0,1.0,0.0,0.0,0.0,7.5,0.0,0.0,3.0,30.0,0.25,0.0,0.0,7.5
383,Nelson Agholor,Bal,WR,L 19-22,7.9,Ind,Home,59.5,09-26-23,3,False,0,174,2,13,1,7.580000000000001,0.0,0.0,3.2,31.8,0.2,0.0,0.0,0.0,37.900000000000006,0.0,0.0,16.0,159.0,1.0,0.0,0.0,0.0,7.580000000000001,0.0,0.0,3.2,31.8,0.2,0.0,0.0,7.580000000000001
117,Nelson Agholor,Bal,WR,W 28-3,1.4,Cle,Away,117.5,10-03-23,4,False,0,174,2,7,0,7.100000000000001,0.0,0.0,3.0,29.0,0.2,0.0,0.0,0.0,39.300000000000004,0.0,0.0,17.0,163.0,1.0,0.0,0.0,0.0,6.550000000000001,0.0,0.0,2.8333333333333335,27.166666666666668,0.16666666666666666,0.0,0.0,6.550000000000001
519,Nelson Agholor,Bal,WR,L 10-17,10.4,Pit,Away,32.0,10-10-23,5,False,0,174,2,26,0,7.400000000000001,0.0,0.0,2.8,34.0,0.2,0.0,0.0,0.0,49.7,0.0,0.0,21.0,227.0,1.0,0.0,0.0,0.0,7.1000000000000005,0.0,0.0,3.0,32.42857142857143,0.14285714285714285,0.0,0.0,7.1000000000000005
2731,Nelson Agholor,Bal,WR,W 24-16,6.0,Ten,Away,60.0,10-17-23,6,False,0,174,2,30,0,8.600000000000001,0.0,0.0,3.2,42.0,0.2,0.0,0.0,0.0,55.7,0.0,0.0,23.0,267.0,1.0,0.0,0.0,0.0,6.9625,0.0,0.0,2.875,33.375,0.125,0.0,0.0,6.9625
2583,Nelson Agholor,Bal,WR,W 38-6,8.2,Det,Home,46.0,10-24-23,7,False,0,174,2,10,1,6.780000000000001,0.0,0.0,2.4,31.8,0.2,0.0,0.0,0.0,63.900000000000006,0.0,0.0,24.0,279.0,2.0,0.0,0.0,0.0,7.1000000000000005,0.0,0.0,2.6666666666666665,31.0,0.2222222222222222,0.0,0.0,7.1000000000000005
2495,Nelson Agholor,Bal,WR,W 31-24,0.0,Ari,Away,138.0,10-31-23,8,False,0,174,2,0,0,5.200000000000001,0.0,0.0,1.6,24.0,0.2,0.0,0.0,0.0,63.900000000000006,0.0,0.0,24.0,279.0,2.0,0.0,0.0,0.0,6.390000000000001,0.0,0.0,2.4,27.9,0.2,0.0,0.0,6.390000000000001
1021,Nelson Agholor,Bal,WR,W 37-3,1.2,Sea,Home,104.5,11-07-23,9,False,0,174,2,28,1,5.160000000000001,0.0,0.0,1.6,23.6,0.2,0.0,0.0,0.0,65.10000000000001,0.0,0.0,25.0,281.0,2.0,0.0,0.0,0.0,5.918181818181819,0.0,0.0,2.272727272727273,25.545454545454547,0.18181818181818182,0.0,0.0,5.918181818181819
1494,Nelson Agholor,Bal,WR,L 31-33,0.0,Cle,Home,123.5,11-14-23,10,False,0,174,2,7,1,3.0800000000000005,0.0,0.0,0.8,10.8,0.2,0.0,0.0,0.0,65.10000000000001,0.0,0.0,25.0,281.0,2.0,0.0,0.0,0.0,5.425000000000001,0.0,0.0,2.0833333333333335,23.416666666666668,0.16666666666666666,0.0,0.0,5.425000000000001
662,Nelson Agholor,Bal,WR,W 34-20,10.7,Cin,Home,31.0,11-21-23,11,False,0,174,2,6,1,4.0200000000000005,0.0,0.0,0.6,10.2,0.4,0.0,0.0,0.0,75.8,0.0,0.0,26.0,318.0,3.0,0.0,0.0,0.0,5.8307692307692305,0.0,0.0,2.0,24.46153846153846,0.23076923076923078,0.0,0.0,5.8307692307692305
1623,Nelson Agholor,Bal,WR,W 20-10,3.1,LAC,Away,94.5,11-28-23,12,False,0,174,2,16,0,3.0000000000000004,0.0,0.0,0.6,12.0,0.2,0.0,0.0,0.0,78.9,0.0,0.0,27.0,339.0,3.0,0.0,0.0,0.0,5.635714285714286,0.0,0.0,1.9285714285714286,24.214285714285715,0.21428571428571427,0.0,0.0,5.635714285714286
1104,Nelson Agholor,Bal,WR,W 37-31,8.2,LAR,Home,41.5,12-12-23,14,False,0,174,2,17,1,4.640000000000001,0.0,0.0,1.6,18.4,0.2,0.0,0.0,0.0,87.1,0.0,0.0,32.0,371.0,3.0,0.0,0.0,0.0,5.806666666666667,0.0,0.0,2.1333333333333333,24.733333333333334,0.2,0.0,0.0,5.806666666666667
2331,Nelson Agholor,Bal,WR,W 23-7,0.0,Jax,Away,140.0,12-19-23,15,False,0,174,2,14,0,4.4,0.0,0.0,1.4,18.0,0.2,0.0,0.0,0.0,87.1,0.0,0.0,32.0,371.0,3.0,0.0,0.0,0.0,5.44375,0.0,0.0,2.0,23.1875,0.1875,0.0,0.0,5.44375
1741,Nelson Agholor,Bal,WR,W 33-19,10.0,SF,Away,42.0,12-26-23,16,False,0,174,2,27,0,6.4,0.0,0.0,2.0,20.0,0.4,0.0,0.0,0.0,97.1,0.0,0.0,35.0,381.0,4.0,0.0,0.0,0.0,5.711764705882352,0.0,0.0,2.0588235294117645,22.41176470588235,0.23529411764705882,0.0,0.0,5.711764705882352
202,Nick Westbrook-Ikhine,Ten,WR,L 15-16,9.8,NO,Away,41.0,09-12-23,1,False,0,175,30,22,0,9.8,0.0,0.0,4.0,58.0,0.0,0.0,0.0,0.0,9.8,0.0,0.0,4.0,58.0,0.0,0.0,0.0,0.0,9.8,0.0,0.0,4.0,58.0,0.0,0.0,0.0,9.8
2083,Nick Westbrook-Ikhine,Ten,WR,W 27-24,11.5,LAC,Home,48.0,09-19-23,2,False,0,175,30,16,1,10.65,0.0,0.0,3.5,41.5,0.5,0.0,0.0,0.0,21.3,0.0,0.0,7.0,83.0,1.0,0.0,0.0,0.0,10.65,0.0,0.0,3.5,41.5,0.5,0.0,0.0,10.65
447,Nick Westbrook-Ikhine,Ten,WR,L 3-27,0.0,Cle,Away,141.0,09-26-23,3,False,0,175,30,7,0,7.1000000000000005,0.0,0.0,2.3333333333333335,27.666666666666668,0.3333333333333333,0.0,0.0,0.0,21.3,0.0,0.0,7.0,83.0,1.0,0.0,0.0,0.0,7.1000000000000005,0.0,0.0,2.3333333333333335,27.666666666666668,0.3333333333333333,0.0,0.0,7.1000000000000005
16,Nick Westbrook-Ikhine,Ten,WR,W 27-3,16.1,Cin,Home,17.0,10-03-23,4,False,0,175,30,6,1,9.350000000000001,0.0,0.0,3.0,33.5,0.5,0.0,0.0,0.0,37.400000000000006,0.0,0.0,12.0,134.0,2.0,0.0,0.0,0.0,9.350000000000001,0.0,0.0,3.0,33.5,0.5,0.0,0.0,9.350000000000001
579,Nick Westbrook-Ikhine,Ten,WR,L 16-23,1.9,Ind,Away,93.0,10-10-23,5,False,0,175,30,13,0,7.860000000000001,0.0,0.0,2.6,28.6,0.4,0.0,0.0,0.0,39.300000000000004,0.0,0.0,13.0,143.0,2.0,0.0,0.0,0.0,7.860000000000001,0.0,0.0,2.6,28.6,0.4,0.0,0.0,7.860000000000001
2736,Nick Westbrook-Ikhine,Ten,WR,L 16-24,5.5,Bal,Home,64.5,10-17-23,6,False,0,175,30,2,1,7.0,0.0,0.0,2.4,22.0,0.4,0.0,0.0,0.0,44.800000000000004,0.0,0.0,16.0,168.0,2.0,0.0,0.0,0.0,7.466666666666668,0.0,0.0,2.6666666666666665,28.0,0.3333333333333333,0.0,0.0,7.466666666666668
2417,Nick Westbrook-Ikhine,Ten,WR,W 28-23,10.3,Atl,Home,45.0,10-31-23,8,False,0,175,30,1,1,6.760000000000001,0.0,0.0,2.0,23.6,0.4,0.0,0.0,0.0,55.1,0.0,0.0,17.0,201.0,3.0,0.0,0.0,0.0,7.871428571428572,0.0,0.0,2.4285714285714284,28.714285714285715,0.42857142857142855,0.0,0.0,7.871428571428572
995,Nick Westbrook-Ikhine,Ten,WR,L 16-20,3.3,Pit,Away,79.0,11-07-23,9,False,0,175,30,26,0,7.42,0.0,0.0,2.2,28.2,0.4,0.0,0.0,0.0,58.400000000000006,0.0,0.0,18.0,224.0,3.0,0.0,0.0,0.0,7.300000000000001,0.0,0.0,2.25,28.0,0.375,0.0,0.0,7.300000000000001
1479,Nick Westbrook-Ikhine,Ten,WR,L 6-20,1.9,TB,Away,93.5,11-14-23,10,False,0,175,30,29,0,4.58,0.0,0.0,1.4,19.8,0.2,0.0,0.0,0.0,60.300000000000004,0.0,0.0,19.0,233.0,3.0,0.0,0.0,0.0,6.7,0.0,0.0,2.111111111111111,25.88888888888889,0.3333333333333333,0.0,0.0,6.7
725,Nick Westbrook-Ikhine,Ten,WR,L 14-34,1.7,Jax,Away,94.5,11-21-23,11,False,0,175,30,14,0,4.540000000000001,0.0,0.0,1.4,19.4,0.2,0.0,0.0,0.0,62.0,0.0,0.0,20.0,240.0,3.0,0.0,0.0,0.0,6.2,0.0,0.0,2.0,24.0,0.3,0.0,0.0,6.2
1579,Nick Westbrook-Ikhine,Ten,WR,W 17-10,8.1,Car,Home,51.0,11-28-23,12,False,0,175,30,4,1,5.0600000000000005,0.0,0.0,1.6,22.6,0.2,0.0,0.0,0.0,70.10000000000001,0.0,0.0,24.0,281.0,3.0,0.0,0.0,0.0,6.372727272727274,0.0,0.0,2.1818181818181817,25.545454545454547,0.2727272727272727,0.0,0.0,6.372727272727274
841,Nick Westbrook-Ikhine,Ten,WR,L 28-31,3.8,Ind,Home,60.0,12-05-23,13,False,0,175,30,13,1,3.7600000000000002,0.0,0.0,1.6,21.6,0.0,0.0,0.0,0.0,73.9,0.0,0.0,25.0,309.0,3.0,0.0,0.0,0.0,6.158333333333334,0.0,0.0,2.0833333333333335,25.75,0.25,0.0,0.0,6.158333333333334
1113,Nick Westbrook-Ikhine,Ten,WR,W 28-27,6.8,Mia,Away,50.0,12-12-23,14,False,0,175,30,19,0,4.459999999999999,0.0,0.0,1.8,22.6,0.0,0.0,0.0,0.0,80.7,0.0,0.0,27.0,337.0,3.0,0.0,0.0,0.0,6.207692307692308,0.0,0.0,2.076923076923077,25.923076923076923,0.23076923076923078,0.0,0.0,6.207692307692308
2281,Nick Westbrook-Ikhine,Ten,WR,L 16-19,4.3,Hou,Home,77.0,12-19-23,15,False,0,175,30,12,1,4.9399999999999995,0.0,0.0,1.8,27.4,0.0,0.0,0.0,0.0,85.0,0.0,0.0,28.0,370.0,3.0,0.0,0.0,0.0,6.071428571428571,0.0,0.0,2.0,26.428571428571427,0.21428571428571427,0.0,0.0,6.071428571428571
1889,Nico Collins,Hou,WR,W 26-3,15.7,Ten,Home,22.0,01-02-24,17,False,0,176,12,30,1,15.7,0.0,0.0,7.0,80.0,0.0,1.0,7.0,0.0,15.7,0.0,0.0,7.0,80.0,0.0,1.0,7.0,0.0,15.7,0.0,0.0,7.0,80.0,0.0,1.0,7.0,15.7
1224,Nico Collins,Hou,WR,W 23-19,34.5,Ind,Away,3.0,01-09-24,18,False,0,176,12,13,0,25.1,0.0,0.0,8.0,137.5,0.5,0.5,3.5,0.0,50.2,0.0,0.0,16.0,275.0,1.0,1.0,7.0,0.0,25.1,0.0,0.0,8.0,137.5,0.5,0.5,3.5,25.1
185,Nico Collins,Hou,WR,L 9-25,14.0,Bal,Away,24.0,09-12-23,1,False,0,176,12,2,0,21.400000000000002,0.0,0.0,7.333333333333333,118.33333333333333,0.3333333333333333,0.3333333333333333,2.3333333333333335,0.0,64.2,0.0,0.0,22.0,355.0,1.0,1.0,7.0,0.0,21.400000000000002,0.0,0.0,7.333333333333333,118.33333333333333,0.3333333333333333,0.3333333333333333,2.3333333333333335,21.400000000000002
2040,Nico Collins,Hou,WR,L 20-31,27.6,Ind,Home,5.0,09-19-23,2,False,0,176,12,13,1,22.950000000000003,0.0,0.0,7.25,125.25,0.5,0.25,1.75,0.0,91.80000000000001,0.0,0.0,29.0,501.0,2.0,1.0,7.0,0.0,22.950000000000003,0.0,0.0,7.25,125.25,0.5,0.25,1.75,22.950000000000003
400,Nico Collins,Hou,WR,W 37-17,5.4,Jax,Away,77.0,09-26-23,3,False,0,176,12,14,0,19.44,0.0,0.0,6.2,107.0,0.4,0.2,1.4,0.0,97.2,0.0,0.0,31.0,535.0,2.0,1.0,7.0,0.0,19.44,0.0,0.0,6.2,107.0,0.4,0.2,1.4,19.44
2,Nico Collins,Hou,WR,W 30-6,35.8,Pit,Home,3.0,10-03-23,4,False,0,176,12,26,1,23.46,0.0,0.0,6.2,124.6,0.8,0.0,0.0,0.0,133.0,0.0,0.0,38.0,703.0,4.0,1.0,7.0,0.0,22.166666666666668,0.0,0.0,6.333333333333333,117.16666666666667,0.6666666666666666,0.16666666666666666,1.1666666666666667,22.166666666666668
540,Nico Collins,Hou,WR,L 19-21,6.9,Atl,Away,53.5,10-10-23,5,False,0,176,12,1,0,17.94,0.0,0.0,5.0,93.4,0.6,0.0,0.0,0.0,139.9,0.0,0.0,41.0,742.0,4.0,1.0,7.0,0.0,19.985714285714288,0.0,0.0,5.857142857142857,106.0,0.5714285714285714,0.14285714285714285,1.0,19.985714285714288
2702,Nico Collins,Hou,WR,W 20-13,12.0,NO,Home,31.0,10-17-23,6,False,0,176,12,22,1,17.54,0.0,0.0,4.6,93.4,0.6,0.0,0.0,0.0,151.9,0.0,0.0,45.0,822.0,4.0,1.0,7.0,0.0,18.9875,0.0,0.0,5.625,102.75,0.5,0.125,0.875,18.9875
2439,Nico Collins,Hou,WR,L 13-15,7.0,Car,Away,67.0,10-31-23,8,False,0,176,12,4,0,13.419999999999998,0.0,0.0,4.0,70.2,0.4,0.0,0.0,0.0,158.9,0.0,0.0,49.0,852.0,4.0,1.0,7.0,0.0,17.655555555555555,0.0,0.0,5.444444444444445,94.66666666666667,0.4444444444444444,0.1111111111111111,0.7777777777777778,17.655555555555555
930,Nico Collins,Hou,WR,W 39-37,14.4,TB,Home,13.5,11-07-23,9,False,0,176,12,29,1,15.219999999999999,0.0,0.0,4.2,74.2,0.6,0.0,0.0,0.0,173.3,0.0,0.0,52.0,906.0,5.0,1.0,7.0,0.0,17.330000000000002,0.0,0.0,5.2,90.6,0.5,0.1,0.7,17.330000000000002
655,Nico Collins,Hou,WR,W 21-16,13.5,Ari,Home,24.0,11-21-23,11,False,0,176,12,0,1,10.76,0.0,0.0,4.2,53.6,0.2,0.0,0.0,0.0,186.8,0.0,0.0,59.0,971.0,5.0,1.0,7.0,0.0,16.981818181818184,0.0,0.0,5.363636363636363,88.27272727272727,0.45454545454545453,0.09090909090909091,0.6363636363636364,16.981818181818184
1533,Nico Collins,Hou,WR,L 21-24,23.4,Jax,Home,5.0,11-28-23,12,False,0,176,12,14,1,14.059999999999999,0.0,0.0,5.0,66.6,0.4,0.0,0.0,0.0,210.2,0.0,0.0,66.0,1075.0,6.0,1.0,7.0,0.0,17.516666666666666,0.0,0.0,5.5,89.58333333333333,0.5,0.08333333333333333,0.5833333333333334,17.516666666666666
784,Nico Collins,Hou,WR,W 22-17,34.1,Den,Home,3.0,12-05-23,13,False,0,176,12,9,1,18.48,0.0,0.0,6.0,88.8,0.6,0.0,0.0,0.0,244.3,0.0,0.0,75.0,1266.0,7.0,1.0,7.0,0.0,18.792307692307695,0.0,0.0,5.769230769230769,97.38461538461539,0.5384615384615384,0.07692307692307693,0.5384615384615384,18.792307692307695
1154,Nico Collins,Hou,WR,L 6-30,2.3,NYJ,Away,91.0,12-12-23,14,False,0,176,12,24,0,17.54,0.0,0.0,5.4,85.4,0.6,0.0,0.0,0.0,246.6,0.0,0.0,76.0,1279.0,7.0,1.0,7.0,0.0,17.614285714285714,0.0,0.0,5.428571428571429,91.35714285714286,0.5,0.07142857142857142,0.5,17.614285714285714
1728,Nico Collins,Hou,WR,L 22-36,13.8,Cle,Home,29.5,12-26-23,16,False,0,176,12,7,1,17.419999999999998,0.0,0.0,5.6,78.2,0.6,0.0,0.0,0.0,260.4,0.0,0.0,80.0,1297.0,8.0,1.0,7.0,0.0,17.36,0.0,0.0,5.333333333333333,86.46666666666667,0.5333333333333333,0.06666666666666667,0.4666666666666667,17.36
1963,Noah Brown,Hou,WR,W 26-3,1.8,Ten,Home,96.5,01-02-24,17,False,0,177,12,30,1,1.8,0.0,0.0,1.0,8.0,0.0,0.0,0.0,0.0,1.8,0.0,0.0,1.0,8.0,0.0,0.0,0.0,0.0,1.8,0.0,0.0,1.0,8.0,0.0,0.0,0.0,1.8
233,Noah Brown,Hou,WR,L 9-25,4.9,Bal,Away,72.0,09-12-23,1,False,0,177,12,2,0,3.35,0.0,0.0,2.0,14.0,0.0,0.5,-0.5,0.0,6.7,0.0,0.0,4.0,28.0,0.0,1.0,-1.0,0.0,3.35,0.0,0.0,2.0,14.0,0.0,0.5,-0.5,3.35
2732,Noah Brown,Hou,WR,W 20-13,5.7,NO,Home,61.0,10-17-23,6,False,0,177,12,22,1,4.133333333333334,0.0,0.0,2.0,21.666666666666668,0.0,0.3333333333333333,-0.3333333333333333,0.0,12.4,0.0,0.0,6.0,65.0,0.0,1.0,-1.0,0.0,4.133333333333334,0.0,0.0,2.0,21.666666666666668,0.0,0.3333333333333333,-0.3333333333333333,4.133333333333334
2427,Noah Brown,Hou,WR,L 13-15,8.7,Car,Away,55.0,10-31-23,8,False,0,177,12,4,0,5.275,0.0,0.0,2.25,30.5,0.0,0.25,-0.25,0.0,21.1,0.0,0.0,9.0,122.0,0.0,1.0,-1.0,0.0,5.275,0.0,0.0,2.25,30.5,0.0,0.25,-0.25,5.275
919,Noah Brown,Hou,WR,W 39-37,27.3,TB,Home,3.0,11-07-23,9,False,0,177,12,29,1,9.68,0.0,0.0,3.0,55.0,0.2,0.2,-0.2,0.0,48.4,0.0,0.0,15.0,275.0,1.0,1.0,-1.0,0.0,9.68,0.0,0.0,3.0,55.0,0.2,0.2,-0.2,9.68
1390,Noah Brown,Hou,WR,W 30-27,24.2,Cin,Away,6.0,11-14-23,10,False,0,177,12,6,0,14.16,0.0,0.0,4.2,87.8,0.2,0.2,-0.2,0.0,72.6,0.0,0.0,22.0,447.0,1.0,1.0,-1.0,0.0,12.1,0.0,0.0,3.6666666666666665,74.5,0.16666666666666666,0.16666666666666666,-0.16666666666666666,12.1
874,Noah Brown,Hou,WR,W 22-17,0.0,Den,Home,113.0,12-05-23,13,False,0,177,12,9,1,13.179999999999998,0.0,0.0,3.6,83.8,0.2,0.0,0.0,0.0,72.6,0.0,0.0,22.0,447.0,1.0,1.0,-1.0,0.0,10.37142857142857,0.0,0.0,3.142857142857143,63.857142857142854,0.14285714285714285,0.14285714285714285,-0.14285714285714285,10.37142857142857
1175,Noah Brown,Hou,WR,L 6-30,0.0,NYJ,Away,134.0,12-12-23,14,False,0,177,12,24,0,12.040000000000001,0.0,0.0,3.2,76.4,0.2,0.0,0.0,0.0,72.6,0.0,0.0,22.0,447.0,1.0,1.0,-1.0,0.0,9.075,0.0,0.0,2.75,55.875,0.125,0.125,-0.125,9.075
2213,Noah Brown,Hou,WR,W 19-16,22.2,Ten,Away,9.0,12-19-23,15,False,0,177,12,30,0,14.739999999999998,0.0,0.0,4.2,81.4,0.4,0.0,0.0,0.0,94.8,0.0,0.0,30.0,529.0,2.0,1.0,-1.0,0.0,10.533333333333333,0.0,0.0,3.3333333333333335,58.77777777777778,0.2222222222222222,0.1111111111111111,-0.1111111111111111,10.533333333333333
1764,Noah Brown,Hou,WR,L 22-36,6.8,Cle,Home,65.5,12-26-23,16,False,0,177,12,7,1,10.639999999999999,0.0,0.0,3.6,58.4,0.2,0.0,0.0,0.0,101.6,0.0,0.0,33.0,567.0,2.0,1.0,-1.0,0.0,10.16,0.0,0.0,3.3,56.7,0.2,0.1,-0.1,10.16
1940,Odell Beckham Jr.,Bal,WR,W 56-19,4.3,Mia,Home,73.0,01-02-24,17,False,0,178,2,19,1,4.3,0.0,0.0,1.0,33.0,0.0,0.0,0.0,0.0,4.3,0.0,0.0,1.0,33.0,0.0,0.0,0.0,0.0,4.3,0.0,0.0,1.0,33.0,0.0,0.0,0.0,4.3
229,Odell Beckham Jr.,Bal,WR,W 25-9,5.7,Hou,Home,68.0,09-12-23,1,False,0,178,2,12,1,5.0,0.0,0.0,1.5,35.0,0.0,0.0,0.0,0.0,10.0,0.0,0.0,3.0,70.0,0.0,0.0,0.0,0.0,5.0,0.0,0.0,1.5,35.0,0.0,0.0,0.0,5.0
2109,Odell Beckham Jr.,Bal,WR,W 27-24,5.9,Cin,Away,74.5,09-19-23,2,False,0,178,2,6,0,5.3,0.0,0.0,2.0,33.0,0.0,0.0,0.0,0.0,15.9,0.0,0.0,6.0,99.0,0.0,0.0,0.0,0.0,5.3,0.0,0.0,2.0,33.0,0.0,0.0,0.0,5.3
560,Odell Beckham Jr.,Bal,WR,L 10-17,3.3,Pit,Away,73.5,10-10-23,5,False,0,178,2,26,0,4.8,0.0,0.0,2.0,28.0,0.0,0.0,0.0,0.0,19.2,0.0,0.0,8.0,112.0,0.0,0.0,0.0,0.0,4.8,0.0,0.0,2.0,28.0,0.0,0.0,0.0,4.8
2737,Odell Beckham Jr.,Bal,WR,W 24-16,5.4,Ten,Away,66.5,10-17-23,6,False,0,178,2,30,0,4.92,0.0,0.0,2.0,29.2,0.0,0.0,0.0,0.0,24.6,0.0,0.0,10.0,146.0,0.0,0.0,0.0,0.0,4.92,0.0,0.0,2.0,29.2,0.0,0.0,0.0,4.92
2575,Odell Beckham Jr.,Bal,WR,W 38-6,9.9,Det,Home,38.5,10-24-23,7,False,0,178,2,10,1,6.04,0.0,0.0,2.8,32.4,0.0,0.0,0.0,0.0,34.5,0.0,0.0,15.0,195.0,0.0,0.0,0.0,0.0,5.75,0.0,0.0,2.5,32.5,0.0,0.0,0.0,5.75
2486,Odell Beckham Jr.,Bal,WR,W 31-24,0.0,Ari,Away,138.0,10-31-23,8,False,0,178,2,0,0,4.9,0.0,0.0,2.4,25.0,0.0,0.0,0.0,0.0,34.5,0.0,0.0,15.0,195.0,0.0,0.0,0.0,0.0,4.928571428571429,0.0,0.0,2.142857142857143,27.857142857142858,0.0,0.0,0.0,4.928571428571429
928,Odell Beckham Jr.,Bal,WR,W 37-3,14.6,Sea,Home,12.0,11-07-23,9,False,0,178,2,28,1,6.640000000000001,0.0,0.0,2.8,30.4,0.2,0.0,0.0,0.0,49.1,0.0,0.0,20.0,251.0,1.0,0.0,0.0,0.0,6.1375,0.0,0.0,2.5,31.375,0.125,0.0,0.0,6.1375
1416,Odell Beckham Jr.,Bal,WR,L 31-33,11.0,Cle,Home,32.0,11-14-23,10,False,0,178,2,7,1,8.18,0.0,0.0,2.6,35.8,0.4,0.0,0.0,0.0,60.1,0.0,0.0,21.0,291.0,2.0,0.0,0.0,0.0,6.677777777777778,0.0,0.0,2.3333333333333335,32.333333333333336,0.2222222222222222,0.0,0.0,6.677777777777778
651,Odell Beckham Jr.,Bal,WR,W 34-20,15.6,Cin,Home,20.0,11-21-23,11,False,0,178,2,6,1,10.22,0.0,0.0,3.0,52.2,0.4,0.0,0.0,0.0,75.7,0.0,0.0,25.0,407.0,2.0,0.0,0.0,0.0,7.57,0.0,0.0,2.5,40.7,0.2,0.0,0.0,7.57
1594,Odell Beckham Jr.,Bal,WR,W 20-10,6.4,LAC,Away,67.5,11-28-23,12,False,0,178,2,16,0,9.52,0.0,0.0,2.6,49.2,0.4,0.0,0.0,0.0,82.1,0.0,0.0,28.0,441.0,2.0,0.0,0.0,0.0,7.463636363636363,0.0,0.0,2.5454545454545454,40.09090909090909,0.18181818181818182,0.0,0.0,7.463636363636363
1072,Odell Beckham Jr.,Bal,WR,W 37-31,19.7,LAR,Home,9.0,12-12-23,14,False,0,178,2,17,1,13.459999999999999,0.0,0.0,3.4,68.6,0.6,0.0,0.0,0.0,101.8,0.0,0.0,32.0,538.0,3.0,0.0,0.0,0.0,8.483333333333333,0.0,0.0,2.6666666666666665,44.833333333333336,0.25,0.0,0.0,8.483333333333333
2296,Odell Beckham Jr.,Bal,WR,W 23-7,2.4,Jax,Away,92.0,12-19-23,15,False,0,178,2,14,0,11.02,0.0,0.0,2.6,60.2,0.4,0.0,0.0,0.0,104.2,0.0,0.0,33.0,552.0,3.0,0.0,0.0,0.0,8.015384615384615,0.0,0.0,2.5384615384615383,42.46153846153846,0.23076923076923078,0.0,0.0,8.015384615384615
1784,Odell Beckham Jr.,Bal,WR,W 33-19,3.3,SF,Away,85.5,12-26-23,16,False,0,178,2,27,0,9.48,0.0,0.0,2.8,54.8,0.2,0.0,0.0,0.0,107.5,0.0,0.0,35.0,565.0,3.0,0.0,0.0,0.0,7.678571428571429,0.0,0.0,2.5,40.357142857142854,0.21428571428571427,0.0,0.0,7.678571428571429
1995,Olamide Zaccheaus,Phi,WR,L 31-35,0.0,Ari,Home,137.5,01-02-24,17,False,0,179,25,0,1,0.0,0.0,0.0,0.0,0.0,0.0,0.0,0.0,0.0,0.0,0.0,0.0,0.0,0.0,0.0,0.0,0.0,0.0,0.0,0.0,0.0,0.0,0.0,0.0,0.0,0.0,0.0
1296,Olamide Zaccheaus,Phi,WR,L 10-27,4.0,NYG,Away,75.0,01-09-24,18,False,0,179,25,23,0,2.0,0.0,0.0,1.0,10.0,0.0,0.0,0.0,0.0,4.0,0.0,0.0,2.0,20.0,0.0,0.0,0.0,0.0,2.0,0.0,0.0,1.0,10.0,0.0,0.0,0.0,2.0
286,Olamide Zaccheaus,Phi,WR,W 25-20,0.0,NE,Away,135.0,09-12-23,1,False,0,179,25,21,0,1.3333333333333333,0.0,0.0,0.6666666666666666,6.666666666666667,0.0,0.0,0.0,0.0,4.0,0.0,0.0,2.0,20.0,0.0,0.0,0.0,0.0,1.3333333333333333,0.0,0.0,0.6666666666666666,6.666666666666667,0.0,0.0,0.0,1.3333333333333333
2172,Olamide Zaccheaus,Phi,WR,W 34-28,0.0,Min,Home,145.0,09-19-23,2,False,0,179,25,20,1,1.0,0.0,0.0,0.5,5.0,0.0,0.0,0.0,0.0,4.0,0.0,0.0,2.0,20.0,0.0,0.0,0.0,0.0,1.0,0.0,0.0,0.5,5.0,0.0,0.0,0.0,1.0
353,Olamide Zaccheaus,Phi,WR,W 25-11,13.8,TB,Away,30.5,09-26-23,3,False,0,179,25,29,0,3.56,0.0,0.0,0.8,15.6,0.2,0.0,0.0,0.0,17.8,0.0,0.0,4.0,78.0,1.0,0.0,0.0,0.0,3.56,0.0,0.0,0.8,15.6,0.2,0.0,0.0,3.56
102,Olamide Zaccheaus,Phi,WR,W 34-31,2.1,Wsh,Home,103.5,10-03-23,4,False,0,179,25,31,1,3.9800000000000004,0.0,0.0,1.0,17.8,0.2,0.0,0.0,0.0,19.900000000000002,0.0,0.0,5.0,89.0,1.0,0.0,0.0,0.0,3.316666666666667,0.0,0.0,0.8333333333333334,14.833333333333334,0.16666666666666666,0.0,0.0,3.316666666666667
602,Olamide Zaccheaus,Phi,WR,W 23-14,0.0,LAR,Away,124.5,10-10-23,5,False,0,179,25,17,0,3.18,0.0,0.0,0.6,13.8,0.2,0.0,0.0,0.0,19.900000000000002,0.0,0.0,5.0,89.0,1.0,0.0,0.0,0.0,2.842857142857143,0.0,0.0,0.7142857142857143,12.714285714285714,0.14285714285714285,0.0,0.0,2.842857142857143
2768,Olamide Zaccheaus,Phi,WR,L 14-20,1.5,NYJ,Away,97.0,10-17-23,6,False,0,179,25,24,0,3.4800000000000004,0.0,0.0,0.8,14.8,0.2,0.0,0.0,0.0,21.400000000000002,0.0,0.0,6.0,94.0,1.0,0.0,0.0,0.0,2.6750000000000003,0.0,0.0,0.75,11.75,0.125,0.0,0.0,2.6750000000000003
2645,Olamide Zaccheaus,Phi,WR,W 31-17,0.0,Mia,Home,116.0,10-24-23,7,False,0,179,25,19,1,3.4800000000000004,0.0,0.0,0.8,14.8,0.2,0.0,0.0,0.0,21.400000000000002,0.0,0.0,6.0,94.0,1.0,0.0,0.0,0.0,2.377777777777778,0.0,0.0,0.6666666666666666,10.444444444444445,0.1111111111111111,0.0,0.0,2.377777777777778
2479,Olamide Zaccheaus,Phi,WR,W 38-31,1.5,Wsh,Away,107.0,10-31-23,8,False,0,179,25,31,0,1.02,0.0,0.0,0.6,4.2,0.0,0.0,0.0,0.0,22.900000000000002,0.0,0.0,7.0,99.0,1.0,0.0,0.0,0.0,2.29,0.0,0.0,0.7,9.9,0.1,0.0,0.0,2.29
1011,Olamide Zaccheaus,Phi,WR,W 28-23,1.8,Dal,Home,94.5,11-07-23,9,False,0,179,25,8,1,0.96,0.0,0.0,0.6,3.6,0.0,0.0,0.0,0.0,24.7,0.0,0.0,8.0,107.0,1.0,0.0,0.0,0.0,2.2454545454545456,0.0,0.0,0.7272727272727273,9.727272727272727,0.09090909090909091,0.0,0.0,2.2454545454545456
747,Olamide Zaccheaus,Phi,WR,W 21-17,0.0,KC,Away,126.0,11-21-23,11,False,0,179,25,15,0,0.96,0.0,0.0,0.6,3.6,0.0,0.0,0.0,0.0,24.7,0.0,0.0,8.0,107.0,1.0,0.0,0.0,0.0,2.058333333333333,0.0,0.0,0.6666666666666666,8.916666666666666,0.08333333333333333,0.0,0.0,2.058333333333333
1569,Olamide Zaccheaus,Phi,WR,W 37-34,9.9,Buf,Home,40.5,11-28-23,12,False,0,179,25,3,1,2.6399999999999997,0.0,0.0,0.6,8.4,0.2,0.0,0.0,0.0,34.6,0.0,0.0,9.0,136.0,2.0,0.0,0.0,0.0,2.661538461538462,0.0,0.0,0.6923076923076923,10.461538461538462,0.15384615384615385,0.0,0.0,2.661538461538462
891,Olamide Zaccheaus,Phi,WR,L 19-42,0.0,SF,Home,113.0,12-05-23,13,False,0,179,25,27,1,2.64,0.0,0.0,0.6,8.4,0.2,0.0,0.0,0.0,34.6,0.0,0.0,9.0,136.0,2.0,0.0,0.0,0.0,2.4714285714285715,0.0,0.0,0.6428571428571429,9.714285714285714,0.14285714285714285,0.0,0.0,2.4714285714285715
1140,Olamide Zaccheaus,Phi,WR,L 13-33,3.8,Dal,Away,77.0,12-12-23,14,False,0,179,25,8,0,3.1,0.0,0.0,0.6,13.0,0.2,0.0,0.0,0.0,38.4,0.0,0.0,10.0,164.0,2.0,0.0,0.0,0.0,2.56,0.0,0.0,0.6666666666666666,10.933333333333334,0.13333333333333333,0.0,0.0,2.56
2340,Olamide Zaccheaus,Phi,WR,L 17-20,0.0,Sea,Away,140.0,12-19-23,15,False,0,179,25,28,0,2.7399999999999998,0.0,0.0,0.4,11.4,0.2,0.0,0.0,0.0,38.4,0.0,0.0,10.0,164.0,2.0,0.0,0.0,0.0,2.4,0.0,0.0,0.625,10.25,0.125,0.0,0.0,2.4
1837,Olamide Zaccheaus,Phi,WR,W 33-25,0.0,NYG,Home,144.5,12-26-23,16,False,0,179,25,23,1,2.7399999999999998,0.0,0.0,0.4,11.4,0.2,0.0,0.0,0.0,38.4,0.0,0.0,10.0,164.0,2.0,0.0,0.0,0.0,2.2588235294117647,0.0,0.0,0.5882352941176471,9.647058823529411,0.11764705882352941,0.0,0.0,2.2588235294117647
1971,Parker Washington,Jax,WR,W 26-0,1.2,Car,Home,104.0,01-02-24,17,False,0,180,14,4,1,1.2,0.0,0.0,1.0,2.0,0.0,0.0,0.0,0.0,1.2,0.0,0.0,1.0,2.0,0.0,0.0,0.0,0.0,1.2,0.0,0.0,1.0,2.0,0.0,0.0,0.0,1.2
1316,Parker Washington,Jax,WR,L 20-28,2.1,Ten,Away,95.5,01-09-24,18,False,0,180,14,30,0,1.65,0.0,0.0,1.0,6.5,0.0,0.0,0.0,0.0,3.3,0.0,0.0,2.0,13.0,0.0,0.0,0.0,0.0,1.65,0.0,0.0,1.0,6.5,0.0,0.0,0.0,1.65
146,Parker Washington,Jax,WR,W 23-7,0.0,Atl,Home,143.0,10-03-23,4,False,0,180,14,1,1,1.1,0.0,0.0,0.6666666666666666,4.333333333333333,0.0,0.0,0.0,0.0,3.3000000000000003,0.0,0.0,2.0,13.0,0.0,0.0,0.0,0.0,1.1,0.0,0.0,0.6666666666666666,4.333333333333333,0.0,0.0,0.0,1.1
762,Parker Washington,Jax,WR,W 34-14,0.0,Ten,Home,126.0,11-21-23,11,False,0,180,14,30,1,0.8250000000000001,0.0,0.0,0.5,3.25,0.0,0.0,0.0,0.0,3.3000000000000003,0.0,0.0,2.0,13.0,0.0,0.0,0.0,0.0,0.8250000000000001,0.0,0.0,0.5,3.25,0.0,0.0,0.0,0.8250000000000001
1680,Parker Washington,Jax,WR,W 24-21,0.0,Hou,Away,149.0,11-28-23,12,False,0,180,14,12,0,0.66,0.0,0.0,0.4,2.6,0.0,0.0,0.0,0.0,3.3000000000000003,0.0,0.0,2.0,13.0,0.0,0.0,0.0,0.0,0.66,0.0,0.0,0.4,2.6,0.0,0.0,0.0,0.66
796,Parker Washington,Jax,WR,L 31-34,18.1,Cin,Home,15.0,12-05-23,13,False,0,180,14,6,1,4.040000000000001,0.0,0.0,1.4,14.4,0.2,0.0,0.0,0.0,21.400000000000002,0.0,0.0,8.0,74.0,1.0,0.0,0.0,0.0,3.566666666666667,0.0,0.0,1.3333333333333333,12.333333333333334,0.16666666666666666,0.0,0.0,3.566666666666667
1102,Parker Washington,Jax,WR,L 27-31,8.7,Cle,Away,39.0,12-12-23,14,False,0,180,14,7,0,5.36,0.0,0.0,1.6,17.6,0.4,0.0,0.0,0.0,30.1,0.0,0.0,10.0,101.0,2.0,0.0,0.0,0.0,4.3,0.0,0.0,1.4285714285714286,14.428571428571429,0.2857142857142857,0.0,0.0,4.3
2272,Parker Washington,Jax,WR,L 7-23,5.2,Bal,Home,68.5,12-19-23,15,False,0,180,14,2,1,6.4,0.0,0.0,2.4,20.0,0.4,0.0,0.0,0.0,35.300000000000004,0.0,0.0,14.0,113.0,2.0,0.0,0.0,0.0,4.4125000000000005,0.0,0.0,1.75,14.125,0.25,0.0,0.0,4.4125000000000005
1782,Parker Washington,Jax,WR,L 12-30,3.9,TB,Away,82.5,12-26-23,16,False,0,180,14,29,0,7.18,0.0,0.0,2.8,23.8,0.4,0.0,0.0,0.0,39.2,0.0,0.0,16.0,132.0,2.0,0.0,0.0,0.0,4.355555555555556,0.0,0.0,1.7777777777777777,14.666666666666666,0.2222222222222222,0.0,0.0,4.355555555555556
266,Parris Campbell,NYG,WR,L 0-40,1.2,Dal,Home,105.0,09-12-23,1,False,0,181,23,8,1,1.2,0.0,0.0,1.0,2.0,0.0,0.0,0.0,0.0,1.2,0.0,0.0,1.0,2.0,0.0,0.0,0.0,0.0,1.2,0.0,0.0,1.0,2.0,0.0,0.0,0.0,1.2
2107,Parris Campbell,NYG,WR,W 31-28,6.1,Ari,Away,72.0,09-19-23,2,False,0,181,23,0,0,3.65,0.0,0.0,2.5,11.5,0.0,0.0,0.0,0.0,7.3,0.0,0.0,5.0,23.0,0.0,0.0,0.0,0.0,3.65,0.0,0.0,2.5,11.5,0.0,0.0,0.0,3.65
379,Parris Campbell,NYG,WR,L 12-30,8.4,SF,Away,55.5,09-26-23,3,False,0,181,23,27,0,5.233333333333333,0.0,0.0,3.6666666666666665,15.666666666666666,0.0,0.0,0.0,0.0,15.7,0.0,0.0,11.0,47.0,0.0,0.0,0.0,0.0,5.233333333333333,0.0,0.0,3.6666666666666665,15.666666666666666,0.0,0.0,0.0,5.233333333333333
75,Parris Campbell,NYG,WR,L 3-24,4.5,Sea,Home,76.0,10-03-23,4,False,0,181,23,28,1,5.050000000000001,0.0,0.0,3.5,15.5,0.0,0.0,0.0,0.0,20.200000000000003,0.0,0.0,14.0,62.0,0.0,0.0,0.0,0.0,5.050000000000001,0.0,0.0,3.5,15.5,0.0,0.0,0.0,5.050000000000001
551,Parris Campbell,NYG,WR,L 16-31,4.3,Mia,Away,64.0,10-10-23,5,False,0,181,23,19,0,4.9,0.0,0.0,3.2,17.0,0.0,0.0,0.0,0.0,24.5,0.0,0.0,16.0,85.0,0.0,0.0,0.0,0.0,4.9,0.0,0.0,3.2,17.0,0.0,0.0,0.0,4.9
2777,Parris Campbell,NYG,WR,L 9-14,0.0,Buf,Away,128.0,10-17-23,6,False,0,181,23,3,0,4.66,0.0,0.0,3.0,16.6,0.0,0.0,0.0,0.0,24.5,0.0,0.0,16.0,85.0,0.0,0.0,0.0,0.0,4.083333333333333,0.0,0.0,2.6666666666666665,14.166666666666666,0.0,0.0,0.0,4.083333333333333
2639,Parris Campbell,NYG,WR,W 14-7,0.0,Wsh,Home,116.0,10-24-23,7,False,0,181,23,31,1,3.44,0.0,0.0,2.2,12.4,0.0,0.0,0.0,0.0,24.5,0.0,0.0,16.0,85.0,0.0,0.0,0.0,0.0,3.5,0.0,0.0,2.2857142857142856,12.142857142857142,0.0,0.0,0.0,3.5
2488,Parris Campbell,NYG,WR,L 10-13,0.0,NYJ,Home,138.0,10-31-23,8,False,0,181,23,24,1,1.7600000000000002,0.0,0.0,1.0,7.6,0.0,0.0,0.0,0.0,24.5,0.0,0.0,16.0,85.0,0.0,0.0,0.0,0.0,3.0625,0.0,0.0,2.0,10.625,0.0,0.0,0.0,3.0625
992,Parris Campbell,NYG,WR,L 6-30,3.5,LV,Away,76.5,11-07-23,9,False,0,181,23,18,0,1.5600000000000003,0.0,0.0,0.8,7.6,0.0,0.0,0.0,0.0,28.0,0.0,0.0,18.0,100.0,0.0,0.0,0.0,0.0,3.111111111111111,0.0,0.0,2.0,11.11111111111111,0.0,0.0,0.0,3.111111111111111
1483,Parris Campbell,NYG,WR,L 17-49,1.6,Dal,Away,99.5,11-14-23,10,False,0,181,23,8,0,1.0200000000000002,0.0,0.0,0.6,4.2,0.0,0.0,0.0,0.0,29.6,0.0,0.0,19.0,106.0,0.0,0.0,0.0,0.0,2.96,0.0,0.0,1.9,10.6,0.0,0.0,0.0,2.96
740,Parris Campbell,NYG,WR,W 31-19,0.0,Wsh,Away,126.0,11-21-23,11,False,0,181,23,31,0,1.0200000000000002,0.0,0.0,0.6,4.2,0.0,0.0,0.0,0.0,29.6,0.0,0.0,19.0,106.0,0.0,0.0,0.0,0.0,2.690909090909091,0.0,0.0,1.7272727272727273,9.636363636363637,0.0,0.0,0.0,2.690909090909091
1652,Parris Campbell,NYG,WR,W 10-7,0.8,NE,Home,124.0,11-28-23,12,False,0,181,23,21,1,1.1800000000000004,0.0,0.0,0.8,3.8,0.0,0.0,0.0,0.0,30.400000000000002,0.0,0.0,20.0,104.0,0.0,0.0,0.0,0.0,2.5333333333333337,0.0,0.0,1.6666666666666667,8.666666666666666,0.0,0.0,0.0,2.5333333333333337
2023,Phillip Dorsett,Den,WR,W 16-9,0.0,LAC,Home,137.5,01-02-24,17,False,0,182,9,16,1,0.0,0.0,0.0,0.0,0.0,0.0,0.0,0.0,0.0,0.0,0.0,0.0,0.0,0.0,0.0,0.0,0.0,0.0,0.0,0.0,0.0,0.0,0.0,0.0,0.0,0.0,0.0
319,Phillip Dorsett,Den,WR,L 16-17,0.0,LV,Home,135.0,09-12-23,1,False,0,182,9,18,1,0.0,0.0,0.0,0.0,0.0,0.0,0.0,0.0,0.0,0.0,0.0,0.0,0.0,0.0,0.0,0.0,0.0,0.0,0.0,0.0,0.0,0.0,0.0,0.0,0.0,0.0,0.0
1879,Puka Nacua,LAR,WR,W 26-25,18.7,NYG,Away,12.0,01-02-24,17,False,0,183,17,23,0,18.7,0.0,0.0,5.0,118.0,0.0,2.0,19.0,0.0,18.7,0.0,0.0,5.0,118.0,0.0,2.0,19.0,0.0,18.7,0.0,0.0,5.0,118.0,0.0,2.0,19.0,18.7
1248,Puka Nacua,LAR,WR,W 21-20,14.1,SF,Away,27.0,01-09-24,18,False,0,183,17,27,0,16.4,0.0,0.0,4.5,79.5,0.5,1.0,9.5,0.0,32.8,0.0,0.0,9.0,159.0,1.0,2.0,19.0,0.0,16.4,0.0,0.0,4.5,79.5,0.5,1.0,9.5,16.4
170,Puka Nacua,LAR,WR,W 30-13,21.9,Sea,Away,9.0,09-12-23,1,False,0,183,17,28,0,18.23333333333333,0.0,0.0,6.333333333333333,92.66666666666667,0.3333333333333333,0.6666666666666666,6.333333333333333,0.0,54.699999999999996,0.0,0.0,19.0,278.0,1.0,2.0,19.0,0.0,18.23333333333333,0.0,0.0,6.333333333333333,92.66666666666667,0.3333333333333333,0.6666666666666666,6.333333333333333,18.23333333333333
2037,Puka Nacua,LAR,WR,L 23-30,30.1,SF,Home,2.0,09-19-23,2,False,0,183,17,27,1,21.2,0.0,0.0,8.5,106.25,0.25,1.0,5.75,0.0,84.8,0.0,0.0,34.0,425.0,1.0,4.0,23.0,0.0,21.2,0.0,0.0,8.5,106.25,0.25,1.0,5.75,21.2
359,Puka Nacua,LAR,WR,L 16-19,12.2,Cin,Away,36.0,09-26-23,3,False,0,183,17,6,0,19.4,0.0,0.0,7.8,99.4,0.2,0.8,4.6,0.0,97.0,0.0,0.0,39.0,497.0,1.0,4.0,23.0,0.0,19.4,0.0,0.0,7.8,99.4,0.2,0.8,4.6,19.4
3,Puka Nacua,LAR,WR,W 29-23,31.3,Ind,Away,4.0,10-03-23,4,False,0,183,17,13,0,21.919999999999998,0.0,0.0,8.6,108.4,0.4,0.4,0.8,0.0,128.3,0.0,0.0,48.0,660.0,2.0,4.0,23.0,0.0,21.383333333333336,0.0,0.0,8.0,110.0,0.3333333333333333,0.6666666666666666,3.8333333333333335,21.383333333333336
498,Puka Nacua,LAR,WR,L 14-23,20.1,Phi,Home,11.0,10-10-23,5,False,0,183,17,25,1,23.119999999999997,0.0,0.0,9.2,114.4,0.4,0.4,0.8,0.0,148.4,0.0,0.0,55.0,731.0,3.0,4.0,23.0,0.0,21.2,0.0,0.0,7.857142857142857,104.42857142857143,0.42857142857142855,0.5714285714285714,3.2857142857142856,21.2
2727,Puka Nacua,LAR,WR,W 26-9,6.6,Ari,Home,57.0,10-17-23,6,False,0,183,17,0,1,20.06,0.0,0.0,8.0,95.8,0.4,0.4,0.8,0.0,155.0,0.0,0.0,59.0,757.0,3.0,4.0,23.0,0.0,19.375,0.0,0.0,7.375,94.625,0.375,0.5,2.875,19.375
2542,Puka Nacua,LAR,WR,L 17-24,23.4,Pit,Home,5.0,10-24-23,7,False,0,183,17,26,1,18.72,0.0,0.0,6.6,97.2,0.4,0.0,0.0,0.0,178.4,0.0,0.0,67.0,911.0,3.0,4.0,23.0,0.0,19.822222222222223,0.0,0.0,7.444444444444445,101.22222222222223,0.3333333333333333,0.4444444444444444,2.5555555555555554,19.822222222222223
2433,Puka Nacua,LAR,WR,L 20-43,7.3,Dal,Away,61.5,10-31-23,8,False,0,183,17,8,0,17.740000000000002,0.0,0.0,6.2,91.4,0.4,0.0,0.0,0.0,185.7,0.0,0.0,70.0,954.0,3.0,4.0,23.0,0.0,18.57,0.0,0.0,7.0,95.4,0.3,0.4,2.3,18.57
970,Puka Nacua,LAR,WR,L 3-20,6.2,GB,Away,54.5,11-07-23,9,False,0,183,17,11,0,12.72,0.0,0.0,5.0,65.2,0.2,0.0,0.0,0.0,191.9,0.0,0.0,73.0,986.0,3.0,4.0,23.0,0.0,17.445454545454545,0.0,0.0,6.636363636363637,89.63636363636364,0.2727272727272727,0.36363636363636365,2.090909090909091,17.445454545454545
643,Puka Nacua,LAR,WR,W 17-16,18.7,Sea,Home,12.0,11-21-23,11,False,0,183,17,28,1,12.440000000000001,0.0,0.0,4.6,65.0,0.2,0.2,1.4,0.0,210.6,0.0,0.0,78.0,1056.0,4.0,5.0,30.0,0.0,17.55,0.0,0.0,6.5,88.0,0.3333333333333333,0.4166666666666667,2.5,17.55
1590,Puka Nacua,LAR,WR,W 37-14,6.7,Ari,Away,63.0,11-28-23,12,False,0,183,17,0,0,12.459999999999999,0.0,0.0,4.6,65.2,0.2,0.2,1.4,0.0,217.3,0.0,0.0,82.0,1083.0,4.0,5.0,30.0,0.0,16.715384615384615,0.0,0.0,6.3076923076923075,83.3076923076923,0.3076923076923077,0.38461538461538464,2.3076923076923075,16.715384615384615
792,Puka Nacua,LAR,WR,W 36-19,23.9,Cle,Home,11.0,12-05-23,13,False,0,183,17,7,1,12.559999999999999,0.0,0.0,3.8,55.4,0.4,0.6,8.2,0.0,241.2,0.0,0.0,86.0,1188.0,5.0,7.0,64.0,0.0,17.228571428571428,0.0,0.0,6.142857142857143,84.85714285714286,0.35714285714285715,0.5,4.571428571428571,17.228571428571428
1082,Puka Nacua,LAR,WR,L 31-37,14.0,Bal,Away,19.0,12-12-23,14,False,0,183,17,2,0,13.9,0.0,0.0,4.2,63.6,0.4,0.8,9.4,0.0,255.2,0.0,0.0,91.0,1272.0,5.0,8.0,70.0,0.0,17.013333333333332,0.0,0.0,6.066666666666666,84.8,0.3333333333333333,0.5333333333333333,4.666666666666667,17.013333333333332
2240,Puka Nacua,LAR,WR,W 28-20,10.3,Wsh,Home,37.0,12-19-23,15,False,0,183,17,31,1,14.719999999999999,0.0,0.0,4.6,67.2,0.4,1.2,10.0,0.0,265.5,0.0,0.0,96.0,1322.0,5.0,10.0,73.0,0.0,16.59375,0.0,0.0,6.0,82.625,0.3125,0.625,4.5625,16.59375
1702,Puka Nacua,LAR,WR,W 30-22,33.0,NO,Home,3.0,12-26-23,16,False,0,183,17,22,1,17.58,0.0,0.0,5.4,86.0,0.4,1.4,11.8,0.0,298.5,0.0,0.0,105.0,1486.0,6.0,12.0,89.0,0.0,17.558823529411764,0.0,0.0,6.176470588235294,87.41176470588235,0.35294117647058826,0.7058823529411765,5.235294117647059,17.558823529411764
1929,Quentin Johnston,LAC,WR,L 9-16,5.9,Den,Away,62.0,01-02-24,17,False,0,184,16,9,0,5.9,0.0,0.0,3.0,29.0,0.0,0.0,0.0,0.0,5.9,0.0,0.0,3.0,29.0,0.0,0.0,0.0,0.0,5.9,0.0,0.0,3.0,29.0,0.0,0.0,0.0,5.9
1293,Quentin Johnston,LAC,WR,L 12-13,4.3,KC,Home,72.5,01-09-24,18,False,0,184,16,15,1,5.1,0.0,0.0,2.5,23.0,0.0,0.5,3.0,0.0,10.2,0.0,0.0,5.0,46.0,0.0,1.0,6.0,0.0,5.1,0.0,0.0,2.5,23.0,0.0,0.5,3.0,5.1
252,Quentin Johnston,LAC,WR,L 34-36,2.9,Mia,Home,91.5,09-12-23,1,False,0,184,16,19,1,4.366666666666666,0.0,0.0,2.3333333333333335,18.333333333333332,0.0,0.3333333333333333,2.0,0.0,13.1,0.0,0.0,7.0,55.0,0.0,1.0,6.0,0.0,4.366666666666666,0.0,0.0,2.3333333333333335,18.333333333333332,0.0,0.3333333333333333,2.0,4.366666666666666
2141,Quentin Johnston,LAC,WR,L 24-27,1.7,Ten,Away,107.5,09-19-23,2,False,0,184,16,30,0,3.7,0.0,0.0,2.0,15.5,0.0,0.25,1.5,0.0,14.8,0.0,0.0,8.0,62.0,0.0,1.0,6.0,0.0,3.7,0.0,0.0,2.0,15.5,0.0,0.25,1.5,3.7
417,Quentin Johnston,LAC,WR,W 28-24,3.0,Min,Away,94.5,09-26-23,3,False,0,184,16,20,0,3.56,0.0,0.0,2.0,14.4,0.0,0.2,1.2,0.0,17.8,0.0,0.0,10.0,72.0,0.0,1.0,6.0,0.0,3.56,0.0,0.0,2.0,14.4,0.0,0.2,1.2,3.56
92,Quentin Johnston,LAC,WR,W 24-17,2.8,LV,Home,94.0,10-03-23,4,False,0,184,16,18,1,2.94,0.0,0.0,1.6,12.2,0.0,0.2,1.2,0.0,20.6,0.0,0.0,11.0,90.0,0.0,1.0,6.0,0.0,3.4333333333333336,0.0,0.0,1.8333333333333333,15.0,0.0,0.16666666666666666,1.0,3.4333333333333336
2773,Quentin Johnston,LAC,WR,L 17-20,0.0,Dal,Home,128.0,10-17-23,6,False,0,184,16,8,1,2.0799999999999996,0.0,0.0,1.2,8.8,0.0,0.0,0.0,0.0,20.6,0.0,0.0,11.0,90.0,0.0,1.0,6.0,0.0,2.942857142857143,0.0,0.0,1.5714285714285714,12.857142857142858,0.0,0.14285714285714285,0.8571428571428571,2.942857142857143
2614,Quentin Johnston,LAC,WR,L 17-31,3.0,KC,Away,77.0,10-24-23,7,False,0,184,16,15,0,2.1,0.0,0.0,1.0,11.0,0.0,0.0,0.0,0.0,23.6,0.0,0.0,12.0,110.0,0.0,1.0,6.0,0.0,2.95,0.0,0.0,1.5,13.75,0.0,0.125,0.75,2.95
2419,Quentin Johnston,LAC,WR,W 30-13,10.0,Chi,Home,47.0,10-31-23,8,False,0,184,16,5,1,3.7599999999999993,0.0,0.0,1.8,19.6,0.0,0.0,0.0,0.0,33.6,0.0,0.0,17.0,160.0,0.0,1.0,6.0,0.0,3.7333333333333334,0.0,0.0,1.8888888888888888,17.77777777777778,0.0,0.1111111111111111,0.6666666666666666,3.7333333333333334
991,Quentin Johnston,LAC,WR,W 27-6,3.6,NYJ,Away,74.5,11-07-23,9,False,0,184,16,24,0,3.88,0.0,0.0,1.8,20.4,0.0,0.2,0.4,0.0,37.2,0.0,0.0,19.0,174.0,0.0,2.0,8.0,0.0,3.72,0.0,0.0,1.9,17.4,0.0,0.2,0.8,3.72
1410,Quentin Johnston,LAC,WR,L 38-41,13.4,Det,Home,26.5,11-14-23,10,False,0,184,16,10,1,6.0,0.0,0.0,2.4,23.6,0.2,0.2,0.4,0.0,50.6,0.0,0.0,23.0,208.0,1.0,2.0,8.0,0.0,4.6000000000000005,0.0,0.0,2.090909090909091,18.90909090909091,0.09090909090909091,0.18181818181818182,0.7272727272727273,4.6000000000000005
702,Quentin Johnston,LAC,WR,L 20-23,4.1,GB,Away,71.0,11-21-23,11,False,0,184,16,11,0,6.82,0.0,0.0,2.8,27.8,0.2,0.2,0.4,0.0,54.7,0.0,0.0,25.0,229.0,1.0,2.0,8.0,0.0,4.558333333333334,0.0,0.0,2.0833333333333335,19.083333333333332,0.08333333333333333,0.16666666666666666,0.6666666666666666,4.558333333333334
1637,Quentin Johnston,LAC,WR,L 10-20,1.7,Bal,Home,110.0,11-28-23,12,False,0,184,16,2,1,6.5600000000000005,0.0,0.0,2.8,25.2,0.2,0.2,0.4,0.0,56.4,0.0,0.0,26.0,236.0,1.0,2.0,8.0,0.0,4.338461538461538,0.0,0.0,2.0,18.153846153846153,0.07692307692307693,0.15384615384615385,0.6153846153846154,4.338461538461538
818,Quentin Johnston,LAC,WR,W 6-0,10.2,NE,Away,36.5,12-05-23,13,False,0,184,16,21,0,6.6,0.0,0.0,2.8,25.6,0.2,0.2,0.4,0.0,66.6,0.0,0.0,31.0,288.0,1.0,2.0,8.0,0.0,4.757142857142857,0.0,0.0,2.2142857142857144,20.571428571428573,0.07142857142857142,0.14285714285714285,0.5714285714285714,4.757142857142857
1094,Quentin Johnston,LAC,WR,L 7-24,12.1,Den,Home,31.0,12-12-23,14,False,0,184,16,9,1,8.3,0.0,0.0,3.0,41.0,0.2,0.0,0.0,0.0,78.7,0.0,0.0,34.0,379.0,1.0,2.0,8.0,0.0,5.246666666666667,0.0,0.0,2.2666666666666666,25.266666666666666,0.06666666666666667,0.13333333333333333,0.5333333333333333,5.246666666666667
2241,Quentin Johnston,LAC,WR,L 21-63,10.3,LV,Away,37.0,12-19-23,15,False,0,184,16,18,0,7.68,0.0,0.0,2.6,38.8,0.2,0.0,0.0,0.0,89.0,0.0,0.0,36.0,402.0,2.0,2.0,8.0,0.0,5.5625,0.0,0.0,2.25,25.125,0.125,0.125,0.5,5.5625
1775,Quentin Johnston,LAC,WR,L 22-24,5.0,Buf,Home,76.0,12-26-23,16,False,0,184,16,3,1,7.859999999999999,0.0,0.0,2.6,40.4,0.2,0.2,0.2,0.0,94.0,0.0,0.0,38.0,431.0,2.0,3.0,9.0,0.0,5.529411764705882,0.0,0.0,2.235294117647059,25.352941176470587,0.11764705882352941,0.17647058823529413,0.5294117647058824,5.529411764705882
1227,Quez Watkins,Phi,WR,L 10-27,23.3,NYG,Away,6.0,01-09-24,18,False,0,185,25,23,0,23.3,0.0,0.0,8.0,93.0,1.0,0.0,0.0,0.0,23.3,0.0,0.0,8.0,93.0,1.0,0.0,0.0,0.0,23.3,0.0,0.0,8.0,93.0,1.0,0.0,0.0,23.3
245,Quez Watkins,Phi,WR,W 25-20,3.7,NE,Away,83.5,09-12-23,1,False,0,185,25,21,0,13.5,0.0,0.0,5.0,55.0,0.5,0.0,0.0,0.0,27.0,0.0,0.0,10.0,110.0,1.0,0.0,0.0,0.0,13.5,0.0,0.0,5.0,55.0,0.5,0.0,0.0,13.5
2168,Quez Watkins,Phi,WR,W 34-28,0.0,Min,Home,145.0,09-19-23,2,False,0,185,25,20,1,9.0,0.0,0.0,3.3333333333333335,36.666666666666664,0.3333333333333333,0.0,0.0,0.0,27.0,0.0,0.0,10.0,110.0,1.0,0.0,0.0,0.0,9.0,0.0,0.0,3.3333333333333335,36.666666666666664,0.3333333333333333,0.0,0.0,9.0
567,Quez Watkins,Phi,WR,W 23-14,2.4,LAR,Away,80.0,10-10-23,5,False,0,185,25,17,0,7.3500000000000005,0.0,0.0,3.0,28.5,0.25,0.0,0.0,0.0,29.400000000000002,0.0,0.0,12.0,114.0,1.0,0.0,0.0,0.0,7.3500000000000005,0.0,0.0,3.0,28.5,0.25,0.0,0.0,7.3500000000000005
1659,Quez Watkins,Phi,WR,W 37-34,0.0,Buf,Home,149.0,11-28-23,12,False,0,185,25,3,1,5.880000000000001,0.0,0.0,2.4,22.8,0.2,0.0,0.0,0.0,29.400000000000002,0.0,0.0,12.0,114.0,1.0,0.0,0.0,0.0,5.880000000000001,0.0,0.0,2.4,22.8,0.2,0.0,0.0,5.880000000000001
830,Quez Watkins,Phi,WR,L 19-42,5.8,SF,Home,49.0,12-05-23,13,False,0,185,25,27,1,2.38,0.0,0.0,1.4,9.8,0.0,0.0,0.0,0.0,35.2,0.0,0.0,15.0,142.0,1.0,0.0,0.0,0.0,5.866666666666667,0.0,0.0,2.5,23.666666666666668,0.16666666666666666,0.0,0.0,5.866666666666667
1187,Quez Watkins,Phi,WR,L 13-33,0.0,Dal,Away,134.0,12-12-23,14,False,0,185,25,8,0,1.64,0.0,0.0,1.0,6.4,0.0,0.0,0.0,0.0,35.2,0.0,0.0,15.0,142.0,1.0,0.0,0.0,0.0,5.028571428571429,0.0,0.0,2.142857142857143,20.285714285714285,0.14285714285714285,0.0,0.0,5.028571428571429
2335,Quez Watkins,Phi,WR,L 17-20,0.0,Sea,Away,140.0,12-19-23,15,False,0,185,25,28,0,1.64,0.0,0.0,1.0,6.4,0.0,0.0,0.0,0.0,35.2,0.0,0.0,15.0,142.0,1.0,0.0,0.0,0.0,4.4,0.0,0.0,1.875,17.75,0.125,0.0,0.0,4.4
1834,Quez Watkins,Phi,WR,W 33-25,0.0,NYG,Home,144.5,12-26-23,16,False,0,185,25,23,1,1.1600000000000001,0.0,0.0,0.6,5.6,0.0,0.0,0.0,0.0,35.2,0.0,0.0,15.0,142.0,1.0,0.0,0.0,0.0,3.9111111111111114,0.0,0.0,1.6666666666666667,15.777777777777779,0.1111111111111111,0.0,0.0,3.9111111111111114
317,Rakim Jarrett,TB,WR,W 20-17,0.0,Min,Away,135.0,09-12-23,1,False,0,186,29,20,0,0.0,0.0,0.0,0.0,0.0,0.0,1.0,0.0,0.0,0.0,0.0,0.0,0.0,0.0,0.0,1.0,0.0,0.0,0.0,0.0,0.0,0.0,0.0,0.0,1.0,0.0,0.0
2144,Rakim Jarrett,TB,WR,W 27-17,1.7,Chi,Home,107.5,09-19-23,2,False,0,186,29,5,1,0.85,0.0,0.0,0.5,3.5,0.0,0.5,0.0,0.0,1.7,0.0,0.0,1.0,7.0,0.0,1.0,0.0,0.0,0.85,0.0,0.0,0.5,3.5,0.0,0.5,0.0,0.85
477,Rakim Jarrett,TB,WR,L 11-25,0.0,Phi,Home,141.0,09-26-23,3,False,0,186,29,25,1,0.5666666666666667,0.0,0.0,0.3333333333333333,2.3333333333333335,0.0,0.3333333333333333,0.0,0.0,1.7,0.0,0.0,1.0,7.0,0.0,1.0,0.0,0.0,0.5666666666666667,0.0,0.0,0.3333333333333333,2.3333333333333335,0.0,0.3333333333333333,0.0,0.5666666666666667
118,Rakim Jarrett,TB,WR,W 26-9,1.3,NO,Away,119.0,10-03-23,4,False,0,186,29,22,0,0.75,0.0,0.0,0.5,2.5,0.0,0.25,0.0,0.0,3.0,0.0,0.0,2.0,10.0,0.0,1.0,0.0,0.0,0.75,0.0,0.0,0.5,2.5,0.0,0.25,0.0,0.75
2819,Rakim Jarrett,TB,WR,L 6-20,0.0,Det,Home,128.0,10-17-23,6,False,0,186,29,10,1,0.6,0.0,0.0,0.4,2.0,0.0,0.2,0.0,0.0,3.0,0.0,0.0,2.0,10.0,0.0,1.0,0.0,0.0,0.6,0.0,0.0,0.4,2.0,0.0,0.2,0.0,0.6
2660,Rakim Jarrett,TB,WR,L 13-16,0.0,Atl,Home,116.0,10-24-23,7,False,0,186,29,1,1,0.6,0.0,0.0,0.4,2.0,0.0,0.0,0.0,0.0,3.0,0.0,0.0,2.0,10.0,0.0,1.0,0.0,0.0,0.5,0.0,0.0,0.3333333333333333,1.6666666666666667,0.0,0.16666666666666666,0.0,0.5
2475,Rakim Jarrett,TB,WR,L 18-24,1.9,Buf,Away,102.5,10-31-23,8,False,0,186,29,3,0,0.64,0.0,0.0,0.4,2.4,0.0,0.0,0.0,0.0,4.9,0.0,0.0,3.0,19.0,0.0,1.0,0.0,0.0,0.7000000000000001,0.0,0.0,0.42857142857142855,2.7142857142857144,0.0,0.14285714285714285,0.0,0.7000000000000001
1052,Rakim Jarrett,TB,WR,L 37-39,0.0,Hou,Away,126.5,11-07-23,9,False,0,186,29,12,0,0.64,0.0,0.0,0.4,2.4,0.0,0.0,0.0,0.0,4.9,0.0,0.0,3.0,19.0,0.0,1.0,0.0,0.0,0.6125,0.0,0.0,0.375,2.375,0.0,0.125,0.0,0.6125
1516,Rakim Jarrett,TB,WR,W 20-6,0.0,Ten,Home,123.5,11-14-23,10,False,0,186,29,30,1,0.38,0.0,0.0,0.2,1.8,0.0,0.0,0.0,0.0,4.9,0.0,0.0,3.0,19.0,0.0,1.0,0.0,0.0,0.5444444444444445,0.0,0.0,0.3333333333333333,2.111111111111111,0.0,0.1111111111111111,0.0,0.5444444444444445
694,Rakim Jarrett,TB,WR,L 14-27,5.1,SF,Away,63.0,11-21-23,11,False,0,186,29,27,0,1.4,0.0,0.0,0.4,10.0,0.0,0.0,0.0,0.0,10.0,0.0,0.0,4.0,60.0,0.0,1.0,0.0,0.0,1.0,0.0,0.0,0.4,6.0,0.0,0.1,0.0,1.0
1989,Randall Cobb,NYJ,WR,L 20-37,0.0,Cle,Away,137.5,01-02-24,17,False,0,187,24,7,0,0.0,0.0,0.0,0.0,0.0,0.0,0.0,0.0,0.0,0.0,0.0,0.0,0.0,0.0,0.0,0.0,0.0,0.0,0.0,0.0,0.0,0.0,0.0,0.0,0.0,0.0,0.0
1332,Randall Cobb,NYJ,WR,W 17-3,1.4,NE,Away,110.0,01-09-24,18,False,0,187,24,21,0,0.7,0.0,0.0,0.5,2.0,0.0,0.0,0.0,0.0,1.4,0.0,0.0,1.0,4.0,0.0,0.0,0.0,0.0,0.7,0.0,0.0,0.5,2.0,0.0,0.0,0.0,0.7
276,Randall Cobb,NYJ,WR,W 22-16,0.0,Buf,Home,135.0,09-12-23,1,False,0,187,24,3,1,0.4666666666666666,0.0,0.0,0.3333333333333333,1.3333333333333333,0.0,0.0,0.0,0.0,1.4,0.0,0.0,1.0,4.0,0.0,0.0,0.0,0.0,0.4666666666666666,0.0,0.0,0.3333333333333333,1.3333333333333333,0.0,0.0,0.0,0.4666666666666666
2167,Randall Cobb,NYJ,WR,L 10-30,0.0,Dal,Away,145.0,09-19-23,2,False,0,187,24,8,0,0.35,0.0,0.0,0.25,1.0,0.0,0.0,0.0,0.0,1.4,0.0,0.0,1.0,4.0,0.0,0.0,0.0,0.0,0.35,0.0,0.0,0.25,1.0,0.0,0.0,0.0,0.35
424,Randall Cobb,NYJ,WR,L 10-15,2.2,NE,Home,101.0,09-26-23,3,False,0,187,24,21,1,0.72,0.0,0.0,0.4,3.2,0.0,0.0,0.0,0.0,3.6,0.0,0.0,2.0,16.0,0.0,0.0,0.0,0.0,0.72,0.0,0.0,0.4,3.2,0.0,0.0,0.0,0.72
93,Randall Cobb,NYJ,WR,L 20-23,2.8,KC,Home,94.0,10-03-23,4,False,0,187,24,15,1,1.28,0.0,0.0,0.8,4.8,0.0,0.0,0.0,0.0,6.4,0.0,0.0,4.0,24.0,0.0,0.0,0.0,0.0,1.0666666666666667,0.0,0.0,0.6666666666666666,4.0,0.0,0.0,0.0,1.0666666666666667
599,Randall Cobb,NYJ,WR,W 31-21,0.0,Den,Away,124.5,10-10-23,5,False,0,187,24,9,0,1.0,0.0,0.0,0.6,4.0,0.0,0.0,0.0,0.0,6.4,0.0,0.0,4.0,24.0,0.0,0.0,0.0,0.0,0.9142857142857144,0.0,0.0,0.5714285714285714,3.4285714285714284,0.0,0.0,0.0,0.9142857142857144
2760,Randall Cobb,NYJ,WR,W 20-14,2.0,Phi,Home,89.0,10-17-23,6,False,0,187,24,25,1,1.4,0.0,0.0,0.6,4.0,0.0,0.0,0.0,0.0,8.4,0.0,0.0,4.0,24.0,0.0,0.0,0.0,0.0,1.05,0.0,0.0,0.5,3.0,0.0,0.0,0.0,1.05
1657,Randall Cobb,NYJ,WR,L 13-34,0.0,Mia,Home,149.0,11-28-23,12,False,0,187,24,19,1,1.4,0.0,0.0,0.6,4.0,0.0,0.0,0.0,0.0,8.4,0.0,0.0,4.0,24.0,0.0,0.0,0.0,0.0,0.9333333333333333,0.0,0.0,0.4444444444444444,2.6666666666666665,0.0,0.0,0.0,0.9333333333333333
1103,Randall Cobb,NYJ,WR,W 30-6,8.5,Hou,Home,40.0,12-12-23,14,False,0,187,24,12,1,2.66,0.0,0.0,0.6,4.6,0.2,0.0,0.0,0.0,16.9,0.0,0.0,5.0,39.0,1.0,0.0,0.0,0.0,1.69,0.0,0.0,0.5,3.9,0.1,0.0,0.0,1.69
2332,Randall Cobb,NYJ,WR,L 0-30,0.0,Mia,Away,140.0,12-19-23,15,False,0,187,24,19,0,2.1,0.0,0.0,0.2,3.0,0.2,0.0,0.0,0.0,16.9,0.0,0.0,5.0,39.0,1.0,0.0,0.0,0.0,1.5363636363636362,0.0,0.0,0.45454545454545453,3.5454545454545454,0.09090909090909091,0.0,0.0,1.5363636363636362
1881,Rashee Rice,KC,WR,W 25-17,17.7,Cin,Home,14.0,01-02-24,17,False,0,188,15,6,1,17.7,0.0,0.0,5.0,127.0,0.0,0.0,0.0,0.0,17.7,0.0,0.0,5.0,127.0,0.0,0.0,0.0,0.0,17.7,0.0,0.0,5.0,127.0,0.0,0.0,0.0,17.7
195,Rashee Rice,KC,WR,L 20-21,11.6,Det,Home,34.0,09-12-23,1,False,0,188,15,10,1,14.649999999999999,0.0,0.0,4.0,78.0,0.5,0.5,-1.5,0.0,29.299999999999997,0.0,0.0,8.0,156.0,1.0,1.0,-3.0,0.0,14.649999999999999,0.0,0.0,4.0,78.0,0.5,0.5,-1.5,14.649999999999999
2125,Rashee Rice,KC,WR,W 17-9,4.0,Jax,Away,90.0,09-19-23,2,False,0,188,15,14,0,11.1,0.0,0.0,3.3333333333333335,58.666666666666664,0.3333333333333333,0.3333333333333333,-1.0,0.0,33.3,0.0,0.0,10.0,176.0,1.0,1.0,-3.0,0.0,11.1,0.0,0.0,3.3333333333333335,58.666666666666664,0.3333333333333333,0.3333333333333333,-1.0,11.1
364,Rashee Rice,KC,WR,W 41-10,10.9,Chi,Home,41.0,09-26-23,3,False,0,188,15,5,1,11.05,0.0,0.0,3.75,58.75,0.25,0.25,-0.75,0.0,44.2,0.0,0.0,15.0,235.0,1.0,1.0,-3.0,0.0,11.05,0.0,0.0,3.75,58.75,0.25,0.25,-0.75,11.05
59,Rashee Rice,KC,WR,W 23-20,6.2,NYJ,Away,60.0,10-03-23,4,False,0,188,15,24,0,10.08,0.0,0.0,3.6,53.4,0.2,0.2,-0.6,0.0,50.4,0.0,0.0,18.0,267.0,1.0,1.0,-3.0,0.0,10.08,0.0,0.0,3.6,53.4,0.2,0.2,-0.6,10.08
510,Rashee Rice,KC,WR,W 27-20,13.3,Min,Away,23.0,10-10-23,5,False,0,188,15,20,0,9.2,0.0,0.0,3.4,34.6,0.4,0.2,-0.6,0.0,63.7,0.0,0.0,22.0,300.0,2.0,1.0,-3.0,0.0,10.616666666666667,0.0,0.0,3.6666666666666665,50.0,0.3333333333333333,0.16666666666666666,-0.5,10.616666666666667
2705,Rashee Rice,KC,WR,W 19-8,11.2,Den,Home,34.0,10-17-23,6,False,0,188,15,9,1,9.120000000000001,0.0,0.0,3.6,43.2,0.2,0.0,0.0,0.0,74.9,0.0,0.0,26.0,372.0,2.0,1.0,-3.0,0.0,10.700000000000001,0.0,0.0,3.7142857142857144,53.142857142857146,0.2857142857142857,0.14285714285714285,-0.42857142857142855,10.700000000000001
2551,Rashee Rice,KC,WR,W 31-17,17.0,LAC,Home,14.0,10-24-23,7,False,0,188,15,16,1,11.72,0.0,0.0,4.2,51.2,0.4,0.0,0.0,0.0,91.9,0.0,0.0,31.0,432.0,3.0,1.0,-3.0,0.0,11.4875,0.0,0.0,3.875,54.0,0.375,0.125,-0.375,11.4875
2422,Rashee Rice,KC,WR,L 9-24,9.6,Den,Away,49.5,10-31-23,8,False,0,188,15,9,0,11.46,0.0,0.0,4.0,50.6,0.4,0.0,0.0,0.0,101.5,0.0,0.0,35.0,488.0,3.0,1.0,-3.0,0.0,11.277777777777779,0.0,0.0,3.888888888888889,54.22222222222222,0.3333333333333333,0.1111111111111111,-0.3333333333333333,11.277777777777779
948,Rashee Rice,KC,WR,W 21-14,9.7,Mia,Home,32.5,11-07-23,9,False,0,188,15,19,1,12.16,0.0,0.0,3.8,47.6,0.6,0.0,0.0,0.0,111.2,0.0,0.0,37.0,505.0,4.0,1.0,-3.0,0.0,11.120000000000001,0.0,0.0,3.7,50.5,0.4,0.1,-0.3,11.120000000000001
674,Rashee Rice,KC,WR,L 17-21,8.2,Phi,Home,43.0,11-21-23,11,False,0,188,15,25,1,11.14,0.0,0.0,3.8,49.4,0.4,0.0,0.0,0.0,119.39999999999999,0.0,0.0,41.0,547.0,4.0,1.0,-3.0,0.0,10.854545454545454,0.0,0.0,3.727272727272727,49.72727272727273,0.36363636363636365,0.09090909090909091,-0.2727272727272727,10.854545454545454
1531,Rashee Rice,KC,WR,W 31-17,24.7,LV,Away,3.0,11-28-23,12,False,0,188,15,18,0,13.839999999999998,0.0,0.0,4.6,56.4,0.6,0.0,0.0,0.0,144.1,0.0,0.0,49.0,654.0,5.0,1.0,-3.0,0.0,12.008333333333333,0.0,0.0,4.083333333333333,54.5,0.4166666666666667,0.08333333333333333,-0.25,12.008333333333333
803,Rashee Rice,KC,WR,L 19-27,14.4,GB,Away,22.0,12-05-23,13,False,0,188,15,11,0,13.319999999999999,0.0,0.0,5.2,57.2,0.4,0.0,0.0,0.0,158.5,0.0,0.0,57.0,718.0,5.0,1.0,-3.0,0.0,12.192307692307692,0.0,0.0,4.384615384615385,55.23076923076923,0.38461538461538464,0.07692307692307693,-0.23076923076923078,12.192307692307692
1075,Rashee Rice,KC,WR,L 17-20,18.2,Buf,Home,12.0,12-12-23,14,False,0,188,15,3,1,15.039999999999997,0.0,0.0,5.8,60.4,0.6,0.0,0.0,0.0,176.7,0.0,0.0,64.0,790.0,6.0,1.0,-3.0,0.0,12.62142857142857,0.0,0.0,4.571428571428571,56.42857142857143,0.42857142857142855,0.07142857142857142,-0.21428571428571427,12.62142857142857
2212,Rashee Rice,KC,WR,W 27-17,24.1,NE,Away,7.5,12-19-23,15,False,0,188,15,21,0,17.919999999999998,0.0,0.0,7.2,75.2,0.6,0.0,0.0,0.0,200.8,0.0,0.0,73.0,881.0,7.0,1.0,-3.0,0.0,13.386666666666667,0.0,0.0,4.866666666666666,58.733333333333334,0.4666666666666667,0.06666666666666667,-0.2,13.386666666666667
1734,Rashee Rice,KC,WR,L 14-20,11.7,LV,Home,35.0,12-26-23,16,False,0,188,15,18,1,18.62,0.0,0.0,7.6,78.2,0.6,0.0,0.0,0.0,212.5,0.0,0.0,79.0,938.0,7.0,1.0,-3.0,0.0,13.28125,0.0,0.0,4.9375,58.625,0.4375,0.0625,-0.1875,13.28125
1946,Rashid Shaheed,NO,WR,W 23-13,3.4,TB,Away,79.0,01-02-24,17,False,0,189,22,29,0,3.4,0.0,0.0,2.0,14.0,0.0,0.0,0.0,0.0,3.4,0.0,0.0,2.0,14.0,0.0,0.0,0.0,0.0,3.4,0.0,0.0,2.0,14.0,0.0,0.0,0.0,3.4
1244,Rashid Shaheed,NO,WR,W 48-17,15.5,Atl,Home,23.5,01-09-24,18,False,0,189,22,1,1,9.45,0.0,0.0,2.5,39.5,0.5,0.0,0.0,0.0,18.9,0.0,0.0,5.0,79.0,1.0,0.0,0.0,0.0,9.45,0.0,0.0,2.5,39.5,0.5,0.0,0.0,9.45
173,Rashid Shaheed,NO,WR,W 16-15,19.0,Ten,Home,12.0,09-12-23,1,False,0,189,22,30,1,12.633333333333333,0.0,0.0,3.3333333333333335,56.0,0.6666666666666666,0.6666666666666666,3.6666666666666665,0.0,37.9,0.0,0.0,10.0,168.0,2.0,2.0,11.0,0.0,12.633333333333333,0.0,0.0,3.3333333333333335,56.0,0.6666666666666666,0.6666666666666666,3.6666666666666665,12.633333333333333
2089,Rashid Shaheed,NO,WR,W 20-17,10.3,Car,Away,54.0,09-19-23,2,False,0,189,22,4,0,12.05,0.0,0.0,3.5,57.75,0.5,0.5,2.75,0.0,48.2,0.0,0.0,14.0,231.0,2.0,2.0,11.0,0.0,12.05,0.0,0.0,3.5,57.75,0.5,0.5,2.75,12.05
399,Rashid Shaheed,NO,WR,L 17-18,6.0,GB,Away,75.5,09-26-23,3,False,0,189,22,11,0,10.84,0.0,0.0,2.8,46.2,0.4,0.6,2.2,0.0,54.2,0.0,0.0,14.0,231.0,2.0,3.0,11.0,0.0,10.84,0.0,0.0,2.8,46.2,0.4,0.6,2.2,10.84
58,Rashid Shaheed,NO,WR,L 9-26,6.3,TB,Home,59.0,10-03-23,4,False,0,189,22,29,1,11.42,0.0,0.0,3.0,50.0,0.4,0.6,2.2,0.0,60.5,0.0,0.0,17.0,264.0,2.0,3.0,11.0,0.0,10.083333333333334,0.0,0.0,2.8333333333333335,44.0,0.3333333333333333,0.5,1.8333333333333333,10.083333333333334
549,Rashid Shaheed,NO,WR,W 34-0,4.8,NE,Away,62.5,10-10-23,5,False,0,189,22,21,0,9.28,0.0,0.0,2.8,42.6,0.2,0.6,2.2,0.0,65.3,0.0,0.0,19.0,292.0,2.0,3.0,11.0,0.0,9.328571428571427,0.0,0.0,2.7142857142857144,41.714285714285715,0.2857142857142857,0.42857142857142855,1.5714285714285714,9.328571428571427
2683,Rashid Shaheed,NO,WR,L 13-20,18.3,Hou,Away,12.0,10-17-23,6,False,0,189,22,12,0,9.14,0.0,0.0,2.2,41.8,0.2,0.6,3.6,0.0,83.6,0.0,0.0,21.0,377.0,3.0,5.0,29.0,0.0,10.45,0.0,0.0,2.625,47.125,0.375,0.625,3.625,10.45
2589,Rashid Shaheed,NO,WR,L 24-31,7.2,Jax,Home,52.0,10-24-23,7,False,0,189,22,14,1,8.520000000000001,0.0,0.0,2.2,34.8,0.2,0.8,4.4,0.0,90.8,0.0,0.0,25.0,405.0,3.0,6.0,33.0,0.0,10.088888888888889,0.0,0.0,2.7777777777777777,45.0,0.3333333333333333,0.6666666666666666,3.6666666666666665,10.088888888888889
2380,Rashid Shaheed,NO,WR,W 38-27,24.3,Ind,Away,8.0,10-31-23,8,False,0,189,22,13,0,12.180000000000001,0.0,0.0,2.8,65.4,0.4,0.6,4.4,0.0,115.1,0.0,0.0,28.0,558.0,4.0,6.0,33.0,0.0,11.51,0.0,0.0,2.8,55.8,0.4,0.6,3.3,11.51
978,Rashid Shaheed,NO,WR,W 24-17,5.2,Chi,Home,63.0,11-07-23,9,False,0,189,22,5,1,11.96,0.0,0.0,2.8,63.2,0.4,0.6,4.4,0.0,120.3,0.0,0.0,31.0,580.0,4.0,6.0,33.0,0.0,10.936363636363636,0.0,0.0,2.8181818181818183,52.72727272727273,0.36363636363636365,0.5454545454545454,3.0,10.936363636363636
1429,Rashid Shaheed,NO,WR,L 19-27,7.4,Min,Away,45.0,11-14-23,10,False,0,189,22,20,0,12.48,0.0,0.0,3.4,62.4,0.4,0.6,4.4,0.0,127.7,0.0,0.0,36.0,604.0,4.0,6.0,33.0,0.0,10.641666666666667,0.0,0.0,3.0,50.333333333333336,0.3333333333333333,0.5,2.75,10.641666666666667
1625,Rashid Shaheed,NO,WR,L 15-24,2.9,Atl,Away,97.0,11-28-23,12,False,0,189,22,1,0,9.4,0.0,0.0,3.4,47.2,0.2,0.2,0.8,0.0,130.6,0.0,0.0,38.0,613.0,4.0,6.0,33.0,0.0,10.046153846153846,0.0,0.0,2.923076923076923,47.15384615384615,0.3076923076923077,0.46153846153846156,2.5384615384615383,10.046153846153846
2262,Rashid Shaheed,NO,WR,W 24-6,6.6,NYG,Home,58.0,12-19-23,15,False,0,189,22,23,1,9.28,0.0,0.0,3.2,48.8,0.2,0.0,0.0,0.0,137.2,0.0,0.0,41.0,649.0,4.0,6.0,33.0,0.0,9.799999999999999,0.0,0.0,2.9285714285714284,46.357142857142854,0.2857142857142857,0.42857142857142855,2.357142857142857,9.799999999999999
1716,Rashid Shaheed,NO,WR,L 22-30,18.4,LAR,Away,17.0,12-26-23,16,False,0,189,22,17,0,8.1,0.0,0.0,3.6,32.2,0.2,0.2,0.8,0.0,155.6,0.0,0.0,46.0,719.0,5.0,7.0,37.0,0.0,10.373333333333333,0.0,0.0,3.066666666666667,47.93333333333333,0.3333333333333333,0.4666666666666667,2.466666666666667,10.373333333333333
1911,Rashod Bateman,Bal,WR,W 56-19,9.4,Mia,Home,44.0,01-02-24,17,False,0,190,2,19,1,9.4,0.0,0.0,4.0,54.0,0.0,0.0,0.0,0.0,9.4,0.0,0.0,4.0,54.0,0.0,0.0,0.0,0.0,9.4,0.0,0.0,4.0,54.0,0.0,0.0,0.0,9.4
1350,Rashod Bateman,Bal,WR,L 10-17,0.0,Pit,Home,142.5,01-09-24,18,False,0,190,2,26,1,4.7,0.0,0.0,2.0,27.0,0.0,0.0,0.0,0.0,9.4,0.0,0.0,4.0,54.0,0.0,0.0,0.0,0.0,4.7,0.0,0.0,2.0,27.0,0.0,0.0,0.0,4.7
221,Rashod Bateman,Bal,WR,W 25-9,6.5,Hou,Home,60.5,09-12-23,1,False,0,190,2,12,1,5.3,0.0,0.0,2.3333333333333335,29.666666666666668,0.0,0.0,0.0,0.0,15.9,0.0,0.0,7.0,89.0,0.0,0.0,0.0,0.0,5.3,0.0,0.0,2.3333333333333335,29.666666666666668,0.0,0.0,0.0,5.3
2121,Rashod Bateman,Bal,WR,W 27-24,4.8,Cin,Away,85.5,09-19-23,2,False,0,190,2,6,0,5.175,0.0,0.0,2.5,26.75,0.0,0.0,0.0,0.0,20.7,0.0,0.0,10.0,107.0,0.0,0.0,0.0,0.0,5.175,0.0,0.0,2.5,26.75,0.0,0.0,0.0,5.175
429,Rashod Bateman,Bal,WR,L 19-22,1.6,Ind,Home,107.0,09-26-23,3,False,0,190,2,13,1,4.46,0.0,0.0,2.2,22.6,0.0,0.0,0.0,0.0,22.3,0.0,0.0,11.0,113.0,0.0,0.0,0.0,0.0,4.46,0.0,0.0,2.2,22.6,0.0,0.0,0.0,4.46
582,Rashod Bateman,Bal,WR,L 10-17,1.8,Pit,Away,95.0,10-10-23,5,False,0,190,2,26,0,2.94,0.0,0.0,1.6,13.4,0.0,0.0,0.0,0.0,24.1,0.0,0.0,12.0,121.0,0.0,0.0,0.0,0.0,4.016666666666667,0.0,0.0,2.0,20.166666666666668,0.0,0.0,0.0,4.016666666666667
2752,Rashod Bateman,Bal,WR,W 24-16,3.5,Ten,Away,81.0,10-17-23,6,False,0,190,2,30,0,3.6399999999999997,0.0,0.0,2.0,16.4,0.0,0.0,0.0,0.0,27.6,0.0,0.0,14.0,136.0,0.0,0.0,0.0,0.0,3.942857142857143,0.0,0.0,2.0,19.428571428571427,0.0,0.0,0.0,3.942857142857143
2597,Rashod Bateman,Bal,WR,W 38-6,5.6,Det,Home,59.0,10-24-23,7,False,0,190,2,10,1,3.46,0.0,0.0,1.8,16.6,0.0,0.0,0.0,0.0,33.2,0.0,0.0,16.0,172.0,0.0,0.0,0.0,0.0,4.15,0.0,0.0,2.0,21.5,0.0,0.0,0.0,4.15
2435,Rashod Bateman,Bal,WR,W 31-24,7.2,Ari,Away,63.5,10-31-23,8,False,0,190,2,0,0,3.94,0.0,0.0,1.6,19.8,0.0,0.2,3.6,0.0,40.4,0.0,0.0,18.0,206.0,0.0,1.0,18.0,0.0,4.488888888888889,0.0,0.0,2.0,22.88888888888889,0.0,0.1111111111111111,2.0,4.488888888888889
973,Rashod Bateman,Bal,WR,W 37-3,5.8,Sea,Home,57.0,11-07-23,9,False,0,190,2,28,1,4.78,0.0,0.0,2.0,24.2,0.0,0.2,3.6,0.0,46.2,0.0,0.0,21.0,234.0,0.0,1.0,18.0,0.0,4.62,0.0,0.0,2.1,23.4,0.0,0.1,1.8,4.62
1445,Rashod Bateman,Bal,WR,L 31-33,4.5,Cle,Home,61.5,11-14-23,10,False,0,190,2,7,1,5.32,0.0,0.0,2.2,27.6,0.0,0.2,3.6,0.0,50.7,0.0,0.0,23.0,259.0,0.0,1.0,18.0,0.0,4.609090909090909,0.0,0.0,2.090909090909091,23.545454545454547,0.0,0.09090909090909091,1.6363636363636365,4.609090909090909
676,Rashod Bateman,Bal,WR,W 34-20,8.0,Cin,Home,44.5,11-21-23,11,False,0,190,2,6,1,6.220000000000001,0.0,0.0,2.0,26.6,0.2,0.2,3.6,0.0,58.7,0.0,0.0,24.0,269.0,1.0,1.0,18.0,0.0,4.891666666666667,0.0,0.0,2.0,22.416666666666668,0.08333333333333333,0.08333333333333333,1.5,4.891666666666667
1611,Rashod Bateman,Bal,WR,W 20-10,4.1,LAC,Away,83.0,11-28-23,12,False,0,190,2,16,0,5.92,0.0,0.0,2.0,23.6,0.2,0.2,3.6,0.0,62.8,0.0,0.0,26.0,290.0,1.0,1.0,18.0,0.0,4.8307692307692305,0.0,0.0,2.0,22.307692307692307,0.07692307692307693,0.07692307692307693,1.3846153846153846,4.8307692307692305
1132,Rashod Bateman,Bal,WR,W 37-31,4.4,LAR,Home,69.0,12-12-23,14,False,0,190,2,17,1,5.36,0.0,0.0,2.0,21.6,0.2,0.0,0.0,0.0,67.2,0.0,0.0,28.0,314.0,1.0,1.0,18.0,0.0,4.8,0.0,0.0,2.0,22.428571428571427,0.07142857142857142,0.07142857142857142,1.2857142857142858,4.8
2258,Rashod Bateman,Bal,WR,W 23-7,6.9,Jax,Away,54.5,12-19-23,15,False,0,190,2,14,0,5.58,0.0,0.0,2.0,23.8,0.2,0.0,0.0,0.0,74.1,0.0,0.0,31.0,353.0,1.0,1.0,18.0,0.0,4.9399999999999995,0.0,0.0,2.066666666666667,23.533333333333335,0.06666666666666667,0.06666666666666667,1.2,4.9399999999999995
1794,Rashod Bateman,Bal,WR,W 33-19,2.4,SF,Away,96.0,12-26-23,16,False,0,190,2,27,0,5.16,0.0,0.0,1.8,21.6,0.2,0.0,0.0,0.0,76.5,0.0,0.0,32.0,367.0,1.0,1.0,18.0,0.0,4.78125,0.0,0.0,2.0,22.9375,0.0625,0.0625,1.125,4.78125
1280,Ray-Ray McCloud III,SF,WR,L 20-21,5.9,LAR,Home,58.5,01-09-24,18,False,0,191,27,17,1,5.9,0.0,0.0,3.0,22.0,0.0,1.0,7.0,0.0,5.9,0.0,0.0,3.0,22.0,0.0,1.0,7.0,0.0,5.9,0.0,0.0,3.0,22.0,0.0,1.0,7.0,5.9
291,Ray-Ray McCloud III,SF,WR,W 30-7,0.0,Pit,Away,135.0,09-12-23,1,False,0,191,27,26,0,2.95,0.0,0.0,1.5,11.0,0.0,0.5,3.5,0.0,5.9,0.0,0.0,3.0,22.0,0.0,1.0,7.0,0.0,2.95,0.0,0.0,1.5,11.0,0.0,0.5,3.5,2.95
2174,Ray-Ray McCloud III,SF,WR,W 30-23,0.0,LAR,Away,145.0,09-19-23,2,False,0,191,27,17,0,1.9666666666666668,0.0,0.0,1.0,7.333333333333333,0.0,0.3333333333333333,2.3333333333333335,0.0,5.9,0.0,0.0,3.0,22.0,0.0,1.0,7.0,0.0,1.9666666666666668,0.0,0.0,1.0,7.333333333333333,0.0,0.3333333333333333,2.3333333333333335,1.9666666666666668
454,Ray-Ray McCloud III,SF,WR,W 30-12,0.0,NYG,Home,141.0,09-26-23,3,False,0,191,27,23,1,1.475,0.0,0.0,0.75,5.5,0.0,0.25,1.75,0.0,5.9,0.0,0.0,3.0,22.0,0.0,1.0,7.0,0.0,1.475,0.0,0.0,0.75,5.5,0.0,0.25,1.75,1.475
79,Ray-Ray McCloud III,SF,WR,W 35-16,4.2,Ari,Home,79.5,10-03-23,4,False,0,191,27,0,1,2.0200000000000005,0.0,0.0,1.0,8.8,0.0,0.2,1.4,0.0,10.100000000000001,0.0,0.0,5.0,44.0,0.0,1.0,7.0,0.0,2.0200000000000005,0.0,0.0,1.0,8.8,0.0,0.2,1.4,2.0200000000000005
590,Ray-Ray McCloud III,SF,WR,W 42-10,1.1,Dal,Home,103.5,10-10-23,5,False,0,191,27,8,1,1.06,0.0,0.0,0.6,4.6,0.0,0.0,0.0,0.0,11.200000000000001,0.0,0.0,6.0,45.0,0.0,1.0,7.0,0.0,1.866666666666667,0.0,0.0,1.0,7.5,0.0,0.16666666666666666,1.1666666666666667,1.866666666666667
2751,Ray-Ray McCloud III,SF,WR,L 17-19,3.7,Cle,Away,80.0,10-17-23,6,False,0,191,27,7,0,1.8,0.0,0.0,0.8,5.4,0.0,0.4,4.6,0.0,14.9,0.0,0.0,7.0,49.0,0.0,3.0,30.0,0.0,2.1285714285714286,0.0,0.0,1.0,7.0,0.0,0.42857142857142855,4.285714285714286,2.1285714285714286
2603,Ray-Ray McCloud III,SF,WR,L 17-22,4.0,Min,Away,65.5,10-24-23,7,False,0,191,27,20,0,2.6,0.0,0.0,1.2,9.4,0.0,0.4,4.6,0.0,18.9,0.0,0.0,9.0,69.0,0.0,3.0,30.0,0.0,2.3625,0.0,0.0,1.125,8.625,0.0,0.375,3.75,2.3625
2443,Ray-Ray McCloud III,SF,WR,L 17-31,6.3,Cin,Home,70.5,10-31-23,8,False,0,191,27,6,1,3.8600000000000003,0.0,0.0,1.6,18.0,0.0,0.4,4.6,0.0,25.2,0.0,0.0,11.0,112.0,0.0,3.0,30.0,0.0,2.8,0.0,0.0,1.2222222222222223,12.444444444444445,0.0,0.3333333333333333,3.3333333333333335,2.8
1499,Ray-Ray McCloud III,SF,WR,W 34-3,0.0,Jax,Away,123.5,11-14-23,10,False,0,191,27,14,0,3.0200000000000005,0.0,0.0,1.2,13.6,0.0,0.4,4.6,0.0,25.2,0.0,0.0,11.0,112.0,0.0,3.0,30.0,0.0,2.52,0.0,0.0,1.1,11.2,0.0,0.3,3.0,2.52
744,Ray-Ray McCloud III,SF,WR,W 27-14,0.0,TB,Home,126.0,11-21-23,11,False,0,191,27,29,1,2.8,0.0,0.0,1.0,13.4,0.0,0.4,4.6,0.0,25.2,0.0,0.0,11.0,112.0,0.0,3.0,30.0,0.0,2.290909090909091,0.0,0.0,1.0,10.181818181818182,0.0,0.2727272727272727,2.727272727272727,2.290909090909091
1620,Ray-Ray McCloud III,SF,WR,W 31-13,3.3,Sea,Away,92.5,11-28-23,12,False,0,191,27,28,0,2.7199999999999998,0.0,0.0,1.0,17.2,0.0,0.0,0.0,0.0,28.5,0.0,0.0,12.0,135.0,0.0,3.0,30.0,0.0,2.375,0.0,0.0,1.0,11.25,0.0,0.25,2.5,2.375
1965,Richie James,KC,WR,W 25-17,1.6,Cin,Home,98.5,01-02-24,17,False,0,192,15,6,1,1.6,0.0,0.0,1.0,6.0,0.0,0.0,0.0,0.0,1.6,0.0,0.0,1.0,6.0,0.0,0.0,0.0,0.0,1.6,0.0,0.0,1.0,6.0,0.0,0.0,0.0,1.6
1300,Richie James,KC,WR,W 13-12,3.5,LAC,Away,79.5,01-09-24,18,False,0,192,15,16,0,2.55,0.0,0.0,1.5,10.5,0.0,0.0,0.0,0.0,5.1,0.0,0.0,3.0,21.0,0.0,0.0,0.0,0.0,2.55,0.0,0.0,1.5,10.5,0.0,0.0,0.0,2.55
260,Richie James,KC,WR,L 20-21,1.6,Det,Home,98.5,09-12-23,1,False,0,192,15,10,1,2.2333333333333334,0.0,0.0,1.3333333333333333,9.0,0.0,0.0,0.0,0.0,6.7,0.0,0.0,4.0,27.0,0.0,0.0,0.0,0.0,2.2333333333333334,0.0,0.0,1.3333333333333333,9.0,0.0,0.0,0.0,2.2333333333333334
2203,Richie James,KC,WR,W 17-9,-2.0,Jax,Away,168.5,09-19-23,2,False,0,192,15,14,0,1.175,0.0,0.0,1.0,6.75,0.0,0.0,0.0,0.0,4.7,0.0,0.0,4.0,27.0,0.0,0.0,0.0,0.0,1.175,0.0,0.0,1.0,6.75,0.0,0.0,0.0,1.175
1666,Richie James,KC,WR,W 31-17,0.0,LV,Away,149.0,11-28-23,12,False,0,192,15,18,0,0.9400000000000001,0.0,0.0,0.8,5.4,0.0,0.0,0.0,0.0,4.7,0.0,0.0,4.0,27.0,0.0,0.0,0.0,0.0,0.9400000000000001,0.0,0.0,0.8,5.4,0.0,0.0,0.0,0.9400000000000001
853,Richie James,KC,WR,L 19-27,2.2,GB,Away,72.5,12-05-23,13,False,0,192,15,11,0,1.06,0.0,0.0,0.8,6.6,0.0,0.0,0.0,0.0,6.9,0.0,0.0,5.0,39.0,0.0,0.0,0.0,0.0,1.1500000000000001,0.0,0.0,0.8333333333333334,6.5,0.0,0.0,0.0,1.1500000000000001
1169,Richie James,KC,WR,L 17-20,1.4,Buf,Home,105.5,12-12-23,14,False,0,192,15,3,1,0.64,0.0,0.0,0.6,4.4,0.0,0.0,0.0,0.0,8.3,0.0,0.0,6.0,43.0,0.0,0.0,0.0,0.0,1.1857142857142857,0.0,0.0,0.8571428571428571,6.142857142857143,0.0,0.0,0.0,1.1857142857142857
2294,Richie James,KC,WR,W 27-17,2.7,NE,Away,89.5,12-19-23,15,False,0,192,15,21,0,0.8600000000000001,0.0,0.0,0.6,6.6,0.0,0.0,0.0,0.0,11.0,0.0,0.0,7.0,60.0,0.0,0.0,0.0,0.0,1.375,0.0,0.0,0.875,7.5,0.0,0.0,0.0,1.375
1747,Richie James,KC,WR,L 14-20,8.4,LV,Home,48.0,12-26-23,16,False,0,192,15,18,1,2.9400000000000004,0.0,0.0,1.2,17.4,0.0,0.0,0.0,0.0,19.4,0.0,0.0,10.0,114.0,0.0,0.0,0.0,0.0,2.1555555555555554,0.0,0.0,1.1111111111111112,12.666666666666666,0.0,0.0,0.0,2.1555555555555554
2002,River Cracraft,Mia,WR,L 19-56,0.0,Bal,Away,137.5,01-02-24,17,False,0,193,19,2,0,0.0,0.0,0.0,0.0,0.0,0.0,0.0,0.0,0.0,0.0,0.0,0.0,0.0,0.0,0.0,0.0,0.0,0.0,0.0,0.0,0.0,0.0,0.0,0.0,0.0,0.0,0.0
1312,River Cracraft,Mia,WR,L 14-21,2.8,Buf,Home,90.5,01-09-24,18,False,0,193,19,3,1,1.4,0.0,0.0,0.5,9.0,0.0,0.0,0.0,0.0,2.8,0.0,0.0,1.0,18.0,0.0,0.0,0.0,0.0,1.4,0.0,0.0,0.5,9.0,0.0,0.0,0.0,1.4
189,River Cracraft,Mia,WR,W 36-34,13.0,LAC,Away,28.0,09-12-23,1,False,0,193,19,16,0,5.266666666666667,0.0,0.0,1.3333333333333333,19.333333333333332,0.3333333333333333,0.0,0.0,0.0,15.8,0.0,0.0,4.0,58.0,1.0,0.0,0.0,0.0,5.266666666666667,0.0,0.0,1.3333333333333333,19.333333333333332,0.3333333333333333,0.0,0.0,5.266666666666667
2115,River Cracraft,Mia,WR,W 24-17,5.4,NE,Away,80.0,09-19-23,2,False,0,193,19,21,0,5.300000000000001,0.0,0.0,1.5,23.0,0.25,0.0,0.0,0.0,21.200000000000003,0.0,0.0,6.0,92.0,1.0,0.0,0.0,0.0,5.300000000000001,0.0,0.0,1.5,23.0,0.25,0.0,0.0,5.300000000000001
423,River Cracraft,Mia,WR,W 70-20,2.3,Den,Home,100.0,09-26-23,3,False,0,193,19,9,1,4.7,0.0,0.0,1.4,21.0,0.2,0.0,0.0,0.0,23.5,0.0,0.0,7.0,105.0,1.0,0.0,0.0,0.0,4.7,0.0,0.0,1.4,21.0,0.2,0.0,0.0,4.7
750,River Cracraft,Mia,WR,W 20-13,0.0,LV,Home,126.0,11-21-23,11,False,0,193,19,18,1,4.7,0.0,0.0,1.4,21.0,0.2,0.0,0.0,0.0,23.5,0.0,0.0,7.0,105.0,1.0,0.0,0.0,0.0,3.9166666666666665,0.0,0.0,1.1666666666666667,17.5,0.16666666666666666,0.0,0.0,3.9166666666666665
1669,River Cracraft,Mia,WR,W 34-13,0.0,NYJ,Away,149.0,11-28-23,12,False,0,193,19,24,0,4.14,0.0,0.0,1.2,17.4,0.2,0.0,0.0,0.0,23.5,0.0,0.0,7.0,105.0,1.0,0.0,0.0,0.0,3.357142857142857,0.0,0.0,1.0,15.0,0.14285714285714285,0.0,0.0,3.357142857142857
843,River Cracraft,Mia,WR,W 45-15,3.6,Wsh,Away,61.5,12-05-23,13,False,0,193,19,31,0,2.2600000000000002,0.0,0.0,1.0,12.6,0.0,0.0,0.0,0.0,27.1,0.0,0.0,9.0,121.0,1.0,0.0,0.0,0.0,3.3875,0.0,0.0,1.125,15.125,0.125,0.0,0.0,3.3875
1199,River Cracraft,Mia,WR,L 27-28,0.0,Ten,Home,134.0,12-12-23,14,False,0,193,19,30,1,1.1800000000000002,0.0,0.0,0.6,5.8,0.0,0.0,0.0,0.0,27.1,0.0,0.0,9.0,121.0,1.0,0.0,0.0,0.0,3.011111111111111,0.0,0.0,1.0,13.444444444444445,0.1111111111111111,0.0,0.0,3.011111111111111
2346,River Cracraft,Mia,WR,W 30-0,0.0,NYJ,Home,140.0,12-19-23,15,False,0,193,19,24,1,0.72,0.0,0.0,0.4,3.2,0.0,0.0,0.0,0.0,27.1,0.0,0.0,9.0,121.0,1.0,0.0,0.0,0.0,2.71,0.0,0.0,0.9,12.1,0.1,0.0,0.0,2.71
1999,Robbie Chosen,Mia,WR,L 19-56,0.0,Bal,Away,137.5,01-02-24,17,False,0,194,19,2,0,0.0,0.0,0.0,0.0,0.0,0.0,0.0,0.0,0.0,0.0,0.0,0.0,0.0,0.0,0.0,0.0,0.0,0.0,0.0,0.0,0.0,0.0,0.0,0.0,0.0,0.0,0.0
1357,Robbie Chosen,Mia,WR,L 14-21,0.0,Buf,Home,142.5,01-09-24,18,False,0,194,19,3,1,0.0,0.0,0.0,0.0,0.0,0.0,0.0,0.0,0.0,0.0,0.0,0.0,0.0,0.0,0.0,0.0,0.0,0.0,0.0,0.0,0.0,0.0,0.0,0.0,0.0,0.0,0.0
354,Robbie Chosen,Mia,WR,W 70-20,13.8,Den,Home,30.5,09-26-23,3,False,0,194,19,9,1,4.6000000000000005,0.0,0.0,0.3333333333333333,22.666666666666668,0.3333333333333333,0.0,0.0,0.0,13.8,0.0,0.0,1.0,68.0,1.0,0.0,0.0,0.0,4.6000000000000005,0.0,0.0,0.3333333333333333,22.666666666666668,0.3333333333333333,0.0,0.0,4.6000000000000005
132,Robbie Chosen,Mia,WR,L 20-48,0.0,Buf,Away,143.0,10-03-23,4,False,0,194,19,3,0,3.45,0.0,0.0,0.25,17.0,0.25,0.0,0.0,0.0,13.8,0.0,0.0,1.0,68.0,1.0,0.0,0.0,0.0,3.45,0.0,0.0,0.25,17.0,0.25,0.0,0.0,3.45
604,Robbie Chosen,Mia,WR,W 31-16,0.0,NYG,Home,124.5,10-10-23,5,False,0,194,19,23,1,2.7600000000000002,0.0,0.0,0.2,13.6,0.2,0.0,0.0,0.0,13.8,0.0,0.0,1.0,68.0,1.0,0.0,0.0,0.0,2.7600000000000002,0.0,0.0,0.2,13.6,0.2,0.0,0.0,2.7600000000000002
2796,Robbie Chosen,Mia,WR,W 42-21,0.0,Car,Home,128.0,10-17-23,6,False,0,194,19,4,1,2.7600000000000002,0.0,0.0,0.2,13.6,0.2,0.0,0.0,0.0,13.8,0.0,0.0,1.0,68.0,1.0,0.0,0.0,0.0,2.3000000000000003,0.0,0.0,0.16666666666666666,11.333333333333334,0.16666666666666666,0.0,0.0,2.3000000000000003
690,Robbie Chosen,Mia,WR,W 20-13,5.9,LV,Home,59.0,11-21-23,11,False,0,194,19,18,1,3.9400000000000004,0.0,0.0,0.6,21.4,0.2,0.0,0.0,0.0,19.700000000000003,0.0,0.0,3.0,107.0,1.0,0.0,0.0,0.0,2.8142857142857145,0.0,0.0,0.42857142857142855,15.285714285714286,0.14285714285714285,0.0,0.0,2.8142857142857145
2344,Robbie Chosen,Mia,WR,W 30-0,0.0,NYJ,Home,140.0,12-19-23,15,False,0,194,19,24,1,1.1800000000000002,0.0,0.0,0.4,7.8,0.0,0.0,0.0,0.0,19.700000000000003,0.0,0.0,3.0,107.0,1.0,0.0,0.0,0.0,2.4625000000000004,0.0,0.0,0.375,13.375,0.125,0.0,0.0,2.4625000000000004
1788,Robbie Chosen,Mia,WR,W 22-20,2.9,Dal,Home,89.0,12-26-23,16,False,0,194,19,8,1,1.7600000000000002,0.0,0.0,0.6,11.6,0.0,0.0,0.0,0.0,22.6,0.0,0.0,4.0,126.0,1.0,0.0,0.0,0.0,2.511111111111111,0.0,0.0,0.4444444444444444,14.0,0.1111111111111111,0.0,0.0,2.511111111111111
1907,Robert Woods,Hou,WR,W 26-3,9.8,Ten,Home,39.5,01-02-24,17,False,0,195,12,30,1,9.8,0.0,0.0,4.0,58.0,0.0,0.0,0.0,0.0,9.8,0.0,0.0,4.0,58.0,0.0,0.0,0.0,0.0,9.8,0.0,0.0,4.0,58.0,0.0,0.0,0.0,9.8
194,Robert Woods,Hou,WR,L 9-25,11.7,Bal,Away,32.5,09-12-23,1,False,0,195,12,2,0,10.75,0.0,0.0,5.0,57.5,0.0,0.0,0.0,0.0,21.5,0.0,0.0,10.0,115.0,0.0,0.0,0.0,0.0,10.75,0.0,0.0,5.0,57.5,0.0,0.0,0.0,10.75
2075,Robert Woods,Hou,WR,L 20-31,13.4,Ind,Home,40.0,09-19-23,2,False,0,195,12,13,1,11.633333333333333,0.0,0.0,5.333333333333333,63.0,0.0,0.0,0.0,0.0,34.9,0.0,0.0,16.0,189.0,0.0,0.0,0.0,0.0,11.633333333333333,0.0,0.0,5.333333333333333,63.0,0.0,0.0,0.0,11.633333333333333
393,Robert Woods,Hou,WR,W 37-17,6.4,Jax,Away,70.5,09-26-23,3,False,0,195,12,14,0,10.325,0.0,0.0,4.75,55.75,0.0,0.0,0.0,0.0,41.3,0.0,0.0,19.0,223.0,0.0,0.0,0.0,0.0,10.325,0.0,0.0,4.75,55.75,0.0,0.0,0.0,10.325
63,Robert Woods,Hou,WR,W 30-6,5.6,Pit,Home,63.5,10-03-23,4,False,0,195,12,26,1,9.379999999999999,0.0,0.0,4.4,49.8,0.0,0.0,0.0,0.0,46.9,0.0,0.0,22.0,249.0,0.0,0.0,0.0,0.0,9.379999999999999,0.0,0.0,4.4,49.8,0.0,0.0,0.0,9.379999999999999
545,Robert Woods,Hou,WR,L 19-21,6.0,Atl,Away,57.5,10-10-23,5,False,0,195,12,1,0,8.62,0.0,0.0,4.2,44.2,0.0,0.0,0.0,0.0,52.9,0.0,0.0,25.0,279.0,0.0,0.0,0.0,0.0,8.816666666666666,0.0,0.0,4.166666666666667,46.5,0.0,0.0,0.0,8.816666666666666
2719,Robert Woods,Hou,WR,W 20-13,7.6,NO,Home,48.0,10-17-23,6,False,0,195,12,22,1,7.8,0.0,0.0,3.2,34.0,0.2,0.0,0.0,0.0,60.5,0.0,0.0,26.0,285.0,1.0,0.0,0.0,0.0,8.642857142857142,0.0,0.0,3.7142857142857144,40.714285714285715,0.14285714285714285,0.0,0.0,8.642857142857142
1469,Robert Woods,Hou,WR,W 30-27,2.5,Cin,Away,85.0,11-14-23,10,False,0,195,12,6,0,5.62,0.0,0.0,2.2,22.2,0.2,0.0,0.0,0.0,63.0,0.0,0.0,27.0,300.0,1.0,0.0,0.0,0.0,7.875,0.0,0.0,3.375,37.5,0.125,0.0,0.0,7.875
668,Robert Woods,Hou,WR,W 21-16,9.4,Ari,Home,37.0,11-21-23,11,False,0,195,12,0,1,6.220000000000001,0.0,0.0,2.6,24.2,0.2,0.0,0.0,0.0,72.4,0.0,0.0,32.0,344.0,1.0,0.0,0.0,0.0,8.044444444444444,0.0,0.0,3.5555555555555554,38.22222222222222,0.1111111111111111,0.0,0.0,8.044444444444444
1601,Robert Woods,Hou,WR,L 21-24,6.0,Jax,Home,72.5,11-28-23,12,False,0,195,12,14,1,6.3,0.0,0.0,2.4,27.0,0.2,0.0,0.0,0.0,78.4,0.0,0.0,34.0,384.0,1.0,0.0,0.0,0.0,7.840000000000001,0.0,0.0,3.4,38.4,0.1,0.0,0.0,7.840000000000001
879,Robert Woods,Hou,WR,W 22-17,0.0,Den,Home,113.0,12-05-23,13,False,0,195,12,9,1,5.1,0.0,0.0,1.8,21.0,0.2,0.0,0.0,0.0,78.4,0.0,0.0,34.0,384.0,1.0,0.0,0.0,0.0,7.127272727272728,0.0,0.0,3.090909090909091,34.90909090909091,0.09090909090909091,0.0,0.0,7.127272727272728
1172,Robert Woods,Hou,WR,L 6-30,0.8,NYJ,Away,109.0,12-12-23,14,False,0,195,12,24,0,3.7399999999999998,0.0,0.0,1.8,19.4,0.0,0.0,0.0,0.0,79.2,0.0,0.0,35.0,382.0,1.0,0.0,0.0,0.0,6.6000000000000005,0.0,0.0,2.9166666666666665,31.833333333333332,0.08333333333333333,0.0,0.0,6.6000000000000005
2268,Robert Woods,Hou,WR,W 19-16,6.0,Ten,Away,63.5,12-19-23,15,False,0,195,12,30,0,4.4399999999999995,0.0,0.0,2.2,22.4,0.0,0.0,0.0,0.0,85.2,0.0,0.0,38.0,412.0,1.0,0.0,0.0,0.0,6.553846153846154,0.0,0.0,2.923076923076923,31.692307692307693,0.07692307692307693,0.0,0.0,6.553846153846154
1779,Robert Woods,Hou,WR,L 22-36,4.1,Cle,Home,80.0,12-26-23,16,False,0,195,12,7,1,3.38,0.0,0.0,1.6,16.4,0.0,0.2,1.4,0.0,89.3,0.0,0.0,40.0,426.0,1.0,1.0,7.0,0.0,6.378571428571428,0.0,0.0,2.857142857142857,30.428571428571427,0.07142857142857142,0.07142857142857142,0.5,6.378571428571428
1931,Romeo Doubs,GB,WR,W 33-10,5.8,Min,Away,63.5,01-02-24,17,False,0,196,11,20,0,5.8,0.0,0.0,3.0,28.0,0.0,0.0,0.0,0.0,5.8,0.0,0.0,3.0,28.0,0.0,0.0,0.0,0.0,5.8,0.0,0.0,3.0,28.0,0.0,0.0,0.0,5.8
1345,Romeo Doubs,GB,WR,W 17-9,0.0,Chi,Home,142.5,01-09-24,18,False,0,196,11,5,1,2.9,0.0,0.0,1.5,14.0,0.0,0.0,0.0,0.0,5.8,0.0,0.0,3.0,28.0,0.0,0.0,0.0,0.0,2.9,0.0,0.0,1.5,14.0,0.0,0.0,0.0,2.9
175,Romeo Doubs,GB,WR,W 38-20,18.6,Chi,Away,13.5,09-12-23,1,False,0,196,11,5,0,8.133333333333335,0.0,0.0,2.3333333333333335,18.0,0.6666666666666666,0.0,0.0,0.0,24.400000000000002,0.0,0.0,7.0,54.0,2.0,0.0,0.0,0.0,8.133333333333335,0.0,0.0,2.3333333333333335,18.0,0.6666666666666666,0.0,0.0,8.133333333333335
2118,Romeo Doubs,GB,WR,L 24-25,5.0,Atl,Away,83.0,09-19-23,2,False,0,196,11,1,0,7.3500000000000005,0.0,0.0,2.25,21.0,0.5,0.0,0.0,0.0,29.400000000000002,0.0,0.0,9.0,84.0,2.0,0.0,0.0,0.0,7.3500000000000005,0.0,0.0,2.25,21.0,0.5,0.0,0.0,7.3500000000000005
340,Romeo Doubs,GB,WR,W 18-17,18.3,NO,Home,17.0,09-26-23,3,False,0,196,11,22,1,9.540000000000001,0.0,0.0,2.8,31.4,0.6,0.0,0.0,0.0,47.7,0.0,0.0,14.0,157.0,3.0,0.0,0.0,0.0,9.540000000000001,0.0,0.0,2.8,31.4,0.6,0.0,0.0,9.540000000000001
10,Romeo Doubs,GB,WR,L 20-34,18.5,Det,Home,11.0,10-03-23,4,False,0,196,11,10,1,12.080000000000002,0.0,0.0,4.0,44.8,0.6,0.0,0.0,0.0,66.2,0.0,0.0,23.0,252.0,3.0,0.0,0.0,0.0,11.033333333333333,0.0,0.0,3.8333333333333335,42.0,0.5,0.0,0.0,11.033333333333333
587,Romeo Doubs,GB,WR,L 13-17,1.4,LV,Away,100.0,10-10-23,5,False,0,196,11,18,0,12.360000000000001,0.0,0.0,4.2,45.6,0.6,0.0,0.0,0.0,67.60000000000001,0.0,0.0,24.0,256.0,3.0,0.0,0.0,0.0,9.657142857142858,0.0,0.0,3.4285714285714284,36.57142857142857,0.42857142857142855,0.0,0.0,9.657142857142858
2570,Romeo Doubs,GB,WR,L 17-19,11.0,Den,Away,33.0,10-24-23,7,False,0,196,11,9,0,10.84,0.0,0.0,3.8,46.4,0.4,0.0,0.0,0.0,78.60000000000001,0.0,0.0,26.0,286.0,4.0,0.0,0.0,0.0,9.825000000000001,0.0,0.0,3.25,35.75,0.5,0.0,0.0,9.825000000000001
2410,Romeo Doubs,GB,WR,L 10-24,11.8,Min,Home,38.0,10-31-23,8,False,0,196,11,20,1,12.200000000000001,0.0,0.0,4.2,44.0,0.6,0.0,0.0,0.0,90.4,0.0,0.0,30.0,304.0,5.0,0.0,0.0,0.0,10.044444444444444,0.0,0.0,3.3333333333333335,33.77777777777778,0.5555555555555556,0.0,0.0,10.044444444444444
966,Romeo Doubs,GB,WR,W 20-3,6.6,LAR,Home,50.5,11-07-23,9,False,0,196,11,17,1,9.86,0.0,0.0,3.8,36.6,0.4,0.0,0.0,0.0,97.0,0.0,0.0,33.0,340.0,5.0,0.0,0.0,0.0,9.7,0.0,0.0,3.3,34.0,0.5,0.0,0.0,9.7
1414,Romeo Doubs,GB,WR,L 19-23,12.1,Pit,Away,29.5,11-14-23,10,False,0,196,11,26,0,8.58,0.0,0.0,2.6,23.8,0.6,0.0,0.0,0.0,109.10000000000001,0.0,0.0,36.0,371.0,6.0,0.0,0.0,0.0,9.91818181818182,0.0,0.0,3.272727272727273,33.72727272727273,0.5454545454545454,0.0,0.0,9.91818181818182
647,Romeo Doubs,GB,WR,W 23-20,16.3,LAC,Home,16.5,11-21-23,11,False,0,196,11,16,1,11.56,0.0,0.0,3.4,33.6,0.8,0.0,0.0,0.0,125.4,0.0,0.0,41.0,424.0,7.0,0.0,0.0,0.0,10.450000000000001,0.0,0.0,3.4166666666666665,35.333333333333336,0.5833333333333334,0.0,0.0,10.450000000000001
1591,Romeo Doubs,GB,WR,W 29-22,6.7,Det,Away,63.0,11-28-23,12,False,0,196,11,10,0,10.700000000000001,0.0,0.0,3.6,35.0,0.6,0.0,0.0,0.0,132.1,0.0,0.0,44.0,461.0,7.0,0.0,0.0,0.0,10.161538461538461,0.0,0.0,3.3846153846153846,35.46153846153846,0.5384615384615384,0.0,0.0,10.161538461538461
813,Romeo Doubs,GB,WR,W 27-19,11.2,KC,Home,32.0,12-05-23,13,False,0,196,11,15,1,10.58,0.0,0.0,3.6,45.8,0.4,0.0,0.0,0.0,143.3,0.0,0.0,48.0,533.0,7.0,0.0,0.0,0.0,10.235714285714286,0.0,0.0,3.4285714285714284,38.07142857142857,0.5,0.0,0.0,10.235714285714286
1109,Romeo Doubs,GB,WR,L 22-24,7.2,NYG,Away,46.5,12-12-23,14,False,0,196,11,23,0,10.7,0.0,0.0,3.8,45.0,0.4,0.0,0.0,0.0,150.5,0.0,0.0,52.0,565.0,7.0,0.0,0.0,0.0,10.033333333333333,0.0,0.0,3.466666666666667,37.666666666666664,0.4666666666666667,0.0,0.0,10.033333333333333
2267,Romeo Doubs,GB,WR,L 20-34,6.0,TB,Home,63.5,12-19-23,15,False,0,196,11,29,1,9.48,0.0,0.0,3.8,44.8,0.2,0.0,0.0,0.0,156.5,0.0,0.0,55.0,595.0,7.0,0.0,0.0,0.0,9.78125,0.0,0.0,3.4375,37.1875,0.4375,0.0,0.0,9.78125
1719,Romeo Doubs,GB,WR,W 33-30,17.9,Car,Away,19.5,12-26-23,16,False,0,196,11,4,0,9.8,0.0,0.0,3.6,50.0,0.2,0.0,0.0,0.0,174.4,0.0,0.0,59.0,674.0,8.0,0.0,0.0,0.0,10.258823529411766,0.0,0.0,3.4705882352941178,39.64705882352941,0.47058823529411764,0.0,0.0,10.258823529411766
1925,Rondale Moore,Ari,WR,W 35-31,6.4,Phi,Away,58.0,01-02-24,17,False,0,197,0,25,0,6.4,0.0,0.0,3.0,26.0,0.0,2.0,8.0,0.0,6.4,0.0,0.0,3.0,26.0,0.0,2.0,8.0,0.0,6.4,0.0,0.0,3.0,26.0,0.0,2.0,8.0,6.4
1270,Rondale Moore,Ari,WR,L 20-21,7.6,Sea,Home,49.0,01-09-24,18,False,0,197,0,28,1,7.0,0.0,0.0,3.5,28.5,0.0,1.5,6.5,0.0,14.0,0.0,0.0,7.0,57.0,0.0,3.0,13.0,0.0,7.0,0.0,0.0,3.5,28.5,0.0,1.5,6.5,7.0
214,Rondale Moore,Ari,WR,L 16-20,7.5,Wsh,Away,53.0,09-12-23,1,False,0,197,0,31,0,7.166666666666667,0.0,0.0,3.3333333333333335,30.0,0.0,1.6666666666666667,8.333333333333334,0.0,21.5,0.0,0.0,10.0,90.0,0.0,5.0,25.0,0.0,7.166666666666667,0.0,0.0,3.3333333333333335,30.0,0.0,1.6666666666666667,8.333333333333334,7.166666666666667
2135,Rondale Moore,Ari,WR,L 28-31,2.4,NYG,Home,100.5,09-19-23,2,False,0,197,0,23,1,5.975,0.0,0.0,2.75,26.0,0.0,1.25,6.25,0.0,23.9,0.0,0.0,11.0,104.0,0.0,5.0,25.0,0.0,5.975,0.0,0.0,2.75,26.0,0.0,1.25,6.25,5.975
347,Rondale Moore,Ari,WR,W 28-16,16.2,Dal,Home,24.0,09-26-23,3,False,0,197,0,8,1,8.02,0.0,0.0,3.0,22.4,0.0,1.6,15.8,0.2,40.099999999999994,0.0,0.0,15.0,112.0,0.0,8.0,79.0,1.0,8.02,0.0,0.0,3.0,22.4,0.0,1.6,15.8,8.02
124,Rondale Moore,Ari,WR,L 16-35,0.0,SF,Away,143.0,10-03-23,4,False,0,197,0,27,0,6.74,0.0,0.0,2.4,17.2,0.0,1.2,14.2,0.2,40.099999999999994,0.0,0.0,15.0,112.0,0.0,8.0,79.0,1.0,6.683333333333333,0.0,0.0,2.5,18.666666666666668,0.0,1.3333333333333333,13.166666666666666,6.683333333333333
517,Rondale Moore,Ari,WR,L 20-34,10.6,Cin,Home,30.0,10-10-23,5,False,0,197,0,6,1,7.339999999999999,0.0,0.0,2.2,16.2,0.0,1.6,23.2,0.2,50.699999999999996,0.0,0.0,18.0,138.0,0.0,11.0,129.0,1.0,7.242857142857142,0.0,0.0,2.5714285714285716,19.714285714285715,0.0,1.5714285714285714,18.428571428571427,7.242857142857142
2729,Rondale Moore,Ari,WR,L 9-26,6.6,LAR,Away,57.0,10-17-23,6,False,0,197,0,17,0,7.159999999999999,0.0,0.0,2.4,15.6,0.0,1.8,20.0,0.2,57.3,0.0,0.0,22.0,168.0,0.0,14.0,125.0,1.0,7.1625,0.0,0.0,2.75,21.0,0.0,1.75,15.625,7.1625
2599,Rondale Moore,Ari,WR,L 10-20,4.6,Sea,Away,62.0,10-24-23,7,False,0,197,0,28,0,7.6,0.0,0.0,2.6,13.2,0.0,2.6,24.8,0.2,61.9,0.0,0.0,24.0,170.0,0.0,18.0,149.0,1.0,6.877777777777777,0.0,0.0,2.6666666666666665,18.88888888888889,0.0,2.0,16.555555555555557,6.877777777777777
2460,Rondale Moore,Ari,WR,L 24-31,4.1,Bal,Home,88.0,10-31-23,8,False,0,197,0,2,1,5.18,0.0,0.0,2.2,13.6,0.0,2.4,16.2,0.0,66.0,0.0,0.0,26.0,180.0,0.0,20.0,160.0,1.0,6.6,0.0,0.0,2.6,18.0,0.0,2.0,16.0,6.6
1010,Rondale Moore,Ari,WR,L 0-27,1.8,Cle,Away,94.5,11-07-23,9,False,0,197,0,7,0,5.54,0.0,0.0,2.4,14.6,0.0,3.2,16.8,0.0,67.8,0.0,0.0,27.0,185.0,0.0,24.0,163.0,1.0,6.163636363636363,0.0,0.0,2.4545454545454546,16.818181818181817,0.0,2.1818181818181817,14.818181818181818,6.163636363636363
1423,Rondale Moore,Ari,WR,W 25-23,9.3,Atl,Home,38.5,11-14-23,10,False,0,197,0,1,1,5.28,0.0,0.0,2.8,18.0,0.0,2.6,6.8,0.0,77.1,0.0,0.0,32.0,228.0,0.0,24.0,163.0,1.0,6.425,0.0,0.0,2.6666666666666665,19.0,0.0,2.0,13.583333333333334,6.425
656,Rondale Moore,Ari,WR,L 16-21,12.4,Hou,Away,25.5,11-21-23,11,False,0,197,0,12,0,6.44,0.0,0.0,2.2,21.6,0.2,2.4,8.8,0.0,89.5,0.0,0.0,33.0,276.0,1.0,26.0,169.0,1.0,6.884615384615385,0.0,0.0,2.5384615384615383,21.23076923076923,0.07692307692307693,2.0,13.0,6.884615384615385
1603,Rondale Moore,Ari,WR,L 14-37,5.5,LAR,Home,75.5,11-28-23,12,False,0,197,0,17,1,6.62,0.0,0.0,2.2,28.2,0.2,1.6,4.0,0.0,95.0,0.0,0.0,35.0,311.0,1.0,26.0,169.0,1.0,6.785714285714286,0.0,0.0,2.5,22.214285714285715,0.07142857142857142,1.8571428571428572,12.071428571428571,6.785714285714286
865,Rondale Moore,Ari,WR,W 24-10,1.6,Pit,Away,84.0,12-05-23,13,False,0,197,0,26,0,6.12,0.0,0.0,2.0,27.4,0.2,1.2,1.8,0.0,96.6,0.0,0.0,36.0,317.0,1.0,26.0,169.0,1.0,6.4399999999999995,0.0,0.0,2.4,21.133333333333333,0.06666666666666667,1.7333333333333334,11.266666666666667,6.4399999999999995
2290,Rondale Moore,Ari,WR,L 29-45,2.8,SF,Home,87.0,12-19-23,15,False,0,197,0,27,1,6.32,0.0,0.0,2.2,27.4,0.2,0.6,1.8,0.0,99.39999999999999,0.0,0.0,38.0,322.0,1.0,27.0,172.0,1.0,6.2124999999999995,0.0,0.0,2.375,20.125,0.0625,1.6875,10.75,6.2124999999999995
1771,Rondale Moore,Ari,WR,L 16-27,5.6,Chi,Away,72.0,12-26-23,16,False,0,197,0,5,0,5.58,0.0,0.0,1.6,24.8,0.2,0.8,3.0,0.0,105.0,0.0,0.0,40.0,352.0,1.0,28.0,178.0,1.0,6.176470588235294,0.0,0.0,2.3529411764705883,20.705882352941178,0.058823529411764705,1.6470588235294117,10.470588235294118,6.176470588235294
1992,Ronnie Bell,SF,WR,W 27-10,0.0,Wsh,Away,137.5,01-02-24,17,False,0,198,27,31,0,0.0,0.0,0.0,0.0,0.0,0.0,0.0,0.0,0.0,0.0,0.0,0.0,0.0,0.0,0.0,0.0,0.0,0.0,0.0,0.0,0.0,0.0,0.0,0.0,0.0,0.0,0.0
1271,Ronnie Bell,SF,WR,L 20-21,7.5,LAR,Home,50.0,01-09-24,18,False,0,198,27,17,1,3.75,0.0,0.0,0.5,2.5,0.5,0.0,0.0,0.0,7.5,0.0,0.0,1.0,5.0,1.0,0.0,0.0,0.0,3.75,0.0,0.0,0.5,2.5,0.5,0.0,0.0,3.75
280,Ronnie Bell,SF,WR,W 30-7,0.0,Pit,Away,135.0,09-12-23,1,False,0,198,27,26,0,2.5,0.0,0.0,0.3333333333333333,1.6666666666666667,0.3333333333333333,0.0,0.0,0.0,7.5,0.0,0.0,1.0,5.0,1.0,0.0,0.0,0.0,2.5,0.0,0.0,0.3333333333333333,1.6666666666666667,0.3333333333333333,0.0,0.0,2.5
2170,Ronnie Bell,SF,WR,W 30-23,0.0,LAR,Away,145.0,09-19-23,2,False,0,198,27,17,0,1.875,0.0,0.0,0.25,1.25,0.25,0.0,0.0,0.0,7.5,0.0,0.0,1.0,5.0,1.0,0.0,0.0,0.0,1.875,0.0,0.0,0.25,1.25,0.25,0.0,0.0,1.875
367,Ronnie Bell,SF,WR,W 30-12,10.4,NYG,Home,44.0,09-26-23,3,False,0,198,27,23,1,3.5799999999999996,0.0,0.0,0.6,5.8,0.4,0.0,0.0,0.0,17.9,0.0,0.0,3.0,29.0,2.0,0.0,0.0,0.0,3.5799999999999996,0.0,0.0,0.6,5.8,0.4,0.0,0.0,3.5799999999999996
110,Ronnie Bell,SF,WR,W 35-16,1.7,Ari,Home,110.5,10-03-23,4,False,0,198,27,0,1,3.9200000000000004,0.0,0.0,0.8,7.2,0.4,0.0,0.0,0.0,19.6,0.0,0.0,4.0,36.0,2.0,0.0,0.0,0.0,3.266666666666667,0.0,0.0,0.6666666666666666,6.0,0.3333333333333333,0.0,0.0,3.266666666666667
600,Ronnie Bell,SF,WR,W 42-10,0.0,Dal,Home,124.5,10-10-23,5,False,0,198,27,8,1,2.42,0.0,0.0,0.6,6.2,0.2,0.0,0.0,0.0,19.6,0.0,0.0,4.0,36.0,2.0,0.0,0.0,0.0,2.8000000000000003,0.0,0.0,0.5714285714285714,5.142857142857143,0.2857142857142857,0.0,0.0,2.8000000000000003
2789,Ronnie Bell,SF,WR,L 17-19,0.0,Cle,Away,128.0,10-17-23,6,False,0,198,27,7,0,2.42,0.0,0.0,0.6,6.2,0.2,0.0,0.0,0.0,19.6,0.0,0.0,4.0,36.0,2.0,0.0,0.0,0.0,2.45,0.0,0.0,0.5,4.5,0.25,0.0,0.0,2.45
2643,Ronnie Bell,SF,WR,L 17-22,0.0,Min,Away,116.0,10-24-23,7,False,0,198,27,20,0,2.42,0.0,0.0,0.6,6.2,0.2,0.0,0.0,0.0,19.6,0.0,0.0,4.0,36.0,2.0,0.0,0.0,0.0,2.177777777777778,0.0,0.0,0.4444444444444444,4.0,0.2222222222222222,0.0,0.0,2.177777777777778
2499,Ronnie Bell,SF,WR,L 17-31,0.0,Cin,Home,138.0,10-31-23,8,False,0,198,27,6,1,0.33999999999999997,0.0,0.0,0.2,1.4,0.0,0.0,0.0,0.0,19.6,0.0,0.0,4.0,36.0,2.0,0.0,0.0,0.0,1.9600000000000002,0.0,0.0,0.4,3.6,0.2,0.0,0.0,1.9600000000000002
1462,Ronnie Bell,SF,WR,W 34-3,3.0,Jax,Away,78.0,11-14-23,10,False,0,198,27,14,0,0.6,0.0,0.0,0.2,4.0,0.0,0.0,0.0,0.0,22.6,0.0,0.0,5.0,56.0,2.0,0.0,0.0,0.0,2.0545454545454547,0.0,0.0,0.45454545454545453,5.090909090909091,0.18181818181818182,0.0,0.0,2.0545454545454547
746,Ronnie Bell,SF,WR,W 27-14,0.0,TB,Home,126.0,11-21-23,11,False,0,198,27,29,1,0.6,0.0,0.0,0.2,4.0,0.0,0.0,0.0,0.0,22.6,0.0,0.0,5.0,56.0,2.0,0.0,0.0,0.0,1.8833333333333335,0.0,0.0,0.4166666666666667,4.666666666666667,0.16666666666666666,0.0,0.0,1.8833333333333335
1663,Ronnie Bell,SF,WR,W 31-13,0.0,Sea,Away,149.0,11-28-23,12,False,0,198,27,28,0,0.6,0.0,0.0,0.2,4.0,0.0,0.0,0.0,0.0,22.6,0.0,0.0,5.0,56.0,2.0,0.0,0.0,0.0,1.7384615384615385,0.0,0.0,0.38461538461538464,4.3076923076923075,0.15384615384615385,0.0,0.0,1.7384615384615385
889,Ronnie Bell,SF,WR,W 42-19,0.0,Phi,Away,113.0,12-05-23,13,False,0,198,27,25,0,0.6,0.0,0.0,0.2,4.0,0.0,0.0,0.0,0.0,22.6,0.0,0.0,5.0,56.0,2.0,0.0,0.0,0.0,1.6142857142857143,0.0,0.0,0.35714285714285715,4.0,0.14285714285714285,0.0,0.0,1.6142857142857143
1191,Ronnie Bell,SF,WR,W 28-16,0.0,Sea,Home,134.0,12-12-23,14,False,0,198,27,28,1,0.6,0.0,0.0,0.2,4.0,0.0,0.0,0.0,0.0,22.6,0.0,0.0,5.0,56.0,2.0,0.0,0.0,0.0,1.5066666666666668,0.0,0.0,0.3333333333333333,3.7333333333333334,0.13333333333333333,0.0,0.0,1.5066666666666668
2338,Ronnie Bell,SF,WR,W 45-29,0.0,Ari,Away,140.0,12-19-23,15,False,0,198,27,0,0,0.0,0.0,0.0,0.0,0.0,0.0,0.0,0.0,0.0,22.6,0.0,0.0,5.0,56.0,2.0,0.0,0.0,0.0,1.4125,0.0,0.0,0.3125,3.5,0.125,0.0,0.0,1.4125
1750,Ronnie Bell,SF,WR,L 19-33,8.2,Bal,Home,50.5,12-26-23,16,False,0,198,27,2,1,1.64,0.0,0.0,0.2,2.4,0.2,0.0,0.0,0.0,30.8,0.0,0.0,6.0,68.0,3.0,0.0,0.0,0.0,1.811764705882353,0.0,0.0,0.35294117647058826,4.0,0.17647058823529413,0.0,0.0,1.811764705882353
916,Ryan Miller,TB,WR,W 21-18,0.0,Car,Home,113.0,12-05-23,13,False,0,199,29,4,1,0.0,0.0,0.0,0.0,0.0,0.0,0.0,0.0,0.0,0.0,0.0,0.0,0.0,0.0,0.0,0.0,0.0,0.0,0.0,0.0,0.0,0.0,0.0,0.0,0.0,0.0,0.0
2035,Samori Toure,GB,WR,W 33-10,-1.6,Min,Away,168.0,01-02-24,17,False,0,200,11,20,0,-1.6,0.0,0.0,1.0,-6.0,0.0,0.0,0.0,0.0,-1.6,0.0,0.0,1.0,-6.0,0.0,0.0,0.0,0.0,-1.6,0.0,0.0,1.0,-6.0,0.0,0.0,0.0,-1.6
243,Samori Toure,GB,WR,W 38-20,3.8,Chi,Away,82.0,09-12-23,1,False,0,200,11,5,0,1.0999999999999999,0.0,0.0,1.5,6.0,0.0,0.0,0.0,0.0,2.1999999999999997,0.0,0.0,3.0,12.0,0.0,0.0,0.0,0.0,1.0999999999999999,0.0,0.0,1.5,6.0,0.0,0.0,0.0,1.0999999999999999
2146,Samori Toure,GB,WR,L 24-25,1.6,Atl,Away,110.5,09-19-23,2,False,0,200,11,1,0,1.2666666666666666,0.0,0.0,1.3333333333333333,6.0,0.0,0.0,0.0,0.0,3.8,0.0,0.0,4.0,18.0,0.0,0.0,0.0,0.0,1.2666666666666666,0.0,0.0,1.3333333333333333,6.0,0.0,0.0,0.0,1.2666666666666666
426,Samori Toure,GB,WR,W 18-17,2.0,NO,Home,102.5,09-26-23,3,False,0,200,11,22,1,1.45,0.0,0.0,1.0,4.5,0.0,0.0,0.0,0.0,5.8,0.0,0.0,4.0,18.0,0.0,0.0,0.0,0.0,1.45,0.0,0.0,1.0,4.5,0.0,0.0,0.0,1.45
76,Samori Toure,GB,WR,L 20-34,4.5,Det,Home,76.0,10-03-23,4,False,0,200,11,10,1,2.06,0.0,0.0,1.0,10.6,0.0,0.0,0.0,0.0,10.3,0.0,0.0,5.0,53.0,0.0,0.0,0.0,0.0,2.06,0.0,0.0,1.0,10.6,0.0,0.0,0.0,2.06
2632,Samori Toure,GB,WR,L 17-19,1.3,Den,Away,94.5,10-24-23,7,False,0,200,11,9,0,2.6399999999999997,0.0,0.0,1.0,12.4,0.0,0.0,0.0,0.0,11.6,0.0,0.0,6.0,56.0,0.0,0.0,0.0,0.0,1.9333333333333333,0.0,0.0,1.0,9.333333333333334,0.0,0.0,0.0,1.9333333333333333
2510,Samori Toure,GB,WR,L 10-24,0.0,Min,Home,138.0,10-31-23,8,False,0,200,11,20,1,1.8800000000000001,0.0,0.0,0.6,8.8,0.0,0.0,0.0,0.0,11.6,0.0,0.0,6.0,56.0,0.0,0.0,0.0,0.0,1.657142857142857,0.0,0.0,0.8571428571428571,8.0,0.0,0.0,0.0,1.657142857142857
1675,Samori Toure,GB,WR,W 29-22,0.0,Det,Away,149.0,11-28-23,12,False,0,200,11,10,0,1.56,0.0,0.0,0.4,7.6,0.0,0.0,0.0,0.0,11.6,0.0,0.0,6.0,56.0,0.0,0.0,0.0,0.0,1.45,0.0,0.0,0.75,7.0,0.0,0.0,0.0,1.45
1138,Samori Toure,GB,WR,L 22-24,4.2,NYG,Away,73.5,12-12-23,14,False,0,200,11,23,0,2.0,0.0,0.0,0.8,12.0,0.0,0.0,0.0,0.0,15.8,0.0,0.0,8.0,78.0,0.0,0.0,0.0,0.0,1.7555555555555555,0.0,0.0,0.8888888888888888,8.666666666666666,0.0,0.0,0.0,1.7555555555555555
1845,Samori Toure,GB,WR,W 33-30,0.0,Car,Away,144.5,12-26-23,16,False,0,200,11,4,0,1.1,0.0,0.0,0.6,5.0,0.0,0.0,0.0,0.0,15.8,0.0,0.0,8.0,78.0,0.0,0.0,0.0,0.0,1.58,0.0,0.0,0.8,7.8,0.0,0.0,0.0,1.58
2010,Scott Miller,Atl,WR,L 17-37,0.0,Chi,Away,137.5,01-02-24,17,False,0,201,1,5,0,0.0,0.0,0.0,0.0,0.0,0.0,0.0,0.0,0.0,0.0,0.0,0.0,0.0,0.0,0.0,0.0,0.0,0.0,0.0,0.0,0.0,0.0,0.0,0.0,0.0,0.0,0.0
1266,Scott Miller,Atl,WR,L 17-48,8.6,NO,Away,45.0,01-09-24,18,False,0,201,1,22,0,4.3,0.0,0.0,1.0,33.0,0.0,0.0,0.0,0.0,8.6,0.0,0.0,2.0,66.0,0.0,0.0,0.0,0.0,4.3,0.0,0.0,1.0,33.0,0.0,0.0,0.0,4.3
306,Scott Miller,Atl,WR,W 24-10,0.0,Car,Home,135.0,09-12-23,1,False,0,201,1,4,1,2.8666666666666667,0.0,0.0,0.6666666666666666,22.0,0.0,0.0,0.0,0.0,8.6,0.0,0.0,2.0,66.0,0.0,0.0,0.0,0.0,2.8666666666666667,0.0,0.0,0.6666666666666666,22.0,0.0,0.0,0.0,2.8666666666666667
2185,Scott Miller,Atl,WR,W 25-24,0.0,GB,Home,145.0,09-19-23,2,False,0,201,1,11,1,2.15,0.0,0.0,0.5,16.5,0.0,0.0,0.0,0.0,8.6,0.0,0.0,2.0,66.0,0.0,0.0,0.0,0.0,2.15,0.0,0.0,0.5,16.5,0.0,0.0,0.0,2.15
469,Scott Miller,Atl,WR,L 6-20,0.0,Det,Away,141.0,09-26-23,3,False,0,201,1,10,0,1.72,0.0,0.0,0.4,13.2,0.0,0.0,0.0,0.0,8.6,0.0,0.0,2.0,66.0,0.0,0.0,0.0,0.0,1.72,0.0,0.0,0.4,13.2,0.0,0.0,0.0,1.72
145,Scott Miller,Atl,WR,L 7-23,0.0,Jax,Away,143.0,10-03-23,4,False,0,201,1,14,0,1.72,0.0,0.0,0.4,13.2,0.0,0.0,0.0,0.0,8.6,0.0,0.0,2.0,66.0,0.0,0.0,0.0,0.0,1.4333333333333333,0.0,0.0,0.3333333333333333,11.0,0.0,0.0,0.0,1.4333333333333333
563,Scott Miller,Atl,WR,W 21-19,3.0,Hou,Home,76.0,10-10-23,5,False,0,201,1,12,1,0.6,0.0,0.0,0.4,2.0,0.0,0.0,0.0,0.0,11.6,0.0,0.0,4.0,76.0,0.0,0.0,0.0,0.0,1.657142857142857,0.0,0.0,0.5714285714285714,10.857142857142858,0.0,0.0,0.0,1.657142857142857
2770,Scott Miller,Atl,WR,L 16-24,1.4,Wsh,Home,99.0,10-17-23,6,False,0,201,1,31,1,0.8800000000000001,0.0,0.0,0.6,2.8,0.0,0.0,0.0,0.0,13.0,0.0,0.0,5.0,80.0,0.0,0.0,0.0,0.0,1.625,0.0,0.0,0.625,10.0,0.0,0.0,0.0,1.625
2595,Scott Miller,Atl,WR,W 16-13,5.6,TB,Away,59.0,10-24-23,7,False,0,201,1,29,0,2.0,0.0,0.0,0.8,12.0,0.0,0.0,0.0,0.0,18.6,0.0,0.0,6.0,126.0,0.0,0.0,0.0,0.0,2.066666666666667,0.0,0.0,0.6666666666666666,14.0,0.0,0.0,0.0,2.066666666666667
2424,Scott Miller,Atl,WR,L 23-28,9.4,Ten,Away,52.0,10-31-23,8,False,0,201,1,30,0,3.88,0.0,0.0,1.2,14.8,0.2,0.0,0.0,0.0,28.0,0.0,0.0,8.0,140.0,1.0,0.0,0.0,0.0,2.8,0.0,0.0,0.8,14.0,0.1,0.0,0.0,2.8
1046,Scott Miller,Atl,WR,L 28-31,0.0,Min,Home,126.5,11-07-23,9,False,0,201,1,20,1,3.88,0.0,0.0,1.2,14.8,0.2,0.0,0.0,0.0,28.0,0.0,0.0,8.0,140.0,1.0,0.0,0.0,0.0,2.5454545454545454,0.0,0.0,0.7272727272727273,12.727272727272727,0.09090909090909091,0.0,0.0,2.5454545454545454
1432,Scott Miller,Atl,WR,L 23-25,7.2,Ari,Away,47.5,11-14-23,10,False,0,201,1,0,0,4.720000000000001,0.0,0.0,1.0,13.2,0.4,0.0,0.0,0.0,35.2,0.0,0.0,9.0,142.0,2.0,0.0,0.0,0.0,2.9333333333333336,0.0,0.0,0.75,11.833333333333334,0.16666666666666666,0.0,0.0,2.9333333333333336
1645,Scott Miller,Atl,WR,W 24-15,1.4,NO,Home,116.5,11-28-23,12,False,0,201,1,22,1,4.720000000000001,0.0,0.0,1.0,13.2,0.4,0.0,0.0,0.0,36.6,0.0,0.0,10.0,146.0,2.0,0.0,0.0,0.0,2.8153846153846156,0.0,0.0,0.7692307692307693,11.23076923076923,0.15384615384615385,0.0,0.0,2.8153846153846156
901,Scott Miller,Atl,WR,W 13-8,0.0,NYJ,Away,113.0,12-05-23,13,False,0,201,1,24,0,3.6,0.0,0.0,0.8,4.0,0.4,0.0,0.0,0.0,36.6,0.0,0.0,10.0,146.0,2.0,0.0,0.0,0.0,2.6142857142857143,0.0,0.0,0.7142857142857143,10.428571428571429,0.14285714285714285,0.0,0.0,2.6142857142857143
1206,Scott Miller,Atl,WR,L 25-29,0.0,TB,Home,134.0,12-12-23,14,False,0,201,1,29,1,1.72,0.0,0.0,0.4,1.2,0.2,0.0,0.0,0.0,36.6,0.0,0.0,10.0,146.0,2.0,0.0,0.0,0.0,2.44,0.0,0.0,0.6666666666666666,9.733333333333333,0.13333333333333333,0.0,0.0,2.44
2354,Scott Miller,Atl,WR,L 7-9,0.0,Car,Away,140.0,12-19-23,15,False,0,201,1,4,0,1.72,0.0,0.0,0.4,1.2,0.2,0.0,0.0,0.0,36.6,0.0,0.0,10.0,146.0,2.0,0.0,0.0,0.0,2.2875,0.0,0.0,0.625,9.125,0.125,0.0,0.0,2.2875
1793,Scott Miller,Atl,WR,W 29-10,2.5,Ind,Home,93.5,12-26-23,16,False,0,201,1,13,1,0.78,0.0,0.0,0.4,3.8,0.0,0.0,0.0,0.0,39.1,0.0,0.0,11.0,161.0,2.0,0.0,0.0,0.0,2.3000000000000003,0.0,0.0,0.6470588235294118,9.470588235294118,0.11764705882352941,0.0,0.0,2.3000000000000003
1526,Shedrick Jackson,Cin,WR,L 27-30,0.0,Hou,Home,123.5,11-14-23,10,False,0,202,6,12,1,0.0,0.0,0.0,0.0,0.0,0.0,0.0,0.0,0.0,0.0,0.0,0.0,0.0,0.0,0.0,0.0,0.0,0.0,0.0,0.0,0.0,0.0,0.0,0.0,0.0,0.0,0.0
777,Shedrick Jackson,Cin,WR,L 20-34,0.0,Bal,Away,126.0,11-21-23,11,False,0,202,6,2,0,0.0,0.0,0.0,0.0,0.0,0.0,0.0,0.0,0.0,0.0,0.0,0.0,0.0,0.0,0.0,0.0,0.0,0.0,0.0,0.0,0.0,0.0,0.0,0.0,0.0,0.0,0.0
1865,Shedrick Jackson,Cin,WR,L 11-34,0.0,Pit,Away,144.5,12-26-23,16,False,0,202,6,26,0,0.0,0.0,0.0,0.0,0.0,0.0,0.0,0.0,0.0,0.0,0.0,0.0,0.0,0.0,0.0,0.0,0.0,0.0,0.0,0.0,0.0,0.0,0.0,0.0,0.0,0.0,0.0
156,Simi Fehoko,LAC,WR,W 24-17,0.0,LV,Home,143.0,10-03-23,4,False,0,203,16,18,1,0.0,0.0,0.0,0.0,0.0,0.0,0.0,0.0,0.0,0.0,0.0,0.0,0.0,0.0,0.0,0.0,0.0,0.0,0.0,0.0,0.0,0.0,0.0,0.0,0.0,0.0,0.0
2662,Simi Fehoko,LAC,WR,L 17-31,0.0,KC,Away,116.0,10-24-23,7,False,0,203,16,15,0,0.0,0.0,0.0,0.0,0.0,0.0,0.0,0.0,0.0,0.0,0.0,0.0,0.0,0.0,0.0,0.0,0.0,0.0,0.0,0.0,0.0,0.0,0.0,0.0,0.0,0.0,0.0
2430,Simi Fehoko,LAC,WR,W 30-13,7.9,Chi,Home,57.5,10-31-23,8,False,0,203,16,5,1,2.6333333333333333,0.0,0.0,0.3333333333333333,3.0,0.3333333333333333,0.0,0.0,0.0,7.9,0.0,0.0,1.0,9.0,1.0,0.0,0.0,0.0,2.6333333333333333,0.0,0.0,0.3333333333333333,3.0,0.3333333333333333,0.0,0.0,2.6333333333333333
1051,Simi Fehoko,LAC,WR,W 27-6,0.0,NYJ,Away,126.5,11-07-23,9,False,0,203,16,24,0,1.975,0.0,0.0,0.25,2.25,0.25,0.0,0.0,0.0,7.9,0.0,0.0,1.0,9.0,1.0,0.0,0.0,0.0,1.975,0.0,0.0,0.25,2.25,0.25,0.0,0.0,1.975
1515,Simi Fehoko,LAC,WR,L 38-41,0.0,Det,Home,123.5,11-14-23,10,False,0,203,16,10,1,1.58,0.0,0.0,0.2,1.8,0.2,0.0,0.0,0.0,7.9,0.0,0.0,1.0,9.0,1.0,0.0,0.0,0.0,1.58,0.0,0.0,0.2,1.8,0.2,0.0,0.0,1.58
767,Simi Fehoko,LAC,WR,L 20-23,0.0,GB,Away,126.0,11-21-23,11,False,0,203,16,11,0,1.58,0.0,0.0,0.2,1.8,0.2,0.0,0.0,0.0,7.9,0.0,0.0,1.0,9.0,1.0,0.0,0.0,0.0,1.3166666666666667,0.0,0.0,0.16666666666666666,1.5,0.16666666666666666,0.0,0.0,1.3166666666666667
269,Skyy Moore,KC,WR,L 20-21,0.4,Det,Home,108.0,09-12-23,1,False,0,204,15,10,1,0.4,0.0,0.0,0.0,0.0,0.0,1.0,4.0,0.0,0.4,0.0,0.0,0.0,0.0,0.0,1.0,4.0,0.0,0.4,0.0,0.0,0.0,0.0,0.0,1.0,4.0,0.4
2065,Skyy Moore,KC,WR,W 17-9,16.0,Jax,Away,29.5,09-19-23,2,False,0,204,15,14,0,8.2,0.0,0.0,1.5,35.0,0.5,0.5,2.0,0.0,16.4,0.0,0.0,3.0,70.0,1.0,1.0,4.0,0.0,8.2,0.0,0.0,1.5,35.0,0.5,0.5,2.0,8.2
381,Skyy Moore,KC,WR,W 41-10,8.2,Chi,Home,57.5,09-26-23,3,False,0,204,15,5,1,8.200000000000001,0.0,0.0,2.3333333333333335,37.333333333333336,0.3333333333333333,0.3333333333333333,1.3333333333333333,0.0,24.6,0.0,0.0,7.0,112.0,1.0,1.0,4.0,0.0,8.200000000000001,0.0,0.0,2.3333333333333335,37.333333333333336,0.3333333333333333,0.3333333333333333,1.3333333333333333,8.200000000000001
105,Skyy Moore,KC,WR,W 23-20,1.9,NYJ,Away,107.0,10-03-23,4,False,0,204,15,24,0,6.625,0.0,0.0,1.75,28.0,0.25,0.75,5.75,0.0,26.5,0.0,0.0,7.0,112.0,1.0,3.0,23.0,0.0,6.625,0.0,0.0,1.75,28.0,0.25,0.75,5.75,6.625
562,Skyy Moore,KC,WR,W 27-20,3.1,Min,Away,75.0,10-10-23,5,False,0,204,15,20,0,5.92,0.0,0.0,1.8,24.6,0.2,0.6,4.6,0.0,29.6,0.0,0.0,9.0,123.0,1.0,3.0,23.0,0.0,5.92,0.0,0.0,1.8,24.6,0.2,0.6,4.6,5.92
2746,Skyy Moore,KC,WR,W 19-8,4.2,Den,Home,75.0,10-17-23,6,False,0,204,15,9,1,6.68,0.0,0.0,2.2,29.0,0.2,0.4,3.8,0.0,33.8,0.0,0.0,11.0,145.0,1.0,3.0,23.0,0.0,5.633333333333333,0.0,0.0,1.8333333333333333,24.166666666666668,0.16666666666666666,0.5,3.8333333333333335,5.633333333333333
2606,Skyy Moore,KC,WR,W 31-17,3.5,LAC,Home,69.0,10-24-23,7,False,0,204,15,16,1,4.180000000000001,0.0,0.0,2.0,18.0,0.0,0.4,3.8,0.0,37.3,0.0,0.0,13.0,160.0,1.0,3.0,23.0,0.0,5.328571428571428,0.0,0.0,1.8571428571428572,22.857142857142858,0.14285714285714285,0.42857142857142855,3.2857142857142856,5.328571428571428
2476,Skyy Moore,KC,WR,L 9-24,1.8,Den,Away,104.0,10-31-23,8,False,0,204,15,9,0,2.9000000000000004,0.0,0.0,1.4,11.2,0.0,0.4,3.8,0.0,39.1,0.0,0.0,14.0,168.0,1.0,3.0,23.0,0.0,4.8875,0.0,0.0,1.75,21.0,0.125,0.375,2.875,4.8875
975,Skyy Moore,KC,WR,W 21-14,5.3,Mia,Home,60.0,11-07-23,9,False,0,204,15,19,1,3.5800000000000005,0.0,0.0,1.8,17.8,0.0,0.0,0.0,0.0,44.4,0.0,0.0,16.0,201.0,1.0,3.0,23.0,0.0,4.933333333333334,0.0,0.0,1.7777777777777777,22.333333333333332,0.1111111111111111,0.3333333333333333,2.5555555555555554,4.933333333333334
733,Skyy Moore,KC,WR,L 17-21,1.4,Phi,Home,102.0,11-21-23,11,False,0,204,15,25,1,3.2400000000000007,0.0,0.0,1.6,16.4,0.0,0.0,0.0,0.0,45.8,0.0,0.0,17.0,205.0,1.0,3.0,23.0,0.0,4.58,0.0,0.0,1.7,20.5,0.1,0.3,2.3,4.58
1597,Skyy Moore,KC,WR,W 31-17,6.4,LV,Away,67.5,11-28-23,12,False,0,204,15,18,0,3.6800000000000006,0.0,0.0,1.8,18.8,0.0,0.0,0.0,0.0,52.2,0.0,0.0,20.0,239.0,1.0,3.0,23.0,0.0,4.745454545454546,0.0,0.0,1.8181818181818181,21.727272727272727,0.09090909090909091,0.2727272727272727,2.090909090909091,4.745454545454546
866,Skyy Moore,KC,WR,L 19-27,1.5,GB,Away,85.5,12-05-23,13,False,0,204,15,11,0,3.2800000000000002,0.0,0.0,1.6,16.8,0.0,0.0,0.0,0.0,53.7,0.0,0.0,21.0,244.0,1.0,3.0,23.0,0.0,4.4750000000000005,0.0,0.0,1.75,20.333333333333332,0.08333333333333333,0.25,1.9166666666666667,4.4750000000000005
1176,Skyy Moore,KC,WR,L 17-20,0.0,Buf,Home,134.0,12-12-23,14,False,0,204,15,3,1,2.9200000000000004,0.0,0.0,1.4,15.2,0.0,0.0,0.0,0.0,53.7,0.0,0.0,21.0,244.0,1.0,3.0,23.0,0.0,4.130769230769231,0.0,0.0,1.6153846153846154,18.76923076923077,0.07692307692307693,0.23076923076923078,1.7692307692307692,4.130769230769231
2321,Skyy Moore,KC,WR,W 27-17,0.0,NE,Away,140.0,12-19-23,15,False,0,204,15,21,0,1.86,0.0,0.0,1.0,8.6,0.0,0.0,0.0,0.0,53.7,0.0,0.0,21.0,244.0,1.0,3.0,23.0,0.0,3.835714285714286,0.0,0.0,1.5,17.428571428571427,0.07142857142857142,0.21428571428571427,1.6428571428571428,3.835714285714286
1381,Stanley Morgan,Cin,WR,W 31-14,0.0,Cle,Home,142.5,01-09-24,18,False,0,205,6,7,1,0.0,0.0,0.0,0.0,0.0,0.0,0.0,0.0,0.0,0.0,0.0,0.0,0.0,0.0,0.0,0.0,0.0,0.0,0.0,0.0,0.0,0.0,0.0,0.0,0.0,0.0,0.0
1060,Stanley Morgan,Cin,WR,W 24-18,0.0,Buf,Home,126.5,11-07-23,9,False,0,205,6,3,1,0.0,0.0,0.0,0.0,0.0,0.0,0.0,0.0,0.0,0.0,0.0,0.0,0.0,0.0,0.0,0.0,0.0,0.0,0.0,0.0,0.0,0.0,0.0,0.0,0.0,0.0,0.0
1522,Stanley Morgan,Cin,WR,L 27-30,0.0,Hou,Home,123.5,11-14-23,10,False,0,205,6,12,1,0.0,0.0,0.0,0.0,0.0,0.0,0.0,0.0,0.0,0.0,0.0,0.0,0.0,0.0,0.0,0.0,0.0,0.0,0.0,0.0,0.0,0.0,0.0,0.0,0.0,0.0,0.0
1923,Stefon Diggs,Buf,WR,W 27-21,7.1,NE,Home,55.5,01-02-24,17,False,0,206,3,21,1,7.1,0.0,0.0,4.0,26.0,0.0,1.0,5.0,0.0,7.1,0.0,0.0,4.0,26.0,0.0,1.0,5.0,0.0,7.1,0.0,0.0,4.0,26.0,0.0,1.0,5.0,7.1
1241,Stefon Diggs,Buf,WR,W 21-14,15.7,Mia,Away,20.5,01-09-24,18,False,0,206,3,19,0,11.399999999999999,0.0,0.0,5.5,56.5,0.0,0.5,2.5,0.0,22.799999999999997,0.0,0.0,11.0,113.0,0.0,1.0,5.0,0.0,11.399999999999999,0.0,0.0,5.5,56.5,0.0,0.5,2.5,11.399999999999999
165,Stefon Diggs,Buf,WR,L 16-22,26.2,NYJ,Away,4.0,09-12-23,1,False,0,206,3,24,0,16.333333333333332,0.0,0.0,7.0,71.66666666666667,0.3333333333333333,0.3333333333333333,1.6666666666666667,0.0,49.0,0.0,0.0,21.0,215.0,1.0,1.0,5.0,0.0,16.333333333333332,0.0,0.0,7.0,71.66666666666667,0.3333333333333333,0.3333333333333333,1.6666666666666667,16.333333333333332
2072,Stefon Diggs,Buf,WR,W 38-10,13.6,LV,Home,37.5,09-19-23,2,False,0,206,3,18,1,15.65,0.0,0.0,7.0,70.25,0.25,0.25,1.25,0.0,62.6,0.0,0.0,28.0,281.0,1.0,1.0,5.0,0.0,15.65,0.0,0.0,7.0,70.25,0.25,0.25,1.25,15.65
336,Stefon Diggs,Buf,WR,W 37-3,19.1,Wsh,Away,13.5,09-26-23,3,False,0,206,3,31,0,16.34,0.0,0.0,7.2,78.4,0.2,0.2,1.0,0.0,81.7,0.0,0.0,36.0,392.0,1.0,1.0,5.0,0.0,16.34,0.0,0.0,7.2,78.4,0.2,0.2,1.0,16.34
1,Stefon Diggs,Buf,WR,W 48-20,36.0,Mia,Home,2.0,10-03-23,4,False,0,206,3,19,1,22.12,0.0,0.0,7.6,97.2,0.8,0.0,0.0,0.0,117.7,0.0,0.0,42.0,512.0,4.0,1.0,5.0,0.0,19.616666666666667,0.0,0.0,7.0,85.33333333333333,0.6666666666666666,0.16666666666666666,0.8333333333333334,19.616666666666667
493,Stefon Diggs,Buf,WR,L 20-25,24.1,Jax,Home,6.0,10-10-23,5,False,0,206,3,14,1,23.8,0.0,0.0,7.8,104.0,1.0,0.0,0.0,0.0,141.8,0.0,0.0,50.0,633.0,5.0,1.0,5.0,0.0,20.25714285714286,0.0,0.0,7.142857142857143,90.42857142857143,0.7142857142857143,0.14285714285714285,0.7142857142857143,20.25714285714286
2679,Stefon Diggs,Buf,WR,W 14-9,20.0,NYG,Home,8.0,10-17-23,6,False,0,206,3,23,1,22.560000000000002,0.0,0.0,7.8,103.6,0.8,0.0,0.0,0.0,161.8,0.0,0.0,60.0,733.0,5.0,1.0,5.0,0.0,20.225,0.0,0.0,7.5,91.625,0.625,0.125,0.625,20.225
2549,Stefon Diggs,Buf,WR,L 25-29,17.8,NE,Away,12.0,10-24-23,7,False,0,206,3,21,0,23.400000000000002,0.0,0.0,7.6,102.0,1.0,0.0,0.0,0.0,179.6,0.0,0.0,66.0,791.0,6.0,1.0,5.0,0.0,19.955555555555556,0.0,0.0,7.333333333333333,87.88888888888889,0.6666666666666666,0.1111111111111111,0.5555555555555556,19.955555555555556
2393,Stefon Diggs,Buf,WR,W 24-18,16.0,TB,Home,21.0,10-31-23,8,False,0,206,3,29,1,22.78,0.0,0.0,7.8,93.8,1.0,0.0,0.0,0.0,195.6,0.0,0.0,75.0,861.0,6.0,1.0,5.0,0.0,19.56,0.0,0.0,7.5,86.1,0.6,0.1,0.5,19.56
921,Stefon Diggs,Buf,WR,L 18-24,22.6,Cin,Away,5.0,11-07-23,9,False,0,206,3,6,0,20.1,0.0,0.0,7.8,87.0,0.6,0.0,0.0,0.0,218.20000000000002,0.0,0.0,81.0,947.0,7.0,1.0,5.0,0.0,19.83636363636364,0.0,0.0,7.363636363636363,86.0909090909091,0.6363636363636364,0.09090909090909091,0.45454545454545453,19.83636363636364
1437,Stefon Diggs,Buf,WR,L 22-24,6.4,Den,Home,53.5,11-14-23,10,False,0,206,3,9,1,16.560000000000002,0.0,0.0,6.8,69.6,0.4,0.0,0.0,0.0,224.6,0.0,0.0,84.0,981.0,7.0,1.0,5.0,0.0,18.716666666666665,0.0,0.0,7.0,81.75,0.5833333333333334,0.08333333333333333,0.4166666666666667,18.716666666666665
684,Stefon Diggs,Buf,WR,W 32-6,6.7,NYJ,Home,53.5,11-21-23,11,False,0,206,3,24,1,13.9,0.0,0.0,5.6,55.0,0.4,0.0,0.0,0.0,231.3,0.0,0.0,88.0,1008.0,7.0,1.0,5.0,0.0,17.792307692307695,0.0,0.0,6.769230769230769,77.53846153846153,0.5384615384615384,0.07692307692307693,0.38461538461538464,17.792307692307695
1543,Stefon Diggs,Buf,WR,L 34-37,19.4,Phi,Away,15.5,11-28-23,12,False,0,206,3,25,0,14.220000000000002,0.0,0.0,5.6,58.2,0.4,0.0,0.0,0.0,250.70000000000002,0.0,0.0,94.0,1082.0,8.0,1.0,5.0,0.0,17.90714285714286,0.0,0.0,6.714285714285714,77.28571428571429,0.5714285714285714,0.07142857142857142,0.35714285714285715,17.90714285714286
1115,Stefon Diggs,Buf,WR,W 20-17,6.4,KC,Away,53.0,12-12-23,14,False,0,206,3,15,0,12.3,0.0,0.0,4.6,49.0,0.4,0.0,0.0,0.0,257.1,0.0,0.0,98.0,1106.0,8.0,1.0,5.0,0.0,17.14,0.0,0.0,6.533333333333333,73.73333333333333,0.5333333333333333,0.06666666666666667,0.3333333333333333,17.14
2249,Stefon Diggs,Buf,WR,W 31-10,8.8,Dal,Home,45.0,12-19-23,15,False,0,206,3,8,1,9.540000000000001,0.0,0.0,4.2,41.4,0.2,0.0,0.0,0.0,265.90000000000003,0.0,0.0,102.0,1154.0,8.0,1.0,5.0,0.0,16.618750000000002,0.0,0.0,6.375,72.125,0.5,0.0625,0.3125,16.618750000000002
1752,Stefon Diggs,Buf,WR,W 24-22,7.9,LAC,Away,53.0,12-26-23,16,False,0,206,3,16,0,9.84,0.0,0.0,4.6,40.4,0.2,0.0,0.0,0.0,273.8,0.0,0.0,107.0,1183.0,8.0,1.0,5.0,0.0,16.105882352941176,0.0,0.0,6.294117647058823,69.58823529411765,0.47058823529411764,0.058823529411764705,0.29411764705882354,16.105882352941176
1993,Sterling Shepard,NYG,WR,L 25-26,0.0,LAR,Home,137.5,01-02-24,17,False,0,207,23,17,1,0.0,0.0,0.0,0.0,0.0,0.0,0.0,0.0,0.0,0.0,0.0,0.0,0.0,0.0,0.0,0.0,0.0,0.0,0.0,0.0,0.0,0.0,0.0,0.0,0.0,0.0,0.0
1284,Sterling Shepard,NYG,WR,W 27-10,5.4,Phi,Home,62.0,01-09-24,18,False,0,207,23,25,1,2.7,0.0,0.0,1.5,9.0,0.0,0.5,3.0,0.0,5.4,0.0,0.0,3.0,18.0,0.0,1.0,6.0,0.0,2.7,0.0,0.0,1.5,9.0,0.0,0.5,3.0,2.7
282,Sterling Shepard,NYG,WR,L 0-40,0.0,Dal,Home,135.0,09-12-23,1,False,0,207,23,8,1,1.8,0.0,0.0,1.0,6.0,0.0,0.3333333333333333,2.0,0.0,5.4,0.0,0.0,3.0,18.0,0.0,1.0,6.0,0.0,1.8,0.0,0.0,1.0,6.0,0.0,0.3333333333333333,2.0,1.8
2150,Sterling Shepard,NYG,WR,W 31-28,1.4,Ari,Away,116.0,09-19-23,2,False,0,207,23,0,0,1.7000000000000002,0.0,0.0,1.0,5.5,0.0,0.25,1.5,0.0,6.800000000000001,0.0,0.0,4.0,22.0,0.0,1.0,6.0,0.0,1.7000000000000002,0.0,0.0,1.0,5.5,0.0,0.25,1.5,1.7000000000000002
449,Sterling Shepard,NYG,WR,L 12-30,0.0,SF,Away,141.0,09-26-23,3,False,0,207,23,27,0,1.36,0.0,0.0,0.8,4.4,0.0,0.2,1.2,0.0,6.800000000000001,0.0,0.0,4.0,22.0,0.0,1.0,6.0,0.0,1.36,0.0,0.0,0.8,4.4,0.0,0.2,1.2,1.36
112,Sterling Shepard,NYG,WR,L 3-24,1.6,Sea,Home,113.0,10-03-23,4,False,0,207,23,28,1,1.6800000000000002,0.0,0.0,1.0,5.6,0.0,0.2,1.2,0.0,8.4,0.0,0.0,5.0,28.0,0.0,1.0,6.0,0.0,1.4000000000000001,0.0,0.0,0.8333333333333334,4.666666666666667,0.0,0.16666666666666666,1.0,1.4000000000000001
570,Sterling Shepard,NYG,WR,L 16-31,2.3,Mia,Away,82.0,10-10-23,5,False,0,207,23,19,0,1.06,0.0,0.0,0.6,4.6,0.0,0.0,0.0,0.0,10.7,0.0,0.0,6.0,41.0,0.0,1.0,6.0,0.0,1.5285714285714285,0.0,0.0,0.8571428571428571,5.857142857142857,0.0,0.14285714285714285,0.8571428571428571,1.5285714285714285
2790,Sterling Shepard,NYG,WR,L 9-14,0.0,Buf,Away,128.0,10-17-23,6,False,0,207,23,3,0,1.06,0.0,0.0,0.6,4.6,0.0,0.0,0.0,0.0,10.7,0.0,0.0,6.0,41.0,0.0,1.0,6.0,0.0,1.3375,0.0,0.0,0.75,5.125,0.0,0.125,0.75,1.3375
2670,Sterling Shepard,NYG,WR,W 14-7,-0.7,Wsh,Home,133.0,10-24-23,7,False,0,207,23,31,1,0.64,0.0,0.0,0.6,4.4,0.0,0.0,0.0,0.0,10.0,0.0,0.0,7.0,44.0,0.0,1.0,6.0,0.0,1.1111111111111112,0.0,0.0,0.7777777777777778,4.888888888888889,0.0,0.1111111111111111,0.6666666666666666,1.1111111111111112
1038,Sterling Shepard,NYG,WR,L 6-30,0.0,LV,Away,126.5,11-07-23,9,False,0,207,23,18,0,0.64,0.0,0.0,0.6,4.4,0.0,0.0,0.0,0.0,10.0,0.0,0.0,7.0,44.0,0.0,1.0,6.0,0.0,1.0,0.0,0.0,0.7,4.4,0.0,0.1,0.6,1.0
1431,Sterling Shepard,NYG,WR,L 17-49,7.2,Dal,Away,47.5,11-14-23,10,False,0,207,23,8,0,1.7600000000000002,0.0,0.0,0.6,3.6,0.2,0.0,0.0,0.0,17.2,0.0,0.0,8.0,46.0,1.0,1.0,6.0,0.0,1.5636363636363635,0.0,0.0,0.7272727272727273,4.181818181818182,0.09090909090909091,0.09090909090909091,0.5454545454545454,1.5636363636363635
732,Sterling Shepard,NYG,WR,W 31-19,1.5,Wsh,Away,100.0,11-21-23,11,False,0,207,23,31,0,1.6,0.0,0.0,0.6,2.0,0.2,0.0,0.0,0.0,18.7,0.0,0.0,9.0,51.0,1.0,1.0,6.0,0.0,1.5583333333333333,0.0,0.0,0.75,4.25,0.08333333333333333,0.08333333333333333,0.5,1.5583333333333333
1642,Sterling Shepard,NYG,WR,W 10-7,1.6,NE,Home,113.0,11-28-23,12,False,0,207,23,21,1,1.92,0.0,0.0,0.8,3.2,0.2,0.0,0.0,0.0,20.3,0.0,0.0,10.0,57.0,1.0,1.0,6.0,0.0,1.5615384615384615,0.0,0.0,0.7692307692307693,4.384615384615385,0.07692307692307693,0.07692307692307693,0.46153846153846156,1.5615384615384615
2339,Sterling Shepard,NYG,WR,L 6-24,0.0,NO,Away,140.0,12-19-23,15,False,0,207,23,22,0,2.0599999999999996,0.0,0.0,0.6,2.6,0.2,0.0,0.0,0.0,20.3,0.0,0.0,10.0,57.0,1.0,1.0,6.0,0.0,1.45,0.0,0.0,0.7142857142857143,4.071428571428571,0.07142857142857142,0.07142857142857142,0.42857142857142855,1.45
1836,Sterling Shepard,NYG,WR,L 25-33,0.0,Phi,Away,144.5,12-26-23,16,False,0,207,23,25,0,2.0599999999999996,0.0,0.0,0.6,2.6,0.2,0.0,0.0,0.0,20.3,0.0,0.0,10.0,57.0,1.0,1.0,6.0,0.0,1.3533333333333333,0.0,0.0,0.6666666666666666,3.8,0.06666666666666667,0.06666666666666667,0.4,1.3533333333333333
698,Steven Sims,Hou,WR,W 21-16,4.5,Ari,Home,67.0,11-21-23,11,False,0,208,12,0,1,4.5,0.0,0.0,2.0,25.0,0.0,0.0,0.0,0.0,4.5,0.0,0.0,2.0,25.0,0.0,0.0,0.0,0.0,4.5,0.0,0.0,2.0,25.0,0.0,0.0,0.0,4.5
1695,Steven Sims,Hou,WR,L 21-24,0.0,Jax,Home,149.0,11-28-23,12,False,0,208,12,14,1,2.25,0.0,0.0,1.0,12.5,0.0,0.0,0.0,0.0,4.5,0.0,0.0,2.0,25.0,0.0,0.0,0.0,0.0,2.25,0.0,0.0,1.0,12.5,0.0,0.0,0.0,2.25
2317,Steven Sims,Hou,WR,W 19-16,1.1,Ten,Away,112.0,12-19-23,15,False,0,208,12,30,0,1.8666666666666665,0.0,0.0,1.0,8.333333333333334,0.0,0.3333333333333333,0.3333333333333333,0.0,5.6,0.0,0.0,3.0,25.0,0.0,1.0,1.0,0.0,1.8666666666666665,0.0,0.0,1.0,8.333333333333334,0.0,0.3333333333333333,0.3333333333333333,1.8666666666666665
223,Tank Dell,Hou,WR,L 9-25,6.4,Bal,Away,62.5,09-12-23,1,False,0,209,12,2,0,6.4,0.0,0.0,3.0,34.0,0.0,0.0,0.0,0.0,6.4,0.0,0.0,3.0,34.0,0.0,0.0,0.0,0.0,6.4,0.0,0.0,3.0,34.0,0.0,0.0,0.0,6.4
2054,Tank Dell,Hou,WR,L 20-31,20.2,Ind,Home,19.0,09-19-23,2,False,0,209,12,13,1,13.3,0.0,0.0,5.0,53.0,0.5,0.0,0.0,0.0,26.6,0.0,0.0,10.0,106.0,1.0,0.0,0.0,0.0,13.3,0.0,0.0,5.0,53.0,0.5,0.0,0.0,13.3
330,Tank Dell,Hou,WR,W 37-17,25.5,Jax,Away,7.0,09-26-23,3,False,0,209,12,14,0,17.366666666666664,0.0,0.0,5.0,83.66666666666667,0.6666666666666666,0.0,0.0,0.0,52.099999999999994,0.0,0.0,15.0,251.0,2.0,0.0,0.0,0.0,17.366666666666664,0.0,0.0,5.0,83.66666666666667,0.6666666666666666,0.0,0.0,17.366666666666664
82,Tank Dell,Hou,WR,W 30-6,3.9,Pit,Home,83.0,10-03-23,4,False,0,209,12,26,1,14.0,0.0,0.0,4.0,66.75,0.5,0.5,3.25,0.0,56.0,0.0,0.0,16.0,267.0,2.0,2.0,13.0,0.0,14.0,0.0,0.0,4.0,66.75,0.5,0.5,3.25,14.0
534,Tank Dell,Hou,WR,L 19-21,8.3,Atl,Away,47.0,10-10-23,5,False,0,209,12,1,0,12.86,0.0,0.0,3.8,64.8,0.4,0.8,1.8,0.0,64.3,0.0,0.0,19.0,324.0,2.0,4.0,9.0,0.0,12.86,0.0,0.0,3.8,64.8,0.4,0.8,1.8,12.86
2447,Tank Dell,Hou,WR,L 13-15,6.1,Car,Away,74.5,10-31-23,8,False,0,209,12,4,0,12.8,0.0,0.0,3.8,61.2,0.4,1.4,4.8,0.0,70.4,0.0,0.0,22.0,340.0,2.0,7.0,24.0,0.0,11.733333333333334,0.0,0.0,3.6666666666666665,56.666666666666664,0.3333333333333333,1.1666666666666667,4.0,11.733333333333334
917,Tank Dell,Hou,WR,W 39-37,29.6,TB,Home,1.0,11-07-23,9,False,0,209,12,29,1,14.680000000000001,0.0,0.0,3.6,69.6,0.6,1.8,5.2,0.0,100.0,0.0,0.0,28.0,454.0,4.0,9.0,26.0,0.0,14.285714285714286,0.0,0.0,4.0,64.85714285714286,0.5714285714285714,1.2857142857142858,3.7142857142857144,14.285714285714286
1396,Tank Dell,Hou,WR,W 30-27,18.9,Cin,Away,12.0,11-14-23,10,False,0,209,12,6,0,13.36,0.0,0.0,3.8,51.8,0.6,2.0,7.8,0.0,118.9,0.0,0.0,34.0,510.0,5.0,10.0,39.0,0.0,14.8625,0.0,0.0,4.25,63.75,0.625,1.25,4.875,14.8625
634,Tank Dell,Hou,WR,W 21-16,28.9,Ari,Home,3.0,11-21-23,11,False,0,209,12,0,1,18.36,0.0,0.0,5.2,78.4,0.8,1.6,5.2,0.0,147.8,0.0,0.0,42.0,659.0,6.0,10.0,39.0,0.0,16.422222222222224,0.0,0.0,4.666666666666667,73.22222222222223,0.6666666666666666,1.1111111111111112,4.333333333333333,16.422222222222224
1550,Tank Dell,Hou,WR,L 21-24,17.2,Jax,Home,22.5,11-28-23,12,False,0,209,12,14,1,20.14,0.0,0.0,5.6,77.0,1.0,1.4,8.4,0.0,165.0,0.0,0.0,47.0,709.0,7.0,11.0,51.0,0.0,16.5,0.0,0.0,4.7,70.9,0.7,1.1,5.1,16.5
875,Tank Dell,Hou,WR,W 22-17,0.0,Den,Home,113.0,12-05-23,13,False,0,209,12,9,1,18.919999999999998,0.0,0.0,5.0,73.8,1.0,0.8,5.4,0.0,165.0,0.0,0.0,47.0,709.0,7.0,11.0,51.0,0.0,15.0,0.0,0.0,4.2727272727272725,64.45454545454545,0.6363636363636364,1.0,4.636363636363637,15.0
2032,Tay Martin,SF,WR,W 27-10,0.0,Wsh,Away,137.5,01-02-24,17,False,0,210,27,31,0,0.0,0.0,0.0,0.0,0.0,0.0,0.0,0.0,0.0,0.0,0.0,0.0,0.0,0.0,0.0,0.0,0.0,0.0,0.0,0.0,0.0,0.0,0.0,0.0,0.0,0.0,0.0
1949,Tee Higgins,Cin,WR,L 17-25,2.9,KC,Away,82.0,01-02-24,17,False,0,211,6,15,0,2.9,0.0,0.0,1.0,19.0,0.0,0.0,0.0,0.0,2.9,0.0,0.0,1.0,19.0,0.0,0.0,0.0,0.0,2.9,0.0,0.0,1.0,19.0,0.0,0.0,0.0,2.9
270,Tee Higgins,Cin,WR,L 3-24,0.0,Cle,Away,135.0,09-12-23,1,False,0,211,6,7,0,1.45,0.0,0.0,0.5,9.5,0.0,0.0,0.0,0.0,2.9,0.0,0.0,1.0,19.0,0.0,0.0,0.0,0.0,1.45,0.0,0.0,0.5,9.5,0.0,0.0,0.0,1.45
2039,Tee Higgins,Cin,WR,L 24-27,28.9,Bal,Home,4.0,09-19-23,2,False,0,211,6,2,1,10.6,0.0,0.0,3.0,36.0,0.6666666666666666,0.0,0.0,0.0,31.799999999999997,0.0,0.0,9.0,108.0,2.0,0.0,0.0,0.0,10.6,0.0,0.0,3.0,36.0,0.6666666666666666,0.0,0.0,10.6
406,Tee Higgins,Cin,WR,W 19-16,4.1,LAR,Home,83.5,09-26-23,3,False,0,211,6,17,1,8.975,0.0,0.0,2.75,32.25,0.5,0.0,0.0,0.0,35.9,0.0,0.0,11.0,129.0,2.0,0.0,0.0,0.0,8.975,0.0,0.0,2.75,32.25,0.5,0.0,0.0,8.975
81,Tee Higgins,Cin,WR,L 3-27,3.9,Ten,Away,83.0,10-03-23,4,False,0,211,6,30,0,7.959999999999999,0.0,0.0,2.6,29.6,0.4,0.0,0.0,0.0,39.8,0.0,0.0,13.0,148.0,2.0,0.0,0.0,0.0,7.959999999999999,0.0,0.0,2.6,29.6,0.4,0.0,0.0,7.959999999999999
2748,Tee Higgins,Cin,WR,W 17-13,4.0,Sea,Home,78.0,10-17-23,6,False,0,211,6,28,1,8.18,0.0,0.0,2.8,29.8,0.4,0.0,0.0,0.0,43.8,0.0,0.0,15.0,168.0,2.0,0.0,0.0,0.0,7.3,0.0,0.0,2.5,28.0,0.3333333333333333,0.0,0.0,7.3
2409,Tee Higgins,Cin,WR,W 31-17,11.9,SF,Away,37.0,10-31-23,8,False,0,211,6,27,0,10.559999999999999,0.0,0.0,3.8,43.6,0.4,0.0,0.0,0.0,55.699999999999996,0.0,0.0,20.0,237.0,2.0,0.0,0.0,0.0,7.957142857142856,0.0,0.0,2.857142857142857,33.857142857142854,0.2857142857142857,0.0,0.0,7.957142857142856
924,Tee Higgins,Cin,WR,W 24-18,19.0,Buf,Home,8.0,11-07-23,9,False,0,211,6,3,1,8.58,0.0,0.0,3.8,47.8,0.0,0.0,0.0,0.0,74.69999999999999,0.0,0.0,28.0,347.0,2.0,0.0,0.0,0.0,9.337499999999999,0.0,0.0,3.5,43.375,0.25,0.0,0.0,9.337499999999999
828,Tee Higgins,Cin,WR,W 34-31,6.6,Jax,Away,47.0,12-05-23,13,False,0,211,6,14,0,9.08,0.0,0.0,4.0,50.8,0.0,0.0,0.0,0.0,81.3,0.0,0.0,31.0,383.0,2.0,0.0,0.0,0.0,9.033333333333333,0.0,0.0,3.4444444444444446,42.55555555555556,0.2222222222222222,0.0,0.0,9.033333333333333
1101,Tee Higgins,Cin,WR,W 34-14,9.2,Ind,Home,38.0,12-12-23,14,False,0,211,6,13,1,10.139999999999999,0.0,0.0,4.0,61.4,0.0,0.0,0.0,0.0,90.5,0.0,0.0,33.0,455.0,2.0,0.0,0.0,0.0,9.05,0.0,0.0,3.3,45.5,0.2,0.0,0.0,9.05
2214,Tee Higgins,Cin,WR,W 27-24,22.1,Min,Home,10.0,12-19-23,15,False,0,211,6,20,1,13.76,0.0,0.0,4.4,69.6,0.4,0.0,0.0,0.0,112.6,0.0,0.0,37.0,516.0,4.0,0.0,0.0,0.0,10.236363636363636,0.0,0.0,3.3636363636363638,46.90909090909091,0.36363636363636365,0.0,0.0,10.236363636363636
1709,Tee Higgins,Cin,WR,L 11-34,25.0,Pit,Away,10.0,12-26-23,16,False,0,211,6,26,0,16.380000000000003,0.0,0.0,4.4,83.8,0.6,0.0,0.0,0.0,137.6,0.0,0.0,42.0,656.0,5.0,0.0,0.0,0.0,11.466666666666667,0.0,0.0,3.5,54.666666666666664,0.4166666666666667,0.0,0.0,11.466666666666667
1329,Terrace Marshall Jr.,Car,WR,L 0-9,1.5,TB,Home,107.0,01-09-24,18,False,0,212,4,29,1,1.5,0.0,0.0,1.0,5.0,0.0,0.0,0.0,0.0,1.5,0.0,0.0,1.0,5.0,0.0,0.0,0.0,0.0,1.5,0.0,0.0,1.0,5.0,0.0,0.0,0.0,1.5
237,Terrace Marshall Jr.,Car,WR,L 10-24,4.3,Atl,Away,77.0,09-12-23,1,False,0,212,4,1,0,2.9,0.0,0.0,1.5,14.0,0.0,0.0,0.0,0.0,5.8,0.0,0.0,3.0,28.0,0.0,0.0,0.0,0.0,2.9,0.0,0.0,1.5,14.0,0.0,0.0,0.0,2.9
2166,Terrace Marshall Jr.,Car,WR,L 17-20,0.0,NO,Home,145.0,09-19-23,2,False,0,212,4,22,1,1.9333333333333333,0.0,0.0,1.0,9.333333333333334,0.0,0.0,0.0,0.0,5.8,0.0,0.0,3.0,28.0,0.0,0.0,0.0,0.0,1.9333333333333333,0.0,0.0,1.0,9.333333333333334,0.0,0.0,0.0,1.9333333333333333
376,Terrace Marshall Jr.,Car,WR,L 27-37,8.5,Sea,Away,53.5,09-26-23,3,False,0,212,4,28,0,3.575,0.0,0.0,2.0,15.75,0.0,0.0,0.0,0.0,14.3,0.0,0.0,8.0,63.0,0.0,0.0,0.0,0.0,3.575,0.0,0.0,2.0,15.75,0.0,0.0,0.0,3.575
25,Terrace Marshall Jr.,Car,WR,L 13-21,14.6,Min,Home,26.0,10-03-23,4,False,0,212,4,20,1,5.779999999999999,0.0,0.0,3.4,23.8,0.0,0.0,0.0,0.0,28.9,0.0,0.0,17.0,119.0,0.0,0.0,0.0,0.0,5.779999999999999,0.0,0.0,3.4,23.8,0.0,0.0,0.0,5.779999999999999
2784,Terrace Marshall Jr.,Car,WR,L 21-42,0.0,Mia,Away,128.0,10-17-23,6,False,0,212,4,19,0,5.4799999999999995,0.0,0.0,3.2,22.8,0.0,0.0,0.0,0.0,28.9,0.0,0.0,17.0,119.0,0.0,0.0,0.0,0.0,4.816666666666666,0.0,0.0,2.8333333333333335,19.833333333333332,0.0,0.0,0.0,4.816666666666666
2474,Terrace Marshall Jr.,Car,WR,W 15-13,1.9,Hou,Home,102.5,10-31-23,8,False,0,212,4,12,1,5.0,0.0,0.0,3.0,20.0,0.0,0.0,0.0,0.0,30.8,0.0,0.0,18.0,128.0,0.0,0.0,0.0,0.0,4.4,0.0,0.0,2.5714285714285716,18.285714285714285,0.0,0.0,0.0,4.4
1035,Terrace Marshall Jr.,Car,WR,L 13-27,0.0,Ind,Home,126.5,11-07-23,9,False,0,212,4,13,1,5.0,0.0,0.0,3.0,20.0,0.0,0.0,0.0,0.0,30.8,0.0,0.0,18.0,128.0,0.0,0.0,0.0,0.0,3.85,0.0,0.0,2.25,16.0,0.0,0.0,0.0,3.85
1473,Terrace Marshall Jr.,Car,WR,L 13-16,2.1,Chi,Away,90.0,11-14-23,10,False,0,212,4,5,0,3.72,0.0,0.0,2.2,15.2,0.0,0.0,0.0,0.0,32.9,0.0,0.0,19.0,139.0,0.0,0.0,0.0,0.0,3.6555555555555554,0.0,0.0,2.111111111111111,15.444444444444445,0.0,0.0,0.0,3.6555555555555554
778,Terrell Bynum,LAC,WR,L 20-23,0.0,GB,Away,126.0,11-21-23,11,False,0,213,16,11,0,0.0,0.0,0.0,0.0,0.0,0.0,0.0,0.0,0.0,0.0,0.0,0.0,0.0,0.0,0.0,0.0,0.0,0.0,0.0,0.0,0.0,0.0,0.0,0.0,0.0,0.0,0.0
1888,Terry McLaurin,Wsh,WR,L 10-27,16.1,SF,Home,21.0,01-02-24,17,False,0,214,31,27,1,16.1,0.0,0.0,4.0,61.0,1.0,0.0,0.0,0.0,16.1,0.0,0.0,4.0,61.0,1.0,0.0,0.0,0.0,16.1,0.0,0.0,4.0,61.0,1.0,0.0,0.0,16.1
1254,Terry McLaurin,Wsh,WR,L 10-38,11.6,Dal,Home,33.0,01-09-24,18,False,0,214,31,8,1,13.850000000000001,0.0,0.0,5.0,58.5,0.5,0.0,0.0,0.0,27.700000000000003,0.0,0.0,10.0,117.0,1.0,0.0,0.0,0.0,13.850000000000001,0.0,0.0,5.0,58.5,0.5,0.0,0.0,13.850000000000001
231,Terry McLaurin,Wsh,WR,W 20-16,5.1,Ari,Home,70.5,09-12-23,1,False,0,214,31,0,1,10.933333333333332,0.0,0.0,4.0,49.333333333333336,0.3333333333333333,0.0,0.0,0.0,32.8,0.0,0.0,12.0,148.0,1.0,0.0,0.0,0.0,10.933333333333332,0.0,0.0,4.0,49.333333333333336,0.3333333333333333,0.0,0.0,10.933333333333332
2061,Terry McLaurin,Wsh,WR,W 35-33,16.4,Den,Away,25.5,09-19-23,2,False,0,214,31,9,0,12.3,0.0,0.0,4.25,50.5,0.5,0.0,0.0,0.0,49.2,0.0,0.0,17.0,202.0,2.0,0.0,0.0,0.0,12.3,0.0,0.0,4.25,50.5,0.5,0.0,0.0,12.3
370,Terry McLaurin,Wsh,WR,L 3-37,10.1,Buf,Home,47.0,09-26-23,3,False,0,214,31,3,1,11.86,0.0,0.0,4.6,48.6,0.4,0.0,0.0,0.0,59.3,0.0,0.0,23.0,243.0,2.0,0.0,0.0,0.0,11.86,0.0,0.0,4.6,48.6,0.4,0.0,0.0,11.86
7,Terry McLaurin,Wsh,WR,L 31-34,22.6,Phi,Away,8.0,10-03-23,4,False,0,214,31,25,0,13.16,0.0,0.0,5.4,53.6,0.2,0.0,0.0,0.0,81.9,0.0,0.0,31.0,329.0,2.0,0.0,0.0,0.0,13.65,0.0,0.0,5.166666666666667,54.833333333333336,0.3333333333333333,0.0,0.0,13.65
530,Terry McLaurin,Wsh,WR,L 20-40,8.9,Chi,Home,43.0,10-10-23,5,False,0,214,31,5,1,12.62,0.0,0.0,5.0,52.2,0.2,0.0,0.0,0.0,90.8,0.0,0.0,35.0,378.0,2.0,0.0,0.0,0.0,12.971428571428572,0.0,0.0,5.0,54.0,0.2857142857142857,0.0,0.0,12.971428571428572
2696,Terry McLaurin,Wsh,WR,W 24-16,14.1,Atl,Away,25.0,10-17-23,6,False,0,214,31,1,0,14.419999999999998,0.0,0.0,5.8,62.2,0.2,0.0,0.0,0.0,104.9,0.0,0.0,41.0,459.0,2.0,0.0,0.0,0.0,13.1125,0.0,0.0,5.125,57.375,0.25,0.0,0.0,13.1125
2557,Terry McLaurin,Wsh,WR,L 7-14,15.0,NYG,Away,20.0,10-24-23,7,False,0,214,31,23,0,14.139999999999997,0.0,0.0,6.0,69.4,0.0,0.0,0.0,0.0,119.9,0.0,0.0,47.0,549.0,2.0,0.0,0.0,0.0,13.322222222222223,0.0,0.0,5.222222222222222,61.0,0.2222222222222222,0.0,0.0,13.322222222222223
2390,Terry McLaurin,Wsh,WR,L 31-38,17.3,Phi,Home,18.0,10-31-23,8,False,0,214,31,25,1,15.580000000000002,0.0,0.0,5.8,73.8,0.2,0.0,0.0,0.0,137.2,0.0,0.0,52.0,612.0,3.0,0.0,0.0,0.0,13.719999999999999,0.0,0.0,5.2,61.2,0.3,0.0,0.0,13.719999999999999
939,Terry McLaurin,Wsh,WR,W 20-17,12.3,NE,Away,23.5,11-07-23,9,False,0,214,31,21,0,13.52,0.0,0.0,5.2,71.2,0.2,0.0,0.0,0.0,149.5,0.0,0.0,57.0,685.0,3.0,0.0,0.0,0.0,13.590909090909092,0.0,0.0,5.181818181818182,62.27272727272727,0.2727272727272727,0.0,0.0,13.590909090909092
1430,Terry McLaurin,Wsh,WR,L 26-29,7.3,Sea,Away,46.0,11-14-23,10,False,0,214,31,28,0,13.2,0.0,0.0,5.2,68.0,0.2,0.0,0.0,0.0,156.8,0.0,0.0,61.0,718.0,3.0,0.0,0.0,0.0,13.066666666666668,0.0,0.0,5.083333333333333,59.833333333333336,0.25,0.0,0.0,13.066666666666668
669,Terry McLaurin,Wsh,WR,L 19-31,9.3,NYG,Home,38.0,11-21-23,11,False,0,214,31,23,1,12.24,0.0,0.0,5.0,60.4,0.2,0.0,0.0,0.0,166.1,0.0,0.0,66.0,761.0,3.0,0.0,0.0,0.0,12.776923076923076,0.0,0.0,5.076923076923077,58.53846153846154,0.23076923076923078,0.0,0.0,12.776923076923076
1574,Terry McLaurin,Wsh,WR,L 10-45,9.0,Dal,Away,46.5,11-28-23,12,False,0,214,31,8,0,11.040000000000001,0.0,0.0,4.6,52.4,0.2,0.0,0.0,0.0,175.1,0.0,0.0,70.0,811.0,3.0,0.0,0.0,0.0,12.507142857142856,0.0,0.0,5.0,57.92857142857143,0.21428571428571427,0.0,0.0,12.507142857142856
872,Terry McLaurin,Wsh,WR,L 15-45,0.0,Mia,Home,113.0,12-05-23,13,False,0,214,31,19,1,7.580000000000001,0.0,0.0,3.6,39.8,0.0,0.0,0.0,0.0,175.1,0.0,0.0,70.0,811.0,3.0,0.0,0.0,0.0,11.673333333333334,0.0,0.0,4.666666666666667,54.06666666666667,0.2,0.0,0.0,11.673333333333334
2207,Terry McLaurin,Wsh,WR,L 20-28,26.1,LAR,Away,3.0,12-19-23,15,False,0,214,31,17,0,10.34,0.0,0.0,3.8,53.4,0.2,0.0,0.0,0.0,201.2,0.0,0.0,76.0,952.0,4.0,0.0,0.0,0.0,12.575,0.0,0.0,4.75,59.5,0.25,0.0,0.0,12.575
1751,Terry McLaurin,Wsh,WR,L 28-30,8.0,NYJ,Away,52.0,12-26-23,16,False,0,214,31,24,0,10.48,0.0,0.0,3.6,56.8,0.2,0.0,0.0,0.0,209.2,0.0,0.0,79.0,1002.0,4.0,0.0,0.0,0.0,12.305882352941175,0.0,0.0,4.647058823529412,58.94117647058823,0.23529411764705882,0.0,0.0,12.305882352941175
2016,Tim Jones,Jax,WR,W 26-0,0.0,Car,Home,137.5,01-02-24,17,False,0,215,14,4,1,0.0,0.0,0.0,0.0,0.0,0.0,0.0,0.0,0.0,0.0,0.0,0.0,0.0,0.0,0.0,0.0,0.0,0.0,0.0,0.0,0.0,0.0,0.0,0.0,0.0,0.0,0.0
1323,Tim Jones,Jax,WR,L 20-28,1.7,Ten,Away,102.0,01-09-24,18,False,0,215,14,30,0,0.85,0.0,0.0,0.5,3.5,0.0,0.0,0.0,0.0,1.7,0.0,0.0,1.0,7.0,0.0,0.0,0.0,0.0,0.85,0.0,0.0,0.5,3.5,0.0,0.0,0.0,0.85
313,Tim Jones,Jax,WR,W 31-21,0.0,Ind,Away,135.0,09-12-23,1,False,0,215,14,13,0,0.5666666666666667,0.0,0.0,0.3333333333333333,2.3333333333333335,0.0,0.0,0.0,0.0,1.7,0.0,0.0,1.0,7.0,0.0,0.0,0.0,0.0,0.5666666666666667,0.0,0.0,0.3333333333333333,2.3333333333333335,0.0,0.0,0.0,0.5666666666666667
2191,Tim Jones,Jax,WR,L 9-17,0.0,KC,Home,145.0,09-19-23,2,False,0,215,14,15,1,0.425,0.0,0.0,0.25,1.75,0.0,0.0,0.0,0.0,1.7,0.0,0.0,1.0,7.0,0.0,0.0,0.0,0.0,0.425,0.0,0.0,0.25,1.75,0.0,0.0,0.0,0.425
416,Tim Jones,Jax,WR,L 17-37,3.1,Hou,Home,93.0,09-26-23,3,False,0,215,14,12,1,0.96,0.0,0.0,0.6,3.6,0.0,0.0,0.0,0.0,4.8,0.0,0.0,3.0,18.0,0.0,0.0,0.0,0.0,0.96,0.0,0.0,0.6,3.6,0.0,0.0,0.0,0.96
121,Tim Jones,Jax,WR,W 23-7,0.9,Atl,Home,122.0,10-03-23,4,False,0,215,14,1,1,1.1400000000000001,0.0,0.0,0.8,3.4,0.0,0.0,0.0,0.0,5.7,0.0,0.0,4.0,17.0,0.0,0.0,0.0,0.0,0.9500000000000001,0.0,0.0,0.6666666666666666,2.8333333333333335,0.0,0.0,0.0,0.9500000000000001
618,Tim Jones,Jax,WR,W 25-20,0.0,Buf,Away,124.5,10-10-23,5,False,0,215,14,3,0,0.8,0.0,0.0,0.6,2.0,0.0,0.0,0.0,0.0,5.7,0.0,0.0,4.0,17.0,0.0,0.0,0.0,0.0,0.8142857142857143,0.0,0.0,0.5714285714285714,2.4285714285714284,0.0,0.0,0.0,0.8142857142857143
2807,Tim Jones,Jax,WR,W 37-20,0.0,Ind,Home,128.0,10-17-23,6,False,0,215,14,13,1,0.8,0.0,0.0,0.6,2.0,0.0,0.0,0.0,0.0,5.7,0.0,0.0,4.0,17.0,0.0,0.0,0.0,0.0,0.7125,0.0,0.0,0.5,2.125,0.0,0.0,0.0,0.7125
2605,Tim Jones,Jax,WR,W 31-24,3.7,NO,Away,68.0,10-24-23,7,False,0,215,14,22,0,1.54,0.0,0.0,1.0,5.4,0.0,0.0,0.0,0.0,9.4,0.0,0.0,6.0,34.0,0.0,0.0,0.0,0.0,1.0444444444444445,0.0,0.0,0.6666666666666666,3.7777777777777777,0.0,0.0,0.0,1.0444444444444445
2521,Tim Jones,Jax,WR,W 20-10,0.0,Pit,Away,138.0,10-31-23,8,False,0,215,14,26,0,0.9200000000000002,0.0,0.0,0.6,3.2,0.0,0.0,0.0,0.0,9.4,0.0,0.0,6.0,34.0,0.0,0.0,0.0,0.0,0.9400000000000001,0.0,0.0,0.6,3.4,0.0,0.0,0.0,0.9400000000000001
1455,Tim Jones,Jax,WR,L 3-34,3.7,SF,Home,71.0,11-14-23,10,False,0,215,14,27,1,1.48,0.0,0.0,0.8,6.8,0.0,0.0,0.0,0.0,13.100000000000001,0.0,0.0,8.0,51.0,0.0,0.0,0.0,0.0,1.1909090909090911,0.0,0.0,0.7272727272727273,4.636363636363637,0.0,0.0,0.0,1.1909090909090911
759,Tim Jones,Jax,WR,W 34-14,0.0,Ten,Home,126.0,11-21-23,11,False,0,215,14,30,1,1.48,0.0,0.0,0.8,6.8,0.0,0.0,0.0,0.0,13.100000000000001,0.0,0.0,8.0,51.0,0.0,0.0,0.0,0.0,1.0916666666666668,0.0,0.0,0.6666666666666666,4.25,0.0,0.0,0.0,1.0916666666666668
1681,Tim Jones,Jax,WR,W 24-21,0.0,Hou,Away,149.0,11-28-23,12,False,0,215,14,12,0,1.48,0.0,0.0,0.8,6.8,0.0,0.0,0.0,0.0,13.100000000000001,0.0,0.0,8.0,51.0,0.0,0.0,0.0,0.0,1.0076923076923079,0.0,0.0,0.6153846153846154,3.923076923076923,0.0,0.0,0.0,1.0076923076923079
906,Tim Jones,Jax,WR,L 31-34,0.0,Cin,Home,113.0,12-05-23,13,False,0,215,14,6,1,0.7400000000000001,0.0,0.0,0.4,3.4,0.0,0.0,0.0,0.0,13.100000000000001,0.0,0.0,8.0,51.0,0.0,0.0,0.0,0.0,0.9357142857142858,0.0,0.0,0.5714285714285714,3.642857142857143,0.0,0.0,0.0,0.9357142857142858
1210,Tim Jones,Jax,WR,L 27-31,0.0,Cle,Away,134.0,12-12-23,14,False,0,215,14,7,0,0.7400000000000001,0.0,0.0,0.4,3.4,0.0,0.0,0.0,0.0,13.100000000000001,0.0,0.0,8.0,51.0,0.0,0.0,0.0,0.0,0.8733333333333334,0.0,0.0,0.5333333333333333,3.4,0.0,0.0,0.0,0.8733333333333334
2357,Tim Jones,Jax,WR,L 7-23,0.0,Bal,Home,140.0,12-19-23,15,False,0,215,14,2,1,0.0,0.0,0.0,0.0,0.0,0.0,0.0,0.0,0.0,13.100000000000001,0.0,0.0,8.0,51.0,0.0,0.0,0.0,0.0,0.8187500000000001,0.0,0.0,0.5,3.1875,0.0,0.0,0.0,0.8187500000000001
1768,Tim Jones,Jax,WR,L 12-30,6.2,TB,Away,68.5,12-26-23,16,False,0,215,14,29,0,1.2400000000000002,0.0,0.0,0.6,6.4,0.0,0.0,0.0,0.0,19.3,0.0,0.0,11.0,83.0,0.0,0.0,0.0,0.0,1.1352941176470588,0.0,0.0,0.6470588235294118,4.882352941176471,0.0,0.0,0.0,1.1352941176470588
1933,Tre Tucker,LV,WR,L 20-23,5.6,Ind,Away,65.5,01-02-24,17,False,0,216,18,13,0,5.6,0.0,0.0,2.0,36.0,0.0,0.0,0.0,0.0,5.6,0.0,0.0,2.0,36.0,0.0,0.0,0.0,0.0,5.6,0.0,0.0,2.0,36.0,0.0,0.0,0.0,5.6
1249,Tre Tucker,LV,WR,W 27-14,14.0,Den,Home,28.0,01-09-24,18,False,0,216,18,9,1,9.8,0.0,0.0,3.5,57.5,0.0,0.5,5.5,0.0,19.6,0.0,0.0,7.0,115.0,0.0,1.0,11.0,0.0,9.8,0.0,0.0,3.5,57.5,0.0,0.5,5.5,9.8
2126,Tre Tucker,LV,WR,L 10-38,3.4,Buf,Away,91.0,09-19-23,2,False,0,216,18,3,0,7.666666666666667,0.0,0.0,2.3333333333333335,38.333333333333336,0.0,0.6666666666666666,15.0,0.0,23.0,0.0,0.0,7.0,115.0,0.0,2.0,45.0,0.0,7.666666666666667,0.0,0.0,2.3333333333333335,38.333333333333336,0.0,0.6666666666666666,15.0,7.666666666666667
461,Tre Tucker,LV,WR,L 18-23,0.0,Pit,Home,141.0,09-26-23,3,False,0,216,18,26,1,5.75,0.0,0.0,1.75,28.75,0.0,0.5,11.25,0.0,23.0,0.0,0.0,7.0,115.0,0.0,2.0,45.0,0.0,5.75,0.0,0.0,1.75,28.75,0.0,0.5,11.25,5.75
139,Tre Tucker,LV,WR,L 17-24,0.0,LAC,Away,143.0,10-03-23,4,False,0,216,18,16,0,4.6,0.0,0.0,1.4,23.0,0.0,0.4,9.0,0.0,23.0,0.0,0.0,7.0,115.0,0.0,2.0,45.0,0.0,4.6,0.0,0.0,1.4,23.0,0.0,0.4,9.0,4.6
586,Tre Tucker,LV,WR,W 17-13,1.6,GB,Home,98.5,10-10-23,5,False,0,216,18,11,1,3.8,0.0,0.0,1.0,15.8,0.0,0.6,12.2,0.0,24.6,0.0,0.0,7.0,115.0,0.0,3.0,61.0,0.0,4.1000000000000005,0.0,0.0,1.1666666666666667,19.166666666666668,0.0,0.5,10.166666666666666,4.1000000000000005
2717,Tre Tucker,LV,WR,W 21-17,8.1,NE,Home,46.0,10-17-23,6,False,0,216,18,21,1,2.62,0.0,0.0,0.4,11.4,0.0,0.6,10.8,0.0,32.7,0.0,0.0,9.0,172.0,0.0,4.0,65.0,0.0,4.671428571428572,0.0,0.0,1.2857142857142858,24.571428571428573,0.0,0.5714285714285714,9.285714285714286,4.671428571428572
2604,Tre Tucker,LV,WR,L 12-30,3.8,Chi,Away,67.0,10-24-23,7,False,0,216,18,5,0,2.7,0.0,0.0,0.8,14.6,0.0,0.6,4.4,0.0,36.5,0.0,0.0,11.0,188.0,0.0,5.0,67.0,0.0,4.5625,0.0,0.0,1.375,23.5,0.0,0.625,8.375,4.5625
2504,Tre Tucker,LV,WR,L 14-26,0.0,Det,Away,138.0,10-31-23,8,False,0,216,18,10,0,2.7,0.0,0.0,0.8,14.6,0.0,0.6,4.4,0.0,36.5,0.0,0.0,11.0,188.0,0.0,5.0,67.0,0.0,4.055555555555555,0.0,0.0,1.2222222222222223,20.88888888888889,0.0,0.5555555555555556,7.444444444444445,4.055555555555555
959,Tre Tucker,LV,WR,W 30-6,7.6,NYG,Home,43.0,11-07-23,9,False,0,216,18,23,1,4.22,0.0,0.0,1.2,25.0,0.0,0.8,5.2,0.0,44.1,0.0,0.0,13.0,240.0,0.0,6.0,71.0,0.0,4.41,0.0,0.0,1.3,24.0,0.0,0.6,7.1,4.41
1488,Tre Tucker,LV,WR,W 16-12,0.9,NYJ,Home,104.0,11-14-23,10,False,0,216,18,24,1,4.08,0.0,0.0,1.2,25.0,0.0,0.8,3.8,0.0,45.0,0.0,0.0,13.0,240.0,0.0,7.0,80.0,0.0,4.090909090909091,0.0,0.0,1.1818181818181819,21.818181818181817,0.0,0.6363636363636364,7.2727272727272725,4.090909090909091
696,Tre Tucker,LV,WR,L 13-20,5.0,Mia,Away,64.5,11-21-23,11,False,0,216,18,19,0,3.46,0.0,0.0,1.2,20.8,0.0,0.8,1.8,0.0,50.0,0.0,0.0,15.0,276.0,0.0,8.0,74.0,0.0,4.166666666666667,0.0,0.0,1.25,23.0,0.0,0.6666666666666666,6.166666666666667,4.166666666666667
1670,Tre Tucker,LV,WR,L 17-31,0.0,KC,Home,149.0,11-28-23,12,False,0,216,18,15,1,2.7,0.0,0.0,0.8,17.6,0.0,0.6,1.4,0.0,50.0,0.0,0.0,15.0,276.0,0.0,8.0,74.0,0.0,3.8461538461538463,0.0,0.0,1.1538461538461537,21.23076923076923,0.0,0.6153846153846154,5.6923076923076925,3.8461538461538463
1192,Tre Tucker,LV,WR,L 0-3,0.0,Min,Home,134.0,12-12-23,14,False,0,216,18,20,1,2.7,0.0,0.0,0.8,17.6,0.0,0.6,1.4,0.0,50.0,0.0,0.0,15.0,276.0,0.0,8.0,74.0,0.0,3.5714285714285716,0.0,0.0,1.0714285714285714,19.714285714285715,0.0,0.5714285714285714,5.285714285714286,3.5714285714285716
2219,Tre Tucker,LV,WR,W 63-21,20.7,LAC,Home,15.0,12-19-23,15,False,0,216,18,16,1,5.32,0.0,0.0,1.0,19.0,0.4,0.6,0.2,0.0,70.7,0.0,0.0,18.0,335.0,2.0,9.0,72.0,0.0,4.713333333333334,0.0,0.0,1.2,22.333333333333332,0.13333333333333333,0.6,4.8,4.713333333333334
1818,Tre Tucker,LV,WR,W 20-14,1.1,KC,Away,119.0,12-26-23,16,False,0,216,18,15,0,5.360000000000001,0.0,0.0,1.2,18.2,0.4,0.6,-0.6,0.0,71.8,0.0,0.0,19.0,331.0,2.0,10.0,77.0,0.0,4.4875,0.0,0.0,1.1875,20.6875,0.125,0.625,4.8125,4.4875
2523,Tre'Quan Smith,Den,WR,W 24-9,0.0,KC,Home,138.0,10-31-23,8,False,0,217,9,15,1,0.0,0.0,0.0,0.0,0.0,0.0,0.0,0.0,0.0,0.0,0.0,0.0,0.0,0.0,0.0,0.0,0.0,0.0,0.0,0.0,0.0,0.0,0.0,0.0,0.0,0.0,0.0
1996,Trent Sherfield,Buf,WR,W 27-21,0.0,NE,Home,137.5,01-02-24,17,False,0,218,3,21,1,0.0,0.0,0.0,0.0,0.0,0.0,0.0,0.0,0.0,0.0,0.0,0.0,0.0,0.0,0.0,0.0,0.0,0.0,0.0,0.0,0.0,0.0,0.0,0.0,0.0,0.0,0.0
1256,Trent Sherfield,Buf,WR,W 21-14,11.4,Mia,Away,35.0,01-09-24,18,False,0,218,3,19,0,5.7,0.0,0.0,1.5,12.0,0.5,0.0,0.0,0.0,11.4,0.0,0.0,3.0,24.0,1.0,0.0,0.0,0.0,5.7,0.0,0.0,1.5,12.0,0.5,0.0,0.0,5.7
290,Trent Sherfield,Buf,WR,L 16-22,0.0,NYJ,Away,135.0,09-12-23,1,False,0,218,3,24,0,3.8000000000000003,0.0,0.0,1.0,8.0,0.3333333333333333,0.0,0.0,0.0,11.4,0.0,0.0,3.0,24.0,1.0,0.0,0.0,0.0,3.8000000000000003,0.0,0.0,1.0,8.0,0.3333333333333333,0.0,0.0,3.8000000000000003
2173,Trent Sherfield,Buf,WR,W 38-10,0.0,LV,Home,145.0,09-19-23,2,False,0,218,3,18,1,2.85,0.0,0.0,0.75,6.0,0.25,0.0,0.0,0.0,11.4,0.0,0.0,3.0,24.0,1.0,0.0,0.0,0.0,2.85,0.0,0.0,0.75,6.0,0.25,0.0,0.0,2.85
409,Trent Sherfield,Buf,WR,W 37-3,3.8,Wsh,Away,86.0,09-26-23,3,False,0,218,3,31,0,3.04,0.0,0.0,1.0,8.4,0.2,0.0,0.0,0.0,15.2,0.0,0.0,5.0,42.0,1.0,0.0,0.0,0.0,3.04,0.0,0.0,1.0,8.4,0.2,0.0,0.0,3.04
84,Trent Sherfield,Buf,WR,W 48-20,3.8,Mia,Home,85.0,10-03-23,4,False,0,218,3,19,1,3.8,0.0,0.0,1.4,12.0,0.2,0.0,0.0,0.0,19.0,0.0,0.0,7.0,60.0,1.0,0.0,0.0,0.0,3.1666666666666665,0.0,0.0,1.1666666666666667,10.0,0.16666666666666666,0.0,0.0,3.1666666666666665
588,Trent Sherfield,Buf,WR,L 20-25,1.3,Jax,Home,101.0,10-10-23,5,False,0,218,3,14,1,1.78,0.0,0.0,1.0,7.8,0.0,0.0,0.0,0.0,20.3,0.0,0.0,8.0,63.0,1.0,0.0,0.0,0.0,2.9,0.0,0.0,1.1428571428571428,9.0,0.14285714285714285,0.0,0.0,2.9
2794,Trent Sherfield,Buf,WR,W 14-9,0.0,NYG,Home,128.0,10-17-23,6,False,0,218,3,23,1,1.78,0.0,0.0,1.0,7.8,0.0,0.0,0.0,0.0,20.3,0.0,0.0,8.0,63.0,1.0,0.0,0.0,0.0,2.5375,0.0,0.0,1.0,7.875,0.125,0.0,0.0,2.5375
2630,Trent Sherfield,Buf,WR,L 25-29,1.5,NE,Away,91.5,10-24-23,7,False,0,218,3,21,0,2.08,0.0,0.0,1.2,8.8,0.0,0.0,0.0,0.0,21.8,0.0,0.0,9.0,68.0,1.0,0.0,0.0,0.0,2.4222222222222225,0.0,0.0,1.0,7.555555555555555,0.1111111111111111,0.0,0.0,2.4222222222222225
2502,Trent Sherfield,Buf,WR,W 24-18,0.0,TB,Home,138.0,10-31-23,8,False,0,218,3,29,1,1.3199999999999998,0.0,0.0,0.8,5.2,0.0,0.0,0.0,0.0,21.8,0.0,0.0,9.0,68.0,1.0,0.0,0.0,0.0,2.18,0.0,0.0,0.9,6.8,0.1,0.0,0.0,2.18
1009,Trent Sherfield,Buf,WR,L 18-24,1.9,Cin,Away,92.0,11-07-23,9,False,0,218,3,6,0,0.9400000000000001,0.0,0.0,0.6,3.4,0.0,0.0,0.0,0.0,23.7,0.0,0.0,10.0,77.0,1.0,0.0,0.0,0.0,2.1545454545454543,0.0,0.0,0.9090909090909091,7.0,0.09090909090909091,0.0,0.0,2.1545454545454543
1503,Trent Sherfield,Buf,WR,L 22-24,0.0,Den,Home,123.5,11-14-23,10,False,0,218,3,9,1,0.68,0.0,0.0,0.4,2.8,0.0,0.0,0.0,0.0,23.7,0.0,0.0,10.0,77.0,1.0,0.0,0.0,0.0,1.9749999999999999,0.0,0.0,0.8333333333333334,6.416666666666667,0.08333333333333333,0.0,0.0,1.9749999999999999
748,Trent Sherfield,Buf,WR,W 32-6,0.0,NYJ,Home,126.0,11-21-23,11,False,0,218,3,24,1,0.68,0.0,0.0,0.4,2.8,0.0,0.0,0.0,0.0,23.7,0.0,0.0,10.0,77.0,1.0,0.0,0.0,0.0,1.823076923076923,0.0,0.0,0.7692307692307693,5.923076923076923,0.07692307692307693,0.0,0.0,1.823076923076923
1665,Trent Sherfield,Buf,WR,L 34-37,0.0,Phi,Away,149.0,11-28-23,12,False,0,218,3,25,0,0.38,0.0,0.0,0.2,1.8,0.0,0.0,0.0,0.0,23.7,0.0,0.0,10.0,77.0,1.0,0.0,0.0,0.0,1.6928571428571428,0.0,0.0,0.7142857142857143,5.5,0.07142857142857142,0.0,0.0,1.6928571428571428
1162,Trent Sherfield,Buf,WR,W 20-17,1.9,KC,Away,98.5,12-12-23,14,False,0,218,3,15,0,0.76,0.0,0.0,0.4,3.6,0.0,0.0,0.0,0.0,25.6,0.0,0.0,11.0,86.0,1.0,0.0,0.0,0.0,1.7066666666666668,0.0,0.0,0.7333333333333333,5.733333333333333,0.06666666666666667,0.0,0.0,1.7066666666666668
2342,Trent Sherfield,Buf,WR,W 31-10,0.0,Dal,Home,140.0,12-19-23,15,False,0,218,3,8,1,0.38,0.0,0.0,0.2,1.8,0.0,0.0,0.0,0.0,25.6,0.0,0.0,11.0,86.0,1.0,0.0,0.0,0.0,1.6,0.0,0.0,0.6875,5.375,0.0625,0.0,0.0,1.6
1840,Trent Sherfield,Buf,WR,W 24-22,0.0,LAC,Away,144.5,12-26-23,16,False,0,218,3,16,0,0.38,0.0,0.0,0.2,1.8,0.0,0.0,0.0,0.0,25.6,0.0,0.0,11.0,86.0,1.0,0.0,0.0,0.0,1.5058823529411764,0.0,0.0,0.6470588235294118,5.0588235294117645,0.058823529411764705,0.0,0.0,1.5058823529411764
2018,Trent Taylor,Chi,WR,W 37-17,0.0,Atl,Home,137.5,01-02-24,17,False,0,219,5,1,1,0.0,0.0,0.0,0.0,0.0,0.0,0.0,0.0,0.0,0.0,0.0,0.0,0.0,0.0,0.0,0.0,0.0,0.0,0.0,0.0,0.0,0.0,0.0,0.0,0.0,0.0,0.0
1369,Trent Taylor,Chi,WR,L 9-17,0.0,GB,Away,142.5,01-09-24,18,False,0,219,5,11,0,0.0,0.0,0.0,0.0,0.0,0.0,0.0,0.0,0.0,0.0,0.0,0.0,0.0,0.0,0.0,0.0,0.0,0.0,0.0,0.0,0.0,0.0,0.0,0.0,0.0,0.0,0.0
312,Trent Taylor,Chi,WR,L 20-38,0.0,GB,Home,135.0,09-12-23,1,False,0,219,5,11,1,0.0,0.0,0.0,0.0,0.0,0.0,0.0,0.0,0.0,0.0,0.0,0.0,0.0,0.0,0.0,0.0,0.0,0.0,0.0,0.0,0.0,0.0,0.0,0.0,0.0,0.0,0.0
2190,Trent Taylor,Chi,WR,L 17-27,0.0,TB,Away,145.0,09-19-23,2,False,0,219,5,29,0,0.0,0.0,0.0,0.0,0.0,0.0,0.0,0.0,0.0,0.0,0.0,0.0,0.0,0.0,0.0,0.0,0.0,0.0,0.0,0.0,0.0,0.0,0.0,0.0,0.0,0.0,0.0
474,Trent Taylor,Chi,WR,L 10-41,0.0,KC,Away,141.0,09-26-23,3,False,0,219,5,15,0,0.0,0.0,0.0,0.0,0.0,0.0,0.0,0.0,0.0,0.0,0.0,0.0,0.0,0.0,0.0,0.0,0.0,0.0,0.0,0.0,0.0,0.0,0.0,0.0,0.0,0.0,0.0
148,Trent Taylor,Chi,WR,L 28-31,0.0,Den,Home,143.0,10-03-23,4,False,0,219,5,9,1,0.0,0.0,0.0,0.0,0.0,0.0,0.0,0.0,0.0,0.0,0.0,0.0,0.0,0.0,0.0,0.0,0.0,0.0,0.0,0.0,0.0,0.0,0.0,0.0,0.0,0.0,0.0
617,Trent Taylor,Chi,WR,W 40-20,0.0,Wsh,Away,124.5,10-10-23,5,False,0,219,5,31,0,0.0,0.0,0.0,0.0,0.0,0.0,0.0,0.0,0.0,0.0,0.0,0.0,0.0,0.0,0.0,0.0,0.0,0.0,0.0,0.0,0.0,0.0,0.0,0.0,0.0,0.0,0.0
2813,Trent Taylor,Chi,WR,L 13-19,0.0,Min,Home,128.0,10-17-23,6,False,0,219,5,20,1,0.0,0.0,0.0,0.0,0.0,0.0,0.0,0.0,0.0,0.0,0.0,0.0,0.0,0.0,0.0,0.0,0.0,0.0,0.0,0.0,0.0,0.0,0.0,0.0,0.0,0.0,0.0
2658,Trent Taylor,Chi,WR,W 30-12,0.0,LV,Home,116.0,10-24-23,7,False,0,219,5,18,1,0.0,0.0,0.0,0.0,0.0,0.0,0.0,0.0,0.0,0.0,0.0,0.0,0.0,0.0,0.0,0.0,0.0,0.0,0.0,0.0,0.0,0.0,0.0,0.0,0.0,0.0,0.0
2535,Trent Taylor,Chi,WR,L 13-30,-0.2,LAC,Away,163.0,10-31-23,8,False,0,219,5,16,0,-0.04,0.0,0.0,0.0,0.0,0.0,0.2,-0.4,0.0,-0.2,0.0,0.0,0.0,0.0,0.0,1.0,-2.0,0.0,-0.02,0.0,0.0,0.0,0.0,0.0,0.1,-0.2,-0.02
1049,Trent Taylor,Chi,WR,L 17-24,0.0,NO,Away,126.5,11-07-23,9,False,0,219,5,22,0,-0.04,0.0,0.0,0.0,0.0,0.0,0.2,-0.4,0.0,-0.2,0.0,0.0,0.0,0.0,0.0,1.0,-2.0,0.0,-0.018181818181818184,0.0,0.0,0.0,0.0,0.0,0.09090909090909091,-0.18181818181818182,-0.018181818181818184
1514,Trent Taylor,Chi,WR,W 16-13,0.0,Car,Home,123.5,11-14-23,10,False,0,219,5,4,1,-0.04,0.0,0.0,0.0,0.0,0.0,0.2,-0.4,0.0,-0.2,0.0,0.0,0.0,0.0,0.0,1.0,-2.0,0.0,-0.016666666666666666,0.0,0.0,0.0,0.0,0.0,0.08333333333333333,-0.16666666666666666,-0.016666666666666666
765,Trent Taylor,Chi,WR,L 26-31,0.0,Det,Away,126.0,11-21-23,11,False,0,219,5,10,0,-0.04,0.0,0.0,0.0,0.0,0.0,0.2,-0.4,0.0,-0.2,0.0,0.0,0.0,0.0,0.0,1.0,-2.0,0.0,-0.015384615384615385,0.0,0.0,0.0,0.0,0.0,0.07692307692307693,-0.15384615384615385,-0.015384615384615385
1685,Trent Taylor,Chi,WR,W 12-10,0.0,Min,Away,149.0,11-28-23,12,False,0,219,5,20,0,-0.04,0.0,0.0,0.0,0.0,0.0,0.2,-0.4,0.0,-0.2,0.0,0.0,0.0,0.0,0.0,1.0,-2.0,0.0,-0.014285714285714287,0.0,0.0,0.0,0.0,0.0,0.07142857142857142,-0.14285714285714285,-0.014285714285714287
1211,Trent Taylor,Chi,WR,W 28-13,0.0,Det,Home,134.0,12-12-23,14,False,0,219,5,10,1,0.0,0.0,0.0,0.0,0.0,0.0,0.0,0.0,0.0,-0.2,0.0,0.0,0.0,0.0,0.0,1.0,-2.0,0.0,-0.013333333333333334,0.0,0.0,0.0,0.0,0.0,0.06666666666666667,-0.13333333333333333,-0.013333333333333334
2372,Trent Taylor,Chi,WR,L 17-20,-2.0,Cle,Away,168.0,12-19-23,15,False,0,219,5,7,0,-0.4,0.0,0.0,0.0,0.0,0.0,0.0,0.0,0.0,-2.2,0.0,0.0,0.0,0.0,0.0,1.0,-2.0,0.0,-0.1375,0.0,0.0,0.0,0.0,0.0,0.0625,-0.125,-0.1375
1852,Trent Taylor,Chi,WR,W 27-16,0.0,Ari,Home,144.5,12-26-23,16,False,0,219,5,0,1,-0.4,0.0,0.0,0.0,0.0,0.0,0.0,0.0,0.0,-2.2,0.0,0.0,0.0,0.0,0.0,1.0,-2.0,0.0,-0.12941176470588237,0.0,0.0,0.0,0.0,0.0,0.058823529411764705,-0.11764705882352941,-0.12941176470588237
1968,Trenton Irwin,Cin,WR,L 17-25,1.4,KC,Away,101.5,01-02-24,17,False,0,220,6,15,0,1.4,0.0,0.0,1.0,4.0,0.0,0.0,0.0,0.0,1.4,0.0,0.0,1.0,4.0,0.0,0.0,0.0,0.0,1.4,0.0,0.0,1.0,4.0,0.0,0.0,0.0,1.4
1283,Trenton Irwin,Cin,WR,W 31-14,5.4,Cle,Home,62.0,01-09-24,18,False,0,220,6,7,1,3.4000000000000004,0.0,0.0,1.5,19.0,0.0,0.0,0.0,0.0,6.800000000000001,0.0,0.0,3.0,38.0,0.0,0.0,0.0,0.0,3.4000000000000004,0.0,0.0,1.5,19.0,0.0,0.0,0.0,3.4000000000000004
279,Trenton Irwin,Cin,WR,L 3-24,0.0,Cle,Away,135.0,09-12-23,1,False,0,220,6,7,0,2.266666666666667,0.0,0.0,1.0,12.666666666666666,0.0,0.0,0.0,0.0,6.800000000000001,0.0,0.0,3.0,38.0,0.0,0.0,0.0,0.0,2.266666666666667,0.0,0.0,1.0,12.666666666666666,0.0,0.0,0.0,2.266666666666667
2169,Trenton Irwin,Cin,WR,L 24-27,0.0,Bal,Home,145.0,09-19-23,2,False,0,220,6,2,1,1.7000000000000002,0.0,0.0,0.75,9.5,0.0,0.0,0.0,0.0,6.800000000000001,0.0,0.0,3.0,38.0,0.0,0.0,0.0,0.0,1.7000000000000002,0.0,0.0,0.75,9.5,0.0,0.0,0.0,1.7000000000000002
95,Trenton Irwin,Cin,WR,L 3-27,2.7,Ten,Away,96.5,10-03-23,4,False,0,220,6,30,0,1.9,0.0,0.0,0.8,11.0,0.0,0.0,0.0,0.0,9.5,0.0,0.0,4.0,55.0,0.0,0.0,0.0,0.0,1.9,0.0,0.0,0.8,11.0,0.0,0.0,0.0,1.9
509,Trenton Irwin,Cin,WR,W 34-20,14.0,Ari,Away,22.0,10-10-23,5,False,0,220,6,0,0,4.42,0.0,0.0,2.2,22.2,0.0,0.0,0.0,0.0,23.5,0.0,0.0,12.0,115.0,0.0,0.0,0.0,0.0,3.9166666666666665,0.0,0.0,2.0,19.166666666666668,0.0,0.0,0.0,3.9166666666666665
2787,Trenton Irwin,Cin,WR,W 17-13,0.0,Sea,Home,128.0,10-17-23,6,False,0,220,6,28,1,3.3400000000000007,0.0,0.0,1.8,15.4,0.0,0.0,0.0,0.0,23.5,0.0,0.0,12.0,115.0,0.0,0.0,0.0,0.0,3.357142857142857,0.0,0.0,1.7142857142857142,16.428571428571427,0.0,0.0,0.0,3.357142857142857
2457,Trenton Irwin,Cin,WR,W 31-17,4.4,SF,Away,85.0,10-31-23,8,False,0,220,6,27,0,4.220000000000001,0.0,0.0,2.2,20.2,0.0,0.0,0.0,0.0,27.9,0.0,0.0,14.0,139.0,0.0,0.0,0.0,0.0,3.4875,0.0,0.0,1.75,17.375,0.0,0.0,0.0,3.4875
1027,Trenton Irwin,Cin,WR,W 24-18,0.0,Buf,Home,126.5,11-07-23,9,False,0,220,6,3,1,4.220000000000001,0.0,0.0,2.2,20.2,0.0,0.0,0.0,0.0,27.9,0.0,0.0,14.0,139.0,0.0,0.0,0.0,0.0,3.0999999999999996,0.0,0.0,1.5555555555555556,15.444444444444445,0.0,0.0,0.0,3.0999999999999996
1411,Trenton Irwin,Cin,WR,L 27-30,13.4,Hou,Home,26.5,11-14-23,10,False,0,220,6,12,1,6.359999999999999,0.0,0.0,2.4,27.6,0.2,0.0,0.0,0.0,41.3,0.0,0.0,16.0,193.0,1.0,0.0,0.0,0.0,4.13,0.0,0.0,1.6,19.3,0.1,0.0,0.0,4.13
686,Trenton Irwin,Cin,WR,L 20-34,6.6,Bal,Away,55.0,11-21-23,11,False,0,220,6,2,0,4.88,0.0,0.0,1.4,22.8,0.2,0.0,0.0,0.0,47.9,0.0,0.0,19.0,229.0,1.0,0.0,0.0,0.0,4.3545454545454545,0.0,0.0,1.7272727272727273,20.818181818181817,0.09090909090909091,0.0,0.0,4.3545454545454545
1617,Trenton Irwin,Cin,WR,L 10-16,3.5,Pit,Home,89.5,11-28-23,12,False,0,220,6,26,1,5.58,0.0,0.0,1.6,27.8,0.2,0.0,0.0,0.0,51.4,0.0,0.0,20.0,254.0,1.0,0.0,0.0,0.0,4.283333333333333,0.0,0.0,1.6666666666666667,21.166666666666668,0.08333333333333333,0.0,0.0,4.283333333333333
844,Trenton Irwin,Cin,WR,W 34-31,3.5,Jax,Away,63.0,12-05-23,13,False,0,220,6,14,0,5.4,0.0,0.0,1.4,28.0,0.2,0.0,0.0,0.0,54.9,0.0,0.0,21.0,279.0,1.0,0.0,0.0,0.0,4.223076923076923,0.0,0.0,1.6153846153846154,21.46153846153846,0.07692307692307693,0.0,0.0,4.223076923076923
1183,Trenton Irwin,Cin,WR,W 34-14,0.0,Ind,Home,134.0,12-12-23,14,False,0,220,6,13,1,5.4,0.0,0.0,1.4,28.0,0.2,0.0,0.0,0.0,54.9,0.0,0.0,21.0,279.0,1.0,0.0,0.0,0.0,3.9214285714285713,0.0,0.0,1.5,19.928571428571427,0.07142857142857142,0.0,0.0,3.9214285714285713
2328,Trenton Irwin,Cin,WR,W 27-24,0.0,Min,Home,140.0,12-19-23,15,False,0,220,6,20,1,2.7199999999999998,0.0,0.0,1.0,17.2,0.0,0.0,0.0,0.0,54.9,0.0,0.0,21.0,279.0,1.0,0.0,0.0,0.0,3.6599999999999997,0.0,0.0,1.4,18.6,0.06666666666666667,0.0,0.0,3.6599999999999997
1754,Trenton Irwin,Cin,WR,L 11-34,7.7,Pit,Away,55.0,12-26-23,16,False,0,220,6,26,0,2.94,0.0,0.0,1.2,17.4,0.0,0.0,0.0,0.0,62.6,0.0,0.0,25.0,316.0,1.0,0.0,0.0,0.0,3.9125,0.0,0.0,1.5625,19.75,0.0625,0.0,0.0,3.9125
1887,Trey Palmer,TB,WR,L 13-23,16.4,NO,Home,20.0,01-02-24,17,False,0,221,29,22,1,16.4,0.0,0.0,4.0,84.0,1.0,0.0,0.0,0.0,16.4,0.0,0.0,4.0,84.0,1.0,0.0,0.0,0.0,16.4,0.0,0.0,4.0,84.0,1.0,0.0,0.0,16.4
1308,Trey Palmer,TB,WR,W 9-0,3.0,Car,Away,87.0,01-09-24,18,False,0,221,29,4,0,9.7,0.0,0.0,3.0,47.0,0.5,0.0,0.0,0.0,19.4,0.0,0.0,6.0,94.0,1.0,0.0,0.0,0.0,9.7,0.0,0.0,3.0,47.0,0.5,0.0,0.0,9.7
208,Trey Palmer,TB,WR,W 20-17,8.8,Min,Away,47.0,09-12-23,1,False,0,221,29,20,0,9.4,0.0,0.0,2.6666666666666665,34.0,0.6666666666666666,0.0,0.0,0.0,28.2,0.0,0.0,8.0,102.0,2.0,0.0,0.0,0.0,9.4,0.0,0.0,2.6666666666666665,34.0,0.6666666666666666,0.0,0.0,9.4
2131,Trey Palmer,TB,WR,W 27-17,3.0,Chi,Home,96.0,09-19-23,2,False,0,221,29,5,1,7.8,0.0,0.0,2.25,30.5,0.5,0.0,0.0,0.0,31.2,0.0,0.0,9.0,122.0,2.0,0.0,0.0,0.0,7.8,0.0,0.0,2.25,30.5,0.5,0.0,0.0,7.8
427,Trey Palmer,TB,WR,L 11-25,1.8,Phi,Home,104.0,09-26-23,3,False,0,221,29,25,1,6.6,0.0,0.0,2.0,26.0,0.4,0.0,0.0,0.0,33.0,0.0,0.0,10.0,130.0,2.0,0.0,0.0,0.0,6.6,0.0,0.0,2.0,26.0,0.4,0.0,0.0,6.6
47,Trey Palmer,TB,WR,W 26-9,8.6,NO,Away,47.5,10-03-23,4,False,0,221,29,22,0,5.040000000000001,0.0,0.0,1.6,10.4,0.4,0.0,0.0,0.0,41.6,0.0,0.0,12.0,136.0,3.0,0.0,0.0,0.0,6.933333333333334,0.0,0.0,2.0,22.666666666666668,0.5,0.0,0.0,6.933333333333334
2726,Trey Palmer,TB,WR,L 6-20,6.7,Det,Home,54.5,10-17-23,6,False,0,221,29,10,1,5.78,0.0,0.0,1.6,17.8,0.4,0.0,0.0,0.0,48.3,0.0,0.0,14.0,183.0,3.0,0.0,0.0,0.0,6.8999999999999995,0.0,0.0,2.0,26.142857142857142,0.42857142857142855,0.0,0.0,6.8999999999999995
2629,Trey Palmer,TB,WR,L 13-16,1.5,Atl,Home,91.5,10-24-23,7,False,0,221,29,1,1,4.32,0.0,0.0,1.4,17.2,0.2,0.0,0.0,0.0,49.8,0.0,0.0,15.0,188.0,3.0,0.0,0.0,0.0,6.225,0.0,0.0,1.875,23.5,0.375,0.0,0.0,6.225
2452,Trey Palmer,TB,WR,L 18-24,5.2,Buf,Away,80.0,10-31-23,8,False,0,221,29,3,0,4.76,0.0,0.0,1.8,17.6,0.2,0.0,0.0,0.0,55.0,0.0,0.0,18.0,210.0,3.0,0.0,0.0,0.0,6.111111111111111,0.0,0.0,2.0,23.333333333333332,0.3333333333333333,0.0,0.0,6.111111111111111
957,Trey Palmer,TB,WR,L 37-39,8.1,Hou,Away,40.5,11-07-23,9,False,0,221,29,12,0,6.0200000000000005,0.0,0.0,2.2,26.2,0.2,0.0,0.0,0.0,63.1,0.0,0.0,21.0,261.0,3.0,0.0,0.0,0.0,6.3100000000000005,0.0,0.0,2.1,26.1,0.3,0.0,0.0,6.3100000000000005
1449,Trey Palmer,TB,WR,W 20-6,4.1,Ten,Home,65.5,11-14-23,10,False,0,221,29,30,1,5.119999999999999,0.0,0.0,2.2,29.2,0.0,0.0,0.0,0.0,67.2,0.0,0.0,23.0,282.0,3.0,0.0,0.0,0.0,6.109090909090909,0.0,0.0,2.090909090909091,25.636363636363637,0.2727272727272727,0.0,0.0,6.109090909090909
683,Trey Palmer,TB,WR,L 14-27,6.8,SF,Away,52.0,11-21-23,11,False,0,221,29,27,0,5.14,0.0,0.0,2.6,24.2,0.0,0.2,1.2,0.0,74.0,0.0,0.0,27.0,304.0,3.0,1.0,6.0,0.0,6.166666666666667,0.0,0.0,2.25,25.333333333333332,0.25,0.08333333333333333,0.5,6.166666666666667
1602,Trey Palmer,TB,WR,L 20-27,5.7,Ind,Away,74.0,11-28-23,12,False,0,221,29,13,0,5.9799999999999995,0.0,0.0,3.2,26.6,0.0,0.2,1.2,0.0,79.7,0.0,0.0,31.0,321.0,3.0,1.0,6.0,0.0,6.130769230769231,0.0,0.0,2.3846153846153846,24.692307692307693,0.23076923076923078,0.07692307692307693,0.46153846153846156,6.130769230769231
835,Trey Palmer,TB,WR,W 21-18,4.5,Car,Home,53.5,12-05-23,13,False,0,221,29,4,1,5.84,0.0,0.0,3.0,24.6,0.0,0.4,3.8,0.0,84.2,0.0,0.0,33.0,333.0,3.0,2.0,19.0,0.0,6.014285714285714,0.0,0.0,2.357142857142857,23.785714285714285,0.21428571428571427,0.14285714285714285,1.3571428571428572,6.014285714285714
1165,Trey Palmer,TB,WR,W 29-25,1.8,Atl,Away,101.0,12-12-23,14,False,0,221,29,1,0,4.58,0.0,0.0,2.6,15.4,0.0,0.6,4.4,0.0,86.0,0.0,0.0,34.0,338.0,3.0,3.0,22.0,0.0,5.733333333333333,0.0,0.0,2.2666666666666666,22.533333333333335,0.2,0.2,1.4666666666666666,5.733333333333333
2309,Trey Palmer,TB,WR,W 34-20,1.5,GB,Away,106.0,12-19-23,15,False,0,221,29,11,0,4.0600000000000005,0.0,0.0,2.4,12.2,0.0,0.6,4.4,0.0,87.5,0.0,0.0,35.0,343.0,3.0,3.0,22.0,0.0,5.46875,0.0,0.0,2.1875,21.4375,0.1875,0.1875,1.375,5.46875
1749,Trey Palmer,TB,WR,W 30-12,8.2,Jax,Home,50.5,12-26-23,16,False,0,221,29,14,1,4.34,0.0,0.0,2.4,16.2,0.0,0.4,3.2,0.0,95.7,0.0,0.0,39.0,385.0,3.0,3.0,22.0,0.0,5.629411764705883,0.0,0.0,2.2941176470588234,22.647058823529413,0.17647058823529413,0.17647058823529413,1.2941176470588236,5.629411764705883
1947,Treylon Burks,Ten,WR,L 3-26,3.1,Hou,Away,80.0,01-02-24,17,False,0,222,30,12,0,3.1,0.0,0.0,2.0,11.0,0.0,0.0,0.0,0.0,3.1,0.0,0.0,2.0,11.0,0.0,0.0,0.0,0.0,3.1,0.0,0.0,2.0,11.0,0.0,0.0,0.0,3.1
1348,Treylon Burks,Ten,WR,W 28-20,0.0,Jax,Home,142.5,01-09-24,18,False,0,222,30,14,1,1.55,0.0,0.0,1.0,5.5,0.0,0.0,0.0,0.0,3.1,0.0,0.0,2.0,11.0,0.0,0.0,0.0,0.0,1.55,0.0,0.0,1.0,5.5,0.0,0.0,0.0,1.55
234,Treylon Burks,Ten,WR,L 15-16,4.7,NO,Away,73.0,09-12-23,1,False,0,222,30,22,0,2.6,0.0,0.0,1.3333333333333333,9.666666666666666,0.0,0.3333333333333333,3.0,0.0,7.800000000000001,0.0,0.0,4.0,29.0,0.0,1.0,9.0,0.0,2.6,0.0,0.0,1.3333333333333333,9.666666666666666,0.0,0.3333333333333333,3.0,2.6
2088,Treylon Burks,Ten,WR,W 27-24,10.6,LAC,Home,53.0,09-19-23,2,False,0,222,30,16,1,4.6,0.0,0.0,1.75,26.25,0.0,0.25,2.25,0.0,18.4,0.0,0.0,7.0,105.0,0.0,1.0,9.0,0.0,4.6,0.0,0.0,1.75,26.25,0.0,0.25,2.25,4.6
432,Treylon Burks,Ten,WR,L 3-27,1.5,Cle,Away,110.5,09-26-23,3,False,0,222,30,7,0,3.9799999999999995,0.0,0.0,1.6,22.0,0.0,0.2,1.8,0.0,19.9,0.0,0.0,8.0,110.0,0.0,1.0,9.0,0.0,3.9799999999999995,0.0,0.0,1.6,22.0,0.0,0.2,1.8,3.9799999999999995
2487,Treylon Burks,Ten,WR,W 28-23,0.0,Atl,Home,138.0,10-31-23,8,False,0,222,30,1,1,3.3599999999999994,0.0,0.0,1.2,19.8,0.0,0.2,1.8,0.0,19.9,0.0,0.0,8.0,110.0,0.0,1.0,9.0,0.0,3.3166666666666664,0.0,0.0,1.3333333333333333,18.333333333333332,0.0,0.16666666666666666,1.5,3.3166666666666664
981,Treylon Burks,Ten,WR,L 16-20,4.8,Pit,Away,65.0,11-07-23,9,False,0,222,30,26,0,4.319999999999999,0.0,0.0,1.6,24.4,0.0,0.4,2.8,0.0,24.7,0.0,0.0,10.0,133.0,0.0,2.0,14.0,0.0,3.5285714285714285,0.0,0.0,1.4285714285714286,19.0,0.0,0.2857142857142857,2.0,3.5285714285714285
877,Treylon Burks,Ten,WR,L 28-31,0.0,Ind,Home,113.0,12-05-23,13,False,0,222,30,13,1,3.38,0.0,0.0,1.2,20.8,0.0,0.2,1.0,0.0,24.7,0.0,0.0,10.0,133.0,0.0,2.0,14.0,0.0,3.0875,0.0,0.0,1.25,16.625,0.0,0.25,1.75,3.0875
1166,Treylon Burks,Ten,WR,W 28-27,1.6,Mia,Away,103.5,12-12-23,14,False,0,222,30,19,0,1.5799999999999996,0.0,0.0,0.8,5.8,0.0,0.4,2.0,0.0,26.299999999999997,0.0,0.0,11.0,134.0,0.0,3.0,19.0,0.0,2.922222222222222,0.0,0.0,1.2222222222222223,14.88888888888889,0.0,0.3333333333333333,2.111111111111111,2.922222222222222
2244,Treylon Burks,Ten,WR,L 16-19,9.4,Hou,Home,40.5,12-19-23,15,False,0,222,30,12,1,3.1599999999999997,0.0,0.0,1.2,17.2,0.0,0.6,2.4,0.0,35.7,0.0,0.0,14.0,196.0,0.0,4.0,21.0,0.0,3.5700000000000003,0.0,0.0,1.4,19.6,0.0,0.4,2.1,3.5700000000000003
1778,Treylon Burks,Ten,WR,L 17-20,4.2,Sea,Home,79.0,12-26-23,16,False,0,222,30,28,1,4.0,0.0,0.0,1.6,22.2,0.0,0.8,1.8,0.0,39.9,0.0,0.0,16.0,221.0,0.0,5.0,18.0,0.0,3.627272727272727,0.0,0.0,1.4545454545454546,20.09090909090909,0.0,0.45454545454545453,1.6363636363636365,3.627272727272727
484,Trishton Jackson,Min,WR,L 24-28,0.0,LAC,Home,141.0,09-26-23,3,False,0,223,20,16,1,0.0,0.0,0.0,0.0,0.0,0.0,0.0,0.0,0.0,0.0,0.0,0.0,0.0,0.0,0.0,0.0,0.0,0.0,0.0,0.0,0.0,0.0,0.0,0.0,0.0,0.0,0.0
2624,Trishton Jackson,Min,WR,W 22-17,1.7,SF,Home,86.0,10-24-23,7,False,0,223,20,27,1,0.85,0.0,0.0,0.5,3.5,0.0,0.0,0.0,0.0,1.7,0.0,0.0,1.0,7.0,0.0,0.0,0.0,0.0,0.85,0.0,0.0,0.5,3.5,0.0,0.0,0.0,0.85
2531,Trishton Jackson,Min,WR,W 24-10,0.0,GB,Away,138.0,10-31-23,8,False,0,223,20,11,0,0.5666666666666667,0.0,0.0,0.3333333333333333,2.3333333333333335,0.0,0.0,0.0,0.0,1.7,0.0,0.0,1.0,7.0,0.0,0.0,0.0,0.0,0.5666666666666667,0.0,0.0,0.3333333333333333,2.3333333333333335,0.0,0.0,0.0,0.5666666666666667
996,Trishton Jackson,Min,WR,W 31-28,3.2,Atl,Away,80.0,11-07-23,9,False,0,223,20,1,0,1.225,0.0,0.0,0.5,2.25,0.0,0.0,0.0,0.0,4.9,0.0,0.0,2.0,9.0,0.0,0.0,0.0,0.0,1.225,0.0,0.0,0.5,2.25,0.0,0.0,0.0,1.225
1510,Trishton Jackson,Min,WR,W 27-19,0.0,NO,Home,123.5,11-14-23,10,False,0,223,20,22,1,0.9800000000000001,0.0,0.0,0.4,1.8,0.0,0.0,0.0,0.0,4.9,0.0,0.0,2.0,9.0,0.0,0.0,0.0,0.0,0.9800000000000001,0.0,0.0,0.4,1.8,0.0,0.0,0.0,0.9800000000000001
2361,Trishton Jackson,Min,WR,L 24-27,0.0,Cin,Away,140.0,12-19-23,15,False,0,223,20,6,0,0.9800000000000001,0.0,0.0,0.4,1.8,0.0,0.0,0.0,0.0,4.9,0.0,0.0,2.0,9.0,0.0,0.0,0.0,0.0,0.8166666666666668,0.0,0.0,0.3333333333333333,1.5,0.0,0.0,0.0,0.8166666666666668
1978,Tutu Atwell,LAR,WR,W 26-25,0.0,NYG,Away,137.5,01-02-24,17,False,0,224,17,23,0,0.0,0.0,0.0,0.0,0.0,0.0,0.0,0.0,0.0,0.0,0.0,0.0,0.0,0.0,0.0,0.0,0.0,0.0,0.0,0.0,0.0,0.0,0.0,0.0,0.0,0.0,0.0
1294,Tutu Atwell,LAR,WR,W 21-20,4.3,SF,Away,72.5,01-09-24,18,False,0,224,17,27,0,2.15,0.0,0.0,1.0,3.5,0.0,0.5,-2.0,0.0,4.3,0.0,0.0,2.0,7.0,0.0,1.0,-4.0,0.0,2.15,0.0,0.0,1.0,3.5,0.0,0.5,-2.0,2.15
176,Tutu Atwell,LAR,WR,W 30-13,17.9,Sea,Away,15.0,09-12-23,1,False,0,224,17,28,0,7.3999999999999995,0.0,0.0,2.6666666666666665,42.0,0.0,0.3333333333333333,-1.3333333333333333,0.0,22.2,0.0,0.0,8.0,126.0,0.0,1.0,-4.0,0.0,7.3999999999999995,0.0,0.0,2.6666666666666665,42.0,0.0,0.3333333333333333,-1.3333333333333333,7.3999999999999995
2066,Tutu Atwell,LAR,WR,L 23-30,15.2,SF,Home,31.0,09-19-23,2,False,0,224,17,27,1,9.35,0.0,0.0,3.75,50.75,0.0,0.5,0.25,0.0,37.4,0.0,0.0,15.0,203.0,0.0,2.0,1.0,0.0,9.35,0.0,0.0,3.75,50.75,0.0,0.5,0.25,9.35
342,Tutu Atwell,LAR,WR,L 16-19,17.2,Cin,Away,18.5,09-26-23,3,False,0,224,17,6,0,10.919999999999998,0.0,0.0,3.8,50.6,0.2,0.6,4.6,0.0,54.599999999999994,0.0,0.0,19.0,253.0,1.0,3.0,23.0,0.0,10.919999999999998,0.0,0.0,3.8,50.6,0.2,0.6,4.6,10.919999999999998
50,Tutu Atwell,LAR,WR,W 29-23,7.4,Ind,Away,51.5,10-03-23,4,False,0,224,17,13,0,12.4,0.0,0.0,4.8,55.4,0.2,0.6,4.6,0.0,62.0,0.0,0.0,24.0,277.0,1.0,3.0,23.0,0.0,10.333333333333334,0.0,0.0,4.0,46.166666666666664,0.16666666666666666,0.5,3.8333333333333335,10.333333333333334
531,Tutu Atwell,LAR,WR,L 14-23,8.9,Phi,Home,43.0,10-10-23,5,False,0,224,17,25,1,13.319999999999999,0.0,0.0,4.8,55.8,0.4,0.4,5.4,0.0,70.9,0.0,0.0,26.0,286.0,2.0,3.0,23.0,0.0,10.12857142857143,0.0,0.0,3.7142857142857144,40.857142857142854,0.2857142857142857,0.42857142857142855,3.2857142857142856,10.12857142857143
2749,Tutu Atwell,LAR,WR,W 26-9,4.0,Ari,Home,78.0,10-17-23,6,False,0,224,17,0,1,10.54,0.0,0.0,3.8,38.0,0.4,0.4,5.4,0.0,74.9,0.0,0.0,27.0,316.0,2.0,3.0,23.0,0.0,9.3625,0.0,0.0,3.375,39.5,0.25,0.375,2.875,9.3625
2574,Tutu Atwell,LAR,WR,L 17-24,10.1,Pit,Home,37.0,10-24-23,7,False,0,224,17,26,1,9.52,0.0,0.0,2.6,28.8,0.6,0.2,4.4,0.0,85.0,0.0,0.0,28.0,347.0,3.0,3.0,23.0,0.0,9.444444444444445,0.0,0.0,3.111111111111111,38.55555555555556,0.3333333333333333,0.3333333333333333,2.5555555555555554,9.444444444444445
2441,Tutu Atwell,LAR,WR,L 20-43,6.9,Dal,Away,68.5,10-31-23,8,False,0,224,17,8,0,7.459999999999999,0.0,0.0,2.2,23.0,0.4,0.4,1.6,0.0,91.9,0.0,0.0,30.0,368.0,3.0,5.0,31.0,0.0,9.190000000000001,0.0,0.0,3.0,36.8,0.3,0.5,3.1,9.190000000000001
977,Tutu Atwell,LAR,WR,L 3-20,5.3,GB,Away,60.0,11-07-23,9,False,0,224,17,11,0,7.040000000000001,0.0,0.0,2.0,20.8,0.4,0.4,1.6,0.0,97.2,0.0,0.0,34.0,381.0,3.0,5.0,31.0,0.0,8.836363636363636,0.0,0.0,3.090909090909091,34.63636363636363,0.2727272727272727,0.45454545454545453,2.8181818181818183,8.836363636363636
713,Tutu Atwell,LAR,WR,W 17-16,2.7,Sea,Home,82.0,11-21-23,11,False,0,224,17,28,1,5.8,0.0,0.0,1.8,22.4,0.2,0.4,1.6,0.0,99.9,0.0,0.0,35.0,398.0,3.0,5.0,31.0,0.0,8.325000000000001,0.0,0.0,2.9166666666666665,33.166666666666664,0.25,0.4166666666666667,2.5833333333333335,8.325000000000001
1564,Tutu Atwell,LAR,WR,W 37-14,10.6,Ari,Away,36.0,11-28-23,12,False,0,224,17,0,0,7.12,0.0,0.0,2.2,31.6,0.2,0.4,1.6,0.0,110.5,0.0,0.0,38.0,474.0,3.0,5.0,31.0,0.0,8.5,0.0,0.0,2.923076923076923,36.46153846153846,0.23076923076923078,0.38461538461538464,2.3846153846153846,8.5
861,Tutu Atwell,LAR,WR,W 36-19,1.9,Cle,Home,81.0,12-05-23,13,False,0,224,17,7,1,5.4799999999999995,0.0,0.0,2.2,27.2,0.0,0.4,1.6,0.0,112.39999999999999,0.0,0.0,39.0,483.0,3.0,5.0,31.0,0.0,8.028571428571428,0.0,0.0,2.7857142857142856,34.5,0.21428571428571427,0.35714285714285715,2.2142857142857144,8.028571428571428
1177,Tutu Atwell,LAR,WR,L 31-37,0.0,Bal,Away,134.0,12-12-23,14,False,0,224,17,2,0,4.1,0.0,0.0,1.8,23.0,0.0,0.0,0.0,0.0,112.39999999999999,0.0,0.0,39.0,483.0,3.0,5.0,31.0,0.0,7.493333333333333,0.0,0.0,2.6,32.2,0.2,0.3333333333333333,2.066666666666667,7.493333333333333
1823,Tutu Atwell,LAR,WR,W 30-22,0.0,NO,Home,144.5,12-26-23,16,False,0,224,17,22,1,3.04,0.0,0.0,1.0,20.4,0.0,0.0,0.0,0.0,112.39999999999999,0.0,0.0,39.0,483.0,3.0,5.0,31.0,0.0,7.0249999999999995,0.0,0.0,2.4375,30.1875,0.1875,0.3125,1.9375,7.0249999999999995
2007,Tylan Wallace,Bal,WR,W 56-19,0.0,Mia,Home,137.5,01-02-24,17,False,0,225,2,19,1,0.0,0.0,0.0,0.0,0.0,0.0,0.0,0.0,0.0,0.0,0.0,0.0,0.0,0.0,0.0,0.0,0.0,0.0,0.0,0.0,0.0,0.0,0.0,0.0,0.0,0.0,0.0
1317,Tylan Wallace,Bal,WR,L 10-17,2.1,Pit,Home,95.5,01-09-24,18,False,0,225,2,26,1,1.05,0.0,0.0,0.5,5.5,0.0,0.0,0.0,0.0,2.1,0.0,0.0,1.0,11.0,0.0,0.0,0.0,0.0,1.05,0.0,0.0,0.5,5.5,0.0,0.0,0.0,1.05
320,Tylan Wallace,Bal,WR,W 25-9,0.0,Hou,Home,135.0,09-12-23,1,False,0,225,2,12,1,0.7000000000000001,0.0,0.0,0.3333333333333333,3.6666666666666665,0.0,0.0,0.0,0.0,2.1,0.0,0.0,1.0,11.0,0.0,0.0,0.0,0.0,0.7000000000000001,0.0,0.0,0.3333333333333333,3.6666666666666665,0.0,0.0,0.0,0.7000000000000001
2196,Tylan Wallace,Bal,WR,W 27-24,0.0,Cin,Away,145.0,09-19-23,2,False,0,225,2,6,0,0.525,0.0,0.0,0.25,2.75,0.0,0.0,0.0,0.0,2.1,0.0,0.0,1.0,11.0,0.0,0.0,0.0,0.0,0.525,0.0,0.0,0.25,2.75,0.0,0.0,0.0,0.525
479,Tylan Wallace,Bal,WR,L 19-22,0.0,Ind,Home,141.0,09-26-23,3,False,0,225,2,13,1,0.42000000000000004,0.0,0.0,0.2,2.2,0.0,0.0,0.0,0.0,2.1,0.0,0.0,1.0,11.0,0.0,0.0,0.0,0.0,0.42000000000000004,0.0,0.0,0.2,2.2,0.0,0.0,0.0,0.42000000000000004
1053,Tylan Wallace,Bal,WR,W 37-3,0.0,Sea,Home,126.5,11-07-23,9,False,0,225,2,28,1,0.42000000000000004,0.0,0.0,0.2,2.2,0.0,0.0,0.0,0.0,2.1,0.0,0.0,1.0,11.0,0.0,0.0,0.0,0.0,0.35000000000000003,0.0,0.0,0.16666666666666666,1.8333333333333333,0.0,0.0,0.0,0.35000000000000003
768,Tylan Wallace,Bal,WR,W 34-20,0.0,Cin,Home,126.0,11-21-23,11,False,0,225,2,6,1,0.0,0.0,0.0,0.0,0.0,0.0,0.0,0.0,0.0,2.1,0.0,0.0,1.0,11.0,0.0,0.0,0.0,0.0,0.3,0.0,0.0,0.14285714285714285,1.5714285714285714,0.0,0.0,0.0,0.3
1687,Tylan Wallace,Bal,WR,W 20-10,0.0,LAC,Away,149.0,11-28-23,12,False,0,225,2,16,0,0.0,0.0,0.0,0.0,0.0,0.0,0.0,0.0,0.0,2.1,0.0,0.0,1.0,11.0,0.0,0.0,0.0,0.0,0.2625,0.0,0.0,0.125,1.375,0.0,0.0,0.0,0.2625
1119,Tylan Wallace,Bal,WR,W 37-31,6.0,LAR,Home,56.0,12-12-23,14,False,0,225,2,17,1,1.2,0.0,0.0,0.0,0.0,0.0,0.0,0.0,0.0,8.1,0.0,0.0,1.0,11.0,0.0,0.0,0.0,0.0,0.8999999999999999,0.0,0.0,0.1111111111111111,1.2222222222222223,0.0,0.0,0.0,0.8999999999999999
2352,Tylan Wallace,Bal,WR,W 23-7,0.0,Jax,Away,140.0,12-19-23,15,False,0,225,2,14,0,1.2,0.0,0.0,0.0,0.0,0.0,0.0,0.0,0.0,8.1,0.0,0.0,1.0,11.0,0.0,0.0,0.0,0.0,0.8099999999999999,0.0,0.0,0.1,1.1,0.0,0.0,0.0,0.8099999999999999
1848,Tylan Wallace,Bal,WR,W 33-19,0.0,SF,Away,144.5,12-26-23,16,False,0,225,2,27,0,1.2,0.0,0.0,0.0,0.0,0.0,0.0,0.0,0.0,8.1,0.0,0.0,1.0,11.0,0.0,0.0,0.0,0.0,0.7363636363636363,0.0,0.0,0.09090909090909091,1.0,0.0,0.0,0.0,0.7363636363636363
1937,Tyler Boyd,Cin,WR,L 17-25,4.9,KC,Away,70.5,01-02-24,17,False,0,226,6,15,0,4.9,0.0,0.0,2.0,29.0,0.0,0.0,0.0,0.0,4.9,0.0,0.0,2.0,29.0,0.0,0.0,0.0,0.0,4.9,0.0,0.0,2.0,29.0,0.0,0.0,0.0,4.9
1330,Tyler Boyd,Cin,WR,W 31-14,1.4,Cle,Home,110.0,01-09-24,18,False,0,226,6,7,1,3.1500000000000004,0.0,0.0,1.5,16.5,0.0,0.0,0.0,0.0,6.300000000000001,0.0,0.0,3.0,33.0,0.0,0.0,0.0,0.0,3.1500000000000004,0.0,0.0,1.5,16.5,0.0,0.0,0.0,3.1500000000000004
249,Tyler Boyd,Cin,WR,L 3-24,3.0,Cle,Away,88.5,09-12-23,1,False,0,226,6,7,0,3.1,0.0,0.0,1.6666666666666667,14.333333333333334,0.0,0.0,0.0,0.0,9.3,0.0,0.0,5.0,43.0,0.0,0.0,0.0,0.0,3.1,0.0,0.0,1.6666666666666667,14.333333333333334,0.0,0.0,0.0,3.1
2084,Tyler Boyd,Cin,WR,L 24-27,11.2,Bal,Home,49.0,09-19-23,2,False,0,226,6,2,1,5.125,0.0,0.0,2.75,23.75,0.0,0.0,0.0,0.0,20.5,0.0,0.0,11.0,95.0,0.0,0.0,0.0,0.0,5.125,0.0,0.0,2.75,23.75,0.0,0.0,0.0,5.125
374,Tyler Boyd,Cin,WR,W 19-16,8.9,LAR,Home,51.0,09-26-23,3,False,0,226,6,17,1,5.88,0.0,0.0,3.2,26.8,0.0,0.0,0.0,0.0,29.4,0.0,0.0,16.0,134.0,0.0,0.0,0.0,0.0,5.88,0.0,0.0,3.2,26.8,0.0,0.0,0.0,5.88
56,Tyler Boyd,Cin,WR,L 3-27,6.6,Ten,Away,57.0,10-03-23,4,False,0,226,6,30,0,6.220000000000001,0.0,0.0,3.6,26.2,0.0,0.0,0.0,0.0,36.0,0.0,0.0,20.0,160.0,0.0,0.0,0.0,0.0,6.0,0.0,0.0,3.3333333333333335,26.666666666666668,0.0,0.0,0.0,6.0
521,Tyler Boyd,Cin,WR,W 34-20,9.9,Ari,Away,34.5,10-10-23,5,False,0,226,6,0,0,7.92,0.0,0.0,4.6,33.2,0.0,0.0,0.0,0.0,45.9,0.0,0.0,26.0,199.0,0.0,0.0,0.0,0.0,6.557142857142857,0.0,0.0,3.7142857142857144,28.428571428571427,0.0,0.0,0.0,6.557142857142857
2688,Tyler Boyd,Cin,WR,W 17-13,16.8,Sea,Home,17.0,10-17-23,6,False,0,226,6,28,1,10.68,0.0,0.0,5.6,38.8,0.2,0.0,0.0,0.0,62.7,0.0,0.0,33.0,237.0,1.0,0.0,0.0,0.0,7.8375,0.0,0.0,4.125,29.625,0.125,0.0,0.0,7.8375
2403,Tyler Boyd,Cin,WR,W 31-17,13.6,SF,Away,31.0,10-31-23,8,False,0,226,6,27,0,11.16,0.0,0.0,5.0,36.4,0.4,0.2,1.2,0.0,76.3,0.0,0.0,36.0,277.0,2.0,1.0,6.0,0.0,8.477777777777778,0.0,0.0,4.0,30.77777777777778,0.2222222222222222,0.1111111111111111,0.6666666666666666,8.477777777777778
953,Tyler Boyd,Cin,WR,W 24-18,8.6,Buf,Home,37.0,11-07-23,9,False,0,226,6,3,1,11.1,0.0,0.0,4.6,39.8,0.4,0.2,1.2,0.0,84.9,0.0,0.0,39.0,333.0,2.0,1.0,6.0,0.0,8.49,0.0,0.0,3.9,33.3,0.2,0.1,0.6,8.49
1394,Tyler Boyd,Cin,WR,L 27-30,19.7,Hou,Home,10.0,11-14-23,10,False,0,226,6,12,1,13.719999999999999,0.0,0.0,5.4,58.0,0.4,0.2,1.2,0.0,104.6,0.0,0.0,47.0,450.0,2.0,1.0,6.0,0.0,9.509090909090908,0.0,0.0,4.2727272727272725,40.90909090909091,0.18181818181818182,0.09090909090909091,0.5454545454545454,9.509090909090908
693,Tyler Boyd,Cin,WR,L 20-34,5.2,Bal,Away,62.0,11-21-23,11,False,0,226,6,2,0,12.78,0.0,0.0,4.8,54.6,0.4,0.2,1.2,0.0,109.8,0.0,0.0,50.0,472.0,2.0,1.0,6.0,0.0,9.15,0.0,0.0,4.166666666666667,39.333333333333336,0.16666666666666666,0.08333333333333333,0.5,9.15
1606,Tyler Boyd,Cin,WR,L 10-16,5.3,Pit,Home,78.0,11-28-23,12,False,0,226,6,26,1,10.48,0.0,0.0,4.0,51.6,0.2,0.2,1.2,0.0,115.1,0.0,0.0,53.0,495.0,2.0,1.0,6.0,0.0,8.853846153846153,0.0,0.0,4.076923076923077,38.07692307692308,0.15384615384615385,0.07692307692307693,0.46153846153846156,8.853846153846153
827,Tyler Boyd,Cin,WR,W 34-31,7.2,Jax,Away,46.0,12-05-23,13,False,0,226,6,14,0,9.2,0.0,0.0,4.4,51.0,0.0,0.2,1.0,0.0,122.3,0.0,0.0,58.0,532.0,2.0,2.0,11.0,0.0,8.735714285714286,0.0,0.0,4.142857142857143,38.0,0.14285714285714285,0.14285714285714285,0.7857142857142857,8.735714285714286
1133,Tyler Boyd,Cin,WR,W 34-14,4.3,Ind,Home,70.5,12-12-23,14,False,0,226,6,13,1,8.34,0.0,0.0,4.2,44.4,0.0,0.2,1.0,0.0,126.6,0.0,0.0,60.0,555.0,2.0,2.0,11.0,0.0,8.44,0.0,0.0,4.0,37.0,0.13333333333333333,0.13333333333333333,0.7333333333333333,8.44
2256,Tyler Boyd,Cin,WR,W 27-24,7.3,Min,Home,52.0,12-19-23,15,False,0,226,6,20,1,5.86,0.0,0.0,3.0,31.6,0.0,0.2,1.0,0.0,133.9,0.0,0.0,62.0,608.0,2.0,2.0,11.0,0.0,8.36875,0.0,0.0,3.875,38.0,0.125,0.125,0.6875,8.36875
1736,Tyler Boyd,Cin,WR,L 11-34,10.9,Pit,Away,37.0,12-26-23,16,False,0,226,6,26,0,7.0,0.0,0.0,3.4,39.0,0.0,0.2,1.0,0.0,144.8,0.0,0.0,67.0,667.0,2.0,2.0,11.0,0.0,8.51764705882353,0.0,0.0,3.9411764705882355,39.23529411764706,0.11764705882352941,0.11764705882352941,0.6470588235294118,8.51764705882353
1265,Tyler Johnson,LAR,WR,W 21-20,8.8,SF,Away,43.5,01-09-24,18,False,0,227,17,27,0,8.8,0.0,0.0,2.0,8.0,1.0,0.0,0.0,0.0,8.8,0.0,0.0,2.0,8.0,1.0,0.0,0.0,0.0,8.8,0.0,0.0,2.0,8.0,1.0,0.0,0.0,8.8
1960,Tyler Lockett,Sea,WR,L 23-30,2.0,Pit,Home,93.5,01-02-24,17,False,0,228,28,26,1,2.0,0.0,0.0,1.0,10.0,0.0,0.0,0.0,0.0,2.0,0.0,0.0,1.0,10.0,0.0,0.0,0.0,0.0,2.0,0.0,0.0,1.0,10.0,0.0,0.0,0.0,2.0
1237,Tyler Lockett,Sea,WR,W 21-20,17.1,Ari,Away,16.0,01-09-24,18,False,0,228,28,0,0,9.55,0.0,0.0,1.5,40.5,0.5,0.0,0.0,0.0,19.1,0.0,0.0,3.0,81.0,1.0,0.0,0.0,0.0,9.55,0.0,0.0,1.5,40.5,0.5,0.0,0.0,9.55
248,Tyler Lockett,Sea,WR,L 13-30,3.0,LAR,Home,88.5,09-12-23,1,False,0,228,28,17,1,7.366666666666667,0.0,0.0,1.6666666666666667,30.333333333333332,0.3333333333333333,0.0,0.0,0.0,22.1,0.0,0.0,5.0,91.0,1.0,0.0,0.0,0.0,7.366666666666667,0.0,0.0,1.6666666666666667,30.333333333333332,0.3333333333333333,0.0,0.0,7.366666666666667
2041,Tyler Lockett,Sea,WR,W 37-31,25.9,Det,Away,6.0,09-19-23,2,False,0,228,28,10,0,12.0,0.0,0.0,3.25,37.5,0.75,0.0,0.0,0.0,48.0,0.0,0.0,13.0,150.0,3.0,0.0,0.0,0.0,12.0,0.0,0.0,3.25,37.5,0.75,0.0,0.0,12.0
378,Tyler Lockett,Sea,WR,W 37-27,8.4,Car,Home,55.5,09-26-23,3,False,0,228,28,4,1,11.28,0.0,0.0,3.2,36.8,0.6,0.0,0.0,0.0,56.4,0.0,0.0,16.0,184.0,3.0,0.0,0.0,0.0,11.28,0.0,0.0,3.2,36.8,0.6,0.0,0.0,11.28
41,Tyler Lockett,Sea,WR,W 24-3,9.4,NYG,Away,42.0,10-03-23,4,False,0,228,28,23,0,12.76,0.0,0.0,3.8,45.6,0.6,0.0,0.0,0.0,65.8,0.0,0.0,20.0,238.0,3.0,0.0,0.0,0.0,10.966666666666667,0.0,0.0,3.3333333333333335,39.666666666666664,0.5,0.0,0.0,10.966666666666667
2690,Tyler Lockett,Sea,WR,L 13-17,15.4,Cin,Away,19.0,10-17-23,6,False,0,228,28,6,0,12.42,0.0,0.0,4.6,50.2,0.4,0.0,0.0,0.0,81.2,0.0,0.0,26.0,332.0,3.0,0.0,0.0,0.0,11.6,0.0,0.0,3.7142857142857144,47.42857142857143,0.42857142857142855,0.0,0.0,11.6
2585,Tyler Lockett,Sea,WR,W 20-10,7.8,Ari,Home,48.0,10-24-23,7,False,0,228,28,0,1,13.38,0.0,0.0,5.0,55.8,0.4,0.0,0.0,0.0,89.0,0.0,0.0,30.0,370.0,3.0,0.0,0.0,0.0,11.125,0.0,0.0,3.75,46.25,0.375,0.0,0.0,11.125
2384,Tyler Lockett,Sea,WR,W 24-20,22.1,Cle,Home,12.0,10-31-23,8,False,0,228,28,7,1,12.620000000000001,0.0,0.0,5.0,60.2,0.2,0.0,0.0,0.0,111.1,0.0,0.0,38.0,451.0,4.0,0.0,0.0,0.0,12.344444444444443,0.0,0.0,4.222222222222222,50.111111111111114,0.4444444444444444,0.0,0.0,12.344444444444443
971,Tyler Lockett,Sea,WR,L 3-37,6.2,Bal,Away,54.5,11-07-23,9,False,0,228,28,2,0,12.180000000000001,0.0,0.0,5.0,59.8,0.2,0.0,0.0,0.0,117.3,0.0,0.0,41.0,483.0,4.0,0.0,0.0,0.0,11.73,0.0,0.0,4.1,48.3,0.4,0.0,0.0,11.73
1392,Tyler Lockett,Sea,WR,W 29-26,23.2,Wsh,Home,8.0,11-14-23,10,False,0,228,28,31,1,14.939999999999998,0.0,0.0,5.8,67.4,0.4,0.0,0.0,0.0,140.5,0.0,0.0,49.0,575.0,5.0,0.0,0.0,0.0,12.772727272727273,0.0,0.0,4.454545454545454,52.27272727272727,0.45454545454545453,0.0,0.0,12.772727272727273
664,Tyler Lockett,Sea,WR,L 16-17,10.1,LAR,Away,33.0,11-21-23,11,False,0,228,28,17,0,13.879999999999999,0.0,0.0,5.6,58.8,0.4,0.0,0.0,0.0,150.6,0.0,0.0,54.0,626.0,5.0,0.0,0.0,0.0,12.549999999999999,0.0,0.0,4.5,52.166666666666664,0.4166666666666667,0.0,0.0,12.549999999999999
1600,Tyler Lockett,Sea,WR,L 13-31,6.0,SF,Home,72.5,11-28-23,12,False,0,228,28,27,1,13.52,0.0,0.0,5.4,57.2,0.4,0.0,0.0,0.0,156.6,0.0,0.0,57.0,656.0,5.0,0.0,0.0,0.0,12.046153846153846,0.0,0.0,4.384615384615385,50.46153846153846,0.38461538461538464,0.0,0.0,12.046153846153846
820,Tyler Lockett,Sea,WR,L 35-41,9.7,Dal,Away,39.0,12-05-23,13,False,0,228,28,8,0,11.04,0.0,0.0,4.8,50.4,0.2,0.0,0.0,0.0,166.3,0.0,0.0,62.0,703.0,5.0,0.0,0.0,0.0,11.87857142857143,0.0,0.0,4.428571428571429,50.214285714285715,0.35714285714285715,0.0,0.0,11.87857142857143
1080,Tyler Lockett,Sea,WR,L 16-28,14.9,SF,Away,17.0,12-12-23,14,False,0,228,28,27,0,12.779999999999998,0.0,0.0,5.4,61.8,0.2,0.0,0.0,0.0,181.2,0.0,0.0,68.0,792.0,5.0,0.0,0.0,0.0,12.08,0.0,0.0,4.533333333333333,52.8,0.3333333333333333,0.0,0.0,12.08
2274,Tyler Lockett,Sea,WR,W 20-17,5.1,Phi,Home,70.5,12-19-23,15,False,0,228,28,25,1,9.16,0.0,0.0,4.4,47.6,0.0,0.0,0.0,0.0,186.3,0.0,0.0,71.0,813.0,5.0,0.0,0.0,0.0,11.64375,0.0,0.0,4.4375,50.8125,0.3125,0.0,0.0,11.64375
1721,Tyler Lockett,Sea,WR,W 20-17,16.1,Ten,Away,22.0,12-26-23,16,False,0,228,28,30,0,10.36,0.0,0.0,5.0,53.6,0.0,0.0,0.0,0.0,202.4,0.0,0.0,79.0,894.0,5.0,0.0,0.0,0.0,11.905882352941177,0.0,0.0,4.647058823529412,52.588235294117645,0.29411764705882354,0.0,0.0,11.905882352941177
1945,Tyler Scott,Chi,WR,W 37-17,3.5,Atl,Home,78.0,01-02-24,17,False,0,229,5,1,1,3.5,0.0,0.0,2.0,15.0,0.0,0.0,0.0,0.0,3.5,0.0,0.0,2.0,15.0,0.0,0.0,0.0,0.0,3.5,0.0,0.0,2.0,15.0,0.0,0.0,0.0,3.5
1315,Tyler Scott,Chi,WR,L 9-17,2.2,GB,Away,94.0,01-09-24,18,False,0,229,5,11,0,2.85,0.0,0.0,1.5,13.5,0.0,0.0,0.0,0.0,5.7,0.0,0.0,3.0,27.0,0.0,0.0,0.0,0.0,2.85,0.0,0.0,1.5,13.5,0.0,0.0,0.0,2.85
246,Tyler Scott,Chi,WR,L 20-38,3.4,GB,Home,85.0,09-12-23,1,False,0,229,5,11,1,3.033333333333333,0.0,0.0,1.6666666666666667,13.666666666666666,0.0,0.0,0.0,0.0,9.1,0.0,0.0,5.0,41.0,0.0,0.0,0.0,0.0,3.033333333333333,0.0,0.0,1.6666666666666667,13.666666666666666,0.0,0.0,0.0,3.033333333333333
2176,Tyler Scott,Chi,WR,L 17-27,0.0,TB,Away,145.0,09-19-23,2,False,0,229,5,29,0,2.275,0.0,0.0,1.25,10.25,0.0,0.0,0.0,0.0,9.1,0.0,0.0,5.0,41.0,0.0,0.0,0.0,0.0,2.275,0.0,0.0,1.25,10.25,0.0,0.0,0.0,2.275
431,Tyler Scott,Chi,WR,L 10-41,1.6,KC,Away,107.0,09-26-23,3,False,0,229,5,15,0,2.1399999999999997,0.0,0.0,1.2,9.4,0.0,0.0,0.0,0.0,10.7,0.0,0.0,6.0,47.0,0.0,0.0,0.0,0.0,2.1399999999999997,0.0,0.0,1.2,9.4,0.0,0.0,0.0,2.1399999999999997
106,Tyler Scott,Chi,WR,L 28-31,1.9,Den,Home,107.0,10-03-23,4,False,0,229,5,9,1,1.8199999999999998,0.0,0.0,0.8,6.4,0.0,0.4,3.8,0.0,12.6,0.0,0.0,6.0,47.0,0.0,2.0,19.0,0.0,2.1,0.0,0.0,1.0,7.833333333333333,0.0,0.3333333333333333,3.1666666666666665,2.1
2754,Tyler Scott,Chi,WR,L 13-19,3.2,Min,Home,83.0,10-17-23,6,False,0,229,5,20,1,2.02,0.0,0.0,1.0,6.4,0.0,0.4,3.8,0.0,15.8,0.0,0.0,8.0,59.0,0.0,2.0,19.0,0.0,2.257142857142857,0.0,0.0,1.1428571428571428,8.428571428571429,0.0,0.2857142857142857,2.7142857142857144,2.257142857142857
2598,Tyler Scott,Chi,WR,W 30-12,5.3,LV,Home,61.0,10-24-23,7,False,0,229,5,18,1,2.4,0.0,0.0,1.0,7.4,0.0,0.8,6.6,0.0,21.1,0.0,0.0,10.0,78.0,0.0,4.0,33.0,0.0,2.6375,0.0,0.0,1.25,9.75,0.0,0.5,4.125,2.6375
2473,Tyler Scott,Chi,WR,L 13-30,2.1,LAC,Away,100.5,10-31-23,8,False,0,229,5,16,0,2.82,0.0,0.0,1.2,9.6,0.0,0.8,6.6,0.0,23.2,0.0,0.0,11.0,89.0,0.0,4.0,33.0,0.0,2.5777777777777775,0.0,0.0,1.2222222222222223,9.88888888888889,0.0,0.4444444444444444,3.6666666666666665,2.5777777777777775
1063,Tyler Scott,Chi,WR,L 17-24,-0.5,NO,Away,147.0,11-07-23,9,False,0,229,5,22,0,2.4,0.0,0.0,1.0,8.4,0.0,1.0,5.6,0.0,22.7,0.0,0.0,11.0,89.0,0.0,5.0,28.0,0.0,2.27,0.0,0.0,1.1,8.9,0.0,0.5,2.8,2.27
1450,Tyler Scott,Chi,WR,W 16-13,4.1,Car,Home,65.5,11-14-23,10,False,0,229,5,4,1,2.84,0.0,0.0,1.2,11.4,0.0,0.8,5.0,0.0,26.799999999999997,0.0,0.0,12.0,104.0,0.0,6.0,44.0,0.0,2.436363636363636,0.0,0.0,1.0909090909090908,9.454545454545455,0.0,0.5454545454545454,4.0,2.436363636363636
781,Tyler Scott,Chi,WR,L 26-31,-0.6,Det,Away,150.0,11-21-23,11,False,0,229,5,10,0,2.08,0.0,0.0,1.0,9.8,0.0,0.8,5.0,0.0,26.2,0.0,0.0,13.0,108.0,0.0,6.0,44.0,0.0,2.183333333333333,0.0,0.0,1.0833333333333333,9.0,0.0,0.5,3.6666666666666665,2.183333333333333
1664,Tyler Scott,Chi,WR,W 12-10,0.0,Min,Away,149.0,11-28-23,12,False,0,229,5,20,0,1.02,0.0,0.0,0.6,6.0,0.0,0.4,2.2,0.0,26.2,0.0,0.0,13.0,108.0,0.0,6.0,44.0,0.0,2.0153846153846153,0.0,0.0,1.0,8.307692307692308,0.0,0.46153846153846156,3.3846153846153846,2.0153846153846153
1158,Tyler Scott,Chi,WR,W 28-13,2.1,Det,Home,96.0,12-12-23,14,False,0,229,5,10,1,1.02,0.0,0.0,0.6,6.0,0.0,0.4,2.2,0.0,28.299999999999997,0.0,0.0,14.0,119.0,0.0,6.0,44.0,0.0,2.0214285714285714,0.0,0.0,1.0,8.5,0.0,0.42857142857142855,3.142857142857143,2.0214285714285714
2255,Tyler Scott,Chi,WR,L 17-20,7.6,Cle,Away,51.0,12-19-23,15,False,0,229,5,7,0,2.6399999999999997,0.0,0.0,1.2,15.8,0.0,0.4,2.6,0.0,35.9,0.0,0.0,17.0,168.0,0.0,7.0,41.0,0.0,2.393333333333333,0.0,0.0,1.1333333333333333,11.2,0.0,0.4666666666666667,2.7333333333333334,2.393333333333333
1838,Tyler Scott,Chi,WR,W 27-16,0.0,Ari,Home,144.5,12-26-23,16,False,0,229,5,0,1,1.8199999999999998,0.0,0.0,1.0,12.8,0.0,0.2,-0.6,0.0,35.9,0.0,0.0,17.0,168.0,0.0,7.0,41.0,0.0,2.24375,0.0,0.0,1.0625,10.5,0.0,0.4375,2.5625,2.24375
1935,Tyquan Thornton,NE,WR,L 21-27,5.4,Buf,Away,68.0,01-02-24,17,False,0,230,21,3,0,5.4,0.0,0.0,3.0,24.0,0.0,0.0,0.0,0.0,5.4,0.0,0.0,3.0,24.0,0.0,0.0,0.0,0.0,5.4,0.0,0.0,3.0,24.0,0.0,0.0,0.0,5.4
2764,Tyquan Thornton,NE,WR,L 17-21,1.6,LV,Away,94.0,10-17-23,6,False,0,230,21,18,0,3.5,0.0,0.0,2.0,15.0,0.0,0.0,0.0,0.0,7.0,0.0,0.0,4.0,30.0,0.0,0.0,0.0,0.0,3.5,0.0,0.0,2.0,15.0,0.0,0.0,0.0,3.5
2633,Tyquan Thornton,NE,WR,W 29-25,1.2,Buf,Home,96.0,10-24-23,7,False,0,230,21,3,1,2.733333333333334,0.0,0.0,1.6666666666666667,10.666666666666666,0.0,0.0,0.0,0.0,8.200000000000001,0.0,0.0,5.0,32.0,0.0,0.0,0.0,0.0,2.733333333333334,0.0,0.0,1.6666666666666667,10.666666666666666,0.0,0.0,0.0,2.733333333333334
1013,Tyquan Thornton,NE,WR,L 17-20,1.7,Wsh,Home,97.0,11-07-23,9,False,0,230,21,31,1,2.475,0.0,0.0,1.5,9.75,0.0,0.0,0.0,0.0,9.9,0.0,0.0,6.0,39.0,0.0,0.0,0.0,0.0,2.475,0.0,0.0,1.5,9.75,0.0,0.0,0.0,2.475
1610,Tyquan Thornton,NE,WR,L 7-10,4.2,NYG,Away,82.0,11-28-23,12,False,0,230,21,23,0,2.8200000000000003,0.0,0.0,1.6,11.6,0.0,0.2,0.6,0.0,14.100000000000001,0.0,0.0,8.0,58.0,0.0,1.0,3.0,0.0,2.8200000000000003,0.0,0.0,1.6,11.6,0.0,0.2,0.6,2.8200000000000003
840,Tyquan Thornton,NE,WR,L 0-6,3.9,LAC,Home,59.0,12-05-23,13,False,0,230,21,16,1,2.52,0.0,0.0,1.0,6.8,0.0,0.4,8.4,0.0,18.0,0.0,0.0,8.0,58.0,0.0,2.0,42.0,0.0,3.0,0.0,0.0,1.3333333333333333,9.666666666666666,0.0,0.3333333333333333,7.0,3.0
1129,Tyquan Thornton,NE,WR,W 21-18,4.7,Pit,Away,65.0,12-12-23,14,False,0,230,21,26,0,3.14,0.0,0.0,1.4,9.0,0.0,0.4,8.4,0.0,22.700000000000003,0.0,0.0,11.0,75.0,0.0,2.0,42.0,0.0,3.2428571428571433,0.0,0.0,1.5714285714285714,10.714285714285714,0.0,0.2857142857142857,6.0,3.2428571428571433
2310,Tyquan Thornton,NE,WR,L 17-27,1.5,KC,Home,106.0,12-19-23,15,False,0,230,21,15,1,3.2,0.0,0.0,1.4,9.6,0.0,0.4,8.4,0.0,24.200000000000003,0.0,0.0,12.0,80.0,0.0,2.0,42.0,0.0,3.0250000000000004,0.0,0.0,1.5,10.0,0.0,0.25,5.25,3.0250000000000004
1787,Tyquan Thornton,NE,WR,W 26-23,3.0,Den,Away,87.5,12-26-23,16,False,0,230,21,9,0,3.46,0.0,0.0,1.4,10.4,0.0,0.6,10.2,0.0,27.200000000000003,0.0,0.0,13.0,91.0,0.0,3.0,51.0,0.0,3.0222222222222226,0.0,0.0,1.4444444444444444,10.11111111111111,0.0,0.3333333333333333,5.666666666666667,3.0222222222222226
1895,Tyreek Hill,Mia,WR,L 19-56,13.6,Bal,Away,28.0,01-02-24,17,False,0,231,19,2,0,13.6,0.0,0.0,6.0,76.0,0.0,1.0,0.0,0.0,13.6,0.0,0.0,6.0,76.0,0.0,1.0,0.0,0.0,13.6,0.0,0.0,6.0,76.0,0.0,1.0,0.0,13.6
1231,Tyreek Hill,Mia,WR,L 14-21,21.2,Buf,Home,10.0,01-09-24,18,False,0,231,19,3,1,17.4,0.0,0.0,6.5,79.0,0.5,0.5,0.0,0.0,34.8,0.0,0.0,13.0,158.0,1.0,1.0,0.0,0.0,17.4,0.0,0.0,6.5,79.0,0.5,0.5,0.0,17.4
162,Tyreek Hill,Mia,WR,W 36-34,44.5,LAC,Away,1.0,09-12-23,1,False,0,231,19,16,0,26.433333333333334,0.0,0.0,8.0,124.33333333333333,1.0,0.3333333333333333,0.0,0.0,79.3,0.0,0.0,24.0,373.0,3.0,1.0,0.0,0.0,26.433333333333334,0.0,0.0,8.0,124.33333333333333,1.0,0.3333333333333333,0.0,26.433333333333334
2067,Tyreek Hill,Mia,WR,W 24-17,15.0,NE,Away,32.0,09-19-23,2,False,0,231,19,21,0,23.575,0.0,0.0,7.25,103.25,1.0,0.25,0.0,0.0,94.3,0.0,0.0,29.0,413.0,4.0,1.0,0.0,0.0,23.575,0.0,0.0,7.25,103.25,1.0,0.25,0.0,23.575
327,Tyreek Hill,Mia,WR,W 70-20,30.7,Den,Home,4.0,09-26-23,3,False,0,231,19,9,1,25.0,0.0,0.0,7.6,114.0,1.0,0.2,0.0,0.0,125.0,0.0,0.0,38.0,570.0,5.0,1.0,0.0,0.0,25.0,0.0,0.0,7.6,114.0,1.0,0.2,0.0,25.0
38,Tyreek Hill,Mia,WR,L 20-48,10.2,Buf,Away,39.0,10-03-23,4,False,0,231,19,3,0,24.32,0.0,0.0,7.0,110.4,1.0,0.2,2.8,0.0,135.2,0.0,0.0,41.0,628.0,5.0,2.0,14.0,0.0,22.53333333333333,0.0,0.0,6.833333333333333,104.66666666666667,0.8333333333333334,0.3333333333333333,2.3333333333333335,22.53333333333333
490,Tyreek Hill,Mia,WR,W 31-16,32.1,NYG,Home,3.0,10-10-23,5,False,0,231,19,23,1,26.5,0.0,0.0,7.2,130.2,1.0,0.2,2.8,0.0,167.3,0.0,0.0,49.0,809.0,6.0,2.0,14.0,0.0,23.900000000000002,0.0,0.0,7.0,115.57142857142857,0.8571428571428571,0.2857142857142857,2.0,23.900000000000002
2674,Tyreek Hill,Mia,WR,W 42-21,28.3,Car,Home,3.0,10-17-23,6,False,0,231,19,4,1,23.259999999999998,0.0,0.0,6.2,119.8,0.8,0.2,2.8,0.0,195.6,0.0,0.0,55.0,972.0,7.0,2.0,14.0,0.0,24.45,0.0,0.0,6.875,121.5,0.875,0.25,1.75,24.45
2540,Tyreek Hill,Mia,WR,L 17-31,25.8,Phi,Away,3.0,10-24-23,7,False,0,231,19,25,0,25.419999999999998,0.0,0.0,7.4,129.4,0.8,0.2,2.8,0.0,221.4,0.0,0.0,66.0,1060.0,8.0,2.0,14.0,0.0,24.6,0.0,0.0,7.333333333333333,117.77777777777777,0.8888888888888888,0.2222222222222222,1.5555555555555556,24.6
2376,Tyreek Hill,Mia,WR,W 31-17,25.2,NE,Home,4.5,10-31-23,8,False,0,231,19,21,1,24.32,0.0,0.0,7.2,120.4,0.8,0.2,2.8,0.0,246.6,0.0,0.0,74.0,1172.0,9.0,2.0,14.0,0.0,24.66,0.0,0.0,7.4,117.2,0.9,0.2,1.4,24.66
938,Tyreek Hill,Mia,WR,L 14-21,12.5,KC,Away,22.0,11-07-23,9,False,0,231,19,15,0,24.78,0.0,0.0,8.2,121.2,0.8,0.2,0.6,0.0,259.1,0.0,0.0,82.0,1234.0,9.0,3.0,17.0,0.0,23.55454545454546,0.0,0.0,7.454545454545454,112.18181818181819,0.8181818181818182,0.2727272727272727,1.5454545454545454,23.55454545454546
633,Tyreek Hill,Mia,WR,W 20-13,30.6,LV,Home,2.0,11-21-23,11,False,0,231,19,18,1,24.48,0.0,0.0,8.6,114.2,0.8,0.2,0.6,0.0,289.7,0.0,0.0,92.0,1380.0,10.0,3.0,17.0,0.0,24.141666666666666,0.0,0.0,7.666666666666667,115.0,0.8333333333333334,0.25,1.4166666666666667,24.141666666666666
1529,Tyreek Hill,Mia,WR,W 34-13,25.4,NYJ,Away,1.0,11-28-23,12,False,0,231,19,24,0,23.9,0.0,0.0,9.2,102.0,0.8,0.4,1.0,0.0,315.1,0.0,0.0,101.0,1482.0,11.0,4.0,19.0,0.0,24.23846153846154,0.0,0.0,7.769230769230769,114.0,0.8461538461538461,0.3076923076923077,1.4615384615384615,24.23846153846154
786,Tyreek Hill,Mia,WR,W 45-15,32.3,Wsh,Away,5.0,12-05-23,13,False,0,231,19,31,0,25.199999999999996,0.0,0.0,8.0,115.8,1.0,0.8,0.2,0.0,347.4,0.0,0.0,106.0,1639.0,13.0,6.0,15.0,0.0,24.814285714285713,0.0,0.0,7.571428571428571,117.07142857142857,0.9285714285714286,0.42857142857142855,1.0714285714285714,24.814285714285713
1099,Tyreek Hill,Mia,WR,L 27-28,10.1,Ten,Home,36.0,12-12-23,14,False,0,231,19,30,1,22.18,0.0,0.0,7.2,105.6,0.8,0.8,0.2,0.0,357.5,0.0,0.0,110.0,1700.0,13.0,6.0,15.0,0.0,23.833333333333332,0.0,0.0,7.333333333333333,113.33333333333333,0.8666666666666667,0.4,1.0,23.833333333333332
1715,Tyreek Hill,Mia,WR,W 22-20,18.9,Dal,Home,16.0,12-26-23,16,False,0,231,19,8,1,23.46,0.0,0.0,7.4,113.0,0.8,0.6,-0.4,0.0,376.4,0.0,0.0,119.0,1799.0,13.0,6.0,15.0,0.0,23.525,0.0,0.0,7.4375,112.4375,0.8125,0.375,0.9375,23.525
1938,Van Jefferson,Atl,WR,L 17-37,4.9,Chi,Away,70.5,01-02-24,17,False,0,232,1,5,0,4.9,0.0,0.0,3.0,19.0,0.0,0.0,0.0,0.0,4.9,0.0,0.0,3.0,19.0,0.0,0.0,0.0,0.0,4.9,0.0,0.0,3.0,19.0,0.0,0.0,0.0,4.9
1305,Van Jefferson,Atl,WR,L 17-48,3.3,NO,Away,84.0,01-09-24,18,False,0,232,1,22,0,4.1,0.0,0.0,2.5,16.0,0.0,0.0,0.0,0.0,8.2,0.0,0.0,5.0,32.0,0.0,0.0,0.0,0.0,4.1,0.0,0.0,2.5,16.0,0.0,0.0,0.0,4.1
224,Van Jefferson,LAR,WR,W 30-13,6.4,Sea,Away,62.5,09-12-23,1,False,0,232,17,28,0,4.866666666666667,0.0,0.0,3.0,18.666666666666668,0.0,0.0,0.0,0.0,14.600000000000001,0.0,0.0,9.0,56.0,0.0,0.0,0.0,0.0,4.866666666666667,0.0,0.0,3.0,18.666666666666668,0.0,0.0,0.0,4.866666666666667
2138,Van Jefferson,LAR,WR,L 23-30,1.9,SF,Home,103.0,09-19-23,2,False,0,232,17,27,1,4.125,0.0,0.0,2.5,16.25,0.0,0.0,0.0,0.0,16.5,0.0,0.0,10.0,65.0,0.0,0.0,0.0,0.0,4.125,0.0,0.0,2.5,16.25,0.0,0.0,0.0,4.125
398,Van Jefferson,LAR,WR,L 16-19,6.0,Cin,Away,75.5,09-26-23,3,False,0,232,17,6,0,4.5,0.0,0.0,2.2,22.2,0.0,0.2,0.8,0.0,22.5,0.0,0.0,11.0,111.0,0.0,1.0,4.0,0.0,4.5,0.0,0.0,2.2,22.2,0.0,0.2,0.8,4.5
70,Van Jefferson,LAR,WR,W 29-23,4.9,Ind,Away,71.0,10-03-23,4,False,0,232,17,13,0,4.5,0.0,0.0,2.0,24.2,0.0,0.2,0.8,0.0,27.4,0.0,0.0,13.0,140.0,0.0,1.0,4.0,0.0,4.566666666666666,0.0,0.0,2.1666666666666665,23.333333333333332,0.0,0.16666666666666666,0.6666666666666666,4.566666666666666
596,Van Jefferson,LAR,WR,L 14-23,0.0,Phi,Home,124.5,10-10-23,5,False,0,232,17,25,1,3.8400000000000007,0.0,0.0,1.6,21.6,0.0,0.2,0.8,0.0,27.4,0.0,0.0,13.0,140.0,0.0,1.0,4.0,0.0,3.914285714285714,0.0,0.0,1.8571428571428572,20.0,0.0,0.14285714285714285,0.5714285714285714,3.914285714285714
2779,Van Jefferson,Atl,WR,L 16-24,0.0,Wsh,Home,128.0,10-17-23,6,False,0,232,1,31,1,2.5599999999999996,0.0,0.0,0.8,16.8,0.0,0.2,0.8,0.0,27.4,0.0,0.0,13.0,140.0,0.0,1.0,4.0,0.0,3.425,0.0,0.0,1.625,17.5,0.0,0.125,0.5,3.425
2628,Van Jefferson,Atl,WR,W 16-13,1.5,TB,Away,91.5,10-24-23,7,False,0,232,1,29,0,2.48,0.0,0.0,0.8,16.0,0.0,0.2,0.8,0.0,28.9,0.0,0.0,14.0,145.0,0.0,1.0,4.0,0.0,3.211111111111111,0.0,0.0,1.5555555555555556,16.11111111111111,0.0,0.1111111111111111,0.4444444444444444,3.211111111111111
2450,Van Jefferson,Atl,WR,L 23-28,5.4,Ten,Away,77.5,10-31-23,8,False,0,232,1,30,0,2.3600000000000003,0.0,0.0,1.2,11.6,0.0,0.0,0.0,0.0,34.3,0.0,0.0,17.0,169.0,0.0,1.0,4.0,0.0,3.4299999999999997,0.0,0.0,1.7,16.9,0.0,0.1,0.4,3.4299999999999997
1001,Van Jefferson,Atl,WR,L 28-31,2.4,Min,Home,85.5,11-07-23,9,False,0,232,1,20,1,1.86,0.0,0.0,1.0,8.6,0.0,0.0,0.0,0.0,36.7,0.0,0.0,18.0,183.0,0.0,1.0,4.0,0.0,3.3363636363636364,0.0,0.0,1.6363636363636365,16.636363636363637,0.0,0.09090909090909091,0.36363636363636365,3.3363636363636364
1490,Van Jefferson,Atl,WR,L 23-25,0.0,Ari,Away,123.5,11-14-23,10,False,0,232,1,0,0,1.86,0.0,0.0,1.0,8.6,0.0,0.0,0.0,0.0,36.7,0.0,0.0,18.0,183.0,0.0,1.0,4.0,0.0,3.0583333333333336,0.0,0.0,1.5,15.25,0.0,0.08333333333333333,0.3333333333333333,3.0583333333333336
1631,Van Jefferson,Atl,WR,W 24-15,2.3,NO,Home,103.0,11-28-23,12,False,0,232,1,22,1,2.32,0.0,0.0,1.2,11.2,0.0,0.0,0.0,0.0,39.0,0.0,0.0,19.0,196.0,0.0,1.0,4.0,0.0,3.0,0.0,0.0,1.4615384615384615,15.076923076923077,0.0,0.07692307692307693,0.3076923076923077,3.0
881,Van Jefferson,Atl,WR,W 13-8,0.0,NYJ,Away,113.0,12-05-23,13,False,0,232,1,24,0,2.02,0.0,0.0,1.0,10.2,0.0,0.0,0.0,0.0,39.0,0.0,0.0,19.0,196.0,0.0,1.0,4.0,0.0,2.7857142857142856,0.0,0.0,1.3571428571428572,14.0,0.0,0.07142857142857142,0.2857142857142857,2.7857142857142856
1180,Van Jefferson,Atl,WR,L 25-29,0.0,TB,Home,134.0,12-12-23,14,False,0,232,1,29,1,0.9399999999999998,0.0,0.0,0.4,5.4,0.0,0.0,0.0,0.0,39.0,0.0,0.0,19.0,196.0,0.0,1.0,4.0,0.0,2.6,0.0,0.0,1.2666666666666666,13.066666666666666,0.0,0.06666666666666667,0.26666666666666666,2.6
2326,Van Jefferson,Atl,WR,L 7-9,0.0,Car,Away,140.0,12-19-23,15,False,0,232,1,4,0,0.45999999999999996,0.0,0.0,0.2,2.6,0.0,0.0,0.0,0.0,39.0,0.0,0.0,19.0,196.0,0.0,1.0,4.0,0.0,2.4375,0.0,0.0,1.1875,12.25,0.0,0.0625,0.25,2.4375
1797,Van Jefferson,Atl,WR,W 29-10,2.3,Ind,Home,98.0,12-26-23,16,False,0,232,1,13,1,0.9199999999999999,0.0,0.0,0.4,5.2,0.0,0.0,0.0,0.0,41.3,0.0,0.0,20.0,209.0,0.0,1.0,4.0,0.0,2.429411764705882,0.0,0.0,1.1764705882352942,12.294117647058824,0.0,0.058823529411764705,0.23529411764705882,2.429411764705882
1974,Velus Jones Jr.,Chi,WR,W 37-17,0.2,Atl,Home,106.5,01-02-24,17,False,0,233,5,1,1,0.2,0.0,0.0,0.0,0.0,0.0,1.0,2.0,0.0,0.2,0.0,0.0,0.0,0.0,0.0,1.0,2.0,0.0,0.2,0.0,0.0,0.0,0.0,0.0,1.0,2.0,0.2
1359,Velus Jones Jr.,Chi,WR,L 9-17,0.0,GB,Away,142.5,01-09-24,18,False,0,233,5,11,0,0.1,0.0,0.0,0.0,0.0,0.0,0.5,1.0,0.0,0.2,0.0,0.0,0.0,0.0,0.0,1.0,2.0,0.0,0.1,0.0,0.0,0.0,0.0,0.0,0.5,1.0,0.1
2201,Velus Jones Jr.,Chi,WR,L 17-27,-0.3,TB,Away,166.0,09-19-23,2,False,0,233,5,29,0,-0.033333333333333326,0.0,0.0,0.0,0.0,0.0,0.6666666666666666,-0.3333333333333333,0.0,-0.09999999999999998,0.0,0.0,0.0,0.0,0.0,2.0,-1.0,0.0,-0.033333333333333326,0.0,0.0,0.0,0.0,0.0,0.6666666666666666,-0.3333333333333333,-0.033333333333333326
462,Velus Jones Jr.,Chi,WR,L 10-41,0.0,KC,Away,141.0,09-26-23,3,False,0,233,5,15,0,-0.024999999999999994,0.0,0.0,0.0,0.0,0.0,0.5,-0.25,0.0,-0.09999999999999998,0.0,0.0,0.0,0.0,0.0,2.0,-1.0,0.0,-0.024999999999999994,0.0,0.0,0.0,0.0,0.0,0.5,-0.25,-0.024999999999999994
120,Velus Jones Jr.,Chi,WR,L 28-31,1.0,Den,Home,120.5,10-03-23,4,False,0,233,5,9,1,0.18,0.0,0.0,0.0,0.0,0.0,0.6,1.8,0.0,0.9,0.0,0.0,0.0,0.0,0.0,3.0,9.0,0.0,0.18,0.0,0.0,0.0,0.0,0.0,0.6,1.8,0.18
609,Velus Jones Jr.,Chi,WR,W 40-20,0.0,Wsh,Away,124.5,10-10-23,5,False,0,233,5,31,0,0.13999999999999999,0.0,0.0,0.0,0.0,0.0,0.4,1.4,0.0,0.9,0.0,0.0,0.0,0.0,0.0,3.0,9.0,0.0,0.15,0.0,0.0,0.0,0.0,0.0,0.5,1.5,0.15
2757,Velus Jones Jr.,Chi,WR,L 13-19,3.0,Min,Home,85.5,10-17-23,6,False,0,233,5,20,1,0.74,0.0,0.0,0.2,1.0,0.0,0.8,4.4,0.0,3.9,0.0,0.0,1.0,5.0,0.0,5.0,24.0,0.0,0.5571428571428572,0.0,0.0,0.14285714285714285,0.7142857142857143,0.0,0.7142857142857143,3.4285714285714284,0.5571428571428572
2634,Velus Jones Jr.,Chi,WR,W 30-12,1.0,LV,Home,97.0,10-24-23,7,False,0,233,5,18,1,1.0,0.0,0.0,0.4,1.0,0.0,0.6,5.0,0.0,4.9,0.0,0.0,2.0,5.0,0.0,5.0,24.0,0.0,0.6125,0.0,0.0,0.25,0.625,0.0,0.625,3.0,0.6125
2480,Velus Jones Jr.,Chi,WR,L 13-30,1.4,LAC,Away,108.0,10-31-23,8,False,0,233,5,16,0,1.28,0.0,0.0,0.6,1.8,0.0,0.6,5.0,0.0,6.3,0.0,0.0,3.0,9.0,0.0,5.0,24.0,0.0,0.7,0.0,0.0,0.3333333333333333,1.0,0.0,0.5555555555555556,2.6666666666666665,0.7
1041,Velus Jones Jr.,Chi,WR,L 17-24,0.0,NO,Away,126.5,11-07-23,9,False,0,233,5,22,0,1.08,0.0,0.0,0.6,1.8,0.0,0.4,3.0,0.0,6.3,0.0,0.0,3.0,9.0,0.0,5.0,24.0,0.0,0.63,0.0,0.0,0.3,0.9,0.0,0.5,2.4,0.63
1674,Velus Jones Jr.,Chi,WR,W 12-10,0.0,Min,Away,149.0,11-28-23,12,False,0,233,5,20,0,1.08,0.0,0.0,0.6,1.8,0.0,0.4,3.0,0.0,6.3,0.0,0.0,3.0,9.0,0.0,5.0,24.0,0.0,0.5727272727272728,0.0,0.0,0.2727272727272727,0.8181818181818182,0.0,0.45454545454545453,2.1818181818181817,0.5727272727272728
1159,Velus Jones Jr.,Chi,WR,W 28-13,2.1,Det,Home,96.0,12-12-23,14,False,0,233,5,10,1,0.9,0.0,0.0,0.6,3.0,0.0,0.0,0.0,0.0,8.4,0.0,0.0,4.0,20.0,0.0,5.0,24.0,0.0,0.7000000000000001,0.0,0.0,0.3333333333333333,1.6666666666666667,0.0,0.4166666666666667,2.0,0.7000000000000001
2297,Velus Jones Jr.,Chi,WR,L 17-20,2.3,Cle,Away,93.5,12-19-23,15,False,0,233,5,7,0,1.16,0.0,0.0,0.4,3.0,0.0,0.4,4.6,0.0,10.7,0.0,0.0,4.0,20.0,0.0,7.0,47.0,0.0,0.823076923076923,0.0,0.0,0.3076923076923077,1.5384615384615385,0.0,0.5384615384615384,3.6153846153846154,0.823076923076923
1821,Velus Jones Jr.,Chi,WR,W 27-16,0.4,Ari,Home,122.0,12-26-23,16,False,0,233,5,0,1,0.9600000000000002,0.0,0.0,0.2,2.2,0.0,0.6,5.4,0.0,11.1,0.0,0.0,4.0,20.0,0.0,8.0,51.0,0.0,0.7928571428571428,0.0,0.0,0.2857142857142857,1.4285714285714286,0.0,0.5714285714285714,3.642857142857143,0.7928571428571428
1877,Wan'Dale Robinson,NYG,WR,L 25-26,19.9,LAR,Home,10.0,01-02-24,17,False,0,234,23,17,1,19.9,0.0,0.0,6.0,55.0,0.0,1.0,24.0,1.0,19.9,0.0,0.0,6.0,55.0,0.0,1.0,24.0,1.0,19.9,0.0,0.0,6.0,55.0,0.0,1.0,24.0,19.9
1251,Wan'Dale Robinson,NYG,WR,W 27-10,13.5,Phi,Home,30.0,01-09-24,18,False,0,234,23,25,1,16.7,0.0,0.0,5.5,70.0,0.0,0.5,12.0,0.5,33.4,0.0,0.0,11.0,140.0,0.0,1.0,24.0,1.0,16.7,0.0,0.0,5.5,70.0,0.0,0.5,12.0,16.7
397,Wan'Dale Robinson,NYG,WR,L 12-30,6.1,SF,Away,73.5,09-26-23,3,False,0,234,23,27,0,13.166666666666666,0.0,0.0,5.0,53.666666666666664,0.0,0.3333333333333333,8.0,0.3333333333333333,39.5,0.0,0.0,15.0,161.0,0.0,1.0,24.0,1.0,13.166666666666666,0.0,0.0,5.0,53.666666666666664,0.0,0.3333333333333333,8.0,13.166666666666666
40,Wan'Dale Robinson,NYG,WR,L 3-24,9.7,Sea,Home,41.0,10-03-23,4,False,0,234,23,28,1,12.299999999999999,0.0,0.0,5.0,50.25,0.0,0.5,7.75,0.25,49.199999999999996,0.0,0.0,20.0,201.0,0.0,2.0,31.0,1.0,12.299999999999999,0.0,0.0,5.0,50.25,0.0,0.5,7.75,12.299999999999999
541,Wan'Dale Robinson,NYG,WR,L 16-31,6.9,Mia,Away,53.5,10-10-23,5,False,0,234,23,19,0,11.219999999999999,0.0,0.0,5.0,43.8,0.0,0.6,6.4,0.2,56.099999999999994,0.0,0.0,25.0,219.0,0.0,3.0,32.0,1.0,11.219999999999999,0.0,0.0,5.0,43.8,0.0,0.6,6.4,11.219999999999999
2695,Wan'Dale Robinson,NYG,WR,L 9-14,14.2,Buf,Away,23.5,10-17-23,6,False,0,234,23,3,0,10.08,0.0,0.0,5.4,45.2,0.0,0.4,1.6,0.0,70.3,0.0,0.0,33.0,281.0,0.0,3.0,32.0,1.0,11.716666666666667,0.0,0.0,5.5,46.833333333333336,0.0,0.5,5.333333333333333,11.716666666666667
2612,Wan'Dale Robinson,NYG,WR,W 14-7,3.2,Wsh,Home,75.5,10-24-23,7,False,0,234,23,31,1,8.02,0.0,0.0,4.6,32.6,0.0,0.4,1.6,0.0,73.5,0.0,0.0,34.0,303.0,0.0,3.0,32.0,1.0,10.5,0.0,0.0,4.857142857142857,43.285714285714285,0.0,0.42857142857142855,4.571428571428571,10.5
2477,Wan'Dale Robinson,NYG,WR,L 10-13,1.7,NYJ,Home,105.0,10-31-23,8,False,0,234,23,24,1,7.139999999999999,0.0,0.0,3.8,28.4,0.0,0.8,5.0,0.0,75.2,0.0,0.0,34.0,303.0,0.0,5.0,49.0,1.0,9.4,0.0,0.0,4.25,37.875,0.0,0.625,6.125,9.4
934,Wan'Dale Robinson,NYG,WR,L 6-30,13.5,LV,Away,17.5,11-07-23,9,False,0,234,23,18,0,7.9,0.0,0.0,3.6,27.4,0.2,0.6,3.6,0.0,88.7,0.0,0.0,38.0,338.0,1.0,5.0,49.0,1.0,9.855555555555556,0.0,0.0,4.222222222222222,37.55555555555556,0.1111111111111111,0.5555555555555556,5.444444444444445,9.855555555555556
1467,Wan'Dale Robinson,NYG,WR,L 17-49,2.6,Dal,Away,83.0,11-14-23,10,False,0,234,23,8,0,7.039999999999999,0.0,0.0,3.0,25.0,0.2,0.6,3.4,0.0,91.3,0.0,0.0,40.0,344.0,1.0,6.0,49.0,1.0,9.129999999999999,0.0,0.0,4.0,34.4,0.1,0.6,4.9,9.129999999999999
685,Wan'Dale Robinson,NYG,WR,W 31-19,6.7,Wsh,Away,53.5,11-21-23,11,False,0,234,23,31,0,5.540000000000001,0.0,0.0,2.0,19.6,0.2,0.8,3.8,0.0,98.0,0.0,0.0,43.0,379.0,1.0,7.0,51.0,1.0,8.909090909090908,0.0,0.0,3.909090909090909,34.45454545454545,0.09090909090909091,0.6363636363636364,4.636363636363637,8.909090909090908
1593,Wan'Dale Robinson,NYG,WR,W 10-7,6.6,NE,Home,65.0,11-28-23,12,False,0,234,23,21,1,6.220000000000001,0.0,0.0,2.6,20.4,0.2,0.8,3.8,0.0,104.6,0.0,0.0,47.0,405.0,1.0,7.0,51.0,1.0,8.716666666666667,0.0,0.0,3.9166666666666665,33.75,0.08333333333333333,0.5833333333333334,4.25,8.716666666666667
1076,Wan'Dale Robinson,NYG,WR,W 24-22,17.5,GB,Home,13.0,12-12-23,14,False,0,234,23,11,1,9.38,0.0,0.0,3.8,36.2,0.2,0.8,7.6,0.0,122.1,0.0,0.0,53.0,484.0,1.0,9.0,87.0,1.0,9.392307692307693,0.0,0.0,4.076923076923077,37.23076923076923,0.07692307692307693,0.6923076923076923,6.6923076923076925,9.392307692307693
2263,Wan'Dale Robinson,NYG,WR,L 6-24,6.5,NO,Away,59.0,12-19-23,15,False,0,234,23,22,0,7.980000000000001,0.0,0.0,3.8,34.2,0.0,0.8,7.6,0.0,128.6,0.0,0.0,57.0,509.0,1.0,9.0,87.0,1.0,9.185714285714285,0.0,0.0,4.071428571428571,36.357142857142854,0.07142857142857142,0.6428571428571429,6.214285714285714,9.185714285714285
1777,Wan'Dale Robinson,NYG,WR,L 25-33,4.6,Phi,Away,78.0,12-26-23,16,False,0,234,23,25,0,8.379999999999999,0.0,0.0,4.0,36.2,0.0,0.6,7.6,0.0,133.2,0.0,0.0,60.0,525.0,1.0,9.0,87.0,1.0,8.879999999999999,0.0,0.0,4.0,35.0,0.06666666666666667,0.6,5.8,8.879999999999999
107,Willie Snead IV,SF,WR,W 35-16,1.9,Ari,Home,107.0,10-03-23,4,False,0,235,27,0,1,1.9,0.0,0.0,1.0,9.0,0.0,0.0,0.0,0.0,1.9,0.0,0.0,1.0,9.0,0.0,0.0,0.0,0.0,1.9,0.0,0.0,1.0,9.0,0.0,0.0,0.0,1.9
2529,Willie Snead IV,SF,WR,L 17-31,0.0,Cin,Home,138.0,10-31-23,8,False,0,235,27,6,1,0.95,0.0,0.0,0.5,4.5,0.0,0.0,0.0,0.0,1.9,0.0,0.0,1.0,9.0,0.0,0.0,0.0,0.0,0.95,0.0,0.0,0.5,4.5,0.0,0.0,0.0,0.95
1520,Willie Snead IV,SF,WR,W 34-3,0.0,Jax,Away,123.5,11-14-23,10,False,0,235,27,14,0,0.6333333333333333,0.0,0.0,0.3333333333333333,3.0,0.0,0.0,0.0,0.0,1.9,0.0,0.0,1.0,9.0,0.0,0.0,0.0,0.0,0.6333333333333333,0.0,0.0,0.3333333333333333,3.0,0.0,0.0,0.0,0.6333333333333333
1916,Xavier Gipson,NYJ,WR,L 20-37,8.1,Cle,Away,49.0,01-02-24,17,False,0,236,24,7,0,8.1,0.0,0.0,4.0,33.0,0.0,1.0,8.0,0.0,8.1,0.0,0.0,4.0,33.0,0.0,1.0,8.0,0.0,8.1,0.0,0.0,4.0,33.0,0.0,1.0,8.0,8.1
1331,Xavier Gipson,NYJ,WR,W 17-3,1.4,NE,Away,110.0,01-09-24,18,False,0,236,24,21,0,4.75,0.0,0.0,2.5,18.5,0.0,0.5,4.0,0.0,9.5,0.0,0.0,5.0,37.0,0.0,1.0,8.0,0.0,4.75,0.0,0.0,2.5,18.5,0.0,0.5,4.0,4.75
228,Xavier Gipson,NYJ,WR,W 22-16,6.0,Buf,Home,66.5,09-12-23,1,False,0,236,24,3,1,5.166666666666667,0.0,0.0,1.6666666666666667,12.333333333333334,0.0,0.3333333333333333,2.6666666666666665,0.0,15.5,0.0,0.0,5.0,37.0,0.0,1.0,8.0,0.0,5.166666666666667,0.0,0.0,1.6666666666666667,12.333333333333334,0.0,0.3333333333333333,2.6666666666666665,5.166666666666667
2175,Xavier Gipson,NYJ,WR,L 10-30,0.0,Dal,Away,145.0,09-19-23,2,False,0,236,24,8,0,3.875,0.0,0.0,1.25,9.25,0.0,0.25,2.0,0.0,15.5,0.0,0.0,5.0,37.0,0.0,1.0,8.0,0.0,3.875,0.0,0.0,1.25,9.25,0.0,0.25,2.0,3.875
456,Xavier Gipson,NYJ,WR,L 10-15,0.0,NE,Home,141.0,09-26-23,3,False,0,236,24,21,1,3.1,0.0,0.0,1.0,7.4,0.0,0.2,1.6,0.0,15.5,0.0,0.0,5.0,37.0,0.0,1.0,8.0,0.0,3.1,0.0,0.0,1.0,7.4,0.0,0.2,1.6,3.1
96,Xavier Gipson,NYJ,WR,L 20-23,2.7,KC,Home,96.5,10-03-23,4,False,0,236,24,15,1,2.0200000000000005,0.0,0.0,0.4,1.6,0.0,0.4,2.6,0.0,18.2,0.0,0.0,6.0,41.0,0.0,3.0,21.0,0.0,3.033333333333333,0.0,0.0,1.0,6.833333333333333,0.0,0.5,3.5,3.033333333333333
630,Xavier Gipson,NYJ,WR,W 31-21,-2.0,Den,Away,143.5,10-10-23,5,False,0,236,24,9,0,1.34,0.0,0.0,0.2,0.8,0.0,0.4,2.6,0.0,16.2,0.0,0.0,6.0,41.0,0.0,3.0,21.0,0.0,2.314285714285714,0.0,0.0,0.8571428571428571,5.857142857142857,0.0,0.42857142857142855,3.0,2.314285714285714
2762,Xavier Gipson,NYJ,WR,W 20-14,1.8,Phi,Home,90.5,10-17-23,6,False,0,236,24,25,1,0.5,0.0,0.0,0.2,0.8,0.0,0.6,6.2,0.0,18.0,0.0,0.0,6.0,41.0,0.0,4.0,39.0,0.0,2.25,0.0,0.0,0.75,5.125,0.0,0.5,4.875,2.25
2485,Xavier Gipson,NYJ,WR,W 13-10,0.3,NYG,Away,112.5,10-31-23,8,False,0,236,24,23,0,0.56,0.0,0.0,0.2,0.8,0.0,0.8,6.8,0.0,18.3,0.0,0.0,6.0,41.0,0.0,5.0,42.0,0.0,2.033333333333333,0.0,0.0,0.6666666666666666,4.555555555555555,0.0,0.5555555555555556,4.666666666666667,2.033333333333333
980,Xavier Gipson,NYJ,WR,L 6-27,5.2,LAC,Home,63.0,11-07-23,9,False,0,236,24,16,1,1.6,0.0,0.0,0.6,7.2,0.0,0.8,6.8,0.0,23.5,0.0,0.0,8.0,73.0,0.0,5.0,42.0,0.0,2.35,0.0,0.0,0.8,7.3,0.0,0.5,4.2,2.35
1459,Xavier Gipson,NYJ,WR,L 12-16,3.4,LV,Away,74.0,11-14-23,10,False,0,236,24,18,0,1.7400000000000002,0.0,0.0,0.6,11.2,0.0,0.4,4.2,0.0,26.9,0.0,0.0,9.0,97.0,0.0,5.0,42.0,0.0,2.4454545454545453,0.0,0.0,0.8181818181818182,8.818181818181818,0.0,0.45454545454545453,3.8181818181818183,2.4454545454545453
780,Xavier Gipson,NYJ,WR,L 6-32,-0.3,Buf,Away,149.0,11-21-23,11,False,0,236,24,3,0,2.08,0.0,0.0,0.8,12.6,0.0,0.4,4.2,0.0,26.6,0.0,0.0,10.0,104.0,0.0,5.0,42.0,0.0,2.216666666666667,0.0,0.0,0.8333333333333334,8.666666666666666,0.0,0.4166666666666667,3.5,2.216666666666667
1618,Xavier Gipson,NYJ,WR,L 13-34,3.5,Mia,Home,89.5,11-28-23,12,False,0,236,24,19,1,2.42,0.0,0.0,1.2,15.6,0.0,0.2,0.6,0.0,30.1,0.0,0.0,12.0,119.0,0.0,5.0,42.0,0.0,2.3153846153846156,0.0,0.0,0.9230769230769231,9.153846153846153,0.0,0.38461538461538464,3.230769230769231,2.3153846153846156
810,Xavier Gipson,NYJ,WR,L 8-13,12.8,Atl,Home,28.5,12-05-23,13,False,0,236,24,1,1,4.92,0.0,0.0,2.2,31.0,0.0,0.2,0.2,0.0,42.9,0.0,0.0,17.0,196.0,0.0,6.0,43.0,0.0,3.064285714285714,0.0,0.0,1.2142857142857142,14.0,0.0,0.42857142857142855,3.0714285714285716,3.064285714285714
1105,Xavier Gipson,NYJ,WR,W 30-6,8.2,Hou,Home,41.5,12-12-23,14,False,0,236,24,12,1,5.5200000000000005,0.0,0.0,2.0,25.2,0.0,0.4,2.0,0.2,51.1,0.0,0.0,18.0,199.0,0.0,7.0,52.0,1.0,3.4066666666666667,0.0,0.0,1.2,13.266666666666667,0.0,0.4666666666666667,3.466666666666667,3.4066666666666667
2278,Xavier Gipson,NYJ,WR,L 0-30,4.9,Mia,Away,73.0,12-19-23,15,False,0,236,24,19,0,5.82,0.0,0.0,2.2,26.2,0.0,0.4,2.0,0.2,56.0,0.0,0.0,20.0,228.0,0.0,7.0,52.0,1.0,3.5,0.0,0.0,1.25,14.25,0.0,0.4375,3.25,3.5
1790,Xavier Gipson,NYJ,WR,W 30-28,2.7,Wsh,Home,91.0,12-26-23,16,False,0,236,24,31,1,6.42,0.0,0.0,2.2,25.0,0.0,0.6,5.2,0.2,58.7,0.0,0.0,21.0,229.0,0.0,8.0,68.0,1.0,3.4529411764705884,0.0,0.0,1.2352941176470589,13.470588235294118,0.0,0.47058823529411764,4.0,3.4529411764705884
1952,Xavier Hutchinson,Hou,WR,W 26-3,2.8,Ten,Home,84.0,01-02-24,17,False,0,237,12,30,1,2.8,0.0,0.0,2.0,8.0,0.0,0.0,0.0,0.0,2.8,0.0,0.0,2.0,8.0,0.0,0.0,0.0,0.0,2.8,0.0,0.0,2.0,8.0,0.0,0.0,0.0,2.8
1325,Xavier Hutchinson,Hou,WR,W 23-19,1.6,Ind,Away,104.0,01-09-24,18,False,0,237,12,13,0,2.2,0.0,0.0,1.5,7.0,0.0,0.0,0.0,0.0,4.4,0.0,0.0,3.0,14.0,0.0,0.0,0.0,0.0,2.2,0.0,0.0,1.5,7.0,0.0,0.0,0.0,2.2
257,Xavier Hutchinson,Hou,WR,L 9-25,1.9,Bal,Away,95.5,09-12-23,1,False,0,237,12,2,0,2.1,0.0,0.0,1.3333333333333333,7.666666666666667,0.0,0.0,0.0,0.0,6.3,0.0,0.0,4.0,23.0,0.0,0.0,0.0,0.0,2.1,0.0,0.0,1.3333333333333333,7.666666666666667,0.0,0.0,0.0,2.1
2183,Xavier Hutchinson,Hou,WR,L 20-31,0.0,Ind,Home,145.0,09-19-23,2,False,0,237,12,13,1,1.575,0.0,0.0,1.0,5.75,0.0,0.0,0.0,0.0,6.3,0.0,0.0,4.0,23.0,0.0,0.0,0.0,0.0,1.575,0.0,0.0,1.0,5.75,0.0,0.0,0.0,1.575
466,Xavier Hutchinson,Hou,WR,W 37-17,0.0,Jax,Away,141.0,09-26-23,3,False,0,237,12,14,0,1.26,0.0,0.0,0.8,4.6,0.0,0.0,0.0,0.0,6.3,0.0,0.0,4.0,23.0,0.0,0.0,0.0,0.0,1.26,0.0,0.0,0.8,4.6,0.0,0.0,0.0,1.26
142,Xavier Hutchinson,Hou,WR,W 30-6,0.0,Pit,Home,143.0,10-03-23,4,False,0,237,12,26,1,0.7,0.0,0.0,0.4,3.0,0.0,0.0,0.0,0.0,6.3,0.0,0.0,4.0,23.0,0.0,0.0,0.0,0.0,1.05,0.0,0.0,0.6666666666666666,3.8333333333333335,0.0,0.0,0.0,1.05
611,Xavier Hutchinson,Hou,WR,L 19-21,0.0,Atl,Away,124.5,10-10-23,5,False,0,237,12,1,0,0.38,0.0,0.0,0.2,1.8,0.0,0.0,0.0,0.0,6.3,0.0,0.0,4.0,23.0,0.0,0.0,0.0,0.0,0.9,0.0,0.0,0.5714285714285714,3.2857142857142856,0.0,0.0,0.0,0.9
2769,Xavier Hutchinson,Hou,WR,W 20-13,1.5,NO,Home,97.0,10-17-23,6,False,0,237,12,22,1,0.3,0.0,0.0,0.0,0.0,0.0,0.4,3.0,0.0,7.8,0.0,0.0,4.0,23.0,0.0,2.0,15.0,0.0,0.975,0.0,0.0,0.5,2.875,0.0,0.25,1.875,0.975
2515,Xavier Hutchinson,Hou,WR,L 13-15,0.0,Car,Away,138.0,10-31-23,8,False,0,237,12,4,0,0.3,0.0,0.0,0.0,0.0,0.0,0.4,3.0,0.0,7.8,0.0,0.0,4.0,23.0,0.0,2.0,15.0,0.0,0.8666666666666667,0.0,0.0,0.4444444444444444,2.5555555555555554,0.0,0.2222222222222222,1.6666666666666667,0.8666666666666667
1020,Xavier Hutchinson,Hou,WR,W 39-37,1.2,TB,Home,104.5,11-07-23,9,False,0,237,12,29,1,0.54,0.0,0.0,0.0,0.0,0.0,0.6,5.4,0.0,9.0,0.0,0.0,4.0,23.0,0.0,3.0,27.0,0.0,0.9,0.0,0.0,0.4,2.3,0.0,0.3,2.7,0.9
1481,Xavier Hutchinson,Hou,WR,W 30-27,1.7,Cin,Away,97.5,11-14-23,10,False,0,237,12,6,0,0.8800000000000001,0.0,0.0,0.0,0.0,0.0,0.8,8.8,0.0,10.7,0.0,0.0,4.0,23.0,0.0,4.0,44.0,0.0,0.9727272727272727,0.0,0.0,0.36363636363636365,2.090909090909091,0.0,0.36363636363636365,4.0,0.9727272727272727
757,Xavier Hutchinson,Hou,WR,W 21-16,0.0,Ari,Home,126.0,11-21-23,11,False,0,237,12,0,1,0.8800000000000001,0.0,0.0,0.0,0.0,0.0,0.8,8.8,0.0,10.7,0.0,0.0,4.0,23.0,0.0,4.0,44.0,0.0,0.8916666666666666,0.0,0.0,0.3333333333333333,1.9166666666666667,0.0,0.3333333333333333,3.6666666666666665,0.8916666666666666
1609,Xavier Hutchinson,Hou,WR,L 21-24,4.4,Jax,Home,81.0,11-28-23,12,False,0,237,12,14,1,1.4600000000000002,0.0,0.0,0.2,6.8,0.0,0.4,5.8,0.0,15.1,0.0,0.0,5.0,57.0,0.0,4.0,44.0,0.0,1.1615384615384614,0.0,0.0,0.38461538461538464,4.384615384615385,0.0,0.3076923076923077,3.3846153846153846,1.1615384615384614
1143,Xavier Hutchinson,Hou,WR,L 6-30,3.5,NYJ,Away,79.5,12-12-23,14,False,0,237,12,24,0,2.16,0.0,0.0,0.6,9.8,0.0,0.4,5.8,0.0,18.6,0.0,0.0,7.0,72.0,0.0,4.0,44.0,0.0,1.3285714285714287,0.0,0.0,0.5,5.142857142857143,0.0,0.2857142857142857,3.142857142857143,1.3285714285714287
2318,Xavier Hutchinson,Hou,WR,W 19-16,0.5,Ten,Away,114.0,12-19-23,15,False,0,237,12,30,0,2.0200000000000005,0.0,0.0,0.6,9.8,0.0,0.4,4.4,0.0,19.1,0.0,0.0,7.0,72.0,0.0,5.0,49.0,0.0,1.2733333333333334,0.0,0.0,0.4666666666666667,4.8,0.0,0.3333333333333333,3.2666666666666666,1.2733333333333334
1789,Xavier Hutchinson,Hou,WR,L 22-36,2.8,Cle,Home,90.0,12-26-23,16,False,0,237,12,7,1,2.2399999999999998,0.0,0.0,0.8,13.4,0.0,0.2,1.0,0.0,21.9,0.0,0.0,8.0,90.0,0.0,5.0,49.0,0.0,1.36875,0.0,0.0,0.5,5.625,0.0,0.3125,3.0625,1.36875
2020,Zach Pascal,Ari,WR,W 35-31,0.0,Phi,Away,137.5,01-02-24,17,False,0,238,0,25,0,0.0,0.0,0.0,0.0,0.0,0.0,0.0,0.0,0.0,0.0,0.0,0.0,0.0,0.0,0.0,0.0,0.0,0.0,0.0,0.0,0.0,0.0,0.0,0.0,0.0,0.0,0.0
1371,Zach Pascal,Ari,WR,L 20-21,0.0,Sea,Home,142.5,01-09-24,18,False,0,238,0,28,1,0.0,0.0,0.0,0.0,0.0,0.0,0.0,0.0,0.0,0.0,0.0,0.0,0.0,0.0,0.0,0.0,0.0,0.0,0.0,0.0,0.0,0.0,0.0,0.0,0.0,0.0,0.0
308,Zach Pascal,Ari,WR,L 16-20,0.0,Wsh,Away,135.0,09-12-23,1,False,0,238,0,31,0,0.0,0.0,0.0,0.0,0.0,0.0,0.0,0.0,0.0,0.0,0.0,0.0,0.0,0.0,0.0,0.0,0.0,0.0,0.0,0.0,0.0,0.0,0.0,0.0,0.0,0.0,0.0
2139,Zach Pascal,Ari,WR,L 28-31,1.9,NYG,Home,103.0,09-19-23,2,False,0,238,0,23,1,0.475,0.0,0.0,0.25,2.25,0.0,0.0,0.0,0.0,1.9,0.0,0.0,1.0,9.0,0.0,0.0,0.0,0.0,0.475,0.0,0.0,0.25,2.25,0.0,0.0,0.0,0.475
472,Zach Pascal,Ari,WR,W 28-16,0.0,Dal,Home,141.0,09-26-23,3,False,0,238,0,8,1,0.38,0.0,0.0,0.2,1.8,0.0,0.0,0.0,0.0,1.9,0.0,0.0,1.0,9.0,0.0,0.0,0.0,0.0,0.38,0.0,0.0,0.2,1.8,0.0,0.0,0.0,0.38
80,Zach Pascal,Ari,WR,L 16-35,4.0,SF,Away,81.0,10-03-23,4,False,0,238,0,27,0,1.1800000000000002,0.0,0.0,0.8,3.8,0.0,0.0,0.0,0.0,5.9,0.0,0.0,4.0,19.0,0.0,0.0,0.0,0.0,0.9833333333333334,0.0,0.0,0.6666666666666666,3.1666666666666665,0.0,0.0,0.0,0.9833333333333334
615,Zach Pascal,Ari,WR,L 20-34,0.0,Cin,Home,124.5,10-10-23,5,False,0,238,0,6,1,1.1800000000000002,0.0,0.0,0.8,3.8,0.0,0.0,0.0,0.0,5.9,0.0,0.0,4.0,19.0,0.0,0.0,0.0,0.0,0.8428571428571429,0.0,0.0,0.5714285714285714,2.7142857142857144,0.0,0.0,0.0,0.8428571428571429
2808,Zach Pascal,Ari,WR,L 9-26,0.0,LAR,Away,128.0,10-17-23,6,False,0,238,0,17,0,1.1800000000000002,0.0,0.0,0.8,3.8,0.0,0.0,0.0,0.0,5.9,0.0,0.0,4.0,19.0,0.0,0.0,0.0,0.0,0.7375,0.0,0.0,0.5,2.375,0.0,0.0,0.0,0.7375
2520,Zach Pascal,Ari,WR,L 24-31,0.0,Bal,Home,138.0,10-31-23,8,False,0,238,0,2,1,0.8,0.0,0.0,0.6,2.0,0.0,0.0,0.0,0.0,5.9,0.0,0.0,4.0,19.0,0.0,0.0,0.0,0.0,0.6555555555555556,0.0,0.0,0.4444444444444444,2.111111111111111,0.0,0.0,0.0,0.6555555555555556
1047,Zach Pascal,Ari,WR,L 0-27,0.0,Cle,Away,126.5,11-07-23,9,False,0,238,0,7,0,0.8,0.0,0.0,0.6,2.0,0.0,0.0,0.0,0.0,5.9,0.0,0.0,4.0,19.0,0.0,0.0,0.0,0.0,0.5900000000000001,0.0,0.0,0.4,1.9,0.0,0.0,0.0,0.5900000000000001
1511,Zach Pascal,Ari,WR,W 25-23,0.0,Atl,Home,123.5,11-14-23,10,False,0,238,0,1,1,0.0,0.0,0.0,0.0,0.0,0.0,0.0,0.0,0.0,5.9,0.0,0.0,4.0,19.0,0.0,0.0,0.0,0.0,0.5363636363636364,0.0,0.0,0.36363636363636365,1.7272727272727273,0.0,0.0,0.0,0.5363636363636364
1683,Zach Pascal,Ari,WR,L 14-37,0.0,LAR,Home,149.0,11-28-23,12,False,0,238,0,17,1,0.0,0.0,0.0,0.0,0.0,0.0,0.0,0.0,0.0,5.9,0.0,0.0,4.0,19.0,0.0,0.0,0.0,0.0,0.4916666666666667,0.0,0.0,0.3333333333333333,1.5833333333333333,0.0,0.0,0.0,0.4916666666666667
2359,Zach Pascal,Ari,WR,L 29-45,0.0,SF,Home,140.0,12-19-23,15,False,0,238,0,27,1,0.0,0.0,0.0,0.0,0.0,0.0,0.0,0.0,0.0,5.9,0.0,0.0,4.0,19.0,0.0,0.0,0.0,0.0,0.4538461538461539,0.0,0.0,0.3076923076923077,1.4615384615384615,0.0,0.0,0.0,0.4538461538461539
1854,Zach Pascal,Ari,WR,L 16-27,0.0,Chi,Away,144.5,12-26-23,16,False,0,238,0,5,0,0.0,0.0,0.0,0.0,0.0,0.0,0.0,0.0,0.0,5.9,0.0,0.0,4.0,19.0,0.0,0.0,0.0,0.0,0.42142857142857143,0.0,0.0,0.2857142857142857,1.3571428571428572,0.0,0.0,0.0,0.42142857142857143
1878,Zay Flowers,Bal,WR,W 56-19,19.6,Mia,Home,11.0,01-02-24,17,False,0,239,2,19,1,19.6,0.0,0.0,3.0,106.0,1.0,0.0,0.0,0.0,19.6,0.0,0.0,3.0,106.0,1.0,0.0,0.0,0.0,19.6,0.0,0.0,3.0,106.0,1.0,0.0,0.0,19.6
177,Zay Flowers,Bal,WR,W 25-9,17.7,Hou,Home,16.5,09-12-23,1,False,0,239,2,12,1,18.65,0.0,0.0,6.0,92.0,0.5,1.0,4.5,0.0,37.3,0.0,0.0,12.0,184.0,1.0,2.0,9.0,0.0,18.65,0.0,0.0,6.0,92.0,0.5,1.0,4.5,18.65
2087,Zay Flowers,Bal,WR,W 27-24,10.8,Cin,Away,51.5,09-19-23,2,False,0,239,2,6,0,16.033333333333335,0.0,0.0,5.333333333333333,82.0,0.3333333333333333,1.0,5.0,0.0,48.1,0.0,0.0,16.0,246.0,1.0,3.0,15.0,0.0,16.033333333333335,0.0,0.0,5.333333333333333,82.0,0.3333333333333333,1.0,5.0,16.033333333333335
358,Zay Flowers,Bal,WR,L 19-22,13.0,Ind,Home,35.0,09-26-23,3,False,0,239,2,13,1,15.275,0.0,0.0,6.0,73.5,0.25,1.0,4.25,0.0,61.1,0.0,0.0,24.0,294.0,1.0,4.0,17.0,0.0,15.275,0.0,0.0,6.0,73.5,0.25,1.0,4.25,15.275
49,Zay Flowers,Bal,WR,W 28-3,8.0,Cle,Away,50.0,10-03-23,4,False,0,239,2,7,0,13.819999999999999,0.0,0.0,5.4,70.0,0.2,1.0,2.2,0.0,69.1,0.0,0.0,27.0,350.0,1.0,5.0,11.0,0.0,13.819999999999999,0.0,0.0,5.4,70.0,0.2,1.0,2.2,13.819999999999999
512,Zay Flowers,Bal,WR,L 10-17,12.3,Pit,Away,25.0,10-10-23,5,False,0,239,2,26,0,12.36,0.0,0.0,5.8,63.4,0.0,1.0,2.2,0.0,81.4,0.0,0.0,32.0,423.0,1.0,5.0,11.0,0.0,13.566666666666668,0.0,0.0,5.333333333333333,70.5,0.16666666666666666,0.8333333333333334,1.8333333333333333,13.566666666666668
2685,Zay Flowers,Bal,WR,W 24-16,17.1,Ten,Away,14.5,10-17-23,6,False,0,239,2,30,0,12.24,0.0,0.0,5.2,57.8,0.2,0.8,0.6,0.0,98.5,0.0,0.0,38.0,473.0,2.0,6.0,12.0,0.0,14.071428571428571,0.0,0.0,5.428571428571429,67.57142857142857,0.2857142857142857,0.8571428571428571,1.7142857142857142,14.071428571428571
2565,Zay Flowers,Bal,WR,W 38-6,11.5,Det,Home,28.0,10-24-23,7,False,0,239,2,10,1,12.38,0.0,0.0,5.2,60.4,0.2,0.6,-0.6,0.0,110.0,0.0,0.0,42.0,548.0,2.0,6.0,12.0,0.0,13.75,0.0,0.0,5.25,68.5,0.25,0.75,1.5,13.75
2440,Zay Flowers,Bal,WR,W 31-24,6.9,Ari,Away,68.5,10-31-23,8,False,0,239,2,0,0,11.16,0.0,0.0,4.6,54.6,0.2,0.4,-1.0,0.0,116.9,0.0,0.0,47.0,567.0,2.0,6.0,12.0,0.0,12.988888888888889,0.0,0.0,5.222222222222222,63.0,0.2222222222222222,0.6666666666666666,1.3333333333333333,12.988888888888889
1003,Zay Flowers,Bal,WR,W 37-3,2.1,Sea,Home,87.5,11-07-23,9,False,0,239,2,28,1,9.98,0.0,0.0,4.2,45.6,0.2,0.2,0.2,0.0,119.0,0.0,0.0,48.0,578.0,2.0,6.0,12.0,0.0,11.9,0.0,0.0,4.8,57.8,0.2,0.6,1.2,11.9
1412,Zay Flowers,Bal,WR,L 31-33,12.3,Cle,Home,28.0,11-14-23,10,False,0,239,2,7,1,9.98,0.0,0.0,4.2,45.6,0.2,0.2,0.2,0.0,131.3,0.0,0.0,53.0,651.0,2.0,6.0,12.0,0.0,11.936363636363637,0.0,0.0,4.818181818181818,59.18181818181818,0.18181818181818182,0.5454545454545454,1.0909090909090908,11.936363636363637
675,Zay Flowers,Bal,WR,W 34-20,8.0,Cin,Home,44.5,11-21-23,11,False,0,239,2,6,1,8.16,0.0,0.0,3.6,44.2,0.0,0.2,1.4,0.0,139.3,0.0,0.0,56.0,694.0,2.0,7.0,19.0,0.0,11.608333333333334,0.0,0.0,4.666666666666667,57.833333333333336,0.16666666666666666,0.5833333333333334,1.5833333333333333,11.608333333333334
1534,Zay Flowers,Bal,WR,W 20-10,23.2,LAC,Away,6.0,11-28-23,12,False,0,239,2,16,0,10.5,0.0,0.0,3.8,34.2,0.2,0.4,8.8,0.2,162.5,0.0,0.0,61.0,719.0,3.0,8.0,56.0,1.0,12.5,0.0,0.0,4.6923076923076925,55.30769230769231,0.23076923076923078,0.6153846153846154,4.3076923076923075,12.5
1071,Zay Flowers,Bal,WR,W 37-31,20.0,LAR,Home,8.0,12-12-23,14,False,0,239,2,17,1,13.12,0.0,0.0,4.0,42.4,0.4,0.4,8.8,0.2,182.5,0.0,0.0,67.0,779.0,4.0,8.0,56.0,1.0,13.035714285714286,0.0,0.0,4.785714285714286,55.642857142857146,0.2857142857142857,0.5714285714285714,4.0,13.035714285714286
2305,Zay Flowers,Bal,WR,W 23-7,1.7,Jax,Away,101.5,12-19-23,15,False,0,239,2,14,0,13.040000000000001,0.0,0.0,4.0,41.6,0.4,0.4,8.8,0.2,184.20000000000002,0.0,0.0,68.0,786.0,4.0,8.0,56.0,1.0,12.280000000000001,0.0,0.0,4.533333333333333,52.4,0.26666666666666666,0.5333333333333333,3.7333333333333334,12.280000000000001
1712,Zay Flowers,Bal,WR,W 33-19,22.2,SF,Away,13.0,12-26-23,16,False,0,239,2,27,0,15.02,0.0,0.0,4.8,41.4,0.6,0.4,8.8,0.2,206.4,0.0,0.0,77.0,858.0,5.0,8.0,56.0,1.0,12.9,0.0,0.0,4.8125,53.625,0.3125,0.5,3.5,12.9
1258,Zay Jones,Jax,WR,L 20-28,10.7,Ten,Away,37.0,01-09-24,18,False,0,240,14,30,0,10.7,0.0,0.0,6.0,47.0,0.0,0.0,0.0,0.0,10.7,0.0,0.0,6.0,47.0,0.0,0.0,0.0,0.0,10.7,0.0,0.0,6.0,47.0,0.0,0.0,0.0,10.7
179,Zay Jones,Jax,WR,W 31-21,16.5,Ind,Away,18.0,09-12-23,1,False,0,240,14,13,0,13.6,0.0,0.0,5.5,51.0,0.5,0.0,0.0,0.0,27.2,0.0,0.0,11.0,102.0,1.0,0.0,0.0,0.0,13.6,0.0,0.0,5.5,51.0,0.5,0.0,0.0,13.6
2163,Zay Jones,Jax,WR,L 9-17,0.0,KC,Home,145.0,09-19-23,2,False,0,240,14,15,1,9.066666666666666,0.0,0.0,3.6666666666666665,34.0,0.3333333333333333,0.0,0.0,0.0,27.2,0.0,0.0,11.0,102.0,1.0,0.0,0.0,0.0,9.066666666666666,0.0,0.0,3.6666666666666665,34.0,0.3333333333333333,0.0,0.0,9.066666666666666
515,Zay Jones,Jax,WR,W 25-20,11.3,Buf,Away,28.0,10-10-23,5,False,0,240,14,3,0,9.625,0.0,0.0,3.5,31.25,0.5,0.0,0.0,0.0,38.5,0.0,0.0,14.0,125.0,2.0,0.0,0.0,0.0,9.625,0.0,0.0,3.5,31.25,0.5,0.0,0.0,9.625
689,Zay Jones,Jax,WR,W 34-14,6.0,Ten,Home,58.0,11-21-23,11,False,0,240,14,30,1,8.9,0.0,0.0,3.6,29.0,0.4,0.0,0.0,0.0,44.5,0.0,0.0,18.0,145.0,2.0,0.0,0.0,0.0,8.9,0.0,0.0,3.6,29.0,0.4,0.0,0.0,8.9
1634,Zay Jones,Jax,WR,W 24-21,2.0,Hou,Away,106.0,11-28-23,12,False,0,240,14,12,0,7.159999999999999,0.0,0.0,2.6,21.6,0.4,0.0,0.0,0.0,46.5,0.0,0.0,19.0,155.0,2.0,0.0,0.0,0.0,7.75,0.0,0.0,3.1666666666666665,25.833333333333332,0.3333333333333333,0.0,0.0,7.75
809,Zay Jones,Jax,WR,L 31-34,12.8,Cin,Home,28.5,12-05-23,13,False,0,240,14,6,1,6.42,0.0,0.0,2.6,26.2,0.2,0.0,0.0,0.0,59.3,0.0,0.0,24.0,233.0,2.0,0.0,0.0,0.0,8.471428571428572,0.0,0.0,3.4285714285714284,33.285714285714285,0.2857142857142857,0.0,0.0,8.471428571428572
1106,Zay Jones,Jax,WR,L 27-31,7.9,Cle,Away,43.0,12-12-23,14,False,0,240,14,7,0,8.0,0.0,0.0,3.6,32.0,0.2,0.0,0.0,0.0,67.2,0.0,0.0,29.0,262.0,2.0,0.0,0.0,0.0,8.4,0.0,0.0,3.625,32.75,0.25,0.0,0.0,8.4
2235,Zay Jones,Jax,WR,L 7-23,10.9,Bal,Home,31.0,12-19-23,15,False,0,240,14,2,1,7.92,0.0,0.0,4.0,39.2,0.0,0.0,0.0,0.0,78.1,0.0,0.0,34.0,321.0,2.0,0.0,0.0,0.0,8.677777777777777,0.0,0.0,3.7777777777777777,35.666666666666664,0.2222222222222222,0.0,0.0,8.677777777777777
